timestamp,kWh,air_temp_F
2017-01-01 00:00:00,171.8,46.9
2017-01-01 01:00:00,174.68,51.1
2017-01-01 02:00:00,164.95,52.0
2017-01-01 03:00:00,165.45,52.0
2017-01-01 04:00:00,167.32,51.1
2017-01-01 05:00:00,166.48,51.1
2017-01-01 06:00:00,165.95,51.1
2017-01-01 07:00:00,175.8,50.0
2017-01-01 08:00:00,224.52,50.0
2017-01-01 09:00:00,228.02,50.0
2017-01-01 10:00:00,230.32,52.0
2017-01-01 11:00:00,228.52,51.1
2017-01-01 12:00:00,228.55,52.0
2017-01-01 13:00:00,224.7,52.0
2017-01-01 14:00:00,227.82,55.0
2017-01-01 15:00:00,228.38,55.9
2017-01-01 16:00:00,229.48,54.0
2017-01-01 17:00:00,233.08,51.1
2017-01-01 18:00:00,236.65,50.0
2017-01-01 19:00:00,237.02,50.0
2017-01-01 20:00:00,237.78,50.0
2017-01-01 21:00:00,233.75,48.9
2017-01-01 22:00:00,171.38,48.9
2017-01-01 23:00:00,168.58,50.0
2017-01-02 00:00:00,171.95,46.9
2017-01-02 01:00:00,173.5,46.9
2017-01-02 02:00:00,173.3,46.9
2017-01-02 03:00:00,172.2,45.0
2017-01-02 04:00:00,169.65,46.9
2017-01-02 05:00:00,170.55,46.0
2017-01-02 06:00:00,234.02,45.0
2017-01-02 07:00:00,230.52,46.0
2017-01-02 08:00:00,230.35,46.0
2017-01-02 09:00:00,231.58,46.0
2017-01-02 10:00:00,229.18,48.9
2017-01-02 11:00:00,233.0,50.0
2017-01-02 12:00:00,236.45,51.1
2017-01-02 13:00:00,237.05,51.1
2017-01-02 14:00:00,231.78,52.0
2017-01-02 15:00:00,233.48,53.1
2017-01-02 16:00:00,229.28,52.0
2017-01-02 17:00:00,232.9,51.1
2017-01-02 18:00:00,235.02,51.1
2017-01-02 19:00:00,243.05,51.1
2017-01-02 20:00:00,243.65,50.0
2017-01-02 21:00:00,189.48,50.0
2017-01-02 22:00:00,174.0,48.9
2017-01-02 23:00:00,171.18,50.0
2017-01-03 00:00:00,170.15,50.0
2017-01-03 01:00:00,169.92,48.9
2017-01-03 02:00:00,173.1,48.9
2017-01-03 03:00:00,174.38,48.9
2017-01-03 04:00:00,165.85,48.9
2017-01-03 05:00:00,169.88,50.0
2017-01-03 06:00:00,237.32,50.0
2017-01-03 07:00:00,235.5,50.0
2017-01-03 08:00:00,246.58,50.0
2017-01-03 09:00:00,259.98,51.1
2017-01-03 10:00:00,263.02,52.0
2017-01-03 11:00:00,263.27,53.1
2017-01-03 12:00:00,258.82,53.1
2017-01-03 13:00:00,266.52,53.1
2017-01-03 14:00:00,264.7,53.1
2017-01-03 15:00:00,262.9,53.1
2017-01-03 16:00:00,256.52,53.1
2017-01-03 17:00:00,249.85,54.0
2017-01-03 18:00:00,243.52,54.0
2017-01-03 19:00:00,240.72,54.0
2017-01-03 20:00:00,239.2,54.0
2017-01-03 21:00:00,190.42,55.0
2017-01-03 22:00:00,170.98,55.9
2017-01-03 23:00:00,173.55,54.0
2017-01-04 00:00:00,175.02,54.0
2017-01-04 01:00:00,173.28,55.0
2017-01-04 02:00:00,174.08,55.0
2017-01-04 03:00:00,172.75,55.9
2017-01-04 04:00:00,169.58,55.9
2017-01-04 05:00:00,169.58,55.9
2017-01-04 06:00:00,237.18,55.0
2017-01-04 07:00:00,234.4,54.0
2017-01-04 08:00:00,245.65,54.0
2017-01-04 09:00:00,260.55,54.0
2017-01-04 10:00:00,258.18,54.0
2017-01-04 11:00:00,264.85,53.1
2017-01-04 12:00:00,260.48,54.0
2017-01-04 13:00:00,261.58,54.0
2017-01-04 14:00:00,263.75,54.0
2017-01-04 15:00:00,265.18,54.0
2017-01-04 16:00:00,256.92,52.0
2017-01-04 17:00:00,251.78,51.1
2017-01-04 18:00:00,239.75,48.9
2017-01-04 19:00:00,237.28,48.9
2017-01-04 20:00:00,238.42,48.9
2017-01-04 21:00:00,195.5,48.0
2017-01-04 22:00:00,170.95,48.9
2017-01-04 23:00:00,170.88,48.9
2017-01-05 00:00:00,169.82,48.0
2017-01-05 01:00:00,172.98,48.0
2017-01-05 02:00:00,169.5,46.9
2017-01-05 03:00:00,168.45,46.9
2017-01-05 04:00:00,171.45,46.0
2017-01-05 05:00:00,175.42,46.9
2017-01-05 06:00:00,239.52,46.0
2017-01-05 07:00:00,230.2,43.0
2017-01-05 08:00:00,243.95,45.0
2017-01-05 09:00:00,248.78,46.0
2017-01-05 10:00:00,257.0,48.9
2017-01-05 11:00:00,257.3,50.0
2017-01-05 12:00:00,256.4,51.1
2017-01-05 13:00:00,256.0,51.1
2017-01-05 14:00:00,251.02,51.1
2017-01-05 15:00:00,251.38,51.1
2017-01-05 16:00:00,250.18,51.1
2017-01-05 17:00:00,248.52,48.0
2017-01-05 18:00:00,243.22,48.0
2017-01-05 19:00:00,240.4,44.1
2017-01-05 20:00:00,236.65,41.0
2017-01-05 21:00:00,181.82,42.1
2017-01-05 22:00:00,171.45,39.9
2017-01-05 23:00:00,174.52,39.0
2017-01-06 00:00:00,165.52,41.0
2017-01-06 01:00:00,167.85,39.0
2017-01-06 02:00:00,167.02,36.0
2017-01-06 03:00:00,166.82,35.1
2017-01-06 04:00:00,165.3,39.0
2017-01-06 05:00:00,165.82,39.0
2017-01-06 06:00:00,231.52,39.0
2017-01-06 07:00:00,227.82,37.9
2017-01-06 08:00:00,240.4,39.0
2017-01-06 09:00:00,252.42,42.1
2017-01-06 10:00:00,260.82,44.1
2017-01-06 11:00:00,257.4,46.9
2017-01-06 12:00:00,258.85,50.0
2017-01-06 13:00:00,261.77,52.0
2017-01-06 14:00:00,255.88,48.0
2017-01-06 15:00:00,266.02,48.0
2017-01-06 16:00:00,258.45,48.9
2017-01-06 17:00:00,252.68,48.0
2017-01-06 18:00:00,239.45,46.9
2017-01-06 19:00:00,239.74,46.9
2017-01-06 20:00:00,238.8,46.9
2017-01-06 21:00:00,191.25,46.9
2017-01-06 22:00:00,173.98,46.0
2017-01-06 23:00:00,177.18,46.9
2017-01-07 00:00:00,169.88,46.9
2017-01-07 01:00:00,172.05,46.9
2017-01-07 02:00:00,169.88,46.0
2017-01-07 03:00:00,169.3,44.1
2017-01-07 04:00:00,170.78,45.0
2017-01-07 05:00:00,169.32,46.0
2017-01-07 06:00:00,172.3,46.9
2017-01-07 07:00:00,189.48,48.9
2017-01-07 08:00:00,229.52,52.0
2017-01-07 09:00:00,228.28,54.0
2017-01-07 10:00:00,229.7,57.0
2017-01-07 11:00:00,233.82,55.9
2017-01-07 12:00:00,236.5,60.1
2017-01-07 13:00:00,238.22,59.0
2017-01-07 14:00:00,230.98,61.0
2017-01-07 15:00:00,238.18,60.1
2017-01-07 16:00:00,233.08,60.1
2017-01-07 17:00:00,243.65,59.0
2017-01-07 18:00:00,240.3,57.9
2017-01-07 19:00:00,240.6,59.0
2017-01-07 20:00:00,242.2,57.9
2017-01-07 21:00:00,243.22,57.0
2017-01-07 22:00:00,174.8,57.9
2017-01-07 23:00:00,169.2,57.9
2017-01-08 00:00:00,175.5,57.0
2017-01-08 01:00:00,174.4,57.9
2017-01-08 02:00:00,174.55,57.9
2017-01-08 03:00:00,168.8,59.0
2017-01-08 04:00:00,170.38,57.9
2017-01-08 05:00:00,167.4,59.0
2017-01-08 06:00:00,172.78,57.9
2017-01-08 07:00:00,183.92,59.0
2017-01-08 08:00:00,237.02,59.0
2017-01-08 09:00:00,230.58,57.9
2017-01-08 10:00:00,227.98,59.0
2017-01-08 11:00:00,231.32,59.0
2017-01-08 12:00:00,247.68,60.1
2017-01-08 13:00:00,232.92,60.1
2017-01-08 14:00:00,231.48,60.1
2017-01-08 15:00:00,234.05,60.1
2017-01-08 16:00:00,233.45,59.0
2017-01-08 17:00:00,241.32,59.0
2017-01-08 18:00:00,237.95,60.1
2017-01-08 19:00:00,237.9,57.9
2017-01-08 20:00:00,241.1,59.0
2017-01-08 21:00:00,242.75,57.9
2017-01-08 22:00:00,169.85,60.1
2017-01-08 23:00:00,174.05,61.0
2017-01-09 00:00:00,175.65,60.1
2017-01-09 01:00:00,168.9,55.9
2017-01-09 02:00:00,170.9,55.9
2017-01-09 03:00:00,167.0,55.9
2017-01-09 04:00:00,166.2,54.0
2017-01-09 05:00:00,172.28,55.9
2017-01-09 06:00:00,242.65,54.0
2017-01-09 07:00:00,234.65,54.0
2017-01-09 08:00:00,246.9,54.0
2017-01-09 09:00:00,261.42,54.0
2017-01-09 10:00:00,269.0,55.0
2017-01-09 11:00:00,273.27,57.0
2017-01-09 12:00:00,273.65,59.0
2017-01-09 13:00:00,260.85,57.9
2017-01-09 14:00:00,258.42,57.9
2017-01-09 15:00:00,260.77,57.0
2017-01-09 16:00:00,260.27,55.9
2017-01-09 17:00:00,249.22,55.9
2017-01-09 18:00:00,238.88,55.0
2017-01-09 19:00:00,238.3,54.0
2017-01-09 20:00:00,235.72,55.0
2017-01-09 21:00:00,187.55,55.0
2017-01-09 22:00:00,167.28,55.0
2017-01-09 23:00:00,172.4,55.0
2017-01-10 00:00:00,170.95,55.0
2017-01-10 01:00:00,176.02,57.0
2017-01-10 02:00:00,166.88,55.9
2017-01-10 03:00:00,169.55,55.9
2017-01-10 04:00:00,165.15,55.0
2017-01-10 05:00:00,169.18,55.0
2017-01-10 06:00:00,232.95,55.0
2017-01-10 07:00:00,242.2,55.0
2017-01-10 08:00:00,241.0,55.0
2017-01-10 09:00:00,261.1,55.0
2017-01-10 10:00:00,264.9,55.9
2017-01-10 11:00:00,265.85,55.9
2017-01-10 12:00:00,275.27,57.0
2017-01-10 13:00:00,272.48,57.9
2017-01-10 14:00:00,265.92,57.9
2017-01-10 15:00:00,263.42,59.0
2017-01-10 16:00:00,270.5,59.0
2017-01-10 17:00:00,251.28,59.0
2017-01-10 18:00:00,245.38,59.0
2017-01-10 19:00:00,239.35,59.0
2017-01-10 20:00:00,239.75,55.9
2017-01-10 21:00:00,185.18,55.9
2017-01-10 22:00:00,172.05,55.9
2017-01-10 23:00:00,171.4,55.9
2017-01-11 00:00:00,171.62,57.9
2017-01-11 01:00:00,169.48,55.9
2017-01-11 02:00:00,175.5,55.9
2017-01-11 03:00:00,175.82,55.9
2017-01-11 04:00:00,167.88,55.0
2017-01-11 05:00:00,171.1,55.0
2017-01-11 06:00:00,241.58,53.1
2017-01-11 07:00:00,231.62,52.0
2017-01-11 08:00:00,247.2,52.0
2017-01-11 09:00:00,253.68,53.1
2017-01-11 10:00:00,267.27,54.0
2017-01-11 11:00:00,260.02,55.9
2017-01-11 12:00:00,271.5,55.0
2017-01-11 13:00:00,262.98,55.0
2017-01-11 14:00:00,266.77,55.0
2017-01-11 15:00:00,265.55,55.0
2017-01-11 16:00:00,258.42,54.0
2017-01-11 17:00:00,253.15,54.0
2017-01-11 18:00:00,240.68,53.1
2017-01-11 19:00:00,243.7,53.1
2017-01-11 20:00:00,234.68,52.0
2017-01-11 21:00:00,185.85,52.0
2017-01-11 22:00:00,169.85,50.0
2017-01-11 23:00:00,173.68,50.0
2017-01-12 00:00:00,170.08,48.9
2017-01-12 01:00:00,171.28,50.0
2017-01-12 02:00:00,169.4,50.0
2017-01-12 03:00:00,166.82,48.0
2017-01-12 04:00:00,163.72,46.9
2017-01-12 05:00:00,164.55,46.9
2017-01-12 06:00:00,229.5,46.9
2017-01-12 07:00:00,228.92,46.9
2017-01-12 08:00:00,249.85,46.9
2017-01-12 09:00:00,256.92,48.0
2017-01-12 10:00:00,263.55,48.9
2017-01-12 11:00:00,270.25,50.0
2017-01-12 12:00:00,269.77,51.1
2017-01-12 13:00:00,268.77,52.0
2017-01-12 14:00:00,270.82,53.1
2017-01-12 15:00:00,260.6,52.0
2017-01-12 16:00:00,260.4,50.0
2017-01-12 17:00:00,263.32,50.0
2017-01-12 18:00:00,243.15,50.0
2017-01-12 19:00:00,237.8,48.9
2017-01-12 20:00:00,234.82,48.9
2017-01-12 21:00:00,186.38,48.0
2017-01-12 22:00:00,177.82,48.0
2017-01-12 23:00:00,173.05,46.9
2017-01-13 00:00:00,168.62,45.0
2017-01-13 01:00:00,175.02,44.1
2017-01-13 02:00:00,167.18,44.1
2017-01-13 03:00:00,173.35,44.1
2017-01-13 04:00:00,166.75,43.0
2017-01-13 05:00:00,165.65,42.1
2017-01-13 06:00:00,232.85,43.0
2017-01-13 07:00:00,234.62,41.0
2017-01-13 08:00:00,237.55,39.9
2017-01-13 09:00:00,259.23,45.0
2017-01-13 10:00:00,263.5,48.0
2017-01-13 11:00:00,264.9,48.9
2017-01-13 12:00:00,260.48,51.1
2017-01-13 13:00:00,266.68,52.0
2017-01-13 14:00:00,259.32,54.0
2017-01-13 15:00:00,259.7,54.0
2017-01-13 16:00:00,259.02,55.0
2017-01-13 17:00:00,245.75,55.0
2017-01-13 18:00:00,244.35,52.0
2017-01-13 19:00:00,239.85,51.1
2017-01-13 20:00:00,237.12,48.9
2017-01-13 21:00:00,189.4,50.0
2017-01-13 22:00:00,172.75,48.0
2017-01-13 23:00:00,172.58,45.0
2017-01-14 00:00:00,173.75,46.0
2017-01-14 01:00:00,166.68,44.1
2017-01-14 02:00:00,168.88,43.0
2017-01-14 03:00:00,169.22,42.1
2017-01-14 04:00:00,164.4,42.1
2017-01-14 05:00:00,165.65,39.9
2017-01-14 06:00:00,170.15,39.9
2017-01-14 07:00:00,178.92,41.0
2017-01-14 08:00:00,230.15,39.9
2017-01-14 09:00:00,224.95,46.0
2017-01-14 10:00:00,230.68,48.9
2017-01-14 11:00:00,228.1,51.1
2017-01-14 12:00:00,229.28,52.0
2017-01-14 13:00:00,235.12,53.1
2017-01-14 14:00:00,229.38,54.0
2017-01-14 15:00:00,230.02,55.9
2017-01-14 16:00:00,228.55,55.9
2017-01-14 17:00:00,234.78,54.0
2017-01-14 18:00:00,240.8,51.1
2017-01-14 19:00:00,242.65,51.1
2017-01-14 20:00:00,236.98,51.1
2017-01-14 21:00:00,233.68,46.9
2017-01-14 22:00:00,172.35,45.0
2017-01-14 23:00:00,169.85,45.0
2017-01-15 00:00:00,165.95,43.0
2017-01-15 01:00:00,170.8,43.0
2017-01-15 02:00:00,165.18,42.1
2017-01-15 03:00:00,170.68,42.1
2017-01-15 04:00:00,163.82,42.1
2017-01-15 05:00:00,166.5,41.0
2017-01-15 06:00:00,163.85,41.0
2017-01-15 07:00:00,178.78,39.9
2017-01-15 08:00:00,227.45,41.0
2017-01-15 09:00:00,227.92,44.1
2017-01-15 10:00:00,226.98,45.0
2017-01-15 11:00:00,229.1,51.1
2017-01-15 12:00:00,226.02,50.0
2017-01-15 13:00:00,236.68,53.1
2017-01-15 14:00:00,229.7,53.1
2017-01-15 15:00:00,225.45,53.1
2017-01-15 16:00:00,227.38,53.1
2017-01-15 17:00:00,230.35,51.1
2017-01-15 18:00:00,234.37,48.9
2017-01-15 19:00:00,232.85,48.0
2017-01-15 20:00:00,232.95,46.0
2017-01-15 21:00:00,239.15,46.9
2017-01-15 22:00:00,166.02,45.0
2017-01-15 23:00:00,166.8,43.0
2017-01-16 00:00:00,170.3,42.1
2017-01-16 01:00:00,165.15,43.0
2017-01-16 02:00:00,162.82,43.0
2017-01-16 03:00:00,163.45,44.1
2017-01-16 04:00:00,163.35,44.1
2017-01-16 05:00:00,160.57,41.0
2017-01-16 06:00:00,232.22,39.9
2017-01-16 07:00:00,223.58,41.0
2017-01-16 08:00:00,226.78,39.9
2017-01-16 09:00:00,234.65,45.0
2017-01-16 10:00:00,235.52,48.0
2017-01-16 11:00:00,244.48,48.0
2017-01-16 12:00:00,242.8,48.9
2017-01-16 13:00:00,249.52,51.1
2017-01-16 14:00:00,236.45,51.1
2017-01-16 15:00:00,239.75,52.0
2017-01-16 16:00:00,235.98,53.1
2017-01-16 17:00:00,240.02,51.1
2017-01-16 18:00:00,239.48,50.0
2017-01-16 19:00:00,239.58,50.0
2017-01-16 20:00:00,230.82,46.9
2017-01-16 21:00:00,187.82,48.0
2017-01-16 22:00:00,165.32,46.0
2017-01-16 23:00:00,163.7,43.0
2017-01-17 00:00:00,163.35,44.1
2017-01-17 01:00:00,164.3,44.1
2017-01-17 02:00:00,163.48,42.1
2017-01-17 03:00:00,163.78,41.0
2017-01-17 04:00:00,163.85,39.9
2017-01-17 05:00:00,161.78,41.0
2017-01-17 06:00:00,231.38,39.0
2017-01-17 07:00:00,228.98,39.9
2017-01-17 08:00:00,244.42,42.1
2017-01-17 09:00:00,261.18,44.1
2017-01-17 10:00:00,271.85,48.0
2017-01-17 11:00:00,275.1,48.0
2017-01-17 12:00:00,274.02,48.9
2017-01-17 13:00:00,278.8,54.0
2017-01-17 14:00:00,276.42,53.1
2017-01-17 15:00:00,270.4,52.0
2017-01-17 16:00:00,272.6,53.1
2017-01-17 17:00:00,266.95,51.1
2017-01-17 18:00:00,250.3,50.0
2017-01-17 19:00:00,238.86,50.0
2017-01-17 20:00:00,234.6,48.9
2017-01-17 21:00:00,186.0,48.9
2017-01-17 22:00:00,171.85,50.0
2017-01-17 23:00:00,168.52,50.0
2017-01-18 00:00:00,166.25,50.0
2017-01-18 01:00:00,167.85,48.9
2017-01-18 02:00:00,168.85,50.0
2017-01-18 03:00:00,171.65,50.0
2017-01-18 04:00:00,168.4,50.0
2017-01-18 05:00:00,165.15,50.0
2017-01-18 06:00:00,233.95,50.0
2017-01-18 07:00:00,229.18,50.0
2017-01-18 08:00:00,241.25,51.1
2017-01-18 09:00:00,266.6,52.0
2017-01-18 10:00:00,275.45,52.0
2017-01-18 11:00:00,277.62,52.0
2017-01-18 12:00:00,275.4,52.0
2017-01-18 13:00:00,281.68,53.1
2017-01-18 14:00:00,276.32,52.0
2017-01-18 15:00:00,278.15,52.0
2017-01-18 16:00:00,273.45,52.0
2017-01-18 17:00:00,272.55,53.1
2017-01-18 18:00:00,251.35,53.1
2017-01-18 19:00:00,239.48,53.1
2017-01-18 20:00:00,237.62,53.1
2017-01-18 21:00:00,191.58,53.1
2017-01-18 22:00:00,172.48,53.1
2017-01-18 23:00:00,168.25,53.1
2017-01-19 00:00:00,170.0,54.0
2017-01-19 01:00:00,167.42,53.1
2017-01-19 02:00:00,169.62,53.1
2017-01-19 03:00:00,168.2,55.0
2017-01-19 04:00:00,167.7,54.0
2017-01-19 05:00:00,166.72,52.0
2017-01-19 06:00:00,234.75,52.0
2017-01-19 07:00:00,234.8,52.0
2017-01-19 08:00:00,255.1,53.1
2017-01-19 09:00:00,264.27,55.0
2017-01-19 10:00:00,281.1,54.0
2017-01-19 11:00:00,280.27,55.0
2017-01-19 12:00:00,274.32,55.9
2017-01-19 13:00:00,280.35,55.9
2017-01-19 14:00:00,274.27,57.0
2017-01-19 15:00:00,273.95,57.0
2017-01-19 16:00:00,270.6,55.0
2017-01-19 17:00:00,269.95,54.0
2017-01-19 18:00:00,253.8,53.1
2017-01-19 19:00:00,245.28,53.1
2017-01-19 20:00:00,240.0,53.1
2017-01-19 21:00:00,190.9,53.1
2017-01-19 22:00:00,167.5,53.1
2017-01-19 23:00:00,164.95,52.0
2017-01-20 00:00:00,168.95,52.0
2017-01-20 01:00:00,171.32,51.1
2017-01-20 02:00:00,171.75,51.1
2017-01-20 03:00:00,167.35,50.0
2017-01-20 04:00:00,166.28,50.0
2017-01-20 05:00:00,165.55,48.0
2017-01-20 06:00:00,235.0,50.0
2017-01-20 07:00:00,231.02,51.1
2017-01-20 08:00:00,251.58,51.1
2017-01-20 09:00:00,260.02,53.1
2017-01-20 10:00:00,270.2,51.1
2017-01-20 11:00:00,264.12,54.0
2017-01-20 12:00:00,265.77,53.1
2017-01-20 13:00:00,267.82,55.0
2017-01-20 14:00:00,273.4,52.0
2017-01-20 15:00:00,262.65,52.0
2017-01-20 16:00:00,259.98,53.1
2017-01-20 17:00:00,247.85,52.0
2017-01-20 18:00:00,238.95,51.1
2017-01-20 19:00:00,236.85,51.1
2017-01-20 20:00:00,233.95,51.1
2017-01-20 21:00:00,186.88,52.0
2017-01-20 22:00:00,168.98,52.0
2017-01-20 23:00:00,165.48,51.1
2017-01-21 00:00:00,171.38,51.1
2017-01-21 01:00:00,172.62,52.0
2017-01-21 02:00:00,168.65,52.0
2017-01-21 03:00:00,165.85,52.0
2017-01-21 04:00:00,162.75,51.1
2017-01-21 05:00:00,168.78,52.0
2017-01-21 06:00:00,164.6,52.0
2017-01-21 07:00:00,180.82,51.1
2017-01-21 08:00:00,221.5,51.1
2017-01-21 09:00:00,223.78,53.1
2017-01-21 10:00:00,231.0,53.1
2017-01-21 11:00:00,227.98,55.9
2017-01-21 12:00:00,227.15,55.0
2017-01-21 13:00:00,232.05,55.9
2017-01-21 14:00:00,229.0,55.0
2017-01-21 15:00:00,229.48,55.9
2017-01-21 16:00:00,228.85,55.0
2017-01-21 17:00:00,232.95,54.0
2017-01-21 18:00:00,247.1,53.1
2017-01-21 19:00:00,235.22,51.1
2017-01-21 20:00:00,237.52,51.1
2017-01-21 21:00:00,232.4,51.1
2017-01-21 22:00:00,166.92,51.1
2017-01-21 23:00:00,171.38,52.0
2017-01-22 00:00:00,167.08,53.1
2017-01-22 01:00:00,167.02,52.0
2017-01-22 02:00:00,164.18,51.1
2017-01-22 03:00:00,165.15,51.1
2017-01-22 04:00:00,164.0,51.1
2017-01-22 05:00:00,162.0,51.1
2017-01-22 06:00:00,161.28,52.0
2017-01-22 07:00:00,176.92,52.0
2017-01-22 08:00:00,226.15,53.1
2017-01-22 09:00:00,222.85,51.1
2017-01-22 10:00:00,224.8,53.1
2017-01-22 11:00:00,224.18,55.0
2017-01-22 12:00:00,223.85,55.9
2017-01-22 13:00:00,223.95,55.9
2017-01-22 14:00:00,228.7,55.0
2017-01-22 15:00:00,231.6,52.0
2017-01-22 16:00:00,231.48,50.0
2017-01-22 17:00:00,232.32,48.9
2017-01-22 18:00:00,229.05,48.9
2017-01-22 19:00:00,238.35,48.9
2017-01-22 20:00:00,231.92,48.9
2017-01-22 21:00:00,232.32,50.0
2017-01-22 22:00:00,164.28,51.1
2017-01-22 23:00:00,165.0,50.0
2017-01-23 00:00:00,162.68,48.9
2017-01-23 01:00:00,163.72,48.9
2017-01-23 02:00:00,160.95,48.0
2017-01-23 03:00:00,167.55,46.9
2017-01-23 04:00:00,163.15,48.0
2017-01-23 05:00:00,163.92,46.9
2017-01-23 06:00:00,234.02,46.9
2017-01-23 07:00:00,227.95,46.9
2017-01-23 08:00:00,242.7,46.9
2017-01-23 09:00:00,265.82,46.9
2017-01-23 10:00:00,273.58,50.0
2017-01-23 11:00:00,282.1,50.0
2017-01-23 12:00:00,281.92,48.9
2017-01-23 13:00:00,281.27,51.1
2017-01-23 14:00:00,271.45,52.0
2017-01-23 15:00:00,270.68,52.0
2017-01-23 16:00:00,269.42,51.1
2017-01-23 17:00:00,267.52,50.0
2017-01-23 18:00:00,254.68,50.0
2017-01-23 19:00:00,243.72,50.0
2017-01-23 20:00:00,239.38,48.9
2017-01-23 21:00:00,187.75,48.9
2017-01-23 22:00:00,172.72,48.0
2017-01-23 23:00:00,168.0,46.9
2017-01-24 00:00:00,169.78,46.9
2017-01-24 01:00:00,168.42,46.0
2017-01-24 02:00:00,169.05,45.0
2017-01-24 03:00:00,166.92,45.0
2017-01-24 04:00:00,167.92,45.0
2017-01-24 05:00:00,164.12,43.0
2017-01-24 06:00:00,241.85,41.0
2017-01-24 07:00:00,237.02,43.0
2017-01-24 08:00:00,249.12,44.1
2017-01-24 09:00:00,271.0,46.0
2017-01-24 10:00:00,277.75,46.9
2017-01-24 11:00:00,277.77,50.0
2017-01-24 12:00:00,278.62,52.0
2017-01-24 13:00:00,275.7,54.0
2017-01-24 14:00:00,270.4,55.9
2017-01-24 15:00:00,274.6,55.9
2017-01-24 16:00:00,264.6,55.9
2017-01-24 17:00:00,268.85,54.0
2017-01-24 18:00:00,261.4,50.0
2017-01-24 19:00:00,249.35,51.1
2017-01-24 20:00:00,239.25,46.9
2017-01-24 21:00:00,190.25,46.0
2017-01-24 22:00:00,175.48,45.0
2017-01-24 23:00:00,169.02,43.0
2017-01-25 00:00:00,167.55,41.0
2017-01-25 01:00:00,175.48,41.0
2017-01-25 02:00:00,169.25,41.0
2017-01-25 03:00:00,170.68,43.0
2017-01-25 04:00:00,167.42,43.0
2017-01-25 05:00:00,166.78,42.1
2017-01-25 06:00:00,234.28,44.1
2017-01-25 07:00:00,234.6,44.1
2017-01-25 08:00:00,252.02,45.0
2017-01-25 09:00:00,260.62,46.0
2017-01-25 10:00:00,274.45,48.0
2017-01-25 11:00:00,278.3,51.1
2017-01-25 12:00:00,279.55,52.0
2017-01-25 13:00:00,280.9,54.0
2017-01-25 14:00:00,275.98,54.0
2017-01-25 15:00:00,279.2,55.0
2017-01-25 16:00:00,262.55,55.0
2017-01-25 17:00:00,265.6,54.0
2017-01-25 18:00:00,258.98,52.0
2017-01-25 19:00:00,242.22,50.0
2017-01-25 20:00:00,239.42,48.9
2017-01-25 21:00:00,187.65,48.0
2017-01-25 22:00:00,169.22,46.9
2017-01-25 23:00:00,167.42,45.0
2017-01-26 00:00:00,168.15,46.0
2017-01-26 01:00:00,171.5,45.0
2017-01-26 02:00:00,171.0,46.9
2017-01-26 03:00:00,164.55,46.9
2017-01-26 04:00:00,167.05,45.0
2017-01-26 05:00:00,169.95,44.1
2017-01-26 06:00:00,235.88,45.0
2017-01-26 07:00:00,241.1,44.1
2017-01-26 08:00:00,257.42,45.0
2017-01-26 09:00:00,267.68,48.0
2017-01-26 10:00:00,280.45,52.0
2017-01-26 11:00:00,276.95,55.0
2017-01-26 12:00:00,271.52,53.1
2017-01-26 13:00:00,274.27,53.1
2017-01-26 14:00:00,269.82,55.0
2017-01-26 15:00:00,266.48,55.0
2017-01-26 16:00:00,264.9,55.9
2017-01-26 17:00:00,259.98,55.0
2017-01-26 18:00:00,257.73,53.1
2017-01-26 19:00:00,243.5,52.0
2017-01-26 20:00:00,241.15,48.0
2017-01-26 21:00:00,189.72,48.9
2017-01-26 22:00:00,173.45,46.0
2017-01-26 23:00:00,166.92,45.0
2017-01-27 00:00:00,166.65,45.0
2017-01-27 01:00:00,165.88,42.1
2017-01-27 02:00:00,168.15,42.1
2017-01-27 03:00:00,167.3,46.9
2017-01-27 04:00:00,165.7,48.0
2017-01-27 05:00:00,163.82,42.1
2017-01-27 06:00:00,232.05,42.1
2017-01-27 07:00:00,238.78,44.1
2017-01-27 08:00:00,256.73,48.0
2017-01-27 09:00:00,258.48,51.1
2017-01-27 10:00:00,265.0,53.1
2017-01-27 11:00:00,271.42,55.0
2017-01-27 12:00:00,265.75,55.0
2017-01-27 13:00:00,279.8,55.0
2017-01-27 14:00:00,282.18,55.9
2017-01-27 15:00:00,278.58,55.9
2017-01-27 16:00:00,268.18,57.0
2017-01-27 17:00:00,246.32,55.9
2017-01-27 18:00:00,240.98,53.1
2017-01-27 19:00:00,240.45,51.1
2017-01-27 20:00:00,233.25,51.1
2017-01-27 21:00:00,189.28,46.9
2017-01-27 22:00:00,168.25,48.0
2017-01-27 23:00:00,167.82,45.0
2017-01-28 00:00:00,166.7,45.0
2017-01-28 01:00:00,166.52,45.0
2017-01-28 02:00:00,167.32,44.1
2017-01-28 03:00:00,164.58,45.0
2017-01-28 04:00:00,167.55,42.1
2017-01-28 05:00:00,169.75,39.9
2017-01-28 06:00:00,166.48,43.0
2017-01-28 07:00:00,174.32,44.1
2017-01-28 08:00:00,224.25,46.0
2017-01-28 09:00:00,229.42,48.9
2017-01-28 10:00:00,225.88,54.0
2017-01-28 11:00:00,234.9,51.1
2017-01-28 12:00:00,240.38,52.0
2017-01-28 13:00:00,245.1,53.1
2017-01-28 14:00:00,245.05,55.0
2017-01-28 15:00:00,242.45,57.0
2017-01-28 16:00:00,241.95,57.9
2017-01-28 17:00:00,235.68,57.0
2017-01-28 18:00:00,228.94,55.0
2017-01-28 19:00:00,233.05,54.0
2017-01-28 20:00:00,239.75,53.1
2017-01-28 21:00:00,236.12,51.1
2017-01-28 22:00:00,166.12,51.1
2017-01-28 23:00:00,168.7,48.9
2017-01-29 00:00:00,169.1,48.9
2017-01-29 01:00:00,170.22,45.0
2017-01-29 02:00:00,166.52,44.1
2017-01-29 03:00:00,165.42,43.0
2017-01-29 04:00:00,165.56,44.1
2017-01-29 05:00:00,170.02,44.1
2017-01-29 06:00:00,164.25,44.1
2017-01-29 07:00:00,177.32,42.1
2017-01-29 08:00:00,230.25,45.0
2017-01-29 09:00:00,229.25,48.0
2017-01-29 10:00:00,231.38,50.0
2017-01-29 11:00:00,240.08,52.0
2017-01-29 12:00:00,237.55,53.1
2017-01-29 13:00:00,238.85,54.0
2017-01-29 14:00:00,239.4,55.9
2017-01-29 15:00:00,239.28,57.9
2017-01-29 16:00:00,239.68,61.0
2017-01-29 17:00:00,240.5,57.9
2017-01-29 18:00:00,242.65,55.9
2017-01-29 19:00:00,243.4,57.0
2017-01-29 20:00:00,232.35,55.0
2017-01-29 21:00:00,231.1,54.0
2017-01-29 22:00:00,166.22,51.1
2017-01-29 23:00:00,172.2,48.0
2017-01-30 00:00:00,171.35,48.0
2017-01-30 01:00:00,165.25,46.0
2017-01-30 02:00:00,163.95,44.1
2017-01-30 03:00:00,167.88,43.0
2017-01-30 04:00:00,164.2,43.0
2017-01-30 05:00:00,164.52,41.0
2017-01-30 06:00:00,233.68,42.1
2017-01-30 07:00:00,227.02,41.0
2017-01-30 08:00:00,247.5,42.1
2017-01-30 09:00:00,254.98,46.9
2017-01-30 10:00:00,261.48,51.1
2017-01-30 11:00:00,272.32,52.0
2017-01-30 12:00:00,281.7,53.1
2017-01-30 13:00:00,284.0,57.0
2017-01-30 14:00:00,276.25,57.9
2017-01-30 15:00:00,270.92,62.1
2017-01-30 16:00:00,268.35,57.9
2017-01-30 17:00:00,263.5,55.9
2017-01-30 18:00:00,263.05,55.0
2017-01-30 19:00:00,240.18,53.1
2017-01-30 20:00:00,234.58,50.0
2017-01-30 21:00:00,181.8,50.0
2017-01-30 22:00:00,167.52,51.1
2017-01-30 23:00:00,166.68,48.9
2017-01-31 00:00:00,168.35,48.9
2017-01-31 01:00:00,165.7,48.9
2017-01-31 02:00:00,163.2,44.1
2017-01-31 03:00:00,163.18,45.0
2017-01-31 04:00:00,161.78,43.0
2017-01-31 05:00:00,162.05,42.1
2017-01-31 06:00:00,236.55,44.1
2017-01-31 07:00:00,230.12,39.9
2017-01-31 08:00:00,238.98,43.0
2017-01-31 09:00:00,258.6,48.0
2017-01-31 10:00:00,276.22,50.0
2017-01-31 11:00:00,273.7,51.1
2017-01-31 12:00:00,280.82,54.0
2017-01-31 13:00:00,277.52,55.0
2017-01-31 14:00:00,279.95,55.0
2017-01-31 15:00:00,276.9,55.9
2017-01-31 16:00:00,273.0,57.0
2017-01-31 17:00:00,265.02,55.9
2017-01-31 18:00:00,257.25,55.9
2017-01-31 19:00:00,249.22,54.0
2017-01-31 20:00:00,236.82,53.1
2017-01-31 21:00:00,190.18,50.0
2017-01-31 22:00:00,166.22,52.0
2017-01-31 23:00:00,165.98,51.1
2017-02-01 00:00:00,172.32,52.0
2017-02-01 01:00:00,171.25,48.0
2017-02-01 02:00:00,166.88,48.9
2017-02-01 03:00:00,170.52,48.9
2017-02-01 04:00:00,168.5,48.9
2017-02-01 05:00:00,165.78,46.9
2017-02-01 06:00:00,241.05,48.9
2017-02-01 07:00:00,235.6,48.0
2017-02-01 08:00:00,244.92,50.0
2017-02-01 09:00:00,260.23,51.1
2017-02-01 10:00:00,267.82,52.0
2017-02-01 11:00:00,270.92,54.0
2017-02-01 12:00:00,274.9,53.1
2017-02-01 13:00:00,273.18,54.0
2017-02-01 14:00:00,275.4,57.0
2017-02-01 15:00:00,271.9,61.0
2017-02-01 16:00:00,264.38,55.9
2017-02-01 17:00:00,265.6,55.9
2017-02-01 18:00:00,250.5,57.0
2017-02-01 19:00:00,245.52,55.0
2017-02-01 20:00:00,237.95,53.1
2017-02-01 21:00:00,188.3,53.1
2017-02-01 22:00:00,165.38,53.1
2017-02-01 23:00:00,168.72,52.0
2017-02-02 00:00:00,164.92,51.1
2017-02-02 01:00:00,166.2,53.1
2017-02-02 02:00:00,164.35,52.0
2017-02-02 03:00:00,164.75,52.0
2017-02-02 04:00:00,166.88,53.1
2017-02-02 05:00:00,163.7,54.0
2017-02-02 06:00:00,233.62,54.0
2017-02-02 07:00:00,236.6,54.0
2017-02-02 08:00:00,251.92,55.0
2017-02-02 09:00:00,269.05,55.9
2017-02-02 10:00:00,270.58,57.9
2017-02-02 11:00:00,274.85,60.1
2017-02-02 12:00:00,281.35,62.1
2017-02-02 13:00:00,282.2,62.1
2017-02-02 14:00:00,275.77,63.0
2017-02-02 15:00:00,275.73,61.0
2017-02-02 16:00:00,265.6,59.0
2017-02-02 17:00:00,257.2,59.0
2017-02-02 18:00:00,260.38,60.1
2017-02-02 19:00:00,248.35,59.0
2017-02-02 20:00:00,238.1,60.1
2017-02-02 21:00:00,183.9,59.0
2017-02-02 22:00:00,169.75,59.0
2017-02-02 23:00:00,174.08,59.0
2017-02-03 00:00:00,169.9,59.0
2017-02-03 01:00:00,162.45,59.0
2017-02-03 02:00:00,162.88,59.0
2017-02-03 03:00:00,161.9,59.0
2017-02-03 04:00:00,166.25,57.9
2017-02-03 05:00:00,165.52,57.0
2017-02-03 06:00:00,230.3,57.9
2017-02-03 07:00:00,229.35,57.9
2017-02-03 08:00:00,242.28,57.9
2017-02-03 09:00:00,255.55,57.0
2017-02-03 10:00:00,262.92,59.0
2017-02-03 11:00:00,256.92,59.0
2017-02-03 12:00:00,258.88,60.1
2017-02-03 13:00:00,258.0,61.0
2017-02-03 14:00:00,267.77,60.1
2017-02-03 15:00:00,258.18,59.0
2017-02-03 16:00:00,265.02,59.0
2017-02-03 17:00:00,238.95,59.0
2017-02-03 18:00:00,240.32,57.9
2017-02-03 19:00:00,239.3,57.0
2017-02-03 20:00:00,242.72,57.0
2017-02-03 21:00:00,181.48,57.0
2017-02-03 22:00:00,169.2,57.0
2017-02-03 23:00:00,162.85,55.9
2017-02-04 00:00:00,162.68,57.0
2017-02-04 01:00:00,160.55,55.9
2017-02-04 02:00:00,167.02,55.9
2017-02-04 03:00:00,163.32,57.0
2017-02-04 04:00:00,171.95,55.9
2017-02-04 05:00:00,161.82,55.9
2017-02-04 06:00:00,159.78,55.0
2017-02-04 07:00:00,173.05,55.9
2017-02-04 08:00:00,224.8,55.9
2017-02-04 09:00:00,222.72,57.0
2017-02-04 10:00:00,223.15,59.0
2017-02-04 11:00:00,235.02,59.0
2017-02-04 12:00:00,228.05,57.9
2017-02-04 13:00:00,228.82,57.0
2017-02-04 14:00:00,228.55,57.9
2017-02-04 15:00:00,231.68,60.1
2017-02-04 16:00:00,231.68,59.0
2017-02-04 17:00:00,230.9,57.9
2017-02-04 18:00:00,233.64,57.0
2017-02-04 19:00:00,238.4,55.9
2017-02-04 20:00:00,235.1,54.0
2017-02-04 21:00:00,234.62,54.0
2017-02-04 22:00:00,166.95,53.1
2017-02-04 23:00:00,160.18,52.0
2017-02-05 00:00:00,162.35,52.0
2017-02-05 01:00:00,166.55,52.0
2017-02-05 02:00:00,162.9,52.0
2017-02-05 03:00:00,165.4,50.0
2017-02-05 04:00:00,159.93,52.0
2017-02-05 05:00:00,160.9,50.0
2017-02-05 06:00:00,162.75,50.0
2017-02-05 07:00:00,174.68,50.0
2017-02-05 08:00:00,225.15,51.1
2017-02-05 09:00:00,227.9,53.1
2017-02-05 10:00:00,219.48,55.0
2017-02-05 11:00:00,219.85,55.9
2017-02-05 12:00:00,221.02,57.0
2017-02-05 13:00:00,224.6,57.9
2017-02-05 14:00:00,224.72,63.0
2017-02-05 15:00:00,233.75,59.0
2017-02-05 16:00:00,225.22,59.0
2017-02-05 17:00:00,231.52,57.9
2017-02-05 18:00:00,229.88,57.0
2017-02-05 19:00:00,231.95,55.9
2017-02-05 20:00:00,227.15,57.0
2017-02-05 21:00:00,231.22,57.0
2017-02-05 22:00:00,162.93,55.9
2017-02-05 23:00:00,159.75,55.9
2017-02-06 00:00:00,159.6,55.0
2017-02-06 01:00:00,160.75,55.9
2017-02-06 02:00:00,163.0,57.0
2017-02-06 03:00:00,165.6,57.9
2017-02-06 04:00:00,160.52,57.9
2017-02-06 05:00:00,156.43,57.9
2017-02-06 06:00:00,233.08,57.0
2017-02-06 07:00:00,228.48,57.0
2017-02-06 08:00:00,249.28,57.0
2017-02-06 09:00:00,258.05,57.0
2017-02-06 10:00:00,260.45,57.0
2017-02-06 11:00:00,268.18,57.9
2017-02-06 12:00:00,270.38,57.9
2017-02-06 13:00:00,264.12,59.0
2017-02-06 14:00:00,267.95,59.0
2017-02-06 15:00:00,264.3,59.0
2017-02-06 16:00:00,262.08,59.0
2017-02-06 17:00:00,256.8,59.0
2017-02-06 18:00:00,256.95,57.9
2017-02-06 19:00:00,238.68,57.0
2017-02-06 20:00:00,242.85,57.0
2017-02-06 21:00:00,183.52,57.0
2017-02-06 22:00:00,161.93,57.0
2017-02-06 23:00:00,166.65,57.0
2017-02-07 00:00:00,166.88,57.0
2017-02-07 01:00:00,169.3,57.0
2017-02-07 02:00:00,168.95,57.9
2017-02-07 03:00:00,167.35,59.0
2017-02-07 04:00:00,173.25,61.0
2017-02-07 05:00:00,162.8,62.1
2017-02-07 06:00:00,236.62,62.1
2017-02-07 07:00:00,234.42,62.1
2017-02-07 08:00:00,247.28,61.0
2017-02-07 09:00:00,272.07,60.1
2017-02-07 10:00:00,275.9,60.1
2017-02-07 11:00:00,274.65,60.1
2017-02-07 12:00:00,279.08,60.1
2017-02-07 13:00:00,271.55,60.1
2017-02-07 14:00:00,282.62,60.1
2017-02-07 15:00:00,268.45,60.1
2017-02-07 16:00:00,265.95,59.0
2017-02-07 17:00:00,257.88,59.0
2017-02-07 18:00:00,257.9,57.9
2017-02-07 19:00:00,236.8,59.0
2017-02-07 20:00:00,237.2,57.9
2017-02-07 21:00:00,185.7,59.0
2017-02-07 22:00:00,167.98,59.0
2017-02-07 23:00:00,175.18,59.0
2017-02-08 00:00:00,164.38,57.9
2017-02-08 01:00:00,160.88,59.0
2017-02-08 02:00:00,177.45,59.0
2017-02-08 03:00:00,164.2,60.1
2017-02-08 04:00:00,162.75,59.0
2017-02-08 05:00:00,161.25,60.1
2017-02-08 06:00:00,227.92,60.1
2017-02-08 07:00:00,236.72,60.1
2017-02-08 08:00:00,255.95,61.0
2017-02-08 09:00:00,271.85,61.0
2017-02-08 10:00:00,280.98,61.0
2017-02-08 11:00:00,285.4,62.1
2017-02-08 12:00:00,283.88,62.1
2017-02-08 13:00:00,287.23,63.0
2017-02-08 14:00:00,282.38,62.1
2017-02-08 15:00:00,280.75,62.1
2017-02-08 16:00:00,276.0,64.0
2017-02-08 17:00:00,269.42,63.0
2017-02-08 18:00:00,266.92,63.0
2017-02-08 19:00:00,237.75,64.0
2017-02-08 20:00:00,215.42,62.1
2017-02-08 21:00:00,170.75,62.1
2017-02-08 22:00:00,152.6,62.1
2017-02-08 23:00:00,151.72,62.1
2017-02-09 00:00:00,152.4,62.1
2017-02-09 01:00:00,153.8,62.1
2017-02-09 02:00:00,153.22,61.0
2017-02-09 03:00:00,153.38,63.0
2017-02-09 04:00:00,149.6,62.1
2017-02-09 05:00:00,151.55,62.1
2017-02-09 06:00:00,218.6,61.0
2017-02-09 07:00:00,217.65,62.1
2017-02-09 08:00:00,241.9,61.0
2017-02-09 09:00:00,258.3,62.1
2017-02-09 10:00:00,273.52,60.1
2017-02-09 11:00:00,273.52,60.1
2017-02-09 12:00:00,274.42,61.0
2017-02-09 13:00:00,279.27,60.1
2017-02-09 14:00:00,279.4,60.1
2017-02-09 15:00:00,273.52,61.0
2017-02-09 16:00:00,263.6,60.1
2017-02-09 17:00:00,260.92,60.1
2017-02-09 18:00:00,249.8,61.0
2017-02-09 19:00:00,233.4,59.0
2017-02-09 20:00:00,232.7,59.0
2017-02-09 21:00:00,179.45,57.9
2017-02-09 22:00:00,158.82,57.9
2017-02-09 23:00:00,159.55,57.9
2017-02-10 00:00:00,158.7,57.9
2017-02-10 01:00:00,156.62,57.9
2017-02-10 02:00:00,158.9,57.0
2017-02-10 03:00:00,158.82,57.0
2017-02-10 04:00:00,157.55,57.9
2017-02-10 05:00:00,159.3,57.0
2017-02-10 06:00:00,225.18,57.0
2017-02-10 07:00:00,226.3,57.0
2017-02-10 08:00:00,239.55,57.0
2017-02-10 09:00:00,249.65,57.0
2017-02-10 10:00:00,255.22,57.9
2017-02-10 11:00:00,257.58,59.0
2017-02-10 12:00:00,249.72,59.0
2017-02-10 13:00:00,252.02,61.0
2017-02-10 14:00:00,249.48,62.1
2017-02-10 15:00:00,246.28,62.1
2017-02-10 16:00:00,244.98,60.1
2017-02-10 17:00:00,236.02,59.0
2017-02-10 18:00:00,232.35,57.0
2017-02-10 19:00:00,232.18,57.0
2017-02-10 20:00:00,230.28,55.9
2017-02-10 21:00:00,177.75,55.0
2017-02-10 22:00:00,162.25,54.0
2017-02-10 23:00:00,160.88,54.0
2017-02-11 00:00:00,158.9,52.0
2017-02-11 01:00:00,159.68,51.1
2017-02-11 02:00:00,155.95,51.1
2017-02-11 03:00:00,156.4,50.0
2017-02-11 04:00:00,156.5,48.9
2017-02-11 05:00:00,154.98,48.0
2017-02-11 06:00:00,155.55,46.9
2017-02-11 07:00:00,165.42,46.9
2017-02-11 08:00:00,215.05,48.9
2017-02-11 09:00:00,213.55,51.1
2017-02-11 10:00:00,217.1,54.0
2017-02-11 11:00:00,213.62,55.9
2017-02-11 12:00:00,218.5,57.0
2017-02-11 13:00:00,219.62,59.0
2017-02-11 14:00:00,217.42,60.1
2017-02-11 15:00:00,217.5,60.1
2017-02-11 16:00:00,219.65,60.1
2017-02-11 17:00:00,222.65,60.1
2017-02-11 18:00:00,229.68,57.0
2017-02-11 19:00:00,227.42,55.9
2017-02-11 20:00:00,225.1,54.0
2017-02-11 21:00:00,224.02,53.1
2017-02-11 22:00:00,158.2,51.1
2017-02-11 23:00:00,157.43,51.1
2017-02-12 00:00:00,158.93,48.9
2017-02-12 01:00:00,156.03,46.9
2017-02-12 02:00:00,156.75,46.9
2017-02-12 03:00:00,155.93,45.0
2017-02-12 04:00:00,155.57,45.0
2017-02-12 05:00:00,156.02,44.1
2017-02-12 06:00:00,153.35,44.1
2017-02-12 07:00:00,163.78,43.0
2017-02-12 08:00:00,209.12,46.9
2017-02-12 09:00:00,213.12,52.0
2017-02-12 10:00:00,212.25,55.0
2017-02-12 11:00:00,213.62,57.0
2017-02-12 12:00:00,217.35,57.9
2017-02-12 13:00:00,226.45,59.0
2017-02-12 14:00:00,221.98,61.0
2017-02-12 15:00:00,224.9,64.0
2017-02-12 16:00:00,222.52,62.1
2017-02-12 17:00:00,223.7,60.1
2017-02-12 18:00:00,230.7,57.0
2017-02-12 19:00:00,232.45,55.0
2017-02-12 20:00:00,226.88,53.1
2017-02-12 21:00:00,225.68,51.1
2017-02-12 22:00:00,166.6,52.0
2017-02-12 23:00:00,164.18,50.0
2017-02-13 00:00:00,164.78,48.0
2017-02-13 01:00:00,163.9,46.9
2017-02-13 02:00:00,160.4,46.9
2017-02-13 03:00:00,158.45,48.0
2017-02-13 04:00:00,160.9,46.9
2017-02-13 05:00:00,159.02,45.0
2017-02-13 06:00:00,224.8,48.0
2017-02-13 07:00:00,212.22,46.9
2017-02-13 08:00:00,229.3,51.1
2017-02-13 09:00:00,255.08,51.1
2017-02-13 10:00:00,260.7,52.0
2017-02-13 11:00:00,259.6,54.0
2017-02-13 12:00:00,255.18,55.0
2017-02-13 13:00:00,253.78,55.0
2017-02-13 14:00:00,260.52,57.0
2017-02-13 15:00:00,259.98,57.9
2017-02-13 16:00:00,265.55,59.0
2017-02-13 17:00:00,254.88,59.0
2017-02-13 18:00:00,245.82,57.9
2017-02-13 19:00:00,233.98,57.9
2017-02-13 20:00:00,234.82,57.9
2017-02-13 21:00:00,181.48,57.0
2017-02-13 22:00:00,165.4,57.0
2017-02-13 23:00:00,164.15,57.0
2017-02-14 00:00:00,162.48,55.9
2017-02-14 01:00:00,162.1,54.0
2017-02-14 02:00:00,163.02,51.1
2017-02-14 03:00:00,159.5,50.0
2017-02-14 04:00:00,160.12,48.9
2017-02-14 05:00:00,160.22,46.9
2017-02-14 06:00:00,228.7,48.0
2017-02-14 07:00:00,224.65,46.9
2017-02-14 08:00:00,236.58,51.1
2017-02-14 09:00:00,257.42,57.9
2017-02-14 10:00:00,260.18,57.0
2017-02-14 11:00:00,256.62,57.0
2017-02-14 12:00:00,261.9,59.0
2017-02-14 13:00:00,271.7,62.1
2017-02-14 14:00:00,267.92,63.0
2017-02-14 15:00:00,261.62,64.9
2017-02-14 16:00:00,258.12,64.0
2017-02-14 17:00:00,254.15,64.0
2017-02-14 18:00:00,242.78,61.0
2017-02-14 19:00:00,236.18,57.9
2017-02-14 20:00:00,236.52,57.9
2017-02-14 21:00:00,182.5,55.9
2017-02-14 22:00:00,165.48,57.0
2017-02-14 23:00:00,163.0,55.0
2017-02-15 00:00:00,162.75,54.0
2017-02-15 01:00:00,166.65,55.9
2017-02-15 02:00:00,163.8,55.0
2017-02-15 03:00:00,162.9,55.0
2017-02-15 04:00:00,162.48,54.0
2017-02-15 05:00:00,159.6,52.0
2017-02-15 06:00:00,228.3,53.1
2017-02-15 07:00:00,227.0,55.0
2017-02-15 08:00:00,243.3,55.9
2017-02-15 09:00:00,257.12,57.9
2017-02-15 10:00:00,262.75,60.1
2017-02-15 11:00:00,264.7,62.1
2017-02-15 12:00:00,261.38,60.1
2017-02-15 13:00:00,268.5,59.0
2017-02-15 14:00:00,268.92,63.0
2017-02-15 15:00:00,260.68,64.9
2017-02-15 16:00:00,260.45,62.1
2017-02-15 17:00:00,255.92,63.0
2017-02-15 18:00:00,252.1,61.0
2017-02-15 19:00:00,235.6,60.1
2017-02-15 20:00:00,234.7,59.0
2017-02-15 21:00:00,183.3,60.1
2017-02-15 22:00:00,167.4,61.0
2017-02-15 23:00:00,162.98,61.0
2017-02-16 00:00:00,163.72,61.0
2017-02-16 01:00:00,164.68,60.1
2017-02-16 02:00:00,163.68,60.1
2017-02-16 03:00:00,163.05,61.0
2017-02-16 04:00:00,163.07,59.0
2017-02-16 05:00:00,162.98,57.9
2017-02-16 06:00:00,229.05,57.9
2017-02-16 07:00:00,228.4,59.0
2017-02-16 08:00:00,243.88,59.0
2017-02-16 09:00:00,258.58,59.0
2017-02-16 10:00:00,259.08,61.0
2017-02-16 11:00:00,260.92,62.1
2017-02-16 12:00:00,263.73,63.0
2017-02-16 13:00:00,269.88,63.0
2017-02-16 14:00:00,267.23,64.0
2017-02-16 15:00:00,263.6,64.0
2017-02-16 16:00:00,247.88,62.1
2017-02-16 17:00:00,257.8,61.0
2017-02-16 18:00:00,255.45,57.9
2017-02-16 19:00:00,236.85,57.0
2017-02-16 20:00:00,237.08,57.0
2017-02-16 21:00:00,185.58,55.9
2017-02-16 22:00:00,168.95,55.9
2017-02-16 23:00:00,165.1,54.0
2017-02-17 00:00:00,164.6,55.9
2017-02-17 01:00:00,163.72,55.0
2017-02-17 02:00:00,164.7,55.9
2017-02-17 03:00:00,164.72,55.9
2017-02-17 04:00:00,163.65,55.9
2017-02-17 05:00:00,160.43,55.0
2017-02-17 06:00:00,228.28,55.0
2017-02-17 07:00:00,224.95,55.0
2017-02-17 08:00:00,242.65,55.0
2017-02-17 09:00:00,249.98,57.0
2017-02-17 10:00:00,255.15,61.0
2017-02-17 11:00:00,257.02,59.0
2017-02-17 12:00:00,252.92,59.0
2017-02-17 13:00:00,260.4,59.0
2017-02-17 14:00:00,256.73,60.1
2017-02-17 15:00:00,257.4,59.0
2017-02-17 16:00:00,259.77,57.9
2017-02-17 17:00:00,241.7,57.0
2017-02-17 18:00:00,240.6,55.9
2017-02-17 19:00:00,234.2,55.9
2017-02-17 20:00:00,233.92,57.0
2017-02-17 21:00:00,182.48,55.9
2017-02-17 22:00:00,168.42,55.9
2017-02-17 23:00:00,164.08,55.0
2017-02-18 00:00:00,163.18,55.9
2017-02-18 01:00:00,163.05,55.9
2017-02-18 02:00:00,165.1,55.9
2017-02-18 03:00:00,162.8,54.0
2017-02-18 04:00:00,162.35,54.0
2017-02-18 05:00:00,163.52,53.1
2017-02-18 06:00:00,161.1,53.1
2017-02-18 07:00:00,174.02,54.0
2017-02-18 08:00:00,219.38,53.1
2017-02-18 09:00:00,220.05,55.0
2017-02-18 10:00:00,221.35,55.9
2017-02-18 11:00:00,218.65,57.9
2017-02-18 12:00:00,220.98,57.0
2017-02-18 13:00:00,223.6,59.0
2017-02-18 14:00:00,222.85,59.0
2017-02-18 15:00:00,223.02,57.9
2017-02-18 16:00:00,219.3,57.0
2017-02-18 17:00:00,224.72,55.0
2017-02-18 18:00:00,229.3,53.1
2017-02-18 19:00:00,226.58,53.1
2017-02-18 20:00:00,228.95,53.1
2017-02-18 21:00:00,229.95,53.1
2017-02-18 22:00:00,162.04,53.1
2017-02-18 23:00:00,160.59,53.1
2017-02-19 00:00:00,159.6,53.1
2017-02-19 01:00:00,157.6,53.1
2017-02-19 02:00:00,157.5,53.1
2017-02-19 03:00:00,157.52,52.0
2017-02-19 04:00:00,157.4,51.1
2017-02-19 05:00:00,156.72,51.1
2017-02-19 06:00:00,156.2,51.1
2017-02-19 07:00:00,168.52,51.1
2017-02-19 08:00:00,215.92,51.1
2017-02-19 09:00:00,217.12,53.1
2017-02-19 10:00:00,217.5,55.0
2017-02-19 11:00:00,221.65,54.0
2017-02-19 12:00:00,221.22,54.0
2017-02-19 13:00:00,221.38,55.0
2017-02-19 14:00:00,225.3,57.0
2017-02-19 15:00:00,225.95,57.0
2017-02-19 16:00:00,223.5,57.0
2017-02-19 17:00:00,223.62,57.0
2017-02-19 18:00:00,227.15,55.9
2017-02-19 19:00:00,225.45,55.9
2017-02-19 20:00:00,224.88,57.0
2017-02-19 21:00:00,227.75,57.0
2017-02-19 22:00:00,164.02,57.0
2017-02-19 23:00:00,160.7,55.9
2017-02-20 00:00:00,161.9,55.9
2017-02-20 01:00:00,157.75,55.0
2017-02-20 02:00:00,160.2,55.0
2017-02-20 03:00:00,160.32,55.9
2017-02-20 04:00:00,155.85,55.9
2017-02-20 05:00:00,154.95,55.9
2017-02-20 06:00:00,223.35,55.9
2017-02-20 07:00:00,220.42,57.0
2017-02-20 08:00:00,217.25,57.0
2017-02-20 09:00:00,221.15,57.0
2017-02-20 10:00:00,229.02,57.9
2017-02-20 11:00:00,227.08,57.9
2017-02-20 12:00:00,227.08,57.9
2017-02-20 13:00:00,228.95,57.9
2017-02-20 14:00:00,231.35,57.9
2017-02-20 15:00:00,231.85,57.0
2017-02-20 16:00:00,232.92,55.9
2017-02-20 17:00:00,229.9,55.9
2017-02-20 18:00:00,232.62,55.9
2017-02-20 19:00:00,233.18,57.9
2017-02-20 20:00:00,233.48,61.0
2017-02-20 21:00:00,183.5,60.1
2017-02-20 22:00:00,166.1,61.0
2017-02-20 23:00:00,167.32,60.1
2017-02-21 00:00:00,161.95,59.0
2017-02-21 01:00:00,162.6,59.0
2017-02-21 02:00:00,162.35,57.9
2017-02-21 03:00:00,159.95,57.0
2017-02-21 04:00:00,161.05,57.0
2017-02-21 05:00:00,159.93,55.9
2017-02-21 06:00:00,228.4,55.9
2017-02-21 07:00:00,227.0,55.9
2017-02-21 08:00:00,252.08,55.9
2017-02-21 09:00:00,258.5,55.9
2017-02-21 10:00:00,268.77,59.0
2017-02-21 11:00:00,266.4,57.9
2017-02-21 12:00:00,265.0,60.1
2017-02-21 13:00:00,270.05,60.1
2017-02-21 14:00:00,270.4,57.9
2017-02-21 15:00:00,270.15,55.0
2017-02-21 16:00:00,265.25,54.0
2017-02-21 17:00:00,257.5,54.0
2017-02-21 18:00:00,258.15,55.0
2017-02-21 19:00:00,239.78,54.0
2017-02-21 20:00:00,238.2,53.1
2017-02-21 21:00:00,185.65,53.1
2017-02-21 22:00:00,167.9,53.1
2017-02-21 23:00:00,167.18,52.0
2017-02-22 00:00:00,164.18,52.0
2017-02-22 01:00:00,166.35,51.1
2017-02-22 02:00:00,163.3,50.0
2017-02-22 03:00:00,163.82,46.9
2017-02-22 04:00:00,164.5,45.0
2017-02-22 05:00:00,164.98,45.0
2017-02-22 06:00:00,226.98,44.1
2017-02-22 07:00:00,225.85,43.0
2017-02-22 08:00:00,246.6,50.0
2017-02-22 09:00:00,255.28,52.0
2017-02-22 10:00:00,255.4,53.1
2017-02-22 11:00:00,270.05,55.0
2017-02-22 12:00:00,266.82,55.0
2017-02-22 13:00:00,271.1,55.9
2017-02-22 14:00:00,264.88,57.0
2017-02-22 15:00:00,268.25,57.0
2017-02-22 16:00:00,255.2,55.9
2017-02-22 17:00:00,255.62,52.0
2017-02-22 18:00:00,249.1,51.1
2017-02-22 19:00:00,235.38,50.0
2017-02-22 20:00:00,231.8,48.9
2017-02-22 21:00:00,183.52,48.9
2017-02-22 22:00:00,166.18,48.0
2017-02-22 23:00:00,166.72,48.0
2017-02-23 00:00:00,164.15,48.0
2017-02-23 01:00:00,168.62,46.9
2017-02-23 02:00:00,166.52,46.9
2017-02-23 03:00:00,162.25,46.0
2017-02-23 04:00:00,159.82,46.0
2017-02-23 05:00:00,165.5,45.0
2017-02-23 06:00:00,223.98,42.1
2017-02-23 07:00:00,223.85,44.1
2017-02-23 08:00:00,241.55,45.0
2017-02-23 09:00:00,250.72,48.0
2017-02-23 10:00:00,260.65,50.0
2017-02-23 11:00:00,261.27,51.1
2017-02-23 12:00:00,259.65,53.1
2017-02-23 13:00:00,263.5,53.1
2017-02-23 14:00:00,258.52,54.0
2017-02-23 15:00:00,262.92,54.0
2017-02-23 16:00:00,255.5,54.0
2017-02-23 17:00:00,254.02,54.0
2017-02-23 18:00:00,258.9,52.0
2017-02-23 19:00:00,239.15,51.1
2017-02-23 20:00:00,240.22,48.9
2017-02-23 21:00:00,191.72,46.9
2017-02-23 22:00:00,172.22,46.9
2017-02-23 23:00:00,171.55,43.0
2017-02-24 00:00:00,167.78,44.1
2017-02-24 01:00:00,175.55,42.1
2017-02-24 02:00:00,166.1,41.0
2017-02-24 03:00:00,166.42,39.9
2017-02-24 04:00:00,169.62,37.9
2017-02-24 05:00:00,163.4,39.9
2017-02-24 06:00:00,230.08,37.9
2017-02-24 07:00:00,222.15,39.0
2017-02-24 08:00:00,248.82,43.0
2017-02-24 09:00:00,255.25,46.9
2017-02-24 10:00:00,263.92,48.9
2017-02-24 11:00:00,269.23,51.1
2017-02-24 12:00:00,258.8,53.1
2017-02-24 13:00:00,265.08,53.1
2017-02-24 14:00:00,259.08,54.0
2017-02-24 15:00:00,256.18,55.0
2017-02-24 16:00:00,255.55,55.0
2017-02-24 17:00:00,239.45,54.0
2017-02-24 18:00:00,240.78,52.0
2017-02-24 19:00:00,236.18,50.0
2017-02-24 20:00:00,232.48,50.0
2017-02-24 21:00:00,183.32,50.0
2017-02-24 22:00:00,161.85,48.9
2017-02-24 23:00:00,166.52,48.0
2017-02-25 00:00:00,164.98,46.0
2017-02-25 01:00:00,159.8,46.0
2017-02-25 02:00:00,160.52,46.0
2017-02-25 03:00:00,162.35,46.0
2017-02-25 04:00:00,160.95,46.0
2017-02-25 05:00:00,166.08,45.0
2017-02-25 06:00:00,158.22,42.1
2017-02-25 07:00:00,172.18,39.9
2017-02-25 08:00:00,216.82,46.0
2017-02-25 09:00:00,220.32,48.9
2017-02-25 10:00:00,220.4,50.0
2017-02-25 11:00:00,223.6,51.1
2017-02-25 12:00:00,232.25,53.1
2017-02-25 13:00:00,223.08,54.0
2017-02-25 14:00:00,218.82,55.0
2017-02-25 15:00:00,223.28,55.0
2017-02-25 16:00:00,230.12,54.0
2017-02-25 17:00:00,234.32,54.0
2017-02-25 18:00:00,231.68,53.1
2017-02-25 19:00:00,233.42,52.0
2017-02-25 20:00:00,228.48,50.0
2017-02-25 21:00:00,229.98,50.0
2017-02-25 22:00:00,167.21,52.0
2017-02-25 23:00:00,165.84,50.0
2017-02-26 00:00:00,163.57,50.0
2017-02-26 01:00:00,165.75,46.9
2017-02-26 02:00:00,166.4,46.9
2017-02-26 03:00:00,170.2,45.0
2017-02-26 04:00:00,164.8,43.0
2017-02-26 05:00:00,162.28,42.1
2017-02-26 06:00:00,163.28,39.9
2017-02-26 07:00:00,171.25,41.0
2017-02-26 08:00:00,221.65,44.1
2017-02-26 09:00:00,220.42,48.9
2017-02-26 10:00:00,218.39,52.0
2017-02-26 11:00:00,222.1,53.1
2017-02-26 12:00:00,223.35,54.0
2017-02-26 13:00:00,224.45,55.9
2017-02-26 14:00:00,226.28,57.9
2017-02-26 15:00:00,225.72,57.9
2017-02-26 16:00:00,233.78,55.0
2017-02-26 17:00:00,228.18,53.1
2017-02-26 18:00:00,234.12,52.0
2017-02-26 19:00:00,230.52,52.0
2017-02-26 20:00:00,228.88,52.0
2017-02-26 21:00:00,234.38,51.1
2017-02-26 22:00:00,167.88,48.0
2017-02-26 23:00:00,162.93,50.0
2017-02-27 00:00:00,160.88,50.0
2017-02-27 01:00:00,160.35,46.9
2017-02-27 02:00:00,160.38,46.0
2017-02-27 03:00:00,164.88,46.0
2017-02-27 04:00:00,161.18,45.0
2017-02-27 05:00:00,158.38,43.0
2017-02-27 06:00:00,226.58,42.1
2017-02-27 07:00:00,225.1,43.0
2017-02-27 08:00:00,242.35,46.0
2017-02-27 09:00:00,253.25,48.9
2017-02-27 10:00:00,257.27,50.0
2017-02-27 11:00:00,259.0,52.0
2017-02-27 12:00:00,259.55,54.0
2017-02-27 13:00:00,265.6,55.0
2017-02-27 14:00:00,263.08,55.9
2017-02-27 15:00:00,260.88,55.9
2017-02-27 16:00:00,258.3,55.9
2017-02-27 17:00:00,255.38,55.0
2017-02-27 18:00:00,253.15,53.1
2017-02-27 19:00:00,235.2,52.0
2017-02-27 20:00:00,236.72,50.0
2017-02-27 21:00:00,183.88,48.9
2017-02-27 22:00:00,171.65,48.9
2017-02-27 23:00:00,168.6,48.9
2017-02-28 00:00:00,166.12,46.9
2017-02-28 01:00:00,172.15,46.9
2017-02-28 02:00:00,165.2,46.9
2017-02-28 03:00:00,163.4,44.1
2017-02-28 04:00:00,166.68,41.0
2017-02-28 05:00:00,163.95,41.0
2017-02-28 06:00:00,228.42,43.0
2017-02-28 07:00:00,228.4,44.1
2017-02-28 08:00:00,248.42,46.9
2017-02-28 09:00:00,261.6,48.9
2017-02-28 10:00:00,260.35,51.1
2017-02-28 11:00:00,273.8,53.1
2017-02-28 12:00:00,266.92,55.0
2017-02-28 13:00:00,275.6,57.0
2017-02-28 14:00:00,268.92,59.0
2017-02-28 15:00:00,261.48,57.9
2017-02-28 16:00:00,259.38,59.0
2017-02-28 17:00:00,252.65,57.0
2017-02-28 18:00:00,248.85,55.0
2017-02-28 19:00:00,236.38,53.1
2017-02-28 20:00:00,234.48,51.1
2017-02-28 21:00:00,184.62,50.0
2017-02-28 22:00:00,171.35,50.0
2017-02-28 23:00:00,168.5,45.0
2017-03-01 00:00:00,170.8,44.1
2017-03-01 01:00:00,169.2,43.0
2017-03-01 02:00:00,168.05,42.1
2017-03-01 03:00:00,164.88,42.1
2017-03-01 04:00:00,163.48,41.0
2017-03-01 05:00:00,162.9,41.0
2017-03-01 06:00:00,228.22,41.0
2017-03-01 07:00:00,228.65,42.1
2017-03-01 08:00:00,239.68,46.0
2017-03-01 09:00:00,253.02,50.0
2017-03-01 10:00:00,261.1,51.1
2017-03-01 11:00:00,268.7,53.1
2017-03-01 12:00:00,277.52,54.0
2017-03-01 13:00:00,285.8,57.0
2017-03-01 14:00:00,286.73,59.0
2017-03-01 15:00:00,283.98,62.1
2017-03-01 16:00:00,274.92,61.0
2017-03-01 17:00:00,265.18,60.1
2017-03-01 18:00:00,256.2,57.0
2017-03-01 19:00:00,237.9,55.0
2017-03-01 20:00:00,234.72,55.9
2017-03-01 21:00:00,184.28,53.1
2017-03-01 22:00:00,173.08,48.9
2017-03-01 23:00:00,167.22,48.9
2017-03-02 00:00:00,165.02,46.9
2017-03-02 01:00:00,163.72,45.0
2017-03-02 02:00:00,165.28,45.0
2017-03-02 03:00:00,164.38,43.0
2017-03-02 04:00:00,163.9,43.0
2017-03-02 05:00:00,168.25,44.1
2017-03-02 06:00:00,226.58,42.1
2017-03-02 07:00:00,226.72,42.1
2017-03-02 08:00:00,249.58,46.9
2017-03-02 09:00:00,254.98,51.1
2017-03-02 10:00:00,272.9,52.0
2017-03-02 11:00:00,274.12,54.0
2017-03-02 12:00:00,276.52,57.9
2017-03-02 13:00:00,284.2,61.0
2017-03-02 14:00:00,284.75,64.0
2017-03-02 15:00:00,281.75,64.9
2017-03-02 16:00:00,266.15,64.0
2017-03-02 17:00:00,262.15,63.0
2017-03-02 18:00:00,263.32,57.9
2017-03-02 19:00:00,239.42,57.0
2017-03-02 20:00:00,243.82,55.9
2017-03-02 21:00:00,185.05,57.0
2017-03-02 22:00:00,164.3,52.0
2017-03-02 23:00:00,163.85,50.0
2017-03-03 00:00:00,167.38,50.0
2017-03-03 01:00:00,161.57,46.9
2017-03-03 02:00:00,165.22,46.9
2017-03-03 03:00:00,159.45,45.0
2017-03-03 04:00:00,160.12,44.1
2017-03-03 05:00:00,160.32,45.0
2017-03-03 06:00:00,224.25,44.1
2017-03-03 07:00:00,227.88,44.1
2017-03-03 08:00:00,241.38,48.0
2017-03-03 09:00:00,257.68,52.0
2017-03-03 10:00:00,261.48,54.0
2017-03-03 11:00:00,272.27,55.9
2017-03-03 12:00:00,277.65,57.0
2017-03-03 13:00:00,272.62,60.1
2017-03-03 14:00:00,267.92,64.0
2017-03-03 15:00:00,258.35,62.1
2017-03-03 16:00:00,256.7,61.0
2017-03-03 17:00:00,232.55,59.0
2017-03-03 18:00:00,233.7,55.9
2017-03-03 19:00:00,232.7,54.0
2017-03-03 20:00:00,235.92,54.0
2017-03-03 21:00:00,178.95,53.1
2017-03-03 22:00:00,166.68,53.1
2017-03-03 23:00:00,167.85,53.1
2017-03-04 00:00:00,163.28,54.0
2017-03-04 01:00:00,162.0,54.0
2017-03-04 02:00:00,163.02,54.0
2017-03-04 03:00:00,163.6,54.0
2017-03-04 04:00:00,165.22,53.1
2017-03-04 05:00:00,165.08,53.1
2017-03-04 06:00:00,163.9,53.1
2017-03-04 07:00:00,171.75,54.0
2017-03-04 08:00:00,221.85,54.0
2017-03-04 09:00:00,224.52,54.0
2017-03-04 10:00:00,227.18,54.0
2017-03-04 11:00:00,222.82,57.0
2017-03-04 12:00:00,221.62,57.9
2017-03-04 13:00:00,224.08,59.0
2017-03-04 14:00:00,228.32,59.0
2017-03-04 15:00:00,231.82,61.0
2017-03-04 16:00:00,231.55,59.0
2017-03-04 17:00:00,223.75,59.0
2017-03-04 18:00:00,229.0,57.0
2017-03-04 19:00:00,230.12,55.9
2017-03-04 20:00:00,231.8,55.9
2017-03-04 21:00:00,230.15,55.0
2017-03-04 22:00:00,168.55,52.0
2017-03-04 23:00:00,166.12,53.1
2017-03-05 00:00:00,164.2,54.0
2017-03-05 01:00:00,163.75,53.1
2017-03-05 02:00:00,164.35,53.1
2017-03-05 03:00:00,167.12,53.1
2017-03-05 04:00:00,163.6,48.9
2017-03-05 05:00:00,163.22,50.0
2017-03-05 06:00:00,161.5,48.0
2017-03-05 07:00:00,170.25,46.0
2017-03-05 08:00:00,219.65,48.0
2017-03-05 09:00:00,223.5,51.1
2017-03-05 10:00:00,217.65,54.0
2017-03-05 11:00:00,219.88,51.1
2017-03-05 12:00:00,219.1,50.0
2017-03-05 13:00:00,220.42,46.9
2017-03-05 14:00:00,224.58,51.1
2017-03-05 15:00:00,221.18,53.1
2017-03-05 16:00:00,225.78,54.0
2017-03-05 17:00:00,221.95,52.0
2017-03-05 18:00:00,230.2,50.0
2017-03-05 19:00:00,228.55,48.9
2017-03-05 20:00:00,230.02,48.9
2017-03-05 21:00:00,232.5,48.0
2017-03-05 22:00:00,168.92,48.0
2017-03-05 23:00:00,165.6,46.9
2017-03-06 00:00:00,160.7,48.0
2017-03-06 01:00:00,159.48,46.9
2017-03-06 02:00:00,157.5,45.0
2017-03-06 03:00:00,165.15,45.0
2017-03-06 04:00:00,156.88,46.9
2017-03-06 05:00:00,162.07,46.0
2017-03-06 06:00:00,226.9,46.9
2017-03-06 07:00:00,228.52,46.9
2017-03-06 08:00:00,241.05,46.0
2017-03-06 09:00:00,252.68,48.0
2017-03-06 10:00:00,263.15,51.1
2017-03-06 11:00:00,265.77,53.1
2017-03-06 12:00:00,258.62,55.0
2017-03-06 13:00:00,258.82,52.0
2017-03-06 14:00:00,264.58,54.0
2017-03-06 15:00:00,257.12,53.1
2017-03-06 16:00:00,262.02,55.0
2017-03-06 17:00:00,251.35,53.1
2017-03-06 18:00:00,245.12,53.1
2017-03-06 19:00:00,241.58,53.1
2017-03-06 20:00:00,236.75,53.1
2017-03-06 21:00:00,183.15,52.0
2017-03-06 22:00:00,166.45,50.0
2017-03-06 23:00:00,172.02,46.0
2017-03-07 00:00:00,163.1,46.0
2017-03-07 01:00:00,162.8,45.0
2017-03-07 02:00:00,161.1,45.0
2017-03-07 03:00:00,161.4,45.0
2017-03-07 04:00:00,162.05,43.0
2017-03-07 05:00:00,160.82,43.0
2017-03-07 06:00:00,223.95,43.0
2017-03-07 07:00:00,224.05,43.0
2017-03-07 08:00:00,246.55,48.9
2017-03-07 09:00:00,256.05,50.0
2017-03-07 10:00:00,261.18,52.0
2017-03-07 11:00:00,259.32,54.0
2017-03-07 12:00:00,259.92,54.0
2017-03-07 13:00:00,268.25,55.0
2017-03-07 14:00:00,265.68,57.0
2017-03-07 15:00:00,269.12,60.1
2017-03-07 16:00:00,261.1,59.0
2017-03-07 17:00:00,252.02,57.9
2017-03-07 18:00:00,250.3,57.9
2017-03-07 19:00:00,235.12,55.9
2017-03-07 20:00:00,235.38,54.0
2017-03-07 21:00:00,188.18,53.1
2017-03-07 22:00:00,165.02,53.1
2017-03-07 23:00:00,163.05,53.1
2017-03-08 00:00:00,165.12,51.1
2017-03-08 01:00:00,161.43,50.0
2017-03-08 02:00:00,166.72,46.9
2017-03-08 03:00:00,160.68,48.0
2017-03-08 04:00:00,158.8,46.0
2017-03-08 05:00:00,159.45,48.9
2017-03-08 06:00:00,224.2,45.0
2017-03-08 07:00:00,227.95,46.9
2017-03-08 08:00:00,249.0,51.1
2017-03-08 09:00:00,261.58,54.0
2017-03-08 10:00:00,274.32,55.9
2017-03-08 11:00:00,276.9,57.0
2017-03-08 12:00:00,271.12,59.0
2017-03-08 13:00:00,280.05,62.1
2017-03-08 14:00:00,279.58,66.0
2017-03-08 15:00:00,276.23,64.9
2017-03-08 16:00:00,267.55,64.9
2017-03-08 17:00:00,264.35,63.0
2017-03-08 18:00:00,257.8,60.1
2017-03-08 19:00:00,242.58,57.0
2017-03-08 20:00:00,247.0,55.9
2017-03-08 21:00:00,189.62,55.9
2017-03-08 22:00:00,170.85,55.9
2017-03-08 23:00:00,169.2,55.0
2017-03-09 00:00:00,164.12,54.0
2017-03-09 01:00:00,164.55,54.0
2017-03-09 02:00:00,162.95,54.0
2017-03-09 03:00:00,167.95,52.0
2017-03-09 04:00:00,167.65,50.0
2017-03-09 05:00:00,164.95,51.1
2017-03-09 06:00:00,230.92,48.9
2017-03-09 07:00:00,227.18,52.0
2017-03-09 08:00:00,246.98,54.0
2017-03-09 09:00:00,256.75,54.0
2017-03-09 10:00:00,268.25,55.9
2017-03-09 11:00:00,276.48,59.0
2017-03-09 12:00:00,278.08,62.1
2017-03-09 13:00:00,288.7,66.9
2017-03-09 14:00:00,273.85,68.0
2017-03-09 15:00:00,276.98,66.9
2017-03-09 16:00:00,274.0,64.9
2017-03-09 17:00:00,264.58,63.0
2017-03-09 18:00:00,259.65,62.1
2017-03-09 19:00:00,245.38,59.0
2017-03-09 20:00:00,241.52,59.0
2017-03-09 21:00:00,185.02,57.9
2017-03-09 22:00:00,180.98,57.9
2017-03-09 23:00:00,182.3,57.0
2017-03-10 00:00:00,165.45,55.0
2017-03-10 01:00:00,165.28,55.9
2017-03-10 02:00:00,161.95,55.0
2017-03-10 03:00:00,168.08,55.9
2017-03-10 04:00:00,168.6,55.0
2017-03-10 05:00:00,159.05,53.1
2017-03-10 06:00:00,230.55,55.0
2017-03-10 07:00:00,211.9,53.1
2017-03-10 08:00:00,241.95,55.9
2017-03-10 09:00:00,254.32,57.9
2017-03-10 10:00:00,266.58,59.0
2017-03-10 11:00:00,264.4,59.0
2017-03-10 12:00:00,266.38,61.0
2017-03-10 13:00:00,271.12,62.1
2017-03-10 14:00:00,269.65,66.0
2017-03-10 15:00:00,269.7,66.9
2017-03-10 16:00:00,259.77,66.0
2017-03-10 17:00:00,251.05,66.9
2017-03-10 18:00:00,246.52,64.0
2017-03-10 19:00:00,245.85,62.1
2017-03-10 20:00:00,244.58,63.0
2017-03-10 21:00:00,194.82,62.1
2017-03-10 22:00:00,172.02,59.0
2017-03-10 23:00:00,171.02,57.9
2017-03-11 00:00:00,162.8,55.0
2017-03-11 01:00:00,163.9,55.9
2017-03-11 02:00:00,163.25,55.0
2017-03-11 03:00:00,167.02,53.1
2017-03-11 04:00:00,164.82,55.0
2017-03-11 05:00:00,163.6,53.1
2017-03-11 06:00:00,158.85,53.1
2017-03-11 07:00:00,177.85,52.0
2017-03-11 08:00:00,224.0,57.0
2017-03-11 09:00:00,226.58,59.0
2017-03-11 10:00:00,232.72,60.1
2017-03-11 11:00:00,232.48,61.0
2017-03-11 12:00:00,233.92,63.0
2017-03-11 13:00:00,233.98,64.0
2017-03-11 14:00:00,232.68,66.0
2017-03-11 15:00:00,232.12,66.0
2017-03-11 16:00:00,235.05,64.9
2017-03-11 17:00:00,233.75,64.0
2017-03-11 18:00:00,235.92,61.0
2017-03-11 19:00:00,241.35,57.9
2017-03-11 20:00:00,232.42,55.9
2017-03-11 21:00:00,230.5,55.9
2017-03-11 22:00:00,166.65,55.9
2017-03-11 23:00:00,168.8,54.0
2017-03-12 00:00:00,161.5,54.0
2017-03-12 01:00:00,161.88,52.0
2017-03-12 02:00:00,162.12,51.1
2017-03-12 03:00:00,162.38,55.0
2017-03-12 04:00:00,162.57,52.0
2017-03-12 05:00:00,161.7,50.0
2017-03-12 06:00:00,162.52,48.9
2017-03-12 07:00:00,159.57,48.9
2017-03-12 08:00:00,172.68,55.9
2017-03-12 09:00:00,219.52,57.9
2017-03-12 10:00:00,225.02,60.1
2017-03-12 11:00:00,230.42,62.1
2017-03-12 12:00:00,240.02,64.0
2017-03-12 13:00:00,240.82,68.0
2017-03-12 14:00:00,239.05,66.0
2017-03-12 15:00:00,242.22,69.1
2017-03-12 16:00:00,237.92,66.9
2017-03-12 17:00:00,240.92,64.9
2017-03-12 18:00:00,243.55,62.1
2017-03-12 19:00:00,246.45,60.1
2017-03-12 20:00:00,241.82,57.0
2017-03-12 21:00:00,238.58,57.0
2017-03-12 22:00:00,177.6,55.9
2017-03-12 23:00:00,168.32,55.9
2017-03-13 00:00:00,161.52,55.0
2017-03-13 01:00:00,167.45,52.0
2017-03-13 02:00:00,166.68,51.1
2017-03-13 03:00:00,161.52,51.1
2017-03-13 04:00:00,164.6,48.9
2017-03-13 05:00:00,161.02,48.9
2017-03-13 06:00:00,229.68,48.0
2017-03-13 07:00:00,232.25,50.0
2017-03-13 08:00:00,245.05,55.9
2017-03-13 09:00:00,262.18,57.9
2017-03-13 10:00:00,266.4,60.1
2017-03-13 11:00:00,267.92,62.1
2017-03-13 12:00:00,276.9,64.0
2017-03-13 13:00:00,280.73,66.9
2017-03-13 14:00:00,284.29,71.1
2017-03-13 15:00:00,286.19,71.1
2017-03-13 16:00:00,275.92,72.0
2017-03-13 17:00:00,278.27,72.0
2017-03-13 18:00:00,270.05,69.1
2017-03-13 19:00:00,249.42,66.0
2017-03-13 20:00:00,244.65,64.0
2017-03-13 21:00:00,200.9,62.1
2017-03-13 22:00:00,181.3,62.1
2017-03-13 23:00:00,179.45,60.1
2017-03-14 00:00:00,179.92,59.0
2017-03-14 01:00:00,177.15,61.0
2017-03-14 02:00:00,172.9,59.0
2017-03-14 03:00:00,174.28,55.9
2017-03-14 04:00:00,174.2,55.0
2017-03-14 05:00:00,171.1,55.9
2017-03-14 06:00:00,231.95,55.9
2017-03-14 07:00:00,233.58,55.0
2017-03-14 08:00:00,242.92,60.1
2017-03-14 09:00:00,257.48,63.0
2017-03-14 10:00:00,272.73,64.9
2017-03-14 11:00:00,265.65,68.0
2017-03-14 12:00:00,280.12,72.0
2017-03-14 13:00:00,284.77,75.9
2017-03-14 14:00:00,283.65,75.9
2017-03-14 15:00:00,278.35,73.0
2017-03-14 16:00:00,281.15,75.9
2017-03-14 17:00:00,264.88,71.1
2017-03-14 18:00:00,261.3,68.0
2017-03-14 19:00:00,249.98,64.0
2017-03-14 20:00:00,250.0,62.1
2017-03-14 21:00:00,195.58,62.1
2017-03-14 22:00:00,182.1,62.1
2017-03-14 23:00:00,179.95,59.0
2017-03-15 00:00:00,177.0,57.9
2017-03-15 01:00:00,177.7,57.0
2017-03-15 02:00:00,166.85,55.9
2017-03-15 03:00:00,174.48,55.0
2017-03-15 04:00:00,169.95,54.0
2017-03-15 05:00:00,172.9,54.0
2017-03-15 06:00:00,236.15,55.0
2017-03-15 07:00:00,231.2,54.0
2017-03-15 08:00:00,250.5,55.9
2017-03-15 09:00:00,267.05,57.0
2017-03-15 10:00:00,267.2,59.0
2017-03-15 11:00:00,273.8,60.1
2017-03-15 12:00:00,273.32,60.1
2017-03-15 13:00:00,271.1,60.1
2017-03-15 14:00:00,269.6,61.0
2017-03-15 15:00:00,268.52,61.0
2017-03-15 16:00:00,260.82,60.1
2017-03-15 17:00:00,259.6,60.1
2017-03-15 18:00:00,254.35,59.0
2017-03-15 19:00:00,247.7,59.0
2017-03-15 20:00:00,240.75,57.9
2017-03-15 21:00:00,183.15,57.9
2017-03-15 22:00:00,169.42,55.9
2017-03-15 23:00:00,163.65,57.9
2017-03-16 00:00:00,163.12,59.0
2017-03-16 01:00:00,162.6,59.0
2017-03-16 02:00:00,163.52,57.9
2017-03-16 03:00:00,163.4,57.9
2017-03-16 04:00:00,162.25,57.9
2017-03-16 05:00:00,168.1,57.9
2017-03-16 06:00:00,231.52,59.0
2017-03-16 07:00:00,240.75,59.0
2017-03-16 08:00:00,255.08,59.0
2017-03-16 09:00:00,268.68,60.1
2017-03-16 10:00:00,277.5,61.0
2017-03-16 11:00:00,273.4,64.0
2017-03-16 12:00:00,278.0,64.0
2017-03-16 13:00:00,285.6,64.0
2017-03-16 14:00:00,278.27,64.9
2017-03-16 15:00:00,277.6,64.0
2017-03-16 16:00:00,266.12,64.0
2017-03-16 17:00:00,265.2,64.0
2017-03-16 18:00:00,256.95,62.1
2017-03-16 19:00:00,243.95,60.1
2017-03-16 20:00:00,247.42,59.0
2017-03-16 21:00:00,192.35,57.0
2017-03-16 22:00:00,172.9,57.0
2017-03-16 23:00:00,165.08,55.0
2017-03-17 00:00:00,164.55,54.0
2017-03-17 01:00:00,166.9,52.0
2017-03-17 02:00:00,165.75,51.1
2017-03-17 03:00:00,164.0,51.1
2017-03-17 04:00:00,166.8,50.0
2017-03-17 05:00:00,162.28,48.9
2017-03-17 06:00:00,226.68,48.9
2017-03-17 07:00:00,226.02,51.1
2017-03-17 08:00:00,245.5,57.0
2017-03-17 09:00:00,254.42,59.0
2017-03-17 10:00:00,267.6,60.1
2017-03-17 11:00:00,270.73,64.0
2017-03-17 12:00:00,278.98,64.9
2017-03-17 13:00:00,276.25,66.9
2017-03-17 14:00:00,275.65,70.0
2017-03-17 15:00:00,277.58,72.0
2017-03-17 16:00:00,271.2,73.9
2017-03-17 17:00:00,250.32,70.0
2017-03-17 18:00:00,244.18,66.0
2017-03-17 19:00:00,238.88,63.0
2017-03-17 20:00:00,243.62,62.1
2017-03-17 21:00:00,195.42,61.0
2017-03-17 22:00:00,177.48,60.1
2017-03-17 23:00:00,179.38,59.0
2017-03-18 00:00:00,167.7,57.9
2017-03-18 01:00:00,171.9,55.0
2017-03-18 02:00:00,171.98,59.0
2017-03-18 03:00:00,171.5,55.0
2017-03-18 04:00:00,173.15,54.0
2017-03-18 05:00:00,164.22,57.0
2017-03-18 06:00:00,168.45,57.0
2017-03-18 07:00:00,174.15,54.0
2017-03-18 08:00:00,231.02,57.9
2017-03-18 09:00:00,227.5,60.1
2017-03-18 10:00:00,234.78,61.0
2017-03-18 11:00:00,232.55,62.1
2017-03-18 12:00:00,232.9,62.1
2017-03-18 13:00:00,231.62,66.0
2017-03-18 14:00:00,239.52,66.9
2017-03-18 15:00:00,239.22,66.9
2017-03-18 16:00:00,238.22,66.0
2017-03-18 17:00:00,233.28,64.9
2017-03-18 18:00:00,231.95,62.1
2017-03-18 19:00:00,241.28,57.9
2017-03-18 20:00:00,241.75,57.0
2017-03-18 21:00:00,242.78,57.0
2017-03-18 22:00:00,169.85,55.9
2017-03-18 23:00:00,165.7,57.0
2017-03-19 00:00:00,165.95,57.0
2017-03-19 01:00:00,177.7,57.0
2017-03-19 02:00:00,165.7,57.0
2017-03-19 03:00:00,164.3,55.9
2017-03-19 04:00:00,172.92,55.9
2017-03-19 05:00:00,165.52,55.9
2017-03-19 06:00:00,166.95,57.0
2017-03-19 07:00:00,180.48,57.0
2017-03-19 08:00:00,231.62,57.9
2017-03-19 09:00:00,233.42,60.1
2017-03-19 10:00:00,229.2,61.0
2017-03-19 11:00:00,229.3,61.0
2017-03-19 12:00:00,229.5,63.0
2017-03-19 13:00:00,231.15,64.0
2017-03-19 14:00:00,234.28,62.1
2017-03-19 15:00:00,232.52,61.0
2017-03-19 16:00:00,236.25,61.0
2017-03-19 17:00:00,236.85,59.0
2017-03-19 18:00:00,232.95,57.9
2017-03-19 19:00:00,235.52,57.0
2017-03-19 20:00:00,225.35,57.0
2017-03-19 21:00:00,230.52,57.9
2017-03-19 22:00:00,169.38,57.0
2017-03-19 23:00:00,162.75,55.9
2017-03-20 00:00:00,163.95,57.0
2017-03-20 01:00:00,164.22,55.9
2017-03-20 02:00:00,164.88,55.9
2017-03-20 03:00:00,164.38,57.0
2017-03-20 04:00:00,166.78,57.0
2017-03-20 05:00:00,164.12,57.9
2017-03-20 06:00:00,227.42,55.9
2017-03-20 07:00:00,229.62,57.9
2017-03-20 08:00:00,247.62,59.0
2017-03-20 09:00:00,268.8,60.1
2017-03-20 10:00:00,274.3,61.0
2017-03-20 11:00:00,282.98,63.0
2017-03-20 12:00:00,278.58,61.0
2017-03-20 13:00:00,281.45,62.1
2017-03-20 14:00:00,281.58,64.0
2017-03-20 15:00:00,275.42,62.1
2017-03-20 16:00:00,273.73,61.0
2017-03-20 17:00:00,265.6,61.0
2017-03-20 18:00:00,253.85,61.0
2017-03-20 19:00:00,247.5,61.0
2017-03-20 20:00:00,244.1,60.1
2017-03-20 21:00:00,193.28,60.1
2017-03-20 22:00:00,175.05,60.1
2017-03-20 23:00:00,175.1,60.1
2017-03-21 00:00:00,174.4,60.1
2017-03-21 01:00:00,168.62,61.0
2017-03-21 02:00:00,173.68,61.0
2017-03-21 03:00:00,171.72,60.1
2017-03-21 04:00:00,170.05,60.1
2017-03-21 05:00:00,170.32,62.1
2017-03-21 06:00:00,243.75,60.1
2017-03-21 07:00:00,238.8,60.1
2017-03-21 08:00:00,256.1,61.0
2017-03-21 09:00:00,270.2,61.0
2017-03-21 10:00:00,268.58,62.1
2017-03-21 11:00:00,270.02,64.0
2017-03-21 12:00:00,275.48,64.9
2017-03-21 13:00:00,280.42,66.0
2017-03-21 14:00:00,271.15,66.0
2017-03-21 15:00:00,274.77,66.0
2017-03-21 16:00:00,268.2,64.9
2017-03-21 17:00:00,265.95,64.0
2017-03-21 18:00:00,256.55,62.1
2017-03-21 19:00:00,248.52,62.1
2017-03-21 20:00:00,244.95,61.0
2017-03-21 21:00:00,194.2,61.0
2017-03-21 22:00:00,170.4,61.0
2017-03-21 23:00:00,169.7,60.1
2017-03-22 00:00:00,163.78,60.1
2017-03-22 01:00:00,167.4,57.9
2017-03-22 02:00:00,167.45,55.0
2017-03-22 03:00:00,161.0,55.0
2017-03-22 04:00:00,165.02,55.0
2017-03-22 05:00:00,166.05,57.0
2017-03-22 06:00:00,227.38,55.9
2017-03-22 07:00:00,229.25,55.0
2017-03-22 08:00:00,245.72,57.0
2017-03-22 09:00:00,255.08,57.9
2017-03-22 10:00:00,259.35,59.0
2017-03-22 11:00:00,259.3,61.0
2017-03-22 12:00:00,264.73,62.1
2017-03-22 13:00:00,268.05,62.1
2017-03-22 14:00:00,270.6,63.0
2017-03-22 15:00:00,270.15,61.0
2017-03-22 16:00:00,266.15,60.1
2017-03-22 17:00:00,255.58,59.0
2017-03-22 18:00:00,243.32,57.0
2017-03-22 19:00:00,234.6,55.0
2017-03-22 20:00:00,233.25,54.0
2017-03-22 21:00:00,187.45,54.0
2017-03-22 22:00:00,170.85,53.1
2017-03-22 23:00:00,171.2,54.0
2017-03-23 00:00:00,174.72,52.0
2017-03-23 01:00:00,168.92,52.0
2017-03-23 02:00:00,167.62,52.0
2017-03-23 03:00:00,173.92,52.0
2017-03-23 04:00:00,166.45,51.1
2017-03-23 05:00:00,171.5,46.9
2017-03-23 06:00:00,218.52,46.0
2017-03-23 07:00:00,219.72,46.9
2017-03-23 08:00:00,236.32,54.0
2017-03-23 09:00:00,249.9,55.9
2017-03-23 10:00:00,260.6,57.9
2017-03-23 11:00:00,255.45,59.0
2017-03-23 12:00:00,259.6,59.0
2017-03-23 13:00:00,262.27,60.1
2017-03-23 14:00:00,259.2,61.0
2017-03-23 15:00:00,257.3,61.0
2017-03-23 16:00:00,243.6,60.1
2017-03-23 17:00:00,239.5,57.9
2017-03-23 18:00:00,235.08,57.0
2017-03-23 19:00:00,227.15,55.9
2017-03-23 20:00:00,222.9,55.9
2017-03-23 21:00:00,182.32,55.9
2017-03-23 22:00:00,168.9,55.9
2017-03-23 23:00:00,166.4,55.9
2017-03-24 00:00:00,166.75,55.9
2017-03-24 01:00:00,168.9,55.9
2017-03-24 02:00:00,166.95,57.0
2017-03-24 03:00:00,164.95,55.0
2017-03-24 04:00:00,165.22,55.9
2017-03-24 05:00:00,163.82,53.1
2017-03-24 06:00:00,218.72,54.0
2017-03-24 07:00:00,217.38,55.0
2017-03-24 08:00:00,232.2,55.9
2017-03-24 09:00:00,244.55,57.0
2017-03-24 10:00:00,254.38,55.9
2017-03-24 11:00:00,270.05,55.9
2017-03-24 12:00:00,268.42,55.9
2017-03-24 13:00:00,268.35,55.0
2017-03-24 14:00:00,270.0,55.0
2017-03-24 15:00:00,268.48,55.9
2017-03-24 16:00:00,260.15,55.9
2017-03-24 17:00:00,247.02,57.0
2017-03-24 18:00:00,237.92,57.0
2017-03-24 19:00:00,236.7,57.0
2017-03-24 20:00:00,236.9,55.9
2017-03-24 21:00:00,194.48,55.0
2017-03-24 22:00:00,180.02,55.0
2017-03-24 23:00:00,180.78,55.9
2017-03-25 00:00:00,179.25,55.9
2017-03-25 01:00:00,181.52,55.9
2017-03-25 02:00:00,181.15,55.9
2017-03-25 03:00:00,182.6,55.0
2017-03-25 04:00:00,181.88,55.0
2017-03-25 05:00:00,181.48,54.0
2017-03-25 06:00:00,179.05,52.0
2017-03-25 07:00:00,185.98,53.1
2017-03-25 08:00:00,219.45,55.9
2017-03-25 09:00:00,221.38,57.9
2017-03-25 10:00:00,227.15,59.0
2017-03-25 11:00:00,228.92,61.0
2017-03-25 12:00:00,227.3,61.0
2017-03-25 13:00:00,225.94,63.0
2017-03-25 14:00:00,229.65,63.0
2017-03-25 15:00:00,230.4,63.0
2017-03-25 16:00:00,232.7,62.1
2017-03-25 17:00:00,231.7,61.0
2017-03-25 18:00:00,227.62,59.0
2017-03-25 19:00:00,228.72,57.9
2017-03-25 20:00:00,229.4,55.9
2017-03-25 21:00:00,230.45,55.0
2017-03-25 22:00:00,179.22,55.0
2017-03-25 23:00:00,179.85,54.0
2017-03-26 00:00:00,178.8,55.0
2017-03-26 01:00:00,180.4,55.0
2017-03-26 02:00:00,179.38,55.0
2017-03-26 03:00:00,177.92,54.0
2017-03-26 04:00:00,178.82,55.0
2017-03-26 05:00:00,177.7,55.0
2017-03-26 06:00:00,179.85,55.0
2017-03-26 07:00:00,185.6,55.0
2017-03-26 08:00:00,224.82,55.9
2017-03-26 09:00:00,224.82,57.0
2017-03-26 10:00:00,222.68,57.9
2017-03-26 11:00:00,224.72,61.0
2017-03-26 12:00:00,224.6,60.1
2017-03-26 13:00:00,226.42,63.0
2017-03-26 14:00:00,222.25,64.0
2017-03-26 15:00:00,224.15,62.1
2017-03-26 16:00:00,225.72,61.0
2017-03-26 17:00:00,226.42,62.1
2017-03-26 18:00:00,230.5,60.1
2017-03-26 19:00:00,229.58,57.9
2017-03-26 20:00:00,231.08,57.9
2017-03-26 21:00:00,232.08,57.0
2017-03-26 22:00:00,177.0,57.0
2017-03-26 23:00:00,177.85,55.9
2017-03-27 00:00:00,176.92,55.0
2017-03-27 01:00:00,174.18,55.0
2017-03-27 02:00:00,177.68,54.0
2017-03-27 03:00:00,174.92,54.0
2017-03-27 04:00:00,177.45,54.0
2017-03-27 05:00:00,175.78,54.0
2017-03-27 06:00:00,228.82,53.1
2017-03-27 07:00:00,226.45,54.0
2017-03-27 08:00:00,232.55,55.9
2017-03-27 09:00:00,246.02,57.9
2017-03-27 10:00:00,248.65,61.0
2017-03-27 11:00:00,252.2,62.1
2017-03-27 12:00:00,253.28,63.0
2017-03-27 13:00:00,253.32,64.0
2017-03-27 14:00:00,246.98,64.9
2017-03-27 15:00:00,245.08,64.9
2017-03-27 16:00:00,245.45,63.0
2017-03-27 17:00:00,232.28,63.0
2017-03-27 18:00:00,225.18,61.0
2017-03-27 19:00:00,230.52,57.9
2017-03-27 20:00:00,232.0,57.0
2017-03-27 21:00:00,191.88,55.9
2017-03-27 22:00:00,177.8,55.9
2017-03-27 23:00:00,177.95,55.9
2017-03-28 00:00:00,181.8,55.0
2017-03-28 01:00:00,176.58,54.0
2017-03-28 02:00:00,175.08,52.0
2017-03-28 03:00:00,176.28,53.1
2017-03-28 04:00:00,175.12,53.1
2017-03-28 05:00:00,177.2,48.9
2017-03-28 06:00:00,226.58,50.0
2017-03-28 07:00:00,224.92,54.0
2017-03-28 08:00:00,237.7,57.9
2017-03-28 09:00:00,244.48,60.1
2017-03-28 10:00:00,245.58,63.0
2017-03-28 11:00:00,251.48,64.9
2017-03-28 12:00:00,250.75,70.0
2017-03-28 13:00:00,256.35,72.0
2017-03-28 14:00:00,256.98,73.0
2017-03-28 15:00:00,259.4,69.1
2017-03-28 16:00:00,255.0,69.1
2017-03-28 17:00:00,240.28,68.0
2017-03-28 18:00:00,229.08,64.9
2017-03-28 19:00:00,234.52,62.1
2017-03-28 20:00:00,232.38,63.0
2017-03-28 21:00:00,195.58,61.0
2017-03-28 22:00:00,183.55,62.1
2017-03-28 23:00:00,183.52,59.0
2017-03-29 00:00:00,180.6,57.0
2017-03-29 01:00:00,179.9,55.0
2017-03-29 02:00:00,181.95,54.0
2017-03-29 03:00:00,182.75,54.0
2017-03-29 04:00:00,179.8,52.0
2017-03-29 05:00:00,182.92,51.1
2017-03-29 06:00:00,233.22,51.1
2017-03-29 07:00:00,230.15,54.0
2017-03-29 08:00:00,238.82,59.0
2017-03-29 09:00:00,245.38,61.0
2017-03-29 10:00:00,245.75,62.1
2017-03-29 11:00:00,249.62,64.9
2017-03-29 12:00:00,254.4,66.9
2017-03-29 13:00:00,263.73,66.9
2017-03-29 14:00:00,257.5,66.9
2017-03-29 15:00:00,261.45,64.9
2017-03-29 16:00:00,253.6,64.9
2017-03-29 17:00:00,238.52,63.0
2017-03-29 18:00:00,237.52,62.1
2017-03-29 19:00:00,239.5,60.1
2017-03-29 20:00:00,236.62,57.9
2017-03-29 21:00:00,196.3,57.9
2017-03-29 22:00:00,183.5,57.0
2017-03-29 23:00:00,182.3,57.0
2017-03-30 00:00:00,182.52,57.9
2017-03-30 01:00:00,178.95,57.9
2017-03-30 02:00:00,182.62,59.0
2017-03-30 03:00:00,180.5,57.9
2017-03-30 04:00:00,180.4,57.9
2017-03-30 05:00:00,182.6,55.9
2017-03-30 06:00:00,233.32,55.0
2017-03-30 07:00:00,230.75,55.0
2017-03-30 08:00:00,242.5,57.0
2017-03-30 09:00:00,245.05,59.0
2017-03-30 10:00:00,250.32,62.1
2017-03-30 11:00:00,252.78,64.0
2017-03-30 12:00:00,252.58,64.9
2017-03-30 13:00:00,256.58,64.9
2017-03-30 14:00:00,253.3,66.0
2017-03-30 15:00:00,258.35,64.9
2017-03-30 16:00:00,249.48,64.0
2017-03-30 17:00:00,236.5,63.0
2017-03-30 18:00:00,231.95,61.0
2017-03-30 19:00:00,230.52,57.9
2017-03-30 20:00:00,231.28,57.0
2017-03-30 21:00:00,194.2,55.9
2017-03-30 22:00:00,180.7,57.0
2017-03-30 23:00:00,177.18,55.9
2017-03-31 00:00:00,178.85,55.0
2017-03-31 01:00:00,179.52,54.0
2017-03-31 02:00:00,180.38,55.0
2017-03-31 03:00:00,179.28,54.0
2017-03-31 04:00:00,180.58,54.0
2017-03-31 05:00:00,178.5,54.0
2017-03-31 06:00:00,228.0,54.0
2017-03-31 07:00:00,220.58,55.9
2017-03-31 08:00:00,221.65,59.0
2017-03-31 09:00:00,226.25,62.1
2017-03-31 10:00:00,232.18,64.0
2017-03-31 11:00:00,234.3,68.0
2017-03-31 12:00:00,236.85,70.0
2017-03-31 13:00:00,240.85,73.0
2017-03-31 14:00:00,239.62,75.0
2017-03-31 15:00:00,235.88,75.0
2017-03-31 16:00:00,240.72,75.0
2017-03-31 17:00:00,238.58,75.0
2017-03-31 18:00:00,236.3,66.9
2017-03-31 19:00:00,232.92,63.0
2017-03-31 20:00:00,231.85,61.0
2017-03-31 21:00:00,193.12,61.0
2017-03-31 22:00:00,179.72,60.1
2017-03-31 23:00:00,178.15,59.0
2017-04-01 00:00:00,176.18,57.9
2017-04-01 01:00:00,177.28,60.1
2017-04-01 02:00:00,178.92,54.0
2017-04-01 03:00:00,178.45,57.0
2017-04-01 04:00:00,177.7,53.1
2017-04-01 05:00:00,177.02,52.0
2017-04-01 06:00:00,177.45,50.0
2017-04-01 07:00:00,183.15,54.0
2017-04-01 08:00:00,220.4,62.1
2017-04-01 09:00:00,223.58,64.0
2017-04-01 10:00:00,224.1,64.9
2017-04-01 11:00:00,233.25,68.0
2017-04-01 12:00:00,238.62,71.1
2017-04-01 13:00:00,235.26,72.0
2017-04-01 14:00:00,234.01,73.9
2017-04-01 15:00:00,236.4,73.9
2017-04-01 16:00:00,236.45,75.9
2017-04-01 17:00:00,224.05,68.0
2017-04-01 18:00:00,234.15,68.0
2017-04-01 19:00:00,228.45,61.0
2017-04-01 20:00:00,236.28,57.9
2017-04-01 21:00:00,237.2,57.0
2017-04-01 22:00:00,181.25,57.0
2017-04-01 23:00:00,182.12,55.9
2017-04-02 00:00:00,181.6,55.0
2017-04-02 01:00:00,178.98,54.0
2017-04-02 02:00:00,181.72,55.0
2017-04-02 03:00:00,178.5,53.1
2017-04-02 04:00:00,179.66,54.0
2017-04-02 05:00:00,181.18,55.0
2017-04-02 06:00:00,177.7,55.0
2017-04-02 07:00:00,184.88,55.9
2017-04-02 08:00:00,224.02,57.0
2017-04-02 09:00:00,223.9,57.9
2017-04-02 10:00:00,224.4,59.0
2017-04-02 11:00:00,222.2,61.0
2017-04-02 12:00:00,233.02,64.0
2017-04-02 13:00:00,222.15,66.9
2017-04-02 14:00:00,220.02,70.0
2017-04-02 15:00:00,219.48,73.9
2017-04-02 16:00:00,220.9,73.0
2017-04-02 17:00:00,220.08,73.9
2017-04-02 18:00:00,219.98,69.1
2017-04-02 19:00:00,216.78,62.1
2017-04-02 20:00:00,222.85,60.1
2017-04-02 21:00:00,224.98,60.1
2017-04-02 22:00:00,172.5,60.1
2017-04-02 23:00:00,172.28,57.9
2017-04-03 00:00:00,170.98,57.0
2017-04-03 01:00:00,169.45,55.9
2017-04-03 02:00:00,170.4,55.9
2017-04-03 03:00:00,170.55,51.1
2017-04-03 04:00:00,170.4,50.0
2017-04-03 05:00:00,167.62,50.0
2017-04-03 06:00:00,216.68,48.0
2017-04-03 07:00:00,218.22,53.1
2017-04-03 08:00:00,230.42,57.9
2017-04-03 09:00:00,243.28,61.0
2017-04-03 10:00:00,243.85,62.1
2017-04-03 11:00:00,254.82,64.0
2017-04-03 12:00:00,254.25,64.9
2017-04-03 13:00:00,257.4,66.9
2017-04-03 14:00:00,251.0,69.1
2017-04-03 15:00:00,255.95,68.0
2017-04-03 16:00:00,252.62,66.9
2017-04-03 17:00:00,241.92,64.0
2017-04-03 18:00:00,235.42,60.1
2017-04-03 19:00:00,223.68,59.0
2017-04-03 20:00:00,224.18,57.0
2017-04-03 21:00:00,185.42,55.9
2017-04-03 22:00:00,169.82,55.9
2017-04-03 23:00:00,172.2,55.0
2017-04-04 00:00:00,171.85,54.0
2017-04-04 01:00:00,168.45,54.0
2017-04-04 02:00:00,171.88,54.0
2017-04-04 03:00:00,169.25,51.1
2017-04-04 04:00:00,169.42,54.0
2017-04-04 05:00:00,170.48,54.0
2017-04-04 06:00:00,222.28,54.0
2017-04-04 07:00:00,217.78,55.0
2017-04-04 08:00:00,241.02,55.9
2017-04-04 09:00:00,243.25,57.0
2017-04-04 10:00:00,248.4,59.0
2017-04-04 11:00:00,258.58,61.0
2017-04-04 12:00:00,263.6,63.0
2017-04-04 13:00:00,262.35,66.0
2017-04-04 14:00:00,264.92,70.0
2017-04-04 15:00:00,265.9,66.9
2017-04-04 16:00:00,264.12,64.0
2017-04-04 17:00:00,258.98,62.1
2017-04-04 18:00:00,249.02,62.1
2017-04-04 19:00:00,237.98,60.1
2017-04-04 20:00:00,241.9,59.0
2017-04-04 21:00:00,197.9,57.9
2017-04-04 22:00:00,181.48,57.0
2017-04-04 23:00:00,181.75,57.0
2017-04-05 00:00:00,179.2,55.9
2017-04-05 01:00:00,179.95,55.9
2017-04-05 02:00:00,182.72,55.0
2017-04-05 03:00:00,178.15,54.0
2017-04-05 04:00:00,179.05,53.1
2017-04-05 05:00:00,178.7,55.0
2017-04-05 06:00:00,228.1,54.0
2017-04-05 07:00:00,229.2,55.9
2017-04-05 08:00:00,244.12,60.1
2017-04-05 09:00:00,253.02,62.1
2017-04-05 10:00:00,257.5,66.0
2017-04-05 11:00:00,268.05,66.0
2017-04-05 12:00:00,260.15,66.9
2017-04-05 13:00:00,262.65,72.0
2017-04-05 14:00:00,265.35,72.0
2017-04-05 15:00:00,265.05,72.0
2017-04-05 16:00:00,259.08,68.0
2017-04-05 17:00:00,252.2,64.9
2017-04-05 18:00:00,244.05,64.0
2017-04-05 19:00:00,234.38,61.0
2017-04-05 20:00:00,231.8,61.0
2017-04-05 21:00:00,199.05,57.9
2017-04-05 22:00:00,184.82,59.0
2017-04-05 23:00:00,184.4,60.1
2017-04-06 00:00:00,183.72,60.1
2017-04-06 01:00:00,183.9,59.0
2017-04-06 02:00:00,184.52,57.9
2017-04-06 03:00:00,181.52,59.0
2017-04-06 04:00:00,182.4,55.9
2017-04-06 05:00:00,180.78,59.0
2017-04-06 06:00:00,232.28,61.0
2017-04-06 07:00:00,229.85,59.0
2017-04-06 08:00:00,244.22,60.1
2017-04-06 09:00:00,261.5,60.1
2017-04-06 10:00:00,261.4,62.1
2017-04-06 11:00:00,260.23,64.0
2017-04-06 12:00:00,263.92,64.9
2017-04-06 13:00:00,264.58,62.1
2017-04-06 14:00:00,270.92,64.9
2017-04-06 15:00:00,266.3,66.0
2017-04-06 16:00:00,260.65,66.0
2017-04-06 17:00:00,256.85,61.0
2017-04-06 18:00:00,255.32,55.9
2017-04-06 19:00:00,244.95,55.0
2017-04-06 20:00:00,239.55,54.0
2017-04-06 21:00:00,200.42,55.0
2017-04-06 22:00:00,184.65,53.1
2017-04-06 23:00:00,186.48,54.0
2017-04-07 00:00:00,188.55,54.0
2017-04-07 01:00:00,184.68,55.9
2017-04-07 02:00:00,186.12,55.9
2017-04-07 03:00:00,184.45,57.0
2017-04-07 04:00:00,183.15,59.0
2017-04-07 05:00:00,181.65,59.0
2017-04-07 06:00:00,235.3,59.0
2017-04-07 07:00:00,230.9,57.9
2017-04-07 08:00:00,245.88,59.0
2017-04-07 09:00:00,258.12,61.0
2017-04-07 10:00:00,265.8,61.0
2017-04-07 11:00:00,267.42,62.1
2017-04-07 12:00:00,265.18,57.9
2017-04-07 13:00:00,267.02,61.0
2017-04-07 14:00:00,271.32,64.0
2017-04-07 15:00:00,267.02,64.0
2017-04-07 16:00:00,255.65,64.0
2017-04-07 17:00:00,238.32,62.1
2017-04-07 18:00:00,231.32,61.0
2017-04-07 19:00:00,233.08,60.1
2017-04-07 20:00:00,234.4,60.1
2017-04-07 21:00:00,195.7,60.1
2017-04-07 22:00:00,179.92,52.0
2017-04-07 23:00:00,182.08,50.0
2017-04-08 00:00:00,180.45,50.0
2017-04-08 01:00:00,182.88,53.1
2017-04-08 02:00:00,176.45,52.0
2017-04-08 03:00:00,178.92,52.0
2017-04-08 04:00:00,178.78,52.0
2017-04-08 05:00:00,177.2,52.0
2017-04-08 06:00:00,175.12,52.0
2017-04-08 07:00:00,182.2,53.1
2017-04-08 08:00:00,223.0,50.0
2017-04-08 09:00:00,226.3,50.0
2017-04-08 10:00:00,226.82,54.0
2017-04-08 11:00:00,226.82,55.9
2017-04-08 12:00:00,226.65,57.0
2017-04-08 13:00:00,228.95,57.0
2017-04-08 14:00:00,230.6,57.0
2017-04-08 15:00:00,231.25,57.9
2017-04-08 16:00:00,230.92,57.0
2017-04-08 17:00:00,226.1,57.0
2017-04-08 18:00:00,227.0,55.0
2017-04-08 19:00:00,229.08,53.1
2017-04-08 20:00:00,231.48,53.1
2017-04-08 21:00:00,234.35,52.0
2017-04-08 22:00:00,180.2,50.0
2017-04-08 23:00:00,178.4,48.9
2017-04-09 00:00:00,178.5,46.0
2017-04-09 01:00:00,179.52,46.0
2017-04-09 02:00:00,177.45,44.1
2017-04-09 03:00:00,177.7,44.1
2017-04-09 04:00:00,179.0,43.0
2017-04-09 05:00:00,180.02,43.0
2017-04-09 06:00:00,175.68,44.1
2017-04-09 07:00:00,183.95,46.9
2017-04-09 08:00:00,223.15,52.0
2017-04-09 09:00:00,227.25,54.0
2017-04-09 10:00:00,226.85,54.0
2017-04-09 11:00:00,229.35,55.9
2017-04-09 12:00:00,229.52,57.9
2017-04-09 13:00:00,228.48,60.1
2017-04-09 14:00:00,231.65,62.1
2017-04-09 15:00:00,232.55,62.1
2017-04-09 16:00:00,233.2,61.0
2017-04-09 17:00:00,230.05,60.1
2017-04-09 18:00:00,229.45,57.0
2017-04-09 19:00:00,231.92,55.0
2017-04-09 20:00:00,237.05,53.1
2017-04-09 21:00:00,236.35,52.0
2017-04-09 22:00:00,183.18,52.0
2017-04-09 23:00:00,180.82,51.1
2017-04-10 00:00:00,181.72,48.0
2017-04-10 01:00:00,181.22,48.9
2017-04-10 02:00:00,181.78,46.9
2017-04-10 03:00:00,175.72,48.0
2017-04-10 04:00:00,176.25,48.0
2017-04-10 05:00:00,180.7,48.0
2017-04-10 06:00:00,230.95,48.0
2017-04-10 07:00:00,230.32,52.0
2017-04-10 08:00:00,250.12,53.1
2017-04-10 09:00:00,262.88,55.0
2017-04-10 10:00:00,264.65,57.9
2017-04-10 11:00:00,264.25,60.1
2017-04-10 12:00:00,269.62,63.0
2017-04-10 13:00:00,273.42,64.0
2017-04-10 14:00:00,264.18,66.0
2017-04-10 15:00:00,266.6,64.9
2017-04-10 16:00:00,259.45,64.9
2017-04-10 17:00:00,259.42,63.0
2017-04-10 18:00:00,252.82,59.0
2017-04-10 19:00:00,241.05,57.9
2017-04-10 20:00:00,237.85,57.9
2017-04-10 21:00:00,199.4,57.9
2017-04-10 22:00:00,184.08,57.0
2017-04-10 23:00:00,181.82,57.0
2017-04-11 00:00:00,182.78,57.0
2017-04-11 01:00:00,180.45,57.0
2017-04-11 02:00:00,181.22,55.9
2017-04-11 03:00:00,182.88,55.9
2017-04-11 04:00:00,179.28,55.9
2017-04-11 05:00:00,182.58,55.9
2017-04-11 06:00:00,232.78,57.0
2017-04-11 07:00:00,233.65,57.0
2017-04-11 08:00:00,249.95,59.0
2017-04-11 09:00:00,267.3,60.1
2017-04-11 10:00:00,266.62,62.1
2017-04-11 11:00:00,267.95,63.0
2017-04-11 12:00:00,268.08,64.9
2017-04-11 13:00:00,269.62,64.9
2017-04-11 14:00:00,266.18,66.0
2017-04-11 15:00:00,270.08,66.0
2017-04-11 16:00:00,265.48,64.9
2017-04-11 17:00:00,262.68,64.0
2017-04-11 18:00:00,246.22,63.0
2017-04-11 19:00:00,237.9,62.1
2017-04-11 20:00:00,239.98,63.0
2017-04-11 21:00:00,198.72,61.0
2017-04-11 22:00:00,184.1,60.1
2017-04-11 23:00:00,184.5,60.1
2017-04-12 00:00:00,180.88,60.1
2017-04-12 01:00:00,178.5,57.9
2017-04-12 02:00:00,178.38,57.9
2017-04-12 03:00:00,175.72,57.9
2017-04-12 04:00:00,177.12,57.9
2017-04-12 05:00:00,177.25,57.9
2017-04-12 06:00:00,229.55,57.0
2017-04-12 07:00:00,229.25,55.9
2017-04-12 08:00:00,248.72,55.9
2017-04-12 09:00:00,270.05,55.9
2017-04-12 10:00:00,274.32,59.0
2017-04-12 11:00:00,276.32,60.1
2017-04-12 12:00:00,281.12,64.0
2017-04-12 13:00:00,281.42,64.9
2017-04-12 14:00:00,268.92,64.9
2017-04-12 15:00:00,268.52,66.0
2017-04-12 16:00:00,260.98,64.0
2017-04-12 17:00:00,259.15,64.9
2017-04-12 18:00:00,254.9,62.1
2017-04-12 19:00:00,240.5,62.1
2017-04-12 20:00:00,240.95,62.1
2017-04-12 21:00:00,199.25,61.0
2017-04-12 22:00:00,185.52,59.0
2017-04-12 23:00:00,184.0,59.0
2017-04-13 00:00:00,183.0,57.9
2017-04-13 01:00:00,180.58,55.9
2017-04-13 02:00:00,180.9,55.9
2017-04-13 03:00:00,180.88,55.0
2017-04-13 04:00:00,178.48,55.9
2017-04-13 05:00:00,178.75,55.9
2017-04-13 06:00:00,231.85,55.9
2017-04-13 07:00:00,230.65,55.9
2017-04-13 08:00:00,251.42,57.0
2017-04-13 09:00:00,264.55,60.1
2017-04-13 10:00:00,266.18,59.0
2017-04-13 11:00:00,266.92,59.0
2017-04-13 12:00:00,265.1,61.0
2017-04-13 13:00:00,272.9,60.1
2017-04-13 14:00:00,268.52,61.0
2017-04-13 15:00:00,269.7,59.0
2017-04-13 16:00:00,257.3,59.0
2017-04-13 17:00:00,253.6,59.0
2017-04-13 18:00:00,250.48,57.9
2017-04-13 19:00:00,233.4,55.9
2017-04-13 20:00:00,239.6,55.0
2017-04-13 21:00:00,198.32,54.0
2017-04-13 22:00:00,184.65,52.0
2017-04-13 23:00:00,182.98,52.0
2017-04-14 00:00:00,182.98,52.0
2017-04-14 01:00:00,181.2,52.0
2017-04-14 02:00:00,178.55,50.0
2017-04-14 03:00:00,178.5,48.9
2017-04-14 04:00:00,183.4,48.0
2017-04-14 05:00:00,179.92,46.0
2017-04-14 06:00:00,229.48,46.9
2017-04-14 07:00:00,230.4,50.0
2017-04-14 08:00:00,246.78,53.1
2017-04-14 09:00:00,261.35,55.9
2017-04-14 10:00:00,269.58,57.9
2017-04-14 11:00:00,271.02,59.0
2017-04-14 12:00:00,265.88,61.0
2017-04-14 13:00:00,263.88,64.0
2017-04-14 14:00:00,260.23,63.0
2017-04-14 15:00:00,254.22,64.0
2017-04-14 16:00:00,253.45,64.0
2017-04-14 17:00:00,243.02,62.1
2017-04-14 18:00:00,234.85,60.1
2017-04-14 19:00:00,231.72,57.0
2017-04-14 20:00:00,234.02,55.9
2017-04-14 21:00:00,193.72,55.0
2017-04-14 22:00:00,185.68,55.0
2017-04-14 23:00:00,184.7,53.1
2017-04-15 00:00:00,177.95,51.1
2017-04-15 01:00:00,178.28,48.9
2017-04-15 02:00:00,179.9,48.9
2017-04-15 03:00:00,178.22,48.0
2017-04-15 04:00:00,176.45,46.9
2017-04-15 05:00:00,176.98,46.0
2017-04-15 06:00:00,174.18,46.0
2017-04-15 07:00:00,183.75,50.0
2017-04-15 08:00:00,221.68,55.0
2017-04-15 09:00:00,224.58,55.9
2017-04-15 10:00:00,226.18,57.0
2017-04-15 11:00:00,226.88,59.0
2017-04-15 12:00:00,230.75,62.1
2017-04-15 13:00:00,227.92,64.0
2017-04-15 14:00:00,229.08,66.9
2017-04-15 15:00:00,232.8,66.0
2017-04-15 16:00:00,232.18,64.9
2017-04-15 17:00:00,229.42,64.9
2017-04-15 18:00:00,232.18,64.0
2017-04-15 19:00:00,234.18,61.0
2017-04-15 20:00:00,236.65,59.0
2017-04-15 21:00:00,235.35,60.1
2017-04-15 22:00:00,180.85,57.9
2017-04-15 23:00:00,181.46,57.0
2017-04-16 00:00:00,178.8,57.0
2017-04-16 01:00:00,179.35,54.0
2017-04-16 02:00:00,179.28,54.0
2017-04-16 03:00:00,180.7,52.0
2017-04-16 04:00:00,178.7,54.0
2017-04-16 05:00:00,177.72,52.0
2017-04-16 06:00:00,173.35,54.0
2017-04-16 07:00:00,183.08,57.0
2017-04-16 08:00:00,222.35,57.9
2017-04-16 09:00:00,225.48,59.0
2017-04-16 10:00:00,226.32,57.9
2017-04-16 11:00:00,226.78,61.0
2017-04-16 12:00:00,229.3,57.9
2017-04-16 13:00:00,228.8,55.9
2017-04-16 14:00:00,230.1,55.9
2017-04-16 15:00:00,227.98,54.0
2017-04-16 16:00:00,231.02,55.9
2017-04-16 17:00:00,231.8,57.0
2017-04-16 18:00:00,233.15,57.9
2017-04-16 19:00:00,231.4,59.0
2017-04-16 20:00:00,238.52,59.0
2017-04-16 21:00:00,236.1,59.0
2017-04-16 22:00:00,182.48,60.1
2017-04-16 23:00:00,180.55,59.0
2017-04-17 00:00:00,178.82,59.0
2017-04-17 01:00:00,178.25,59.0
2017-04-17 02:00:00,178.5,57.9
2017-04-17 03:00:00,179.75,57.9
2017-04-17 04:00:00,179.62,57.9
2017-04-17 05:00:00,178.12,57.9
2017-04-17 06:00:00,230.7,57.9
2017-04-17 07:00:00,230.68,57.9
2017-04-17 08:00:00,249.78,59.0
2017-04-17 09:00:00,268.02,60.1
2017-04-17 10:00:00,279.32,64.9
2017-04-17 11:00:00,276.4,64.9
2017-04-17 12:00:00,265.88,64.9
2017-04-17 13:00:00,269.5,64.0
2017-04-17 14:00:00,274.05,64.0
2017-04-17 15:00:00,264.58,63.0
2017-04-17 16:00:00,260.48,61.0
2017-04-17 17:00:00,256.77,59.0
2017-04-17 18:00:00,243.75,57.9
2017-04-17 19:00:00,234.95,57.9
2017-04-17 20:00:00,236.48,57.0
2017-04-17 21:00:00,199.6,57.0
2017-04-17 22:00:00,184.88,57.0
2017-04-17 23:00:00,182.38,55.9
2017-04-18 00:00:00,183.05,55.9
2017-04-18 01:00:00,182.8,55.9
2017-04-18 02:00:00,183.72,55.9
2017-04-18 03:00:00,183.72,55.9
2017-04-18 04:00:00,183.02,55.9
2017-04-18 05:00:00,183.55,55.9
2017-04-18 06:00:00,228.88,57.0
2017-04-18 07:00:00,232.65,57.0
2017-04-18 08:00:00,246.0,57.9
2017-04-18 09:00:00,266.08,59.0
2017-04-18 10:00:00,266.58,61.0
2017-04-18 11:00:00,268.08,62.1
2017-04-18 12:00:00,274.12,64.0
2017-04-18 13:00:00,270.6,64.0
2017-04-18 14:00:00,274.42,64.9
2017-04-18 15:00:00,264.4,68.0
2017-04-18 16:00:00,265.12,64.9
2017-04-18 17:00:00,258.92,63.0
2017-04-18 18:00:00,252.12,62.1
2017-04-18 19:00:00,244.62,61.0
2017-04-18 20:00:00,248.12,60.1
2017-04-18 21:00:00,201.0,59.0
2017-04-18 22:00:00,185.02,57.9
2017-04-18 23:00:00,181.12,57.0
2017-04-19 00:00:00,181.42,57.0
2017-04-19 01:00:00,181.6,57.0
2017-04-19 02:00:00,182.85,55.9
2017-04-19 03:00:00,179.95,55.9
2017-04-19 04:00:00,179.18,55.9
2017-04-19 05:00:00,179.15,55.0
2017-04-19 06:00:00,228.12,55.0
2017-04-19 07:00:00,228.45,57.0
2017-04-19 08:00:00,247.48,57.9
2017-04-19 09:00:00,262.45,59.0
2017-04-19 10:00:00,264.02,61.0
2017-04-19 11:00:00,267.62,64.0
2017-04-19 12:00:00,262.6,64.9
2017-04-19 13:00:00,269.35,66.9
2017-04-19 14:00:00,267.25,68.0
2017-04-19 15:00:00,268.18,68.0
2017-04-19 16:00:00,262.38,66.9
2017-04-19 17:00:00,253.58,66.9
2017-04-19 18:00:00,249.18,64.9
2017-04-19 19:00:00,235.25,63.0
2017-04-19 20:00:00,239.98,62.1
2017-04-19 21:00:00,196.28,61.0
2017-04-19 22:00:00,182.18,61.0
2017-04-19 23:00:00,180.35,60.1
2017-04-20 00:00:00,181.4,59.0
2017-04-20 01:00:00,181.0,59.0
2017-04-20 02:00:00,178.85,59.0
2017-04-20 03:00:00,181.22,57.9
2017-04-20 04:00:00,180.12,57.9
2017-04-20 05:00:00,175.98,55.9
2017-04-20 06:00:00,227.72,54.0
2017-04-20 07:00:00,228.52,57.9
2017-04-20 08:00:00,240.75,61.0
2017-04-20 09:00:00,256.8,61.0
2017-04-20 10:00:00,262.3,63.0
2017-04-20 11:00:00,257.95,66.0
2017-04-20 12:00:00,259.08,66.9
2017-04-20 13:00:00,265.58,68.0
2017-04-20 14:00:00,268.8,68.0
2017-04-20 15:00:00,266.58,66.9
2017-04-20 16:00:00,261.02,66.9
2017-04-20 17:00:00,255.0,66.0
2017-04-20 18:00:00,247.02,64.0
2017-04-20 19:00:00,235.7,62.1
2017-04-20 20:00:00,235.48,61.0
2017-04-20 21:00:00,194.0,59.0
2017-04-20 22:00:00,179.22,59.0
2017-04-20 23:00:00,177.5,57.9
2017-04-21 00:00:00,178.25,59.0
2017-04-21 01:00:00,177.48,55.9
2017-04-21 02:00:00,178.1,55.9
2017-04-21 03:00:00,178.05,54.0
2017-04-21 04:00:00,175.68,52.0
2017-04-21 05:00:00,176.98,51.1
2017-04-21 06:00:00,226.6,54.0
2017-04-21 07:00:00,225.4,57.0
2017-04-21 08:00:00,241.32,61.0
2017-04-21 09:00:00,251.95,61.0
2017-04-21 10:00:00,255.42,64.0
2017-04-21 11:00:00,260.5,66.0
2017-04-21 12:00:00,270.1,68.0
2017-04-21 13:00:00,265.08,71.1
2017-04-21 14:00:00,265.95,73.0
2017-04-21 15:00:00,258.18,73.9
2017-04-21 16:00:00,254.6,73.9
2017-04-21 17:00:00,240.6,71.1
2017-04-21 18:00:00,234.42,66.9
2017-04-21 19:00:00,233.9,64.9
2017-04-21 20:00:00,232.95,62.1
2017-04-21 21:00:00,194.6,57.9
2017-04-21 22:00:00,184.08,57.0
2017-04-21 23:00:00,178.15,59.0
2017-04-22 00:00:00,180.75,57.9
2017-04-22 01:00:00,179.85,57.9
2017-04-22 02:00:00,179.48,54.0
2017-04-22 03:00:00,178.12,52.0
2017-04-22 04:00:00,180.92,53.1
2017-04-22 05:00:00,178.62,51.1
2017-04-22 06:00:00,174.95,51.1
2017-04-22 07:00:00,184.02,57.9
2017-04-22 08:00:00,222.08,61.0
2017-04-22 09:00:00,227.02,62.1
2017-04-22 10:00:00,240.1,64.0
2017-04-22 11:00:00,238.02,64.0
2017-04-22 12:00:00,243.22,66.0
2017-04-22 13:00:00,240.88,66.0
2017-04-22 14:00:00,247.4,64.9
2017-04-22 15:00:00,236.75,64.9
2017-04-22 16:00:00,230.22,64.0
2017-04-22 17:00:00,226.9,62.1
2017-04-22 18:00:00,229.18,63.0
2017-04-22 19:00:00,229.95,61.0
2017-04-22 20:00:00,234.62,60.1
2017-04-22 21:00:00,229.65,57.9
2017-04-22 22:00:00,179.4,57.0
2017-04-22 23:00:00,177.32,53.1
2017-04-23 00:00:00,178.3,55.9
2017-04-23 01:00:00,177.35,55.0
2017-04-23 02:00:00,176.45,57.0
2017-04-23 03:00:00,178.68,57.0
2017-04-23 04:00:00,174.7,57.0
2017-04-23 05:00:00,175.25,57.0
2017-04-23 06:00:00,170.68,57.0
2017-04-23 07:00:00,179.3,57.9
2017-04-23 08:00:00,221.18,60.1
2017-04-23 09:00:00,219.45,62.1
2017-04-23 10:00:00,224.72,63.0
2017-04-23 11:00:00,222.15,64.9
2017-04-23 12:00:00,224.05,64.9
2017-04-23 13:00:00,228.5,66.0
2017-04-23 14:00:00,231.88,64.9
2017-04-23 15:00:00,229.8,64.9
2017-04-23 16:00:00,230.35,64.0
2017-04-23 17:00:00,231.55,63.0
2017-04-23 18:00:00,232.36,61.0
2017-04-23 19:00:00,227.5,57.9
2017-04-23 20:00:00,233.82,57.0
2017-04-23 21:00:00,232.6,55.9
2017-04-23 22:00:00,179.5,55.9
2017-04-23 23:00:00,181.02,55.0
2017-04-24 00:00:00,176.38,55.0
2017-04-24 01:00:00,177.9,55.0
2017-04-24 02:00:00,178.1,55.0
2017-04-24 03:00:00,177.25,55.9
2017-04-24 04:00:00,178.35,55.9
2017-04-24 05:00:00,177.6,55.9
2017-04-24 06:00:00,226.88,55.9
2017-04-24 07:00:00,230.52,57.0
2017-04-24 08:00:00,244.52,57.0
2017-04-24 09:00:00,260.7,57.9
2017-04-24 10:00:00,263.42,60.1
2017-04-24 11:00:00,264.65,62.1
2017-04-24 12:00:00,266.18,61.0
2017-04-24 13:00:00,265.98,62.1
2017-04-24 14:00:00,268.05,62.1
2017-04-24 15:00:00,269.08,63.0
2017-04-24 16:00:00,266.68,63.0
2017-04-24 17:00:00,262.42,62.1
2017-04-24 18:00:00,253.6,61.0
2017-04-24 19:00:00,238.12,59.0
2017-04-24 20:00:00,240.02,57.9
2017-04-24 21:00:00,201.8,57.0
2017-04-24 22:00:00,184.35,55.9
2017-04-24 23:00:00,180.62,55.9
2017-04-25 00:00:00,181.4,55.9
2017-04-25 01:00:00,184.32,55.9
2017-04-25 02:00:00,182.08,55.9
2017-04-25 03:00:00,180.75,55.9
2017-04-25 04:00:00,180.25,55.9
2017-04-25 05:00:00,178.6,55.9
2017-04-25 06:00:00,226.32,57.0
2017-04-25 07:00:00,225.6,57.9
2017-04-25 08:00:00,245.55,59.0
2017-04-25 09:00:00,259.35,60.1
2017-04-25 10:00:00,268.85,62.1
2017-04-25 11:00:00,266.92,63.0
2017-04-25 12:00:00,261.42,64.0
2017-04-25 13:00:00,273.32,64.0
2017-04-25 14:00:00,269.82,64.9
2017-04-25 15:00:00,265.73,63.0
2017-04-25 16:00:00,260.88,63.0
2017-04-25 17:00:00,254.35,64.0
2017-04-25 18:00:00,249.7,62.1
2017-04-25 19:00:00,230.55,61.0
2017-04-25 20:00:00,238.18,60.1
2017-04-25 21:00:00,197.45,57.9
2017-04-25 22:00:00,182.08,60.1
2017-04-25 23:00:00,179.5,59.0
2017-04-26 00:00:00,179.7,59.0
2017-04-26 01:00:00,179.4,59.0
2017-04-26 02:00:00,178.4,59.0
2017-04-26 03:00:00,176.75,60.1
2017-04-26 04:00:00,177.28,60.1
2017-04-26 05:00:00,175.95,59.0
2017-04-26 06:00:00,229.3,59.0
2017-04-26 07:00:00,229.72,60.1
2017-04-26 08:00:00,252.02,60.1
2017-04-26 09:00:00,263.38,60.1
2017-04-26 10:00:00,272.23,61.0
2017-04-26 11:00:00,274.15,62.1
2017-04-26 12:00:00,276.05,64.9
2017-04-26 13:00:00,269.92,64.9
2017-04-26 14:00:00,272.38,66.0
2017-04-26 15:00:00,266.35,64.0
2017-04-26 16:00:00,259.25,62.1
2017-04-26 17:00:00,258.52,62.1
2017-04-26 18:00:00,246.78,62.1
2017-04-26 19:00:00,235.45,60.1
2017-04-26 20:00:00,233.48,60.1
2017-04-26 21:00:00,197.7,59.0
2017-04-26 22:00:00,181.52,60.1
2017-04-26 23:00:00,180.48,57.0
2017-04-27 00:00:00,179.08,55.9
2017-04-27 01:00:00,180.82,55.9
2017-04-27 02:00:00,179.98,55.9
2017-04-27 03:00:00,179.2,55.0
2017-04-27 04:00:00,178.28,52.0
2017-04-27 05:00:00,175.4,52.0
2017-04-27 06:00:00,223.08,52.0
2017-04-27 07:00:00,225.85,57.0
2017-04-27 08:00:00,246.62,60.1
2017-04-27 09:00:00,260.18,61.0
2017-04-27 10:00:00,264.82,63.0
2017-04-27 11:00:00,266.05,64.0
2017-04-27 12:00:00,260.8,66.0
2017-04-27 13:00:00,272.15,68.0
2017-04-27 14:00:00,271.05,66.9
2017-04-27 15:00:00,260.12,66.9
2017-04-27 16:00:00,257.25,68.0
2017-04-27 17:00:00,253.15,66.0
2017-04-27 18:00:00,250.72,64.0
2017-04-27 19:00:00,237.32,63.0
2017-04-27 20:00:00,237.4,60.1
2017-04-27 21:00:00,195.95,60.1
2017-04-27 22:00:00,181.95,59.0
2017-04-27 23:00:00,179.15,55.9
2017-04-28 00:00:00,178.08,57.0
2017-04-28 01:00:00,178.7,55.9
2017-04-28 02:00:00,178.02,55.9
2017-04-28 03:00:00,178.78,53.1
2017-04-28 04:00:00,179.72,50.0
2017-04-28 05:00:00,178.0,48.9
2017-04-28 06:00:00,228.48,51.1
2017-04-28 07:00:00,229.3,57.9
2017-04-28 08:00:00,241.85,60.1
2017-04-28 09:00:00,257.98,63.0
2017-04-28 10:00:00,257.65,64.9
2017-04-28 11:00:00,266.27,68.0
2017-04-28 12:00:00,266.05,70.0
2017-04-28 13:00:00,266.88,70.0
2017-04-28 14:00:00,261.8,69.1
2017-04-28 15:00:00,260.15,70.0
2017-04-28 16:00:00,257.8,70.0
2017-04-28 17:00:00,245.38,68.0
2017-04-28 18:00:00,233.12,66.9
2017-04-28 19:00:00,233.95,64.9
2017-04-28 20:00:00,233.05,63.0
2017-04-28 21:00:00,193.68,62.1
2017-04-28 22:00:00,178.58,61.0
2017-04-28 23:00:00,176.85,62.1
2017-04-29 00:00:00,178.05,63.0
2017-04-29 01:00:00,176.85,62.1
2017-04-29 02:00:00,177.2,62.1
2017-04-29 03:00:00,174.85,61.0
2017-04-29 04:00:00,177.12,59.0
2017-04-29 05:00:00,176.18,57.0
2017-04-29 06:00:00,169.28,62.1
2017-04-29 07:00:00,181.52,66.9
2017-04-29 08:00:00,212.0,69.1
2017-04-29 09:00:00,215.3,75.0
2017-04-29 10:00:00,218.62,73.9
2017-04-29 11:00:00,222.0,75.0
2017-04-29 12:00:00,226.85,78.1
2017-04-29 13:00:00,230.25,79.0
2017-04-29 14:00:00,227.34,77.0
2017-04-29 15:00:00,224.72,73.0
2017-04-29 16:00:00,225.18,71.1
2017-04-29 17:00:00,224.92,71.1
2017-04-29 18:00:00,222.55,68.0
2017-04-29 19:00:00,226.65,63.0
2017-04-29 20:00:00,225.78,61.0
2017-04-29 21:00:00,229.32,60.1
2017-04-29 22:00:00,176.55,57.9
2017-04-29 23:00:00,175.25,57.0
2017-04-30 00:00:00,174.85,55.0
2017-04-30 01:00:00,173.3,54.0
2017-04-30 02:00:00,171.98,54.0
2017-04-30 03:00:00,175.82,54.0
2017-04-30 04:00:00,172.45,54.0
2017-04-30 05:00:00,171.45,54.0
2017-04-30 06:00:00,167.48,53.1
2017-04-30 07:00:00,178.65,60.1
2017-04-30 08:00:00,219.25,61.0
2017-04-30 09:00:00,219.95,63.0
2017-04-30 10:00:00,221.12,66.0
2017-04-30 11:00:00,228.08,71.1
2017-04-30 12:00:00,228.95,75.0
2017-04-30 13:00:00,232.58,73.9
2017-04-30 14:00:00,233.68,73.9
2017-04-30 15:00:00,233.9,73.9
2017-04-30 16:00:00,231.78,69.1
2017-04-30 17:00:00,225.85,69.1
2017-04-30 18:00:00,229.1,66.0
2017-04-30 19:00:00,228.42,63.0
2017-04-30 20:00:00,232.22,62.1
2017-04-30 21:00:00,229.35,61.0
2017-04-30 22:00:00,177.75,60.1
2017-04-30 23:00:00,180.48,57.9
2017-05-01 00:00:00,179.92,57.9
2017-05-01 01:00:00,179.32,57.9
2017-05-01 02:00:00,178.7,57.9
2017-05-01 03:00:00,179.52,57.0
2017-05-01 04:00:00,178.12,55.0
2017-05-01 05:00:00,175.55,55.0
2017-05-01 06:00:00,230.4,55.9
2017-05-01 07:00:00,229.98,63.0
2017-05-01 08:00:00,249.48,64.9
2017-05-01 09:00:00,259.18,66.9
2017-05-01 10:00:00,267.88,70.0
2017-05-01 11:00:00,269.77,75.0
2017-05-01 12:00:00,276.18,79.0
2017-05-01 13:00:00,276.52,84.9
2017-05-01 14:00:00,275.9,81.0
2017-05-01 15:00:00,270.02,79.0
2017-05-01 16:00:00,279.6,78.1
2017-05-01 17:00:00,265.98,75.0
2017-05-01 18:00:00,252.38,73.0
2017-05-01 19:00:00,245.35,70.0
2017-05-01 20:00:00,241.7,66.9
2017-05-01 21:00:00,204.12,64.9
2017-05-01 22:00:00,190.08,64.9
2017-05-01 23:00:00,188.15,66.0
2017-05-02 00:00:00,187.22,64.0
2017-05-02 01:00:00,185.62,64.0
2017-05-02 02:00:00,188.62,62.1
2017-05-02 03:00:00,184.98,62.1
2017-05-02 04:00:00,186.2,60.1
2017-05-02 05:00:00,184.95,59.0
2017-05-02 06:00:00,231.12,60.1
2017-05-02 07:00:00,234.02,66.0
2017-05-02 08:00:00,253.58,68.0
2017-05-02 09:00:00,260.05,70.0
2017-05-02 10:00:00,273.39,73.0
2017-05-02 11:00:00,276.58,77.0
2017-05-02 12:00:00,275.52,78.1
2017-05-02 13:00:00,280.68,80.1
2017-05-02 14:00:00,287.65,82.9
2017-05-02 15:00:00,282.75,81.0
2017-05-02 16:00:00,264.52,78.1
2017-05-02 17:00:00,258.6,75.9
2017-05-02 18:00:00,254.72,72.0
2017-05-02 19:00:00,242.48,69.1
2017-05-02 20:00:00,238.82,64.9
2017-05-02 21:00:00,198.62,64.0
2017-05-02 22:00:00,183.3,66.0
2017-05-02 23:00:00,185.75,64.0
2017-05-03 00:00:00,180.85,63.0
2017-05-03 01:00:00,182.58,63.0
2017-05-03 02:00:00,180.12,63.0
2017-05-03 03:00:00,183.82,62.1
2017-05-03 04:00:00,183.58,62.1
2017-05-03 05:00:00,181.55,61.0
2017-05-03 06:00:00,231.75,62.1
2017-05-03 07:00:00,235.25,68.0
2017-05-03 08:00:00,249.62,70.0
2017-05-03 09:00:00,262.5,73.0
2017-05-03 10:00:00,274.02,75.9
2017-05-03 11:00:00,275.62,81.0
2017-05-03 12:00:00,276.52,82.9
2017-05-03 13:00:00,285.73,87.1
2017-05-03 14:00:00,281.42,88.0
2017-05-03 15:00:00,272.15,86.0
2017-05-03 16:00:00,261.15,78.1
2017-05-03 17:00:00,256.1,73.9
2017-05-03 18:00:00,247.85,70.0
2017-05-03 19:00:00,241.45,64.9
2017-05-03 20:00:00,240.58,62.1
2017-05-03 21:00:00,202.9,61.0
2017-05-03 22:00:00,185.85,59.0
2017-05-03 23:00:00,185.4,59.0
2017-05-04 00:00:00,178.95,59.0
2017-05-04 01:00:00,179.95,57.9
2017-05-04 02:00:00,184.2,57.0
2017-05-04 03:00:00,179.5,57.0
2017-05-04 04:00:00,181.58,55.9
2017-05-04 05:00:00,180.38,55.9
2017-05-04 06:00:00,234.0,57.0
2017-05-04 07:00:00,229.98,59.0
2017-05-04 08:00:00,247.38,61.0
2017-05-04 09:00:00,252.62,64.0
2017-05-04 10:00:00,260.38,64.9
2017-05-04 11:00:00,259.82,66.9
2017-05-04 12:00:00,263.02,68.0
2017-05-04 13:00:00,262.2,66.0
2017-05-04 14:00:00,272.2,64.9
2017-05-04 15:00:00,256.23,64.9
2017-05-04 16:00:00,256.98,62.1
2017-05-04 17:00:00,259.92,61.0
2017-05-04 18:00:00,251.62,60.1
2017-05-04 19:00:00,238.72,57.0
2017-05-04 20:00:00,235.75,57.0
2017-05-04 21:00:00,192.98,55.9
2017-05-04 22:00:00,183.75,55.9
2017-05-04 23:00:00,178.38,57.0
2017-05-05 00:00:00,183.42,55.9
2017-05-05 01:00:00,175.8,55.9
2017-05-05 02:00:00,181.45,55.9
2017-05-05 03:00:00,176.58,55.9
2017-05-05 04:00:00,177.0,57.0
2017-05-05 05:00:00,181.58,55.9
2017-05-05 06:00:00,228.5,55.9
2017-05-05 07:00:00,229.35,57.0
2017-05-05 08:00:00,244.95,57.0
2017-05-05 09:00:00,255.05,59.0
2017-05-05 10:00:00,253.62,62.1
2017-05-05 11:00:00,259.88,64.0
2017-05-05 12:00:00,264.62,66.0
2017-05-05 13:00:00,269.18,69.1
2017-05-05 14:00:00,276.08,68.0
2017-05-05 15:00:00,268.12,66.9
2017-05-05 16:00:00,263.58,66.0
2017-05-05 17:00:00,255.2,62.1
2017-05-05 18:00:00,235.68,59.0
2017-05-05 19:00:00,235.05,57.9
2017-05-05 20:00:00,241.4,57.0
2017-05-05 21:00:00,201.88,57.0
2017-05-05 22:00:00,183.9,55.9
2017-05-05 23:00:00,186.38,55.9
2017-05-06 00:00:00,182.65,54.0
2017-05-06 01:00:00,178.28,54.0
2017-05-06 02:00:00,179.88,54.0
2017-05-06 03:00:00,178.48,54.0
2017-05-06 04:00:00,177.58,53.1
2017-05-06 05:00:00,177.8,53.1
2017-05-06 06:00:00,174.22,53.1
2017-05-06 07:00:00,182.62,55.9
2017-05-06 08:00:00,226.15,57.9
2017-05-06 09:00:00,226.25,57.9
2017-05-06 10:00:00,223.38,59.0
2017-05-06 11:00:00,225.02,60.1
2017-05-06 12:00:00,230.25,63.0
2017-05-06 13:00:00,225.4,64.0
2017-05-06 14:00:00,230.38,64.9
2017-05-06 15:00:00,234.3,64.9
2017-05-06 16:00:00,235.0,64.9
2017-05-06 17:00:00,228.65,64.9
2017-05-06 18:00:00,231.78,64.0
2017-05-06 19:00:00,229.68,62.1
2017-05-06 20:00:00,235.52,59.0
2017-05-06 21:00:00,234.08,57.9
2017-05-06 22:00:00,183.85,57.9
2017-05-06 23:00:00,182.8,59.0
2017-05-07 00:00:00,181.7,59.0
2017-05-07 01:00:00,178.68,57.9
2017-05-07 02:00:00,181.65,55.9
2017-05-07 03:00:00,180.12,55.9
2017-05-07 04:00:00,177.68,55.9
2017-05-07 05:00:00,177.08,55.0
2017-05-07 06:00:00,171.28,55.0
2017-05-07 07:00:00,182.65,57.0
2017-05-07 08:00:00,228.45,57.9
2017-05-07 09:00:00,225.02,60.1
2017-05-07 10:00:00,226.05,62.1
2017-05-07 11:00:00,229.4,64.9
2017-05-07 12:00:00,228.1,70.0
2017-05-07 13:00:00,228.12,71.1
2017-05-07 14:00:00,233.4,71.1
2017-05-07 15:00:00,231.3,71.1
2017-05-07 16:00:00,232.25,69.1
2017-05-07 17:00:00,227.88,66.9
2017-05-07 18:00:00,230.68,64.0
2017-05-07 19:00:00,228.3,61.0
2017-05-07 20:00:00,235.7,57.0
2017-05-07 21:00:00,231.0,57.0
2017-05-07 22:00:00,180.32,55.9
2017-05-07 23:00:00,177.72,55.0
2017-05-08 00:00:00,177.2,55.0
2017-05-08 01:00:00,174.66,53.1
2017-05-08 02:00:00,177.55,53.1
2017-05-08 03:00:00,175.5,52.0
2017-05-08 04:00:00,176.58,52.0
2017-05-08 05:00:00,175.02,52.0
2017-05-08 06:00:00,224.65,53.1
2017-05-08 07:00:00,227.65,57.9
2017-05-08 08:00:00,239.42,61.0
2017-05-08 09:00:00,249.98,61.0
2017-05-08 10:00:00,253.72,62.1
2017-05-08 11:00:00,258.88,64.9
2017-05-08 12:00:00,262.68,70.0
2017-05-08 13:00:00,265.82,69.1
2017-05-08 14:00:00,266.9,70.0
2017-05-08 15:00:00,258.52,69.1
2017-05-08 16:00:00,265.7,68.0
2017-05-08 17:00:00,256.1,64.9
2017-05-08 18:00:00,250.7,63.0
2017-05-08 19:00:00,234.72,60.1
2017-05-08 20:00:00,241.5,57.0
2017-05-08 21:00:00,197.78,55.9
2017-05-08 22:00:00,180.08,55.0
2017-05-08 23:00:00,180.12,55.0
2017-05-09 00:00:00,179.82,55.0
2017-05-09 01:00:00,177.85,55.9
2017-05-09 02:00:00,178.82,54.0
2017-05-09 03:00:00,179.4,55.0
2017-05-09 04:00:00,178.18,53.1
2017-05-09 05:00:00,176.88,52.0
2017-05-09 06:00:00,223.08,54.0
2017-05-09 07:00:00,224.82,57.9
2017-05-09 08:00:00,240.22,62.1
2017-05-09 09:00:00,252.45,63.0
2017-05-09 10:00:00,255.22,64.9
2017-05-09 11:00:00,254.58,70.0
2017-05-09 12:00:00,258.92,75.9
2017-05-09 13:00:00,261.55,75.9
2017-05-09 14:00:00,260.02,73.9
2017-05-09 15:00:00,258.18,72.0
2017-05-09 16:00:00,259.98,68.0
2017-05-09 17:00:00,251.48,64.9
2017-05-09 18:00:00,244.0,61.0
2017-05-09 19:00:00,231.05,59.0
2017-05-09 20:00:00,232.45,57.9
2017-05-09 21:00:00,191.92,57.0
2017-05-09 22:00:00,175.95,57.9
2017-05-09 23:00:00,176.2,55.9
2017-05-10 00:00:00,175.02,57.0
2017-05-10 01:00:00,176.5,57.0
2017-05-10 02:00:00,177.58,57.0
2017-05-10 03:00:00,175.92,57.0
2017-05-10 04:00:00,176.18,57.0
2017-05-10 05:00:00,173.22,57.0
2017-05-10 06:00:00,225.15,57.0
2017-05-10 07:00:00,227.0,57.9
2017-05-10 08:00:00,240.9,59.0
2017-05-10 09:00:00,246.68,60.1
2017-05-10 10:00:00,254.65,62.1
2017-05-10 11:00:00,258.9,64.0
2017-05-10 12:00:00,264.08,64.0
2017-05-10 13:00:00,259.9,64.9
2017-05-10 14:00:00,260.82,66.0
2017-05-10 15:00:00,260.88,64.9
2017-05-10 16:00:00,254.6,64.0
2017-05-10 17:00:00,245.12,62.1
2017-05-10 18:00:00,242.34,61.0
2017-05-10 19:00:00,232.42,57.9
2017-05-10 20:00:00,234.38,57.0
2017-05-10 21:00:00,193.42,55.9
2017-05-10 22:00:00,178.82,55.9
2017-05-10 23:00:00,177.52,55.0
2017-05-11 00:00:00,177.62,55.0
2017-05-11 01:00:00,176.7,54.0
2017-05-11 02:00:00,177.42,55.9
2017-05-11 03:00:00,178.42,57.9
2017-05-11 04:00:00,175.68,57.0
2017-05-11 05:00:00,176.6,57.0
2017-05-11 06:00:00,226.7,55.9
2017-05-11 07:00:00,227.5,55.9
2017-05-11 08:00:00,247.88,57.9
2017-05-11 09:00:00,251.95,61.0
2017-05-11 10:00:00,255.88,64.0
2017-05-11 11:00:00,257.15,66.0
2017-05-11 12:00:00,258.25,66.0
2017-05-11 13:00:00,258.92,68.0
2017-05-11 14:00:00,263.32,66.9
2017-05-11 15:00:00,261.45,66.9
2017-05-11 16:00:00,264.02,66.9
2017-05-11 17:00:00,246.7,63.0
2017-05-11 18:00:00,243.68,61.0
2017-05-11 19:00:00,231.9,59.0
2017-05-11 20:00:00,232.02,59.0
2017-05-11 21:00:00,195.82,57.9
2017-05-11 22:00:00,178.58,57.9
2017-05-11 23:00:00,178.92,57.0
2017-05-12 00:00:00,178.88,55.9
2017-05-12 01:00:00,178.85,55.9
2017-05-12 02:00:00,178.98,55.0
2017-05-12 03:00:00,178.92,54.0
2017-05-12 04:00:00,178.7,55.0
2017-05-12 05:00:00,178.9,55.0
2017-05-12 06:00:00,226.4,55.9
2017-05-12 07:00:00,226.58,57.9
2017-05-12 08:00:00,242.5,59.0
2017-05-12 09:00:00,251.72,62.1
2017-05-12 10:00:00,254.5,64.0
2017-05-12 11:00:00,258.02,64.9
2017-05-12 12:00:00,257.85,66.9
2017-05-12 13:00:00,262.5,66.9
2017-05-12 14:00:00,260.98,66.0
2017-05-12 15:00:00,261.0,66.0
2017-05-12 16:00:00,256.25,64.0
2017-05-12 17:00:00,234.35,63.0
2017-05-12 18:00:00,233.05,60.1
2017-05-12 19:00:00,226.3,57.9
2017-05-12 20:00:00,229.28,57.0
2017-05-12 21:00:00,191.28,55.9
2017-05-12 22:00:00,178.0,55.9
2017-05-12 23:00:00,178.6,55.0
2017-05-13 00:00:00,175.98,55.0
2017-05-13 01:00:00,175.03,54.0
2017-05-13 02:00:00,180.15,54.0
2017-05-13 03:00:00,175.98,53.1
2017-05-13 04:00:00,177.5,53.1
2017-05-13 05:00:00,175.22,52.0
2017-05-13 06:00:00,170.15,52.0
2017-05-13 07:00:00,181.92,55.0
2017-05-13 08:00:00,218.92,57.0
2017-05-13 09:00:00,219.12,60.1
2017-05-13 10:00:00,219.35,62.1
2017-05-13 11:00:00,221.12,64.0
2017-05-13 12:00:00,224.52,64.0
2017-05-13 13:00:00,227.15,66.0
2017-05-13 14:00:00,228.12,66.0
2017-05-13 15:00:00,230.68,66.0
2017-05-13 16:00:00,226.78,64.0
2017-05-13 17:00:00,229.62,62.1
2017-05-13 18:00:00,224.3,60.1
2017-05-13 19:00:00,223.78,57.9
2017-05-13 20:00:00,228.85,57.0
2017-05-13 21:00:00,230.5,55.9
2017-05-13 22:00:00,175.62,55.0
2017-05-13 23:00:00,174.5,52.0
2017-05-14 00:00:00,173.58,54.0
2017-05-14 01:00:00,175.55,54.0
2017-05-14 02:00:00,176.38,50.0
2017-05-14 03:00:00,173.1,48.9
2017-05-14 04:00:00,173.42,48.9
2017-05-14 05:00:00,171.48,50.0
2017-05-14 06:00:00,168.62,52.0
2017-05-14 07:00:00,178.98,55.0
2017-05-14 08:00:00,219.42,55.9
2017-05-14 09:00:00,218.4,57.0
2017-05-14 10:00:00,220.88,57.9
2017-05-14 11:00:00,220.18,60.1
2017-05-14 12:00:00,220.15,63.0
2017-05-14 13:00:00,220.15,64.9
2017-05-14 14:00:00,228.68,63.0
2017-05-14 15:00:00,225.68,64.0
2017-05-14 16:00:00,223.62,62.1
2017-05-14 17:00:00,226.6,61.0
2017-05-14 18:00:00,226.22,60.1
2017-05-14 19:00:00,225.45,57.9
2017-05-14 20:00:00,224.98,57.0
2017-05-14 21:00:00,227.4,55.9
2017-05-14 22:00:00,178.08,55.9
2017-05-14 23:00:00,174.18,55.0
2017-05-15 00:00:00,175.38,54.0
2017-05-15 01:00:00,173.65,54.0
2017-05-15 02:00:00,175.78,53.1
2017-05-15 03:00:00,175.42,53.1
2017-05-15 04:00:00,175.05,54.0
2017-05-15 05:00:00,175.48,53.1
2017-05-15 06:00:00,220.25,53.1
2017-05-15 07:00:00,225.82,55.0
2017-05-15 08:00:00,242.6,55.9
2017-05-15 09:00:00,245.32,57.9
2017-05-15 10:00:00,249.4,59.0
2017-05-15 11:00:00,254.3,62.1
2017-05-15 12:00:00,256.2,64.0
2017-05-15 13:00:00,264.0,64.9
2017-05-15 14:00:00,262.45,64.0
2017-05-15 15:00:00,258.77,64.0
2017-05-15 16:00:00,252.7,63.0
2017-05-15 17:00:00,236.88,62.1
2017-05-15 18:00:00,232.65,60.1
2017-05-15 19:00:00,228.75,57.0
2017-05-15 20:00:00,232.95,55.0
2017-05-15 21:00:00,197.4,54.0
2017-05-15 22:00:00,182.05,54.0
2017-05-15 23:00:00,180.95,54.0
2017-05-16 00:00:00,178.25,54.0
2017-05-16 01:00:00,177.78,54.0
2017-05-16 02:00:00,178.55,54.0
2017-05-16 03:00:00,179.15,54.0
2017-05-16 04:00:00,179.0,54.0
2017-05-16 05:00:00,174.48,54.0
2017-05-16 06:00:00,225.55,55.0
2017-05-16 07:00:00,226.98,55.9
2017-05-16 08:00:00,237.98,57.9
2017-05-16 09:00:00,248.4,57.9
2017-05-16 10:00:00,252.85,60.1
2017-05-16 11:00:00,260.15,62.1
2017-05-16 12:00:00,257.42,64.0
2017-05-16 13:00:00,260.15,62.1
2017-05-16 14:00:00,258.55,64.0
2017-05-16 15:00:00,258.7,64.0
2017-05-16 16:00:00,251.85,62.1
2017-05-16 17:00:00,237.6,61.0
2017-05-16 18:00:00,232.98,59.0
2017-05-16 19:00:00,229.98,57.9
2017-05-16 20:00:00,231.82,57.0
2017-05-16 21:00:00,190.82,57.9
2017-05-16 22:00:00,176.3,57.0
2017-05-16 23:00:00,174.65,57.0
2017-05-17 00:00:00,175.15,55.9
2017-05-17 01:00:00,173.95,55.9
2017-05-17 02:00:00,175.8,55.0
2017-05-17 03:00:00,176.42,55.0
2017-05-17 04:00:00,174.02,55.0
2017-05-17 05:00:00,174.98,53.1
2017-05-17 06:00:00,223.08,55.0
2017-05-17 07:00:00,222.48,55.0
2017-05-17 08:00:00,236.48,57.9
2017-05-17 09:00:00,243.02,60.1
2017-05-17 10:00:00,245.2,62.1
2017-05-17 11:00:00,250.48,64.0
2017-05-17 12:00:00,255.38,66.0
2017-05-17 13:00:00,254.05,68.0
2017-05-17 14:00:00,249.15,69.1
2017-05-17 15:00:00,251.8,68.0
2017-05-17 16:00:00,251.15,68.0
2017-05-17 17:00:00,230.9,64.9
2017-05-17 18:00:00,229.15,63.0
2017-05-17 19:00:00,224.28,60.1
2017-05-17 20:00:00,226.7,57.9
2017-05-17 21:00:00,190.65,57.0
2017-05-17 22:00:00,173.5,55.9
2017-05-17 23:00:00,173.32,55.9
2017-05-18 00:00:00,174.0,53.1
2017-05-18 01:00:00,175.88,53.1
2017-05-18 02:00:00,175.5,53.1
2017-05-18 03:00:00,175.38,54.0
2017-05-18 04:00:00,172.22,54.0
2017-05-18 05:00:00,171.28,52.0
2017-05-18 06:00:00,220.3,53.1
2017-05-18 07:00:00,220.98,59.0
2017-05-18 08:00:00,230.32,60.1
2017-05-18 09:00:00,242.6,61.0
2017-05-18 10:00:00,247.68,62.1
2017-05-18 11:00:00,253.45,68.0
2017-05-18 12:00:00,253.05,73.9
2017-05-18 13:00:00,255.68,73.9
2017-05-18 14:00:00,256.4,73.9
2017-05-18 15:00:00,250.02,73.9
2017-05-18 16:00:00,254.1,71.1
2017-05-18 17:00:00,241.9,69.1
2017-05-18 18:00:00,235.8,66.0
2017-05-18 19:00:00,233.92,63.0
2017-05-18 20:00:00,236.9,61.0
2017-05-18 21:00:00,194.92,61.0
2017-05-18 22:00:00,177.98,59.0
2017-05-18 23:00:00,182.05,59.0
2017-05-19 00:00:00,181.94,57.9
2017-05-19 01:00:00,177.8,59.0
2017-05-19 02:00:00,177.6,55.0
2017-05-19 03:00:00,178.32,57.0
2017-05-19 04:00:00,179.22,57.0
2017-05-19 05:00:00,176.82,55.0
2017-05-19 06:00:00,225.42,57.9
2017-05-19 07:00:00,228.2,63.0
2017-05-19 08:00:00,240.35,64.9
2017-05-19 09:00:00,248.92,66.9
2017-05-19 10:00:00,255.85,70.0
2017-05-19 11:00:00,262.8,75.0
2017-05-19 12:00:00,264.18,78.1
2017-05-19 13:00:00,258.55,80.1
2017-05-19 14:00:00,257.2,80.1
2017-05-19 15:00:00,254.35,79.0
2017-05-19 16:00:00,252.08,73.9
2017-05-19 17:00:00,241.55,73.0
2017-05-19 18:00:00,230.86,72.0
2017-05-19 19:00:00,227.48,66.0
2017-05-19 20:00:00,224.65,63.0
2017-05-19 21:00:00,188.82,61.0
2017-05-19 22:00:00,173.55,60.1
2017-05-19 23:00:00,172.02,57.9
2017-05-20 00:00:00,172.48,57.9
2017-05-20 01:00:00,173.65,57.0
2017-05-20 02:00:00,173.22,55.9
2017-05-20 03:00:00,173.92,57.0
2017-05-20 04:00:00,172.6,57.0
2017-05-20 05:00:00,171.22,57.0
2017-05-20 06:00:00,167.15,57.9
2017-05-20 07:00:00,182.4,63.0
2017-05-20 08:00:00,221.45,64.9
2017-05-20 09:00:00,218.22,68.0
2017-05-20 10:00:00,222.15,70.0
2017-05-20 11:00:00,226.35,73.9
2017-05-20 12:00:00,226.85,80.1
2017-05-20 13:00:00,229.55,82.9
2017-05-20 14:00:00,225.45,84.9
2017-05-20 15:00:00,229.8,82.9
2017-05-20 16:00:00,226.02,79.0
2017-05-20 17:00:00,225.15,78.1
2017-05-20 18:00:00,229.22,75.9
2017-05-20 19:00:00,222.8,70.0
2017-05-20 20:00:00,230.4,64.9
2017-05-20 21:00:00,225.55,63.0
2017-05-20 22:00:00,175.62,62.1
2017-05-20 23:00:00,175.88,60.1
2017-05-21 00:00:00,174.58,60.1
2017-05-21 01:00:00,175.6,60.1
2017-05-21 02:00:00,174.6,59.0
2017-05-21 03:00:00,175.35,57.9
2017-05-21 04:00:00,178.28,57.9
2017-05-21 05:00:00,171.38,55.9
2017-05-21 06:00:00,168.1,57.9
2017-05-21 07:00:00,181.52,62.1
2017-05-21 08:00:00,216.78,64.9
2017-05-21 09:00:00,220.78,68.0
2017-05-21 10:00:00,221.45,73.9
2017-05-21 11:00:00,221.3,78.1
2017-05-21 12:00:00,219.6,79.0
2017-05-21 13:00:00,224.18,80.1
2017-05-21 14:00:00,226.08,78.1
2017-05-21 15:00:00,224.58,73.0
2017-05-21 16:00:00,223.8,73.0
2017-05-21 17:00:00,223.15,69.1
2017-05-21 18:00:00,223.42,66.0
2017-05-21 19:00:00,222.58,61.0
2017-05-21 20:00:00,225.02,57.9
2017-05-21 21:00:00,227.68,57.0
2017-05-21 22:00:00,175.2,57.0
2017-05-21 23:00:00,174.8,55.9
2017-05-22 00:00:00,174.42,55.9
2017-05-22 01:00:00,175.62,55.0
2017-05-22 02:00:00,177.8,55.0
2017-05-22 03:00:00,177.92,55.0
2017-05-22 04:00:00,175.1,55.0
2017-05-22 05:00:00,172.35,54.0
2017-05-22 06:00:00,219.55,55.0
2017-05-22 07:00:00,220.98,55.9
2017-05-22 08:00:00,232.62,57.0
2017-05-22 09:00:00,245.85,60.1
2017-05-22 10:00:00,252.72,64.0
2017-05-22 11:00:00,253.3,66.0
2017-05-22 12:00:00,252.78,71.1
2017-05-22 13:00:00,254.15,71.1
2017-05-22 14:00:00,258.82,71.1
2017-05-22 15:00:00,260.25,72.0
2017-05-22 16:00:00,254.65,69.1
2017-05-22 17:00:00,233.9,68.0
2017-05-22 18:00:00,226.52,64.0
2017-05-22 19:00:00,224.5,60.1
2017-05-22 20:00:00,226.98,57.9
2017-05-22 21:00:00,186.82,57.0
2017-05-22 22:00:00,173.68,57.0
2017-05-22 23:00:00,173.98,57.0
2017-05-23 00:00:00,171.72,57.0
2017-05-23 01:00:00,170.85,55.9
2017-05-23 02:00:00,171.8,57.0
2017-05-23 03:00:00,171.32,57.0
2017-05-23 04:00:00,171.45,57.0
2017-05-23 05:00:00,169.98,55.9
2017-05-23 06:00:00,220.28,57.0
2017-05-23 07:00:00,218.52,57.9
2017-05-23 08:00:00,232.75,59.0
2017-05-23 09:00:00,241.85,61.0
2017-05-23 10:00:00,248.4,62.1
2017-05-23 11:00:00,255.38,64.9
2017-05-23 12:00:00,251.72,68.0
2017-05-23 13:00:00,270.98,70.0
2017-05-23 14:00:00,263.7,66.0
2017-05-23 15:00:00,261.77,66.0
2017-05-23 16:00:00,261.48,64.0
2017-05-23 17:00:00,241.0,62.1
2017-05-23 18:00:00,236.4,61.0
2017-05-23 19:00:00,232.98,57.9
2017-05-23 20:00:00,237.3,57.0
2017-05-23 21:00:00,189.48,55.9
2017-05-23 22:00:00,172.12,55.9
2017-05-23 23:00:00,169.6,55.9
2017-05-24 00:00:00,168.22,55.9
2017-05-24 01:00:00,169.32,55.0
2017-05-24 02:00:00,170.42,55.9
2017-05-24 03:00:00,169.42,55.9
2017-05-24 04:00:00,170.8,55.0
2017-05-24 05:00:00,169.25,55.0
2017-05-24 06:00:00,228.52,55.9
2017-05-24 07:00:00,228.18,55.9
2017-05-24 08:00:00,248.48,57.0
2017-05-24 09:00:00,259.45,57.9
2017-05-24 10:00:00,261.08,62.1
2017-05-24 11:00:00,257.85,63.0
2017-05-24 12:00:00,259.27,64.0
2017-05-24 13:00:00,263.05,66.0
2017-05-24 14:00:00,263.3,66.9
2017-05-24 15:00:00,255.8,66.0
2017-05-24 16:00:00,251.92,66.0
2017-05-24 17:00:00,240.88,64.0
2017-05-24 18:00:00,237.54,63.0
2017-05-24 19:00:00,236.95,61.0
2017-05-24 20:00:00,242.82,60.1
2017-05-24 21:00:00,191.28,57.9
2017-05-24 22:00:00,172.65,57.9
2017-05-24 23:00:00,171.22,57.9
2017-05-25 00:00:00,170.8,57.9
2017-05-25 01:00:00,169.92,57.9
2017-05-25 02:00:00,170.42,57.9
2017-05-25 03:00:00,170.12,57.9
2017-05-25 04:00:00,171.75,57.0
2017-05-25 05:00:00,169.55,57.9
2017-05-25 06:00:00,229.02,57.9
2017-05-25 07:00:00,229.92,59.0
2017-05-25 08:00:00,242.72,60.1
2017-05-25 09:00:00,253.02,62.1
2017-05-25 10:00:00,260.4,64.0
2017-05-25 11:00:00,263.82,64.0
2017-05-25 12:00:00,264.15,64.9
2017-05-25 13:00:00,268.98,66.0
2017-05-25 14:00:00,266.38,66.0
2017-05-25 15:00:00,265.8,66.0
2017-05-25 16:00:00,258.82,64.9
2017-05-25 17:00:00,241.7,64.9
2017-05-25 18:00:00,236.42,63.0
2017-05-25 19:00:00,230.55,61.0
2017-05-25 20:00:00,234.98,60.1
2017-05-25 21:00:00,187.3,59.0
2017-05-25 22:00:00,171.55,60.1
2017-05-25 23:00:00,171.72,59.0
2017-05-26 00:00:00,170.68,59.0
2017-05-26 01:00:00,171.72,59.0
2017-05-26 02:00:00,171.65,59.0
2017-05-26 03:00:00,172.05,59.0
2017-05-26 04:00:00,171.92,57.9
2017-05-26 05:00:00,170.72,57.9
2017-05-26 06:00:00,232.7,59.0
2017-05-26 07:00:00,229.22,59.0
2017-05-26 08:00:00,247.68,60.1
2017-05-26 09:00:00,253.72,61.0
2017-05-26 10:00:00,259.5,61.0
2017-05-26 11:00:00,259.12,63.0
2017-05-26 12:00:00,260.65,63.0
2017-05-26 13:00:00,258.82,64.0
2017-05-26 14:00:00,256.18,66.0
2017-05-26 15:00:00,256.9,66.0
2017-05-26 16:00:00,254.15,64.0
2017-05-26 17:00:00,238.92,64.0
2017-05-26 18:00:00,237.92,62.1
2017-05-26 19:00:00,236.12,60.1
2017-05-26 20:00:00,239.78,57.9
2017-05-26 21:00:00,190.18,57.0
2017-05-26 22:00:00,170.11,57.0
2017-05-26 23:00:00,170.35,57.0
2017-05-27 00:00:00,170.15,57.0
2017-05-27 01:00:00,168.98,57.0
2017-05-27 02:00:00,169.28,57.0
2017-05-27 03:00:00,167.28,57.0
2017-05-27 04:00:00,169.58,57.0
2017-05-27 05:00:00,166.32,57.0
2017-05-27 06:00:00,163.4,57.0
2017-05-27 07:00:00,180.62,57.9
2017-05-27 08:00:00,227.2,59.0
2017-05-27 09:00:00,229.28,60.1
2017-05-27 10:00:00,227.22,62.1
2017-05-27 11:00:00,229.24,64.0
2017-05-27 12:00:00,230.68,64.9
2017-05-27 13:00:00,231.92,66.0
2017-05-27 14:00:00,236.2,66.9
2017-05-27 15:00:00,234.28,68.0
2017-05-27 16:00:00,237.18,66.9
2017-05-27 17:00:00,236.98,64.9
2017-05-27 18:00:00,232.18,63.0
2017-05-27 19:00:00,230.58,61.0
2017-05-27 20:00:00,233.88,59.0
2017-05-27 21:00:00,236.12,57.9
2017-05-27 22:00:00,168.95,57.9
2017-05-27 23:00:00,169.12,57.0
2017-05-28 00:00:00,170.35,57.0
2017-05-28 01:00:00,168.98,57.0
2017-05-28 02:00:00,169.8,57.0
2017-05-28 03:00:00,170.32,57.0
2017-05-28 04:00:00,170.3,55.9
2017-05-28 05:00:00,171.02,55.9
2017-05-28 06:00:00,164.68,55.9
2017-05-28 07:00:00,179.28,55.9
2017-05-28 08:00:00,228.35,57.0
2017-05-28 09:00:00,229.3,57.0
2017-05-28 10:00:00,230.05,57.9
2017-05-28 11:00:00,230.9,59.0
2017-05-28 12:00:00,231.88,61.0
2017-05-28 13:00:00,232.38,63.0
2017-05-28 14:00:00,235.9,64.9
2017-05-28 15:00:00,233.5,64.0
2017-05-28 16:00:00,232.42,64.0
2017-05-28 17:00:00,231.4,62.1
2017-05-28 18:00:00,240.4,60.1
2017-05-28 19:00:00,230.8,57.9
2017-05-28 20:00:00,234.95,57.0
2017-05-28 21:00:00,235.02,57.0
2017-05-28 22:00:00,170.38,57.0
2017-05-28 23:00:00,167.35,57.0
2017-05-29 00:00:00,171.02,55.9
2017-05-29 01:00:00,170.38,55.9
2017-05-29 02:00:00,170.0,55.9
2017-05-29 03:00:00,170.7,55.0
2017-05-29 04:00:00,169.98,55.0
2017-05-29 05:00:00,166.52,55.0
2017-05-29 06:00:00,231.38,55.0
2017-05-29 07:00:00,231.0,55.0
2017-05-29 08:00:00,229.35,55.0
2017-05-29 09:00:00,233.15,55.9
2017-05-29 10:00:00,229.05,57.0
2017-05-29 11:00:00,225.95,59.0
2017-05-29 12:00:00,220.15,59.0
2017-05-29 13:00:00,218.78,59.0
2017-05-29 14:00:00,218.32,62.1
2017-05-29 15:00:00,221.32,63.0
2017-05-29 16:00:00,222.8,62.1
2017-05-29 17:00:00,222.35,60.1
2017-05-29 18:00:00,220.92,57.9
2017-05-29 19:00:00,218.62,57.9
2017-05-29 20:00:00,225.02,57.0
2017-05-29 21:00:00,178.32,55.9
2017-05-29 22:00:00,162.72,57.0
2017-05-29 23:00:00,161.57,55.9
2017-05-30 00:00:00,161.35,55.9
2017-05-30 01:00:00,162.2,55.9
2017-05-30 02:00:00,161.32,55.9
2017-05-30 03:00:00,161.48,55.9
2017-05-30 04:00:00,160.7,55.0
2017-05-30 05:00:00,159.75,55.0
2017-05-30 06:00:00,220.95,55.0
2017-05-30 07:00:00,227.08,55.9
2017-05-30 08:00:00,228.18,57.0
2017-05-30 09:00:00,244.42,57.0
2017-05-30 10:00:00,248.1,59.0
2017-05-30 11:00:00,259.18,60.1
2017-05-30 12:00:00,248.95,60.1
2017-05-30 13:00:00,251.38,61.0
2017-05-30 14:00:00,254.0,61.0
2017-05-30 15:00:00,250.4,61.0
2017-05-30 16:00:00,248.0,63.0
2017-05-30 17:00:00,237.72,60.1
2017-05-30 18:00:00,230.88,59.0
2017-05-30 19:00:00,228.6,57.9
2017-05-30 20:00:00,227.55,57.0
2017-05-30 21:00:00,182.55,57.0
2017-05-30 22:00:00,163.38,57.0
2017-05-30 23:00:00,160.12,57.0
2017-05-31 00:00:00,163.72,57.0
2017-05-31 01:00:00,163.98,57.0
2017-05-31 02:00:00,163.57,57.9
2017-05-31 03:00:00,163.28,57.0
2017-05-31 04:00:00,162.6,57.0
2017-05-31 05:00:00,164.5,55.9
2017-05-31 06:00:00,219.52,55.9
2017-05-31 07:00:00,222.28,57.9
2017-05-31 08:00:00,233.6,61.0
2017-05-31 09:00:00,252.32,63.0
2017-05-31 10:00:00,250.85,64.9
2017-05-31 11:00:00,255.25,66.9
2017-05-31 12:00:00,260.62,69.1
2017-05-31 13:00:00,255.32,69.1
2017-05-31 14:00:00,256.35,71.1
2017-05-31 15:00:00,253.22,69.1
2017-05-31 16:00:00,257.95,68.0
2017-05-31 17:00:00,246.55,64.9
2017-05-31 18:00:00,236.84,63.0
2017-05-31 19:00:00,223.65,61.0
2017-05-31 20:00:00,228.85,61.0
2017-05-31 21:00:00,178.85,60.1
2017-05-31 22:00:00,162.82,59.0
2017-05-31 23:00:00,160.38,59.0
2017-06-01 00:00:00,160.45,59.0
2017-06-01 01:00:00,159.38,59.0
2017-06-01 02:00:00,160.12,57.0
2017-06-01 03:00:00,161.43,57.0
2017-06-01 04:00:00,160.28,57.0
2017-06-01 05:00:00,160.0,57.9
2017-06-01 06:00:00,220.1,59.0
2017-06-01 07:00:00,223.62,59.0
2017-06-01 08:00:00,241.02,60.1
2017-06-01 09:00:00,250.15,61.0
2017-06-01 10:00:00,251.65,64.9
2017-06-01 11:00:00,254.65,66.0
2017-06-01 12:00:00,254.08,69.1
2017-06-01 13:00:00,255.88,69.1
2017-06-01 14:00:00,252.48,68.0
2017-06-01 15:00:00,252.75,66.9
2017-06-01 16:00:00,246.12,66.9
2017-06-01 17:00:00,229.68,64.9
2017-06-01 18:00:00,227.55,64.0
2017-06-01 19:00:00,223.6,62.1
2017-06-01 20:00:00,221.4,60.1
2017-06-01 21:00:00,177.25,60.1
2017-06-01 22:00:00,158.88,57.9
2017-06-01 23:00:00,158.6,57.9
2017-06-02 00:00:00,159.72,57.0
2017-06-02 01:00:00,158.45,57.9
2017-06-02 02:00:00,157.98,57.0
2017-06-02 03:00:00,157.57,57.0
2017-06-02 04:00:00,158.5,55.9
2017-06-02 05:00:00,159.68,55.9
2017-06-02 06:00:00,217.4,57.0
2017-06-02 07:00:00,220.1,59.0
2017-06-02 08:00:00,230.92,60.1
2017-06-02 09:00:00,244.35,61.0
2017-06-02 10:00:00,246.48,64.9
2017-06-02 11:00:00,245.38,68.0
2017-06-02 12:00:00,248.72,72.0
2017-06-02 13:00:00,249.2,73.0
2017-06-02 14:00:00,251.5,73.0
2017-06-02 15:00:00,251.25,70.0
2017-06-02 16:00:00,242.8,69.1
2017-06-02 17:00:00,231.3,68.0
2017-06-02 18:00:00,230.35,66.0
2017-06-02 19:00:00,226.52,63.0
2017-06-02 20:00:00,225.82,60.1
2017-06-02 21:00:00,180.88,59.0
2017-06-02 22:00:00,160.95,57.9
2017-06-02 23:00:00,158.82,57.0
2017-06-03 00:00:00,161.35,59.0
2017-06-03 01:00:00,160.4,57.0
2017-06-03 02:00:00,159.1,57.9
2017-06-03 03:00:00,160.68,57.0
2017-06-03 04:00:00,160.72,57.9
2017-06-03 05:00:00,159.25,57.0
2017-06-03 06:00:00,154.95,57.0
2017-06-03 07:00:00,168.38,57.0
2017-06-03 08:00:00,219.48,59.0
2017-06-03 09:00:00,218.85,60.1
2017-06-03 10:00:00,216.8,61.0
2017-06-03 11:00:00,217.12,64.0
2017-06-03 12:00:00,223.42,66.0
2017-06-03 13:00:00,215.85,66.9
2017-06-03 14:00:00,216.58,66.9
2017-06-03 15:00:00,225.42,66.9
2017-06-03 16:00:00,221.0,66.0
2017-06-03 17:00:00,220.05,64.9
2017-06-03 18:00:00,223.54,63.0
2017-06-03 19:00:00,228.45,60.1
2017-06-03 20:00:00,226.62,57.9
2017-06-03 21:00:00,228.8,57.9
2017-06-03 22:00:00,163.35,57.0
2017-06-03 23:00:00,161.78,57.0
2017-06-04 00:00:00,158.12,57.0
2017-06-04 01:00:00,160.02,57.0
2017-06-04 02:00:00,159.22,55.0
2017-06-04 03:00:00,159.2,55.9
2017-06-04 04:00:00,156.48,55.9
2017-06-04 05:00:00,156.28,54.0
2017-06-04 06:00:00,150.62,55.9
2017-06-04 07:00:00,168.0,59.0
2017-06-04 08:00:00,217.32,60.1
2017-06-04 09:00:00,216.42,62.1
2017-06-04 10:00:00,215.65,64.0
2017-06-04 11:00:00,220.55,64.0
2017-06-04 12:00:00,218.0,66.9
2017-06-04 13:00:00,217.05,66.9
2017-06-04 14:00:00,218.58,68.0
2017-06-04 15:00:00,215.5,66.0
2017-06-04 16:00:00,214.52,64.9
2017-06-04 17:00:00,215.52,64.0
2017-06-04 18:00:00,216.08,64.0
2017-06-04 19:00:00,217.8,61.0
2017-06-04 20:00:00,217.1,57.9
2017-06-04 21:00:00,222.7,57.9
2017-06-04 22:00:00,158.48,55.9
2017-06-04 23:00:00,155.68,55.9
2017-06-05 00:00:00,157.95,54.0
2017-06-05 01:00:00,155.82,55.9
2017-06-05 02:00:00,158.1,57.0
2017-06-05 03:00:00,158.95,55.9
2017-06-05 04:00:00,158.32,53.1
2017-06-05 05:00:00,155.05,54.0
2017-06-05 06:00:00,214.88,55.9
2017-06-05 07:00:00,217.88,57.9
2017-06-05 08:00:00,232.2,60.1
2017-06-05 09:00:00,244.12,61.0
2017-06-05 10:00:00,245.7,64.9
2017-06-05 11:00:00,251.0,66.9
2017-06-05 12:00:00,248.8,72.0
2017-06-05 13:00:00,254.02,73.0
2017-06-05 14:00:00,251.12,72.0
2017-06-05 15:00:00,253.2,72.0
2017-06-05 16:00:00,249.58,70.0
2017-06-05 17:00:00,233.72,69.1
2017-06-05 18:00:00,226.08,64.9
2017-06-05 19:00:00,225.72,63.0
2017-06-05 20:00:00,224.65,60.1
2017-06-05 21:00:00,178.65,57.9
2017-06-05 22:00:00,161.5,57.0
2017-06-05 23:00:00,159.72,57.0
2017-06-06 00:00:00,162.32,57.0
2017-06-06 01:00:00,161.95,55.0
2017-06-06 02:00:00,161.12,54.0
2017-06-06 03:00:00,161.32,55.9
2017-06-06 04:00:00,157.52,57.0
2017-06-06 05:00:00,158.78,55.9
2017-06-06 06:00:00,222.08,57.0
2017-06-06 07:00:00,226.1,57.0
2017-06-06 08:00:00,238.0,59.0
2017-06-06 09:00:00,250.32,62.1
2017-06-06 10:00:00,251.32,61.0
2017-06-06 11:00:00,258.5,63.0
2017-06-06 12:00:00,259.98,64.9
2017-06-06 13:00:00,260.32,64.0
2017-06-06 14:00:00,260.5,66.0
2017-06-06 15:00:00,256.45,64.9
2017-06-06 16:00:00,261.38,64.0
2017-06-06 17:00:00,250.05,63.0
2017-06-06 18:00:00,232.68,62.1
2017-06-06 19:00:00,227.85,60.1
2017-06-06 20:00:00,230.1,57.9
2017-06-06 21:00:00,181.62,57.0
2017-06-06 22:00:00,164.52,57.0
2017-06-06 23:00:00,164.8,57.0
2017-06-07 00:00:00,164.35,57.0
2017-06-07 01:00:00,161.52,57.0
2017-06-07 02:00:00,163.92,57.0
2017-06-07 03:00:00,160.9,57.0
2017-06-07 04:00:00,162.02,57.0
2017-06-07 05:00:00,161.02,57.0
2017-06-07 06:00:00,224.6,57.0
2017-06-07 07:00:00,224.75,57.0
2017-06-07 08:00:00,237.65,59.0
2017-06-07 09:00:00,250.6,61.0
2017-06-07 10:00:00,247.42,61.0
2017-06-07 11:00:00,254.0,62.1
2017-06-07 12:00:00,260.1,64.0
2017-06-07 13:00:00,253.38,64.9
2017-06-07 14:00:00,254.6,64.9
2017-06-07 15:00:00,256.42,64.9
2017-06-07 16:00:00,249.8,64.9
2017-06-07 17:00:00,231.0,63.0
2017-06-07 18:00:00,225.02,63.0
2017-06-07 19:00:00,224.08,61.0
2017-06-07 20:00:00,228.3,62.1
2017-06-07 21:00:00,179.88,62.1
2017-06-07 22:00:00,163.2,62.1
2017-06-07 23:00:00,161.55,63.0
2017-06-08 00:00:00,160.65,63.0
2017-06-08 01:00:00,161.95,64.0
2017-06-08 02:00:00,160.43,63.0
2017-06-08 03:00:00,161.0,62.1
2017-06-08 04:00:00,163.07,62.1
2017-06-08 05:00:00,158.38,63.0
2017-06-08 06:00:00,226.4,62.1
2017-06-08 07:00:00,222.52,63.0
2017-06-08 08:00:00,242.4,61.0
2017-06-08 09:00:00,253.4,63.0
2017-06-08 10:00:00,257.55,66.0
2017-06-08 11:00:00,262.4,63.0
2017-06-08 12:00:00,260.73,66.9
2017-06-08 13:00:00,259.73,66.9
2017-06-08 14:00:00,255.72,66.0
2017-06-08 15:00:00,256.9,66.9
2017-06-08 16:00:00,248.72,66.9
2017-06-08 17:00:00,235.05,66.9
2017-06-08 18:00:00,231.1,66.0
2017-06-08 19:00:00,229.35,64.9
2017-06-08 20:00:00,230.02,64.0
2017-06-08 21:00:00,180.1,64.0
2017-06-08 22:00:00,162.32,63.0
2017-06-08 23:00:00,163.1,63.0
2017-06-09 00:00:00,162.12,63.0
2017-06-09 01:00:00,162.25,63.0
2017-06-09 02:00:00,160.72,62.1
2017-06-09 03:00:00,159.82,61.0
2017-06-09 04:00:00,159.95,61.0
2017-06-09 05:00:00,158.5,61.0
2017-06-09 06:00:00,218.4,61.0
2017-06-09 07:00:00,221.32,61.0
2017-06-09 08:00:00,237.7,60.1
2017-06-09 09:00:00,246.28,61.0
2017-06-09 10:00:00,245.5,66.0
2017-06-09 11:00:00,245.98,66.9
2017-06-09 12:00:00,247.35,66.9
2017-06-09 13:00:00,253.18,68.0
2017-06-09 14:00:00,256.1,68.0
2017-06-09 15:00:00,246.8,66.9
2017-06-09 16:00:00,251.68,64.9
2017-06-09 17:00:00,245.35,64.9
2017-06-09 18:00:00,233.88,63.0
2017-06-09 19:00:00,224.12,61.0
2017-06-09 20:00:00,220.42,60.1
2017-06-09 21:00:00,180.4,59.0
2017-06-09 22:00:00,165.85,59.0
2017-06-09 23:00:00,161.38,57.9
2017-06-10 00:00:00,158.52,57.9
2017-06-10 01:00:00,158.0,57.9
2017-06-10 02:00:00,158.9,57.0
2017-06-10 03:00:00,163.85,57.0
2017-06-10 04:00:00,161.07,57.0
2017-06-10 05:00:00,159.88,57.0
2017-06-10 06:00:00,153.75,57.9
2017-06-10 07:00:00,167.48,60.1
2017-06-10 08:00:00,220.6,63.0
2017-06-10 09:00:00,222.35,64.0
2017-06-10 10:00:00,214.0,66.0
2017-06-10 11:00:00,227.52,68.0
2017-06-10 12:00:00,230.02,68.0
2017-06-10 13:00:00,227.18,70.0
2017-06-10 14:00:00,221.75,69.1
2017-06-10 15:00:00,230.68,69.1
2017-06-10 16:00:00,229.42,68.0
2017-06-10 17:00:00,223.68,66.9
2017-06-10 18:00:00,219.85,64.9
2017-06-10 19:00:00,218.3,62.1
2017-06-10 20:00:00,219.4,60.1
2017-06-10 21:00:00,223.32,59.0
2017-06-10 22:00:00,160.52,59.0
2017-06-10 23:00:00,155.75,57.9
2017-06-11 00:00:00,155.35,57.0
2017-06-11 01:00:00,155.28,57.0
2017-06-11 02:00:00,158.3,57.0
2017-06-11 03:00:00,157.38,55.9
2017-06-11 04:00:00,159.78,55.9
2017-06-11 05:00:00,152.85,55.9
2017-06-11 06:00:00,153.48,57.0
2017-06-11 07:00:00,166.75,59.0
2017-06-11 08:00:00,217.85,61.0
2017-06-11 09:00:00,216.9,63.0
2017-06-11 10:00:00,220.4,64.9
2017-06-11 11:00:00,218.55,64.9
2017-06-11 12:00:00,220.8,66.0
2017-06-11 13:00:00,231.45,66.9
2017-06-11 14:00:00,226.88,66.9
2017-06-11 15:00:00,226.02,66.0
2017-06-11 16:00:00,220.98,64.0
2017-06-11 17:00:00,223.05,62.1
2017-06-11 18:00:00,221.6,62.1
2017-06-11 19:00:00,218.28,62.1
2017-06-11 20:00:00,231.62,60.1
2017-06-11 21:00:00,228.85,57.9
2017-06-11 22:00:00,161.6,57.0
2017-06-11 23:00:00,156.07,55.9
2017-06-12 00:00:00,157.52,57.9
2017-06-12 01:00:00,155.5,55.9
2017-06-12 02:00:00,155.52,54.0
2017-06-12 03:00:00,155.35,53.1
2017-06-12 04:00:00,156.02,57.0
2017-06-12 05:00:00,152.98,55.9
2017-06-12 06:00:00,216.32,57.0
2017-06-12 07:00:00,215.58,57.9
2017-06-12 08:00:00,233.62,61.0
2017-06-12 09:00:00,248.42,63.0
2017-06-12 10:00:00,244.6,64.0
2017-06-12 11:00:00,251.88,64.9
2017-06-12 12:00:00,257.18,66.9
2017-06-12 13:00:00,250.12,68.0
2017-06-12 14:00:00,256.12,66.9
2017-06-12 15:00:00,253.52,68.0
2017-06-12 16:00:00,255.5,66.9
2017-06-12 17:00:00,231.25,64.9
2017-06-12 18:00:00,231.45,64.9
2017-06-12 19:00:00,235.58,63.0
2017-06-12 20:00:00,225.12,60.1
2017-06-12 21:00:00,181.82,59.0
2017-06-12 22:00:00,163.5,57.9
2017-06-12 23:00:00,166.85,57.9
2017-06-13 00:00:00,164.78,57.0
2017-06-13 01:00:00,161.95,57.0
2017-06-13 02:00:00,160.65,54.0
2017-06-13 03:00:00,168.32,55.0
2017-06-13 04:00:00,159.7,55.9
2017-06-13 05:00:00,156.25,53.1
2017-06-13 06:00:00,220.4,57.0
2017-06-13 07:00:00,224.12,59.0
2017-06-13 08:00:00,239.72,61.0
2017-06-13 09:00:00,256.05,62.1
2017-06-13 10:00:00,252.28,64.0
2017-06-13 11:00:00,257.88,66.9
2017-06-13 12:00:00,264.02,70.0
2017-06-13 13:00:00,251.22,72.0
2017-06-13 14:00:00,193.0,71.1
2017-06-13 15:00:00,221.82,71.1
2017-06-13 16:00:00,216.35,69.1
2017-06-13 17:00:00,202.08,68.0
2017-06-13 18:00:00,194.82,66.0
2017-06-13 19:00:00,202.25,64.0
2017-06-13 20:00:00,203.75,61.0
2017-06-13 21:00:00,198.55,59.0
2017-06-13 22:00:00,198.28,60.1
2017-06-13 23:00:00,198.12,57.9
2017-06-14 00:00:00,197.45,55.9
2017-06-14 01:00:00,196.78,57.9
2017-06-14 02:00:00,196.9,57.9
2017-06-14 03:00:00,198.55,57.0
2017-06-14 04:00:00,195.98,54.0
2017-06-14 05:00:00,195.88,53.1
2017-06-14 06:00:00,193.4,59.0
2017-06-14 07:00:00,192.95,60.1
2017-06-14 08:00:00,214.5,62.1
2017-06-14 09:00:00,220.0,64.0
2017-06-14 10:00:00,240.98,69.1
2017-06-14 11:00:00,239.35,70.0
2017-06-14 12:00:00,241.4,72.0
2017-06-14 13:00:00,240.32,75.9
2017-06-14 14:00:00,239.85,73.9
2017-06-14 15:00:00,234.3,72.0
2017-06-14 16:00:00,231.45,70.0
2017-06-14 17:00:00,214.8,68.0
2017-06-14 18:00:00,211.82,66.9
2017-06-14 19:00:00,212.6,64.9
2017-06-14 20:00:00,211.75,61.0
2017-06-14 21:00:00,166.0,60.1
2017-06-14 22:00:00,149.7,60.1
2017-06-14 23:00:00,149.45,59.0
2017-06-15 00:00:00,145.68,57.0
2017-06-15 01:00:00,146.35,55.9
2017-06-15 02:00:00,149.82,57.0
2017-06-15 03:00:00,148.5,57.0
2017-06-15 04:00:00,146.78,57.0
2017-06-15 05:00:00,142.28,57.0
2017-06-15 06:00:00,207.28,57.9
2017-06-15 07:00:00,205.84,62.1
2017-06-15 08:00:00,223.25,62.1
2017-06-15 09:00:00,231.25,64.0
2017-06-15 10:00:00,233.78,66.9
2017-06-15 11:00:00,238.22,68.0
2017-06-15 12:00:00,241.4,71.1
2017-06-15 13:00:00,238.12,72.0
2017-06-15 14:00:00,238.62,73.0
2017-06-15 15:00:00,236.55,75.0
2017-06-15 16:00:00,235.85,75.9
2017-06-15 17:00:00,219.52,73.0
2017-06-15 18:00:00,214.95,73.0
2017-06-15 19:00:00,210.35,71.1
2017-06-15 20:00:00,213.82,68.0
2017-06-15 21:00:00,164.45,66.9
2017-06-15 22:00:00,149.72,66.0
2017-06-15 23:00:00,149.18,64.9
2017-06-16 00:00:00,152.1,64.9
2017-06-16 01:00:00,152.05,63.0
2017-06-16 02:00:00,150.07,62.1
2017-06-16 03:00:00,148.8,62.1
2017-06-16 04:00:00,150.38,60.1
2017-06-16 05:00:00,145.85,62.1
2017-06-16 06:00:00,207.15,64.0
2017-06-16 07:00:00,208.78,66.0
2017-06-16 08:00:00,227.6,66.9
2017-06-16 09:00:00,228.55,70.0
2017-06-16 10:00:00,233.6,73.0
2017-06-16 11:00:00,237.58,75.9
2017-06-16 12:00:00,238.25,75.9
2017-06-16 13:00:00,240.92,75.0
2017-06-16 14:00:00,240.12,75.9
2017-06-16 15:00:00,230.95,75.9
2017-06-16 16:00:00,232.65,75.9
2017-06-16 17:00:00,218.75,75.0
2017-06-16 18:00:00,216.62,73.9
2017-06-16 19:00:00,214.4,72.0
2017-06-16 20:00:00,213.55,70.0
2017-06-16 21:00:00,172.88,69.1
2017-06-16 22:00:00,155.72,66.9
2017-06-16 23:00:00,154.2,66.0
2017-06-17 00:00:00,151.7,64.0
2017-06-17 01:00:00,153.12,64.0
2017-06-17 02:00:00,149.57,62.1
2017-06-17 03:00:00,146.57,63.0
2017-06-17 04:00:00,146.18,63.0
2017-06-17 05:00:00,144.05,61.0
2017-06-17 06:00:00,141.62,63.0
2017-06-17 07:00:00,156.1,64.0
2017-06-17 08:00:00,200.88,68.0
2017-06-17 09:00:00,199.35,69.1
2017-06-17 10:00:00,202.7,73.0
2017-06-17 11:00:00,202.28,78.1
2017-06-17 12:00:00,205.2,79.0
2017-06-17 13:00:00,206.15,81.0
2017-06-17 14:00:00,206.35,82.0
2017-06-17 15:00:00,207.18,80.1
2017-06-17 16:00:00,206.82,78.1
2017-06-17 17:00:00,206.08,77.0
2017-06-17 18:00:00,206.88,75.0
2017-06-17 19:00:00,208.48,73.0
2017-06-17 20:00:00,209.1,70.0
2017-06-17 21:00:00,213.88,71.1
2017-06-17 22:00:00,153.43,71.1
2017-06-17 23:00:00,151.2,69.1
2017-06-18 00:00:00,145.66,69.1
2017-06-18 01:00:00,147.88,70.0
2017-06-18 02:00:00,150.0,69.1
2017-06-18 03:00:00,147.38,69.1
2017-06-18 04:00:00,147.93,68.0
2017-06-18 05:00:00,145.15,69.1
2017-06-18 06:00:00,141.72,70.0
2017-06-18 07:00:00,157.35,73.9
2017-06-18 08:00:00,198.92,78.1
2017-06-18 09:00:00,207.3,80.1
2017-06-18 10:00:00,206.92,82.0
2017-06-18 11:00:00,210.15,88.0
2017-06-18 12:00:00,211.52,91.9
2017-06-18 13:00:00,209.55,96.1
2017-06-18 14:00:00,207.38,95.0
2017-06-18 15:00:00,210.3,87.1
2017-06-18 16:00:00,206.85,87.1
2017-06-18 17:00:00,208.42,84.9
2017-06-18 18:00:00,208.7,84.0
2017-06-18 19:00:00,208.58,81.0
2017-06-18 20:00:00,210.65,75.0
2017-06-18 21:00:00,217.93,71.1
2017-06-18 22:00:00,152.1,68.0
2017-06-18 23:00:00,147.65,66.9
2017-06-19 00:00:00,150.4,66.9
2017-06-19 01:00:00,149.35,66.9
2017-06-19 02:00:00,148.98,66.0
2017-06-19 03:00:00,145.98,64.9
2017-06-19 04:00:00,147.85,64.0
2017-06-19 05:00:00,148.12,64.0
2017-06-19 06:00:00,206.85,64.9
2017-06-19 07:00:00,208.08,69.1
2017-06-19 08:00:00,221.85,71.1
2017-06-19 09:00:00,237.6,73.0
2017-06-19 10:00:00,236.0,73.9
2017-06-19 11:00:00,238.55,77.0
2017-06-19 12:00:00,244.6,79.0
2017-06-19 13:00:00,239.22,75.0
2017-06-19 14:00:00,239.22,78.1
2017-06-19 15:00:00,240.5,75.0
2017-06-19 16:00:00,234.05,75.0
2017-06-19 17:00:00,222.98,72.0
2017-06-19 18:00:00,221.15,68.0
2017-06-19 19:00:00,218.92,64.0
2017-06-19 20:00:00,215.72,62.1
2017-06-19 21:00:00,170.52,61.0
2017-06-19 22:00:00,149.0,61.0
2017-06-19 23:00:00,149.95,62.1
2017-06-20 00:00:00,150.32,61.0
2017-06-20 01:00:00,149.72,61.0
2017-06-20 02:00:00,148.9,61.0
2017-06-20 03:00:00,146.35,61.0
2017-06-20 04:00:00,149.12,61.0
2017-06-20 05:00:00,146.12,60.1
2017-06-20 06:00:00,210.42,61.0
2017-06-20 07:00:00,212.8,64.0
2017-06-20 08:00:00,227.78,66.9
2017-06-20 09:00:00,233.75,69.1
2017-06-20 10:00:00,238.72,72.0
2017-06-20 11:00:00,245.45,73.9
2017-06-20 12:00:00,257.68,75.9
2017-06-20 13:00:00,264.12,75.0
2017-06-20 14:00:00,268.5,75.0
2017-06-20 15:00:00,259.7,73.0
2017-06-20 16:00:00,258.2,70.0
2017-06-20 17:00:00,240.02,68.0
2017-06-20 18:00:00,240.7,66.9
2017-06-20 19:00:00,234.65,64.0
2017-06-20 20:00:00,239.9,63.0
2017-06-20 21:00:00,175.82,62.1
2017-06-20 22:00:00,170.02,62.1
2017-06-20 23:00:00,165.75,61.0
2017-06-21 00:00:00,158.4,59.0
2017-06-21 01:00:00,163.75,60.1
2017-06-21 02:00:00,164.78,59.0
2017-06-21 03:00:00,163.05,59.0
2017-06-21 04:00:00,163.68,57.9
2017-06-21 05:00:00,155.55,57.9
2017-06-21 06:00:00,225.7,59.0
2017-06-21 07:00:00,217.9,61.0
2017-06-21 08:00:00,228.25,64.0
2017-06-21 09:00:00,241.3,64.9
2017-06-21 10:00:00,250.95,68.0
2017-06-21 11:00:00,258.08,70.0
2017-06-21 12:00:00,266.1,75.0
2017-06-21 13:00:00,267.77,77.0
2017-06-21 14:00:00,268.0,77.0
2017-06-21 15:00:00,261.98,75.0
2017-06-21 16:00:00,257.95,77.0
2017-06-21 17:00:00,247.08,73.9
2017-06-21 18:00:00,243.4,71.1
2017-06-21 19:00:00,237.32,69.1
2017-06-21 20:00:00,231.92,66.0
2017-06-21 21:00:00,183.5,64.9
2017-06-21 22:00:00,170.8,64.0
2017-06-21 23:00:00,172.72,64.0
2017-06-22 00:00:00,171.8,64.0
2017-06-22 01:00:00,159.2,64.0
2017-06-22 02:00:00,162.93,64.0
2017-06-22 03:00:00,163.2,64.0
2017-06-22 04:00:00,177.65,64.0
2017-06-22 05:00:00,165.15,63.0
2017-06-22 06:00:00,220.12,64.9
2017-06-22 07:00:00,220.25,70.0
2017-06-22 08:00:00,244.68,72.0
2017-06-22 09:00:00,258.98,75.9
2017-06-22 10:00:00,264.02,80.1
2017-06-22 11:00:00,271.98,84.9
2017-06-22 12:00:00,272.12,82.9
2017-06-22 13:00:00,260.4,84.0
2017-06-22 14:00:00,263.32,81.0
2017-06-22 15:00:00,264.18,77.0
2017-06-22 16:00:00,257.08,75.0
2017-06-22 17:00:00,240.32,73.0
2017-06-22 18:00:00,234.88,71.1
2017-06-22 19:00:00,234.1,68.0
2017-06-22 20:00:00,230.85,64.0
2017-06-22 21:00:00,190.5,63.0
2017-06-22 22:00:00,178.02,63.0
2017-06-22 23:00:00,169.95,62.1
2017-06-23 00:00:00,157.12,61.0
2017-06-23 01:00:00,157.6,60.1
2017-06-23 02:00:00,157.88,60.1
2017-06-23 03:00:00,158.55,59.0
2017-06-23 04:00:00,155.35,59.0
2017-06-23 05:00:00,157.12,59.0
2017-06-23 06:00:00,226.22,60.1
2017-06-23 07:00:00,234.08,63.0
2017-06-23 08:00:00,250.8,64.9
2017-06-23 09:00:00,264.95,69.1
2017-06-23 10:00:00,262.05,71.1
2017-06-23 11:00:00,256.7,70.0
2017-06-23 12:00:00,249.1,71.1
2017-06-23 13:00:00,253.05,72.0
2017-06-23 14:00:00,259.88,71.1
2017-06-23 15:00:00,264.65,70.0
2017-06-23 16:00:00,259.6,70.0
2017-06-23 17:00:00,243.18,68.0
2017-06-23 18:00:00,239.38,66.0
2017-06-23 19:00:00,233.2,64.0
2017-06-23 20:00:00,235.35,61.0
2017-06-23 21:00:00,186.5,61.0
2017-06-23 22:00:00,171.6,61.0
2017-06-23 23:00:00,171.18,60.1
2017-06-24 00:00:00,169.6,60.1
2017-06-24 01:00:00,169.22,60.1
2017-06-24 02:00:00,168.3,61.0
2017-06-24 03:00:00,168.58,61.0
2017-06-24 04:00:00,166.82,60.1
2017-06-24 05:00:00,166.78,61.0
2017-06-24 06:00:00,162.75,61.0
2017-06-24 07:00:00,178.32,62.1
2017-06-24 08:00:00,226.62,63.0
2017-06-24 09:00:00,228.6,64.9
2017-06-24 10:00:00,228.52,66.0
2017-06-24 11:00:00,234.8,69.1
2017-06-24 12:00:00,230.5,70.0
2017-06-24 13:00:00,234.3,70.0
2017-06-24 14:00:00,235.3,70.0
2017-06-24 15:00:00,236.72,70.0
2017-06-24 16:00:00,236.28,70.0
2017-06-24 17:00:00,235.58,64.9
2017-06-24 18:00:00,232.1,63.0
2017-06-24 19:00:00,228.82,62.1
2017-06-24 20:00:00,235.72,61.0
2017-06-24 21:00:00,236.98,61.0
2017-06-24 22:00:00,166.4,60.1
2017-06-24 23:00:00,163.82,60.1
2017-06-25 00:00:00,164.25,60.1
2017-06-25 01:00:00,164.12,60.1
2017-06-25 02:00:00,163.62,60.1
2017-06-25 03:00:00,164.05,60.1
2017-06-25 04:00:00,163.8,60.1
2017-06-25 05:00:00,164.15,60.1
2017-06-25 06:00:00,157.62,60.1
2017-06-25 07:00:00,174.68,60.1
2017-06-25 08:00:00,226.92,61.0
2017-06-25 09:00:00,227.52,61.0
2017-06-25 10:00:00,224.88,63.0
2017-06-25 11:00:00,223.98,64.9
2017-06-25 12:00:00,228.4,68.0
2017-06-25 13:00:00,231.55,68.0
2017-06-25 14:00:00,231.78,70.0
2017-06-25 15:00:00,227.95,70.0
2017-06-25 16:00:00,233.35,68.0
2017-06-25 17:00:00,229.88,66.9
2017-06-25 18:00:00,231.35,66.0
2017-06-25 19:00:00,231.2,64.0
2017-06-25 20:00:00,231.32,62.1
2017-06-25 21:00:00,234.15,62.1
2017-06-25 22:00:00,166.85,62.1
2017-06-25 23:00:00,165.6,61.0
2017-06-26 00:00:00,166.98,62.1
2017-06-26 01:00:00,165.08,62.1
2017-06-26 02:00:00,166.3,62.1
2017-06-26 03:00:00,166.9,62.1
2017-06-26 04:00:00,165.42,63.0
2017-06-26 05:00:00,162.45,62.1
2017-06-26 06:00:00,224.28,62.1
2017-06-26 07:00:00,226.45,64.0
2017-06-26 08:00:00,248.05,66.0
2017-06-26 09:00:00,257.6,66.9
2017-06-26 10:00:00,261.15,69.1
2017-06-26 11:00:00,266.27,71.1
2017-06-26 12:00:00,264.55,73.0
2017-06-26 13:00:00,267.18,73.9
2017-06-26 14:00:00,262.88,75.0
2017-06-26 15:00:00,259.58,73.9
2017-06-26 16:00:00,258.9,71.1
2017-06-26 17:00:00,253.12,71.1
2017-06-26 18:00:00,248.25,68.0
2017-06-26 19:00:00,239.75,66.0
2017-06-26 20:00:00,239.45,64.0
2017-06-26 21:00:00,193.92,63.0
2017-06-26 22:00:00,174.05,63.0
2017-06-26 23:00:00,173.02,63.0
2017-06-27 00:00:00,174.3,62.1
2017-06-27 01:00:00,174.02,62.1
2017-06-27 02:00:00,170.98,60.1
2017-06-27 03:00:00,172.9,60.1
2017-06-27 04:00:00,172.95,60.1
2017-06-27 05:00:00,172.1,60.1
2017-06-27 06:00:00,230.4,60.1
2017-06-27 07:00:00,231.72,60.1
2017-06-27 08:00:00,247.08,62.1
2017-06-27 09:00:00,257.27,62.1
2017-06-27 10:00:00,265.32,63.0
2017-06-27 11:00:00,265.48,64.0
2017-06-27 12:00:00,260.65,64.9
2017-06-27 13:00:00,270.62,66.9
2017-06-27 14:00:00,266.38,66.9
2017-06-27 15:00:00,266.58,66.9
2017-06-27 16:00:00,255.5,66.9
2017-06-27 17:00:00,242.45,64.0
2017-06-27 18:00:00,237.7,63.0
2017-06-27 19:00:00,235.1,62.1
2017-06-27 20:00:00,235.98,61.0
2017-06-27 21:00:00,187.35,60.1
2017-06-27 22:00:00,171.75,60.1
2017-06-27 23:00:00,171.38,60.1
2017-06-28 00:00:00,171.3,60.1
2017-06-28 01:00:00,170.92,60.1
2017-06-28 02:00:00,170.38,59.0
2017-06-28 03:00:00,168.62,59.0
2017-06-28 04:00:00,170.05,59.0
2017-06-28 05:00:00,167.15,59.0
2017-06-28 06:00:00,233.35,59.0
2017-06-28 07:00:00,230.32,60.1
2017-06-28 08:00:00,248.7,60.1
2017-06-28 09:00:00,260.52,62.1
2017-06-28 10:00:00,263.55,63.0
2017-06-28 11:00:00,263.3,63.0
2017-06-28 12:00:00,267.38,64.9
2017-06-28 13:00:00,272.62,66.9
2017-06-28 14:00:00,266.7,66.9
2017-06-28 15:00:00,265.52,66.0
2017-06-28 16:00:00,257.73,64.9
2017-06-28 17:00:00,244.95,64.0
2017-06-28 18:00:00,243.38,63.0
2017-06-28 19:00:00,240.98,62.1
2017-06-28 20:00:00,236.6,60.1
2017-06-28 21:00:00,191.8,60.1
2017-06-28 22:00:00,171.25,60.1
2017-06-28 23:00:00,170.52,59.0
2017-06-29 00:00:00,171.98,60.1
2017-06-29 01:00:00,172.78,59.0
2017-06-29 02:00:00,170.8,59.0
2017-06-29 03:00:00,170.05,59.0
2017-06-29 04:00:00,170.65,59.0
2017-06-29 05:00:00,169.6,59.0
2017-06-29 06:00:00,229.88,57.9
2017-06-29 07:00:00,232.42,57.9
2017-06-29 08:00:00,247.05,59.0
2017-06-29 09:00:00,258.55,61.0
2017-06-29 10:00:00,265.85,63.0
2017-06-29 11:00:00,264.9,63.0
2017-06-29 12:00:00,261.73,66.0
2017-06-29 13:00:00,270.35,66.0
2017-06-29 14:00:00,271.52,66.9
2017-06-29 15:00:00,268.25,66.0
2017-06-29 16:00:00,257.1,64.9
2017-06-29 17:00:00,246.5,63.0
2017-06-29 18:00:00,242.85,61.0
2017-06-29 19:00:00,237.7,60.1
2017-06-29 20:00:00,237.05,59.0
2017-06-29 21:00:00,192.9,59.0
2017-06-29 22:00:00,174.72,57.9
2017-06-29 23:00:00,174.88,59.0
2017-06-30 00:00:00,171.05,57.9
2017-06-30 01:00:00,170.82,57.9
2017-06-30 02:00:00,168.08,57.9
2017-06-30 03:00:00,167.78,57.0
2017-06-30 04:00:00,169.78,55.9
2017-06-30 05:00:00,166.62,55.9
2017-06-30 06:00:00,227.88,57.0
2017-06-30 07:00:00,231.95,57.0
2017-06-30 08:00:00,252.0,57.9
2017-06-30 09:00:00,255.42,59.0
2017-06-30 10:00:00,256.98,61.0
2017-06-30 11:00:00,257.1,62.1
2017-06-30 12:00:00,262.95,64.0
2017-06-30 13:00:00,265.32,64.9
2017-06-30 14:00:00,265.18,66.9
2017-06-30 15:00:00,266.3,66.9
2017-06-30 16:00:00,261.18,66.0
2017-06-30 17:00:00,243.6,66.0
2017-06-30 18:00:00,236.36,63.0
2017-06-30 19:00:00,233.75,61.0
2017-06-30 20:00:00,233.8,60.1
2017-06-30 21:00:00,185.98,59.0
2017-06-30 22:00:00,169.05,57.9
2017-06-30 23:00:00,171.48,57.0
2017-07-01 00:00:00,169.1,57.0
2017-07-01 01:00:00,167.1,57.0
2017-07-01 02:00:00,168.5,57.0
2017-07-01 03:00:00,167.85,57.0
2017-07-01 04:00:00,167.15,57.0
2017-07-01 05:00:00,167.95,57.0
2017-07-01 06:00:00,163.02,57.0
2017-07-01 07:00:00,177.15,57.0
2017-07-01 08:00:00,229.4,57.9
2017-07-01 09:00:00,229.32,57.9
2017-07-01 10:00:00,228.58,60.1
2017-07-01 11:00:00,230.1,62.1
2017-07-01 12:00:00,236.7,64.0
2017-07-01 13:00:00,235.3,66.0
2017-07-01 14:00:00,233.15,66.0
2017-07-01 15:00:00,235.12,66.9
2017-07-01 16:00:00,231.62,68.0
2017-07-01 17:00:00,238.55,64.9
2017-07-01 18:00:00,240.62,64.0
2017-07-01 19:00:00,234.98,61.0
2017-07-01 20:00:00,234.38,60.1
2017-07-01 21:00:00,237.55,60.1
2017-07-01 22:00:00,175.0,59.0
2017-07-01 23:00:00,169.98,57.9
2017-07-02 00:00:00,170.68,57.0
2017-07-02 01:00:00,169.4,57.0
2017-07-02 02:00:00,169.1,57.0
2017-07-02 03:00:00,168.7,57.0
2017-07-02 04:00:00,169.88,57.0
2017-07-02 05:00:00,168.45,57.9
2017-07-02 06:00:00,165.58,57.9
2017-07-02 07:00:00,180.2,60.1
2017-07-02 08:00:00,227.52,61.0
2017-07-02 09:00:00,223.62,63.0
2017-07-02 10:00:00,225.8,64.9
2017-07-02 11:00:00,225.2,66.9
2017-07-02 12:00:00,228.75,70.0
2017-07-02 13:00:00,228.5,69.1
2017-07-02 14:00:00,230.22,70.0
2017-07-02 15:00:00,234.22,68.0
2017-07-02 16:00:00,232.88,68.0
2017-07-02 17:00:00,229.72,66.9
2017-07-02 18:00:00,227.64,64.9
2017-07-02 19:00:00,228.15,62.1
2017-07-02 20:00:00,235.0,60.1
2017-07-02 21:00:00,238.15,59.0
2017-07-02 22:00:00,173.88,59.0
2017-07-02 23:00:00,171.82,57.9
2017-07-03 00:00:00,168.02,57.0
2017-07-03 01:00:00,165.1,59.0
2017-07-03 02:00:00,167.0,59.0
2017-07-03 03:00:00,164.25,59.0
2017-07-03 04:00:00,163.3,57.9
2017-07-03 05:00:00,162.82,57.9
2017-07-03 06:00:00,224.3,59.0
2017-07-03 07:00:00,225.78,60.1
2017-07-03 08:00:00,241.38,61.0
2017-07-03 09:00:00,249.52,63.0
2017-07-03 10:00:00,252.52,66.0
2017-07-03 11:00:00,260.9,70.0
2017-07-03 12:00:00,263.58,72.0
2017-07-03 13:00:00,257.38,70.0
2017-07-03 14:00:00,263.88,69.1
2017-07-03 15:00:00,259.6,68.0
2017-07-03 16:00:00,254.65,66.0
2017-07-03 17:00:00,238.62,64.9
2017-07-03 18:00:00,235.7,62.1
2017-07-03 19:00:00,230.6,60.1
2017-07-03 20:00:00,237.08,59.0
2017-07-03 21:00:00,187.0,59.0
2017-07-03 22:00:00,172.35,59.0
2017-07-03 23:00:00,171.3,59.0
2017-07-04 00:00:00,168.48,59.0
2017-07-04 01:00:00,170.28,59.0
2017-07-04 02:00:00,170.0,59.0
2017-07-04 03:00:00,168.65,59.0
2017-07-04 04:00:00,168.05,59.0
2017-07-04 05:00:00,168.68,59.0
2017-07-04 06:00:00,230.4,59.0
2017-07-04 07:00:00,230.8,60.1
2017-07-04 08:00:00,228.98,61.0
2017-07-04 09:00:00,229.35,63.0
2017-07-04 10:00:00,230.3,64.9
2017-07-04 11:00:00,228.32,66.9
2017-07-04 12:00:00,232.55,66.9
2017-07-04 13:00:00,233.35,70.0
2017-07-04 14:00:00,230.05,69.1
2017-07-04 15:00:00,234.1,68.0
2017-07-04 16:00:00,233.45,66.9
2017-07-04 17:00:00,234.32,66.0
2017-07-04 18:00:00,232.75,64.9
2017-07-04 19:00:00,230.7,62.1
2017-07-04 20:00:00,232.55,59.0
2017-07-04 21:00:00,188.12,59.0
2017-07-04 22:00:00,173.95,57.9
2017-07-04 23:00:00,172.3,57.9
2017-07-05 00:00:00,170.45,57.0
2017-07-05 01:00:00,171.25,57.0
2017-07-05 02:00:00,170.38,57.9
2017-07-05 03:00:00,171.32,57.9
2017-07-05 04:00:00,171.2,57.9
2017-07-05 05:00:00,168.25,57.9
2017-07-05 06:00:00,228.6,57.9
2017-07-05 07:00:00,230.52,59.0
2017-07-05 08:00:00,247.72,59.0
2017-07-05 09:00:00,248.95,60.1
2017-07-05 10:00:00,256.12,62.1
2017-07-05 11:00:00,262.15,66.0
2017-07-05 12:00:00,267.55,66.9
2017-07-05 13:00:00,265.3,70.0
2017-07-05 14:00:00,266.78,70.0
2017-07-05 15:00:00,266.35,70.0
2017-07-05 16:00:00,260.8,70.0
2017-07-05 17:00:00,253.15,69.1
2017-07-05 18:00:00,239.5,66.9
2017-07-05 19:00:00,239.52,64.0
2017-07-05 20:00:00,238.5,61.0
2017-07-05 21:00:00,192.02,59.0
2017-07-05 22:00:00,173.2,57.9
2017-07-05 23:00:00,170.38,57.9
2017-07-06 00:00:00,172.12,57.9
2017-07-06 01:00:00,171.6,57.9
2017-07-06 02:00:00,172.9,57.9
2017-07-06 03:00:00,171.22,57.0
2017-07-06 04:00:00,170.35,55.9
2017-07-06 05:00:00,167.02,57.9
2017-07-06 06:00:00,225.82,59.0
2017-07-06 07:00:00,229.5,60.1
2017-07-06 08:00:00,245.32,62.1
2017-07-06 09:00:00,254.02,64.9
2017-07-06 10:00:00,259.98,66.0
2017-07-06 11:00:00,271.88,68.0
2017-07-06 12:00:00,275.27,72.0
2017-07-06 13:00:00,272.08,71.1
2017-07-06 14:00:00,279.48,73.9
2017-07-06 15:00:00,270.25,73.0
2017-07-06 16:00:00,264.62,73.0
2017-07-06 17:00:00,251.6,73.0
2017-07-06 18:00:00,243.24,70.0
2017-07-06 19:00:00,237.32,66.9
2017-07-06 20:00:00,235.25,63.0
2017-07-06 21:00:00,190.95,63.0
2017-07-06 22:00:00,173.7,62.1
2017-07-06 23:00:00,170.3,62.1
2017-07-07 00:00:00,171.65,61.0
2017-07-07 01:00:00,170.95,59.0
2017-07-07 02:00:00,171.75,59.0
2017-07-07 03:00:00,169.25,57.9
2017-07-07 04:00:00,167.9,59.0
2017-07-07 05:00:00,168.2,60.1
2017-07-07 06:00:00,229.0,61.0
2017-07-07 07:00:00,228.4,64.0
2017-07-07 08:00:00,243.45,66.9
2017-07-07 09:00:00,251.5,69.1
2017-07-07 10:00:00,267.35,71.1
2017-07-07 11:00:00,277.77,73.0
2017-07-07 12:00:00,273.27,81.0
2017-07-07 13:00:00,268.27,79.0
2017-07-07 14:00:00,270.25,79.0
2017-07-07 15:00:00,273.75,79.0
2017-07-07 16:00:00,266.1,79.0
2017-07-07 17:00:00,250.85,78.1
2017-07-07 18:00:00,247.05,75.0
2017-07-07 19:00:00,241.88,72.0
2017-07-07 20:00:00,238.68,68.0
2017-07-07 21:00:00,197.48,66.0
2017-07-07 22:00:00,173.15,64.9
2017-07-07 23:00:00,172.82,64.9
2017-07-08 00:00:00,173.82,64.0
2017-07-08 01:00:00,178.18,62.1
2017-07-08 02:00:00,173.35,64.0
2017-07-08 03:00:00,172.4,61.0
2017-07-08 04:00:00,174.45,60.1
2017-07-08 05:00:00,171.78,63.0
2017-07-08 06:00:00,164.6,64.0
2017-07-08 07:00:00,182.88,71.1
2017-07-08 08:00:00,231.6,72.0
2017-07-08 09:00:00,229.52,73.9
2017-07-08 10:00:00,238.08,77.0
2017-07-08 11:00:00,240.68,78.1
2017-07-08 12:00:00,239.28,75.9
2017-07-08 13:00:00,239.08,75.9
2017-07-08 14:00:00,235.35,75.0
2017-07-08 15:00:00,236.82,73.0
2017-07-08 16:00:00,236.25,71.1
2017-07-08 17:00:00,234.7,68.0
2017-07-08 18:00:00,233.9,66.9
2017-07-08 19:00:00,232.88,66.0
2017-07-08 20:00:00,232.92,63.0
2017-07-08 21:00:00,238.82,63.0
2017-07-08 22:00:00,173.72,61.0
2017-07-08 23:00:00,173.78,59.0
2017-07-09 00:00:00,171.45,57.9
2017-07-09 01:00:00,173.15,57.0
2017-07-09 02:00:00,171.32,57.0
2017-07-09 03:00:00,170.85,57.0
2017-07-09 04:00:00,167.45,55.9
2017-07-09 05:00:00,168.52,57.0
2017-07-09 06:00:00,161.98,57.0
2017-07-09 07:00:00,179.2,57.9
2017-07-09 08:00:00,225.85,60.1
2017-07-09 09:00:00,224.15,62.1
2017-07-09 10:00:00,226.38,64.0
2017-07-09 11:00:00,233.22,66.0
2017-07-09 12:00:00,232.02,68.0
2017-07-09 13:00:00,234.15,70.0
2017-07-09 14:00:00,234.4,73.0
2017-07-09 15:00:00,237.68,71.1
2017-07-09 16:00:00,240.22,69.1
2017-07-09 17:00:00,235.65,68.0
2017-07-09 18:00:00,236.4,66.0
2017-07-09 19:00:00,233.72,64.0
2017-07-09 20:00:00,230.08,62.1
2017-07-09 21:00:00,233.95,60.1
2017-07-09 22:00:00,170.68,60.1
2017-07-09 23:00:00,169.12,59.0
2017-07-10 00:00:00,169.78,57.0
2017-07-10 01:00:00,170.75,57.0
2017-07-10 02:00:00,166.38,57.0
2017-07-10 03:00:00,169.0,55.9
2017-07-10 04:00:00,168.58,55.9
2017-07-10 05:00:00,166.9,55.9
2017-07-10 06:00:00,225.48,60.1
2017-07-10 07:00:00,229.02,61.0
2017-07-10 08:00:00,251.38,64.0
2017-07-10 09:00:00,254.68,64.9
2017-07-10 10:00:00,266.77,68.0
2017-07-10 11:00:00,263.73,70.0
2017-07-10 12:00:00,265.12,70.0
2017-07-10 13:00:00,268.0,70.0
2017-07-10 14:00:00,272.92,68.0
2017-07-10 15:00:00,269.65,66.0
2017-07-10 16:00:00,257.6,66.9
2017-07-10 17:00:00,246.78,66.0
2017-07-10 18:00:00,243.65,64.9
2017-07-10 19:00:00,240.15,63.0
2017-07-10 20:00:00,237.95,61.0
2017-07-10 21:00:00,191.3,60.1
2017-07-10 22:00:00,175.88,60.1
2017-07-10 23:00:00,174.2,60.1
2017-07-11 00:00:00,169.58,59.0
2017-07-11 01:00:00,172.35,59.0
2017-07-11 02:00:00,173.1,60.1
2017-07-11 03:00:00,171.5,55.9
2017-07-11 04:00:00,170.68,55.0
2017-07-11 05:00:00,173.8,59.0
2017-07-11 06:00:00,230.22,59.0
2017-07-11 07:00:00,235.55,61.0
2017-07-11 08:00:00,246.9,63.0
2017-07-11 09:00:00,255.9,64.9
2017-07-11 10:00:00,263.52,66.9
2017-07-11 11:00:00,268.42,69.1
2017-07-11 12:00:00,273.58,70.0
2017-07-11 13:00:00,273.74,71.1
2017-07-11 14:00:00,270.94,73.0
2017-07-11 15:00:00,266.95,72.0
2017-07-11 16:00:00,264.6,68.0
2017-07-11 17:00:00,250.35,68.0
2017-07-11 18:00:00,242.32,64.9
2017-07-11 19:00:00,238.4,62.1
2017-07-11 20:00:00,239.0,60.1
2017-07-11 21:00:00,194.7,60.1
2017-07-11 22:00:00,177.15,60.1
2017-07-11 23:00:00,175.22,59.0
2017-07-12 00:00:00,174.08,57.9
2017-07-12 01:00:00,173.62,57.9
2017-07-12 02:00:00,175.2,57.9
2017-07-12 03:00:00,175.9,60.1
2017-07-12 04:00:00,174.45,57.9
2017-07-12 05:00:00,169.4,57.0
2017-07-12 06:00:00,230.0,57.9
2017-07-12 07:00:00,230.62,63.0
2017-07-12 08:00:00,245.25,64.9
2017-07-12 09:00:00,253.28,66.0
2017-07-12 10:00:00,262.45,66.9
2017-07-12 11:00:00,265.08,69.1
2017-07-12 12:00:00,268.95,69.1
2017-07-12 13:00:00,270.18,70.0
2017-07-12 14:00:00,268.58,68.0
2017-07-12 15:00:00,271.05,68.0
2017-07-12 16:00:00,261.88,66.0
2017-07-12 17:00:00,253.72,64.9
2017-07-12 18:00:00,243.5,63.0
2017-07-12 19:00:00,236.42,61.0
2017-07-12 20:00:00,234.4,59.0
2017-07-12 21:00:00,187.15,57.9
2017-07-12 22:00:00,172.5,57.9
2017-07-12 23:00:00,170.15,57.9
2017-07-13 00:00:00,169.52,57.0
2017-07-13 01:00:00,170.72,57.9
2017-07-13 02:00:00,172.48,57.0
2017-07-13 03:00:00,174.4,57.0
2017-07-13 04:00:00,170.4,57.9
2017-07-13 05:00:00,170.7,59.0
2017-07-13 06:00:00,228.95,59.0
2017-07-13 07:00:00,228.6,60.1
2017-07-13 08:00:00,247.15,62.1
2017-07-13 09:00:00,258.27,63.0
2017-07-13 10:00:00,268.25,68.0
2017-07-13 11:00:00,263.08,72.0
2017-07-13 12:00:00,265.15,69.1
2017-07-13 13:00:00,269.18,68.0
2017-07-13 14:00:00,268.1,68.0
2017-07-13 15:00:00,267.5,66.9
2017-07-13 16:00:00,277.4,70.0
2017-07-13 17:00:00,246.55,66.9
2017-07-13 18:00:00,244.11,64.9
2017-07-13 19:00:00,240.09,62.1
2017-07-13 20:00:00,236.97,60.1
2017-07-13 21:00:00,189.91,60.1
2017-07-13 22:00:00,171.7,59.0
2017-07-13 23:00:00,169.37,57.9
2017-07-14 00:00:00,169.92,57.9
2017-07-14 01:00:00,170.78,59.0
2017-07-14 02:00:00,169.7,59.0
2017-07-14 03:00:00,169.22,59.0
2017-07-14 04:00:00,169.75,59.0
2017-07-14 05:00:00,166.3,60.1
2017-07-14 06:00:00,228.4,60.1
2017-07-14 07:00:00,230.38,61.0
2017-07-14 08:00:00,251.92,63.0
2017-07-14 09:00:00,263.7,66.0
2017-07-14 10:00:00,262.48,68.0
2017-07-14 11:00:00,263.18,72.0
2017-07-14 12:00:00,263.7,75.0
2017-07-14 13:00:00,268.12,73.0
2017-07-14 14:00:00,270.08,72.0
2017-07-14 15:00:00,266.4,71.1
2017-07-14 16:00:00,264.23,69.1
2017-07-14 17:00:00,243.1,66.9
2017-07-14 18:00:00,239.92,64.0
2017-07-14 19:00:00,233.65,62.1
2017-07-14 20:00:00,236.15,60.1
2017-07-14 21:00:00,186.02,59.0
2017-07-14 22:00:00,166.38,59.0
2017-07-14 23:00:00,166.22,59.0
2017-07-15 00:00:00,167.05,59.0
2017-07-15 01:00:00,165.52,57.9
2017-07-15 02:00:00,165.32,57.9
2017-07-15 03:00:00,164.6,57.0
2017-07-15 04:00:00,166.02,57.0
2017-07-15 05:00:00,165.65,57.0
2017-07-15 06:00:00,158.22,59.0
2017-07-15 07:00:00,177.2,64.0
2017-07-15 08:00:00,228.35,64.9
2017-07-15 09:00:00,229.88,66.9
2017-07-15 10:00:00,227.3,71.1
2017-07-15 11:00:00,234.12,73.0
2017-07-15 12:00:00,233.4,80.1
2017-07-15 13:00:00,238.55,82.9
2017-07-15 14:00:00,240.22,84.0
2017-07-15 15:00:00,236.82,82.9
2017-07-15 16:00:00,234.78,79.0
2017-07-15 17:00:00,236.98,75.0
2017-07-15 18:00:00,229.55,73.9
2017-07-15 19:00:00,230.85,70.0
2017-07-15 20:00:00,231.04,66.9
2017-07-15 21:00:00,235.39,64.9
2017-07-15 22:00:00,170.1,64.9
2017-07-15 23:00:00,171.55,64.0
2017-07-16 00:00:00,170.92,63.0
2017-07-16 01:00:00,172.15,64.0
2017-07-16 02:00:00,171.3,63.0
2017-07-16 03:00:00,172.65,62.1
2017-07-16 04:00:00,172.78,63.0
2017-07-16 05:00:00,170.6,60.1
2017-07-16 06:00:00,166.45,64.0
2017-07-16 07:00:00,194.08,70.0
2017-07-16 08:00:00,227.85,72.0
2017-07-16 09:00:00,229.68,73.9
2017-07-16 10:00:00,239.3,78.1
2017-07-16 11:00:00,238.18,82.9
2017-07-16 12:00:00,235.42,82.9
2017-07-16 13:00:00,238.6,82.0
2017-07-16 14:00:00,241.18,82.9
2017-07-16 15:00:00,242.2,84.0
2017-07-16 16:00:00,243.55,81.0
2017-07-16 17:00:00,235.0,75.9
2017-07-16 18:00:00,232.92,73.9
2017-07-16 19:00:00,235.92,71.1
2017-07-16 20:00:00,232.5,68.0
2017-07-16 21:00:00,233.0,66.0
2017-07-16 22:00:00,169.02,64.9
2017-07-16 23:00:00,169.62,66.0
2017-07-17 00:00:00,170.0,63.0
2017-07-17 01:00:00,167.18,62.1
2017-07-17 02:00:00,169.08,60.1
2017-07-17 03:00:00,169.15,61.0
2017-07-17 04:00:00,168.4,60.1
2017-07-17 05:00:00,166.95,60.1
2017-07-17 06:00:00,228.3,61.0
2017-07-17 07:00:00,228.85,64.0
2017-07-17 08:00:00,244.82,66.9
2017-07-17 09:00:00,267.85,69.1
2017-07-17 10:00:00,266.18,70.0
2017-07-17 11:00:00,273.02,70.0
2017-07-17 12:00:00,269.82,71.1
2017-07-17 13:00:00,268.55,73.0
2017-07-17 14:00:00,270.38,73.0
2017-07-17 15:00:00,264.0,73.9
2017-07-17 16:00:00,257.5,72.0
2017-07-17 17:00:00,248.58,70.0
2017-07-17 18:00:00,247.95,68.0
2017-07-17 19:00:00,240.72,64.9
2017-07-17 20:00:00,236.62,63.0
2017-07-17 21:00:00,189.45,62.1
2017-07-17 22:00:00,172.42,62.1
2017-07-17 23:00:00,173.35,60.1
2017-07-18 00:00:00,167.92,60.1
2017-07-18 01:00:00,170.12,59.0
2017-07-18 02:00:00,170.25,57.9
2017-07-18 03:00:00,170.9,57.0
2017-07-18 04:00:00,169.6,57.0
2017-07-18 05:00:00,167.98,57.0
2017-07-18 06:00:00,229.72,57.0
2017-07-18 07:00:00,229.9,57.9
2017-07-18 08:00:00,244.35,60.1
2017-07-18 09:00:00,258.32,61.0
2017-07-18 10:00:00,263.55,63.0
2017-07-18 11:00:00,264.55,63.0
2017-07-18 12:00:00,262.0,64.0
2017-07-18 13:00:00,274.18,66.9
2017-07-18 14:00:00,268.12,68.0
2017-07-18 15:00:00,274.68,68.0
2017-07-18 16:00:00,263.0,69.1
2017-07-18 17:00:00,249.6,66.0
2017-07-18 18:00:00,240.55,64.9
2017-07-18 19:00:00,236.72,63.0
2017-07-18 20:00:00,236.0,62.1
2017-07-18 21:00:00,189.68,60.1
2017-07-18 22:00:00,170.92,60.1
2017-07-18 23:00:00,168.92,60.1
2017-07-19 00:00:00,170.05,60.1
2017-07-19 01:00:00,170.35,60.1
2017-07-19 02:00:00,171.0,59.0
2017-07-19 03:00:00,170.0,57.0
2017-07-19 04:00:00,169.58,57.9
2017-07-19 05:00:00,169.2,59.0
2017-07-19 06:00:00,230.78,59.0
2017-07-19 07:00:00,233.48,60.1
2017-07-19 08:00:00,245.6,61.0
2017-07-19 09:00:00,261.8,64.0
2017-07-19 10:00:00,264.18,64.9
2017-07-19 11:00:00,266.25,66.9
2017-07-19 12:00:00,267.77,69.1
2017-07-19 13:00:00,267.77,71.1
2017-07-19 14:00:00,265.98,71.1
2017-07-19 15:00:00,263.2,71.1
2017-07-19 16:00:00,254.5,70.0
2017-07-19 17:00:00,245.45,68.0
2017-07-19 18:00:00,236.12,64.9
2017-07-19 19:00:00,239.0,63.0
2017-07-19 20:00:00,238.15,61.0
2017-07-19 21:00:00,192.55,60.1
2017-07-19 22:00:00,173.02,61.0
2017-07-19 23:00:00,170.88,57.9
2017-07-20 00:00:00,171.55,57.9
2017-07-20 01:00:00,172.45,61.0
2017-07-20 02:00:00,168.7,60.1
2017-07-20 03:00:00,169.5,60.1
2017-07-20 04:00:00,168.28,60.1
2017-07-20 05:00:00,169.6,60.1
2017-07-20 06:00:00,231.55,60.1
2017-07-20 07:00:00,229.68,60.1
2017-07-20 08:00:00,242.82,61.0
2017-07-20 09:00:00,254.22,63.0
2017-07-20 10:00:00,262.5,64.0
2017-07-20 11:00:00,266.48,64.9
2017-07-20 12:00:00,264.4,66.0
2017-07-20 13:00:00,262.52,69.1
2017-07-20 14:00:00,260.62,70.0
2017-07-20 15:00:00,267.15,69.1
2017-07-20 16:00:00,262.3,69.1
2017-07-20 17:00:00,247.98,68.0
2017-07-20 18:00:00,239.34,66.9
2017-07-20 19:00:00,233.3,64.0
2017-07-20 20:00:00,234.0,61.0
2017-07-20 21:00:00,188.3,61.0
2017-07-20 22:00:00,168.48,60.1
2017-07-20 23:00:00,167.75,61.0
2017-07-21 00:00:00,167.88,57.9
2017-07-21 01:00:00,169.65,57.0
2017-07-21 02:00:00,169.65,57.9
2017-07-21 03:00:00,169.12,59.0
2017-07-21 04:00:00,167.38,59.0
2017-07-21 05:00:00,168.3,57.9
2017-07-21 06:00:00,228.98,60.1
2017-07-21 07:00:00,229.34,60.1
2017-07-21 08:00:00,239.65,62.1
2017-07-21 09:00:00,248.22,64.9
2017-07-21 10:00:00,251.82,64.9
2017-07-21 11:00:00,259.5,68.0
2017-07-21 12:00:00,266.58,70.0
2017-07-21 13:00:00,266.32,72.0
2017-07-21 14:00:00,260.45,73.0
2017-07-21 15:00:00,258.68,72.0
2017-07-21 16:00:00,255.6,70.0
2017-07-21 17:00:00,241.45,68.0
2017-07-21 18:00:00,232.55,66.0
2017-07-21 19:00:00,232.28,63.0
2017-07-21 20:00:00,229.78,62.1
2017-07-21 21:00:00,186.4,62.1
2017-07-21 22:00:00,166.88,59.0
2017-07-21 23:00:00,167.9,61.0
2017-07-22 00:00:00,166.82,61.0
2017-07-22 01:00:00,168.05,60.1
2017-07-22 02:00:00,166.52,57.0
2017-07-22 03:00:00,167.18,57.9
2017-07-22 04:00:00,166.82,57.0
2017-07-22 05:00:00,166.68,57.0
2017-07-22 06:00:00,161.8,57.9
2017-07-22 07:00:00,179.1,64.0
2017-07-22 08:00:00,227.32,66.0
2017-07-22 09:00:00,226.25,68.0
2017-07-22 10:00:00,220.7,69.1
2017-07-22 11:00:00,232.08,72.0
2017-07-22 12:00:00,232.7,77.0
2017-07-22 13:00:00,229.62,80.1
2017-07-22 14:00:00,230.38,79.0
2017-07-22 15:00:00,231.15,81.0
2017-07-22 16:00:00,232.0,80.1
2017-07-22 17:00:00,229.9,82.0
2017-07-22 18:00:00,231.48,75.9
2017-07-22 19:00:00,226.82,71.1
2017-07-22 20:00:00,230.72,68.0
2017-07-22 21:00:00,229.85,66.9
2017-07-22 22:00:00,168.86,64.9
2017-07-22 23:00:00,166.28,64.0
2017-07-23 00:00:00,169.95,64.0
2017-07-23 01:00:00,167.98,62.1
2017-07-23 02:00:00,166.88,62.1
2017-07-23 03:00:00,165.8,62.1
2017-07-23 04:00:00,165.75,60.1
2017-07-23 05:00:00,164.6,60.1
2017-07-23 06:00:00,161.45,61.0
2017-07-23 07:00:00,190.78,64.9
2017-07-23 08:00:00,221.85,66.9
2017-07-23 09:00:00,229.32,69.1
2017-07-23 10:00:00,231.35,69.1
2017-07-23 11:00:00,232.28,71.1
2017-07-23 12:00:00,233.15,72.0
2017-07-23 13:00:00,232.8,72.0
2017-07-23 14:00:00,231.32,71.1
2017-07-23 15:00:00,226.55,70.0
2017-07-23 16:00:00,230.15,70.0
2017-07-23 17:00:00,230.45,66.9
2017-07-23 18:00:00,228.85,64.9
2017-07-23 19:00:00,228.58,61.0
2017-07-23 20:00:00,232.45,60.1
2017-07-23 21:00:00,233.9,60.1
2017-07-23 22:00:00,167.65,59.0
2017-07-23 23:00:00,164.98,59.0
2017-07-24 00:00:00,166.5,59.0
2017-07-24 01:00:00,166.82,57.0
2017-07-24 02:00:00,167.5,57.0
2017-07-24 03:00:00,163.92,57.9
2017-07-24 04:00:00,163.55,60.1
2017-07-24 05:00:00,164.95,60.1
2017-07-24 06:00:00,227.52,60.1
2017-07-24 07:00:00,231.02,62.1
2017-07-24 08:00:00,239.18,64.0
2017-07-24 09:00:00,253.8,64.9
2017-07-24 10:00:00,255.62,69.1
2017-07-24 11:00:00,255.3,72.0
2017-07-24 12:00:00,261.12,73.9
2017-07-24 13:00:00,262.1,73.9
2017-07-24 14:00:00,264.58,73.9
2017-07-24 15:00:00,255.2,73.9
2017-07-24 16:00:00,249.82,72.0
2017-07-24 17:00:00,239.25,71.1
2017-07-24 18:00:00,239.8,66.9
2017-07-24 19:00:00,231.7,66.0
2017-07-24 20:00:00,234.58,63.0
2017-07-24 21:00:00,188.62,62.1
2017-07-24 22:00:00,170.68,61.0
2017-07-24 23:00:00,168.72,61.0
2017-07-25 00:00:00,167.85,60.1
2017-07-25 01:00:00,167.2,60.1
2017-07-25 02:00:00,168.32,59.0
2017-07-25 03:00:00,169.12,57.9
2017-07-25 04:00:00,168.85,61.0
2017-07-25 05:00:00,168.24,62.1
2017-07-25 06:00:00,231.02,63.0
2017-07-25 07:00:00,233.8,64.0
2017-07-25 08:00:00,248.8,66.0
2017-07-25 09:00:00,255.55,66.9
2017-07-25 10:00:00,260.88,72.0
2017-07-25 11:00:00,263.55,70.0
2017-07-25 12:00:00,260.73,70.0
2017-07-25 13:00:00,260.05,71.1
2017-07-25 14:00:00,262.48,71.1
2017-07-25 15:00:00,255.9,71.1
2017-07-25 16:00:00,255.2,69.1
2017-07-25 17:00:00,242.82,66.9
2017-07-25 18:00:00,240.52,64.9
2017-07-25 19:00:00,234.15,63.0
2017-07-25 20:00:00,237.55,61.0
2017-07-25 21:00:00,190.92,60.1
2017-07-25 22:00:00,170.85,59.0
2017-07-25 23:00:00,170.35,59.0
2017-07-26 00:00:00,169.71,57.9
2017-07-26 01:00:00,168.36,57.9
2017-07-26 02:00:00,171.82,57.9
2017-07-26 03:00:00,170.28,57.9
2017-07-26 04:00:00,168.92,59.0
2017-07-26 05:00:00,173.08,60.1
2017-07-26 06:00:00,231.35,59.0
2017-07-26 07:00:00,229.75,59.0
2017-07-26 08:00:00,246.48,59.0
2017-07-26 09:00:00,252.12,61.0
2017-07-26 10:00:00,259.5,62.1
2017-07-26 11:00:00,259.55,64.9
2017-07-26 12:00:00,265.12,66.0
2017-07-26 13:00:00,265.18,69.1
2017-07-26 14:00:00,269.1,70.0
2017-07-26 15:00:00,269.0,69.1
2017-07-26 16:00:00,257.32,68.0
2017-07-26 17:00:00,248.32,66.0
2017-07-26 18:00:00,239.88,64.0
2017-07-26 19:00:00,237.25,62.1
2017-07-26 20:00:00,235.1,59.0
2017-07-26 21:00:00,187.65,57.9
2017-07-26 22:00:00,170.75,57.0
2017-07-26 23:00:00,167.65,57.9
2017-07-27 00:00:00,169.55,57.0
2017-07-27 01:00:00,168.68,55.9
2017-07-27 02:00:00,166.2,55.9
2017-07-27 03:00:00,164.6,57.0
2017-07-27 04:00:00,165.15,55.9
2017-07-27 05:00:00,166.65,55.9
2017-07-27 06:00:00,229.0,55.9
2017-07-27 07:00:00,230.32,57.0
2017-07-27 08:00:00,247.15,57.9
2017-07-27 09:00:00,248.65,61.0
2017-07-27 10:00:00,257.05,63.0
2017-07-27 11:00:00,261.38,66.9
2017-07-27 12:00:00,262.52,71.1
2017-07-27 13:00:00,259.32,75.0
2017-07-27 14:00:00,262.77,73.9
2017-07-27 15:00:00,264.58,72.0
2017-07-27 16:00:00,251.7,70.0
2017-07-27 17:00:00,246.15,68.0
2017-07-27 18:00:00,240.12,66.9
2017-07-27 19:00:00,234.5,64.0
2017-07-27 20:00:00,230.3,62.1
2017-07-27 21:00:00,188.88,61.0
2017-07-27 22:00:00,173.68,61.0
2017-07-27 23:00:00,169.32,60.1
2017-07-28 00:00:00,167.48,57.9
2017-07-28 01:00:00,167.48,57.9
2017-07-28 02:00:00,167.35,57.0
2017-07-28 03:00:00,168.72,57.0
2017-07-28 04:00:00,170.4,57.0
2017-07-28 05:00:00,168.05,57.0
2017-07-28 06:00:00,227.78,55.9
2017-07-28 07:00:00,230.1,57.0
2017-07-28 08:00:00,243.45,57.9
2017-07-28 09:00:00,250.1,60.1
2017-07-28 10:00:00,257.05,63.0
2017-07-28 11:00:00,259.6,64.9
2017-07-28 12:00:00,257.85,64.0
2017-07-28 13:00:00,258.48,66.9
2017-07-28 14:00:00,258.9,64.9
2017-07-28 15:00:00,255.6,64.9
2017-07-28 16:00:00,254.2,64.0
2017-07-28 17:00:00,245.32,63.0
2017-07-28 18:00:00,233.58,61.0
2017-07-28 19:00:00,230.15,59.0
2017-07-28 20:00:00,228.88,59.0
2017-07-28 21:00:00,187.28,57.0
2017-07-28 22:00:00,167.92,57.0
2017-07-28 23:00:00,169.65,57.0
2017-07-29 00:00:00,169.1,55.0
2017-07-29 01:00:00,168.1,55.0
2017-07-29 02:00:00,168.58,57.9
2017-07-29 03:00:00,167.12,55.0
2017-07-29 04:00:00,168.1,55.9
2017-07-29 05:00:00,166.78,57.9
2017-07-29 06:00:00,164.08,57.0
2017-07-29 07:00:00,181.08,59.0
2017-07-29 08:00:00,223.22,60.1
2017-07-29 09:00:00,223.55,61.0
2017-07-29 10:00:00,223.35,63.0
2017-07-29 11:00:00,225.75,63.0
2017-07-29 12:00:00,228.68,64.9
2017-07-29 13:00:00,228.2,64.0
2017-07-29 14:00:00,229.85,66.0
2017-07-29 15:00:00,230.45,64.0
2017-07-29 16:00:00,229.95,63.0
2017-07-29 17:00:00,227.72,63.0
2017-07-29 18:00:00,225.7,59.0
2017-07-29 19:00:00,227.12,57.0
2017-07-29 20:00:00,228.92,55.0
2017-07-29 21:00:00,232.62,55.0
2017-07-29 22:00:00,164.9,55.9
2017-07-29 23:00:00,164.42,55.0
2017-07-30 00:00:00,164.38,55.0
2017-07-30 01:00:00,162.5,55.9
2017-07-30 02:00:00,162.72,55.9
2017-07-30 03:00:00,161.68,55.9
2017-07-30 04:00:00,163.68,57.0
2017-07-30 05:00:00,162.75,57.0
2017-07-30 06:00:00,158.28,57.0
2017-07-30 07:00:00,176.55,57.0
2017-07-30 08:00:00,221.75,57.9
2017-07-30 09:00:00,220.58,60.1
2017-07-30 10:00:00,221.8,62.1
2017-07-30 11:00:00,223.85,66.0
2017-07-30 12:00:00,225.3,69.1
2017-07-30 13:00:00,231.25,66.9
2017-07-30 14:00:00,230.92,69.1
2017-07-30 15:00:00,228.98,70.0
2017-07-30 16:00:00,228.02,68.0
2017-07-30 17:00:00,224.6,66.9
2017-07-30 18:00:00,225.02,64.0
2017-07-30 19:00:00,224.65,61.0
2017-07-30 20:00:00,231.6,59.0
2017-07-30 21:00:00,229.0,57.9
2017-07-30 22:00:00,165.4,57.9
2017-07-30 23:00:00,162.05,57.9
2017-07-31 00:00:00,164.78,57.9
2017-07-31 01:00:00,162.32,57.9
2017-07-31 02:00:00,164.08,57.9
2017-07-31 03:00:00,163.32,57.9
2017-07-31 04:00:00,164.35,57.0
2017-07-31 05:00:00,164.15,57.0
2017-07-31 06:00:00,223.7,57.0
2017-07-31 07:00:00,224.1,57.9
2017-07-31 08:00:00,238.52,59.0
2017-07-31 09:00:00,247.5,62.1
2017-07-31 10:00:00,254.6,64.0
2017-07-31 11:00:00,255.6,64.0
2017-07-31 12:00:00,267.25,68.0
2017-07-31 13:00:00,264.95,69.1
2017-07-31 14:00:00,262.88,69.1
2017-07-31 15:00:00,263.2,69.1
2017-07-31 16:00:00,258.35,68.0
2017-07-31 17:00:00,239.38,66.0
2017-07-31 18:00:00,238.25,62.1
2017-07-31 19:00:00,229.62,60.1
2017-07-31 20:00:00,234.48,57.9
2017-07-31 21:00:00,184.68,57.0
2017-07-31 22:00:00,170.15,57.0
2017-07-31 23:00:00,166.7,57.0
2017-08-01 00:00:00,164.52,55.9
2017-08-01 01:00:00,166.32,55.9
2017-08-01 02:00:00,165.18,55.0
2017-08-01 03:00:00,165.45,55.9
2017-08-01 04:00:00,166.3,55.0
2017-08-01 05:00:00,165.0,54.0
2017-08-01 06:00:00,226.28,55.0
2017-08-01 07:00:00,230.12,59.0
2017-08-01 08:00:00,240.8,60.1
2017-08-01 09:00:00,252.88,62.1
2017-08-01 10:00:00,258.45,64.9
2017-08-01 11:00:00,267.1,68.0
2017-08-01 12:00:00,268.35,73.0
2017-08-01 13:00:00,269.25,73.9
2017-08-01 14:00:00,259.95,73.0
2017-08-01 15:00:00,263.18,73.0
2017-08-01 16:00:00,254.18,71.1
2017-08-01 17:00:00,241.0,69.1
2017-08-01 18:00:00,235.7,66.9
2017-08-01 19:00:00,232.45,64.0
2017-08-01 20:00:00,231.75,62.1
2017-08-01 21:00:00,186.85,62.1
2017-08-01 22:00:00,172.0,61.0
2017-08-01 23:00:00,169.55,61.0
2017-08-02 00:00:00,170.02,60.1
2017-08-02 01:00:00,169.7,60.1
2017-08-02 02:00:00,171.2,60.1
2017-08-02 03:00:00,169.62,59.0
2017-08-02 04:00:00,168.08,57.9
2017-08-02 05:00:00,168.85,59.0
2017-08-02 06:00:00,226.92,59.0
2017-08-02 07:00:00,230.7,61.0
2017-08-02 08:00:00,242.55,64.0
2017-08-02 09:00:00,260.68,68.0
2017-08-02 10:00:00,262.88,70.0
2017-08-02 11:00:00,272.02,73.0
2017-08-02 12:00:00,260.68,73.0
2017-08-02 13:00:00,268.68,75.9
2017-08-02 14:00:00,266.48,81.0
2017-08-02 15:00:00,251.95,82.9
2017-08-02 16:00:00,244.72,75.9
2017-08-02 17:00:00,237.62,72.0
2017-08-02 18:00:00,236.75,72.0
2017-08-02 19:00:00,228.02,66.0
2017-08-02 20:00:00,231.28,64.0
2017-08-02 21:00:00,184.02,62.1
2017-08-02 22:00:00,168.42,63.0
2017-08-02 23:00:00,167.85,63.0
2017-08-03 00:00:00,165.98,63.0
2017-08-03 01:00:00,164.12,64.9
2017-08-03 02:00:00,169.78,64.0
2017-08-03 03:00:00,164.1,64.9
2017-08-03 04:00:00,169.95,64.0
2017-08-03 05:00:00,170.35,64.0
2017-08-03 06:00:00,223.28,64.9
2017-08-03 07:00:00,223.9,66.9
2017-08-03 08:00:00,244.6,69.1
2017-08-03 09:00:00,257.23,72.0
2017-08-03 10:00:00,270.55,73.0
2017-08-03 11:00:00,269.12,73.9
2017-08-03 12:00:00,264.0,75.0
2017-08-03 13:00:00,269.77,70.0
2017-08-03 14:00:00,266.4,71.1
2017-08-03 15:00:00,264.08,72.0
2017-08-03 16:00:00,260.45,73.0
2017-08-03 17:00:00,251.0,72.0
2017-08-03 18:00:00,242.52,70.0
2017-08-03 19:00:00,240.22,68.0
2017-08-03 20:00:00,241.55,66.9
2017-08-03 21:00:00,196.4,70.0
2017-08-03 22:00:00,181.7,70.0
2017-08-03 23:00:00,177.18,71.1
2017-08-04 00:00:00,179.38,71.1
2017-08-04 01:00:00,176.48,71.1
2017-08-04 02:00:00,173.15,70.0
2017-08-04 03:00:00,177.62,70.0
2017-08-04 04:00:00,178.2,66.9
2017-08-04 05:00:00,174.65,69.1
2017-08-04 06:00:00,232.28,68.0
2017-08-04 07:00:00,228.6,66.9
2017-08-04 08:00:00,247.55,66.0
2017-08-04 09:00:00,259.45,66.9
2017-08-04 10:00:00,257.1,69.1
2017-08-04 11:00:00,267.48,69.1
2017-08-04 12:00:00,264.25,68.0
2017-08-04 13:00:00,261.18,68.0
2017-08-04 14:00:00,266.38,66.9
2017-08-04 15:00:00,265.05,66.9
2017-08-04 16:00:00,269.0,66.9
2017-08-04 17:00:00,249.8,73.0
2017-08-04 18:00:00,239.25,70.0
2017-08-04 19:00:00,239.68,66.9
2017-08-04 20:00:00,239.45,64.9
2017-08-04 21:00:00,187.98,64.0
2017-08-04 22:00:00,171.62,63.0
2017-08-04 23:00:00,170.62,62.1
2017-08-05 00:00:00,169.85,61.0
2017-08-05 01:00:00,170.38,61.0
2017-08-05 02:00:00,169.85,60.1
2017-08-05 03:00:00,169.75,60.1
2017-08-05 04:00:00,167.34,60.1
2017-08-05 05:00:00,168.12,60.1
2017-08-05 06:00:00,166.78,61.0
2017-08-05 07:00:00,180.52,62.1
2017-08-05 08:00:00,226.25,62.1
2017-08-05 09:00:00,234.85,63.0
2017-08-05 10:00:00,227.85,64.0
2017-08-05 11:00:00,237.28,66.9
2017-08-05 12:00:00,235.28,70.0
2017-08-05 13:00:00,232.6,71.1
2017-08-05 14:00:00,235.32,71.1
2017-08-05 15:00:00,239.45,70.0
2017-08-05 16:00:00,235.92,70.0
2017-08-05 17:00:00,232.18,66.9
2017-08-05 18:00:00,226.65,64.0
2017-08-05 19:00:00,233.29,62.1
2017-08-05 20:00:00,232.25,62.1
2017-08-05 21:00:00,233.7,62.1
2017-08-05 22:00:00,171.55,62.1
2017-08-05 23:00:00,169.75,61.0
2017-08-06 00:00:00,166.7,61.0
2017-08-06 01:00:00,165.62,61.0
2017-08-06 02:00:00,167.22,62.1
2017-08-06 03:00:00,166.68,61.0
2017-08-06 04:00:00,166.3,60.1
2017-08-06 05:00:00,166.55,60.1
2017-08-06 06:00:00,162.43,60.1
2017-08-06 07:00:00,176.82,62.1
2017-08-06 08:00:00,227.82,62.1
2017-08-06 09:00:00,227.22,63.0
2017-08-06 10:00:00,228.7,62.1
2017-08-06 11:00:00,229.38,64.9
2017-08-06 12:00:00,230.22,66.9
2017-08-06 13:00:00,235.52,69.1
2017-08-06 14:00:00,231.82,69.1
2017-08-06 15:00:00,235.2,69.1
2017-08-06 16:00:00,230.95,68.0
2017-08-06 17:00:00,228.58,66.0
2017-08-06 18:00:00,228.02,64.0
2017-08-06 19:00:00,226.22,63.0
2017-08-06 20:00:00,230.98,62.1
2017-08-06 21:00:00,232.78,61.0
2017-08-06 22:00:00,166.08,62.1
2017-08-06 23:00:00,167.79,62.1
2017-08-07 00:00:00,163.23,62.1
2017-08-07 01:00:00,162.75,62.1
2017-08-07 02:00:00,164.12,62.1
2017-08-07 03:00:00,163.38,62.1
2017-08-07 04:00:00,162.57,62.1
2017-08-07 05:00:00,161.57,61.0
2017-08-07 06:00:00,227.05,61.0
2017-08-07 07:00:00,226.85,62.1
2017-08-07 08:00:00,236.98,62.1
2017-08-07 09:00:00,250.6,63.0
2017-08-07 10:00:00,252.78,63.0
2017-08-07 11:00:00,257.2,64.0
2017-08-07 12:00:00,263.88,66.9
2017-08-07 13:00:00,267.52,66.9
2017-08-07 14:00:00,266.58,69.1
2017-08-07 15:00:00,262.48,69.1
2017-08-07 16:00:00,259.88,66.9
2017-08-07 17:00:00,248.9,66.0
2017-08-07 18:00:00,242.44,64.9
2017-08-07 19:00:00,234.05,63.0
2017-08-07 20:00:00,236.0,62.1
2017-08-07 21:00:00,185.4,62.1
2017-08-07 22:00:00,165.12,61.0
2017-08-07 23:00:00,166.82,61.0
2017-08-08 00:00:00,164.72,61.0
2017-08-08 01:00:00,166.45,61.0
2017-08-08 02:00:00,164.82,60.1
2017-08-08 03:00:00,166.0,59.0
2017-08-08 04:00:00,164.2,59.0
2017-08-08 05:00:00,171.08,59.0
2017-08-08 06:00:00,226.45,59.0
2017-08-08 07:00:00,224.8,59.0
2017-08-08 08:00:00,241.02,60.1
2017-08-08 09:00:00,251.38,61.0
2017-08-08 10:00:00,255.3,62.1
2017-08-08 11:00:00,254.12,64.0
2017-08-08 12:00:00,264.42,66.0
2017-08-08 13:00:00,253.1,66.9
2017-08-08 14:00:00,257.7,68.0
2017-08-08 15:00:00,255.28,66.9
2017-08-08 16:00:00,257.35,66.0
2017-08-08 17:00:00,237.9,64.9
2017-08-08 18:00:00,234.48,63.0
2017-08-08 19:00:00,225.82,61.0
2017-08-08 20:00:00,230.18,61.0
2017-08-08 21:00:00,184.2,60.1
2017-08-08 22:00:00,166.18,60.1
2017-08-08 23:00:00,165.58,60.1
2017-08-09 00:00:00,164.5,59.0
2017-08-09 01:00:00,164.48,59.0
2017-08-09 02:00:00,165.0,59.0
2017-08-09 03:00:00,164.38,57.9
2017-08-09 04:00:00,165.98,57.9
2017-08-09 05:00:00,171.85,57.9
2017-08-09 06:00:00,230.2,57.9
2017-08-09 07:00:00,228.55,57.9
2017-08-09 08:00:00,242.8,59.0
2017-08-09 09:00:00,251.4,59.0
2017-08-09 10:00:00,258.77,60.1
2017-08-09 11:00:00,259.02,61.0
2017-08-09 12:00:00,261.1,62.1
2017-08-09 13:00:00,267.3,63.0
2017-08-09 14:00:00,268.15,64.9
2017-08-09 15:00:00,266.92,64.0
2017-08-09 16:00:00,264.48,64.9
2017-08-09 17:00:00,248.68,63.0
2017-08-09 18:00:00,236.22,62.1
2017-08-09 19:00:00,235.85,62.1
2017-08-09 20:00:00,240.4,61.0
2017-08-09 21:00:00,187.82,61.0
2017-08-09 22:00:00,167.35,61.0
2017-08-09 23:00:00,170.0,60.1
2017-08-10 00:00:00,167.3,60.1
2017-08-10 01:00:00,169.38,60.1
2017-08-10 02:00:00,169.58,60.1
2017-08-10 03:00:00,166.9,59.0
2017-08-10 04:00:00,166.32,59.0
2017-08-10 05:00:00,170.42,59.0
2017-08-10 06:00:00,230.32,59.0
2017-08-10 07:00:00,229.7,59.0
2017-08-10 08:00:00,252.92,59.0
2017-08-10 09:00:00,250.28,60.1
2017-08-10 10:00:00,258.45,61.0
2017-08-10 11:00:00,256.55,63.0
2017-08-10 12:00:00,265.9,64.0
2017-08-10 13:00:00,262.05,64.9
2017-08-10 14:00:00,265.18,66.9
2017-08-10 15:00:00,261.14,66.9
2017-08-10 16:00:00,262.0,66.0
2017-08-10 17:00:00,240.82,64.9
2017-08-10 18:00:00,237.72,62.1
2017-08-10 19:00:00,232.6,60.1
2017-08-10 20:00:00,234.1,60.1
2017-08-10 21:00:00,183.4,60.1
2017-08-10 22:00:00,167.52,60.1
2017-08-10 23:00:00,166.95,59.0
2017-08-11 00:00:00,167.6,59.0
2017-08-11 01:00:00,166.0,59.0
2017-08-11 02:00:00,165.88,59.0
2017-08-11 03:00:00,166.82,57.9
2017-08-11 04:00:00,165.28,57.9
2017-08-11 05:00:00,176.35,57.9
2017-08-11 06:00:00,230.15,57.9
2017-08-11 07:00:00,228.12,57.9
2017-08-11 08:00:00,242.65,59.0
2017-08-11 09:00:00,253.2,59.0
2017-08-11 10:00:00,253.22,61.0
2017-08-11 11:00:00,255.25,63.0
2017-08-11 12:00:00,259.02,66.0
2017-08-11 13:00:00,254.58,68.0
2017-08-11 14:00:00,255.92,68.0
2017-08-11 15:00:00,257.88,66.9
2017-08-11 16:00:00,250.45,66.0
2017-08-11 17:00:00,242.02,66.0
2017-08-11 18:00:00,232.75,64.0
2017-08-11 19:00:00,228.32,62.1
2017-08-11 20:00:00,233.02,61.0
2017-08-11 21:00:00,183.45,60.1
2017-08-11 22:00:00,164.7,60.1
2017-08-11 23:00:00,165.05,60.1
2017-08-12 00:00:00,164.58,60.1
2017-08-12 01:00:00,164.15,60.1
2017-08-12 02:00:00,166.65,60.1
2017-08-12 03:00:00,165.85,59.0
2017-08-12 04:00:00,164.9,57.9
2017-08-12 05:00:00,165.25,57.9
2017-08-12 06:00:00,161.35,57.9
2017-08-12 07:00:00,174.95,57.9
2017-08-12 08:00:00,224.65,60.1
2017-08-12 09:00:00,228.9,57.9
2017-08-12 10:00:00,228.08,59.0
2017-08-12 11:00:00,227.08,60.1
2017-08-12 12:00:00,225.75,62.1
2017-08-12 13:00:00,229.4,64.0
2017-08-12 14:00:00,231.52,64.9
2017-08-12 15:00:00,229.72,64.9
2017-08-12 16:00:00,229.82,63.0
2017-08-12 17:00:00,228.15,62.1
2017-08-12 18:00:00,228.81,61.0
2017-08-12 19:00:00,227.3,60.1
2017-08-12 20:00:00,230.6,60.1
2017-08-12 21:00:00,233.65,59.0
2017-08-12 22:00:00,164.7,57.9
2017-08-12 23:00:00,165.02,59.0
2017-08-13 00:00:00,163.9,59.0
2017-08-13 01:00:00,164.35,59.0
2017-08-13 02:00:00,165.08,57.9
2017-08-13 03:00:00,163.38,57.0
2017-08-13 04:00:00,163.8,57.0
2017-08-13 05:00:00,164.45,57.0
2017-08-13 06:00:00,161.8,57.0
2017-08-13 07:00:00,174.82,57.0
2017-08-13 08:00:00,225.5,59.0
2017-08-13 09:00:00,223.98,60.1
2017-08-13 10:00:00,223.55,61.0
2017-08-13 11:00:00,223.1,63.0
2017-08-13 12:00:00,231.32,64.9
2017-08-13 13:00:00,230.75,66.9
2017-08-13 14:00:00,231.25,66.0
2017-08-13 15:00:00,229.95,66.9
2017-08-13 16:00:00,232.2,66.0
2017-08-13 17:00:00,231.3,64.9
2017-08-13 18:00:00,227.5,64.0
2017-08-13 19:00:00,229.38,63.0
2017-08-13 20:00:00,237.48,63.0
2017-08-13 21:00:00,231.25,62.1
2017-08-13 22:00:00,166.02,61.0
2017-08-13 23:00:00,166.2,61.0
2017-08-14 00:00:00,166.55,61.0
2017-08-14 01:00:00,163.0,60.1
2017-08-14 02:00:00,168.48,60.1
2017-08-14 03:00:00,167.65,60.1
2017-08-14 04:00:00,166.88,60.1
2017-08-14 05:00:00,165.15,59.0
2017-08-14 06:00:00,230.0,57.9
2017-08-14 07:00:00,227.1,57.0
2017-08-14 08:00:00,238.32,57.9
2017-08-14 09:00:00,247.6,59.0
2017-08-14 10:00:00,249.98,60.1
2017-08-14 11:00:00,250.72,61.0
2017-08-14 12:00:00,257.65,62.1
2017-08-14 13:00:00,255.65,62.1
2017-08-14 14:00:00,250.82,62.1
2017-08-14 15:00:00,252.94,63.0
2017-08-14 16:00:00,248.98,62.1
2017-08-14 17:00:00,235.25,61.0
2017-08-14 18:00:00,230.52,61.0
2017-08-14 19:00:00,230.35,60.1
2017-08-14 20:00:00,234.38,60.1
2017-08-14 21:00:00,185.3,60.1
2017-08-14 22:00:00,167.75,60.1
2017-08-14 23:00:00,165.02,60.1
2017-08-15 00:00:00,165.92,59.0
2017-08-15 01:00:00,164.58,59.0
2017-08-15 02:00:00,164.05,59.0
2017-08-15 03:00:00,162.25,60.1
2017-08-15 04:00:00,163.5,59.0
2017-08-15 05:00:00,164.32,57.9
2017-08-15 06:00:00,229.85,59.0
2017-08-15 07:00:00,227.48,60.1
2017-08-15 08:00:00,233.08,61.0
2017-08-15 09:00:00,248.35,63.0
2017-08-15 10:00:00,257.1,63.0
2017-08-15 11:00:00,255.6,64.0
2017-08-15 12:00:00,256.45,64.9
2017-08-15 13:00:00,254.95,64.9
2017-08-15 14:00:00,260.12,64.9
2017-08-15 15:00:00,257.15,66.9
2017-08-15 16:00:00,256.3,63.0
2017-08-15 17:00:00,237.15,63.0
2017-08-15 18:00:00,233.5,61.0
2017-08-15 19:00:00,229.2,59.0
2017-08-15 20:00:00,234.32,59.0
2017-08-15 21:00:00,181.82,59.0
2017-08-15 22:00:00,165.55,59.0
2017-08-15 23:00:00,164.22,60.1
2017-08-16 00:00:00,163.32,59.0
2017-08-16 01:00:00,164.38,60.1
2017-08-16 02:00:00,163.52,61.0
2017-08-16 03:00:00,165.22,61.0
2017-08-16 04:00:00,164.3,61.0
2017-08-16 05:00:00,164.08,60.1
2017-08-16 06:00:00,227.72,61.0
2017-08-16 07:00:00,226.8,62.1
2017-08-16 08:00:00,248.78,63.0
2017-08-16 09:00:00,249.18,64.0
2017-08-16 10:00:00,256.7,66.9
2017-08-16 11:00:00,253.28,66.9
2017-08-16 12:00:00,260.1,68.0
2017-08-16 13:00:00,260.52,71.1
2017-08-16 14:00:00,262.45,71.1
2017-08-16 15:00:00,257.12,70.0
2017-08-16 16:00:00,259.3,69.1
2017-08-16 17:00:00,237.65,66.9
2017-08-16 18:00:00,232.75,64.9
2017-08-16 19:00:00,231.52,62.1
2017-08-16 20:00:00,233.45,61.0
2017-08-16 21:00:00,184.35,61.0
2017-08-16 22:00:00,168.35,61.0
2017-08-16 23:00:00,168.6,60.1
2017-08-17 00:00:00,168.22,60.1
2017-08-17 01:00:00,167.5,61.0
2017-08-17 02:00:00,168.58,61.0
2017-08-17 03:00:00,168.4,61.0
2017-08-17 04:00:00,166.7,61.0
2017-08-17 05:00:00,176.35,61.0
2017-08-17 06:00:00,228.45,62.1
2017-08-17 07:00:00,229.95,62.1
2017-08-17 08:00:00,239.48,63.0
2017-08-17 09:00:00,253.15,64.0
2017-08-17 10:00:00,260.88,64.9
2017-08-17 11:00:00,256.32,66.9
2017-08-17 12:00:00,260.48,69.1
2017-08-17 13:00:00,268.08,70.0
2017-08-17 14:00:00,262.18,71.1
2017-08-17 15:00:00,257.95,70.0
2017-08-17 16:00:00,258.98,69.1
2017-08-17 17:00:00,240.85,66.9
2017-08-17 18:00:00,234.88,64.9
2017-08-17 19:00:00,227.7,63.0
2017-08-17 20:00:00,232.15,62.1
2017-08-17 21:00:00,186.52,61.0
2017-08-17 22:00:00,169.55,61.0
2017-08-17 23:00:00,167.48,60.1
2017-08-18 00:00:00,166.58,60.1
2017-08-18 01:00:00,164.98,60.1
2017-08-18 02:00:00,166.45,60.1
2017-08-18 03:00:00,164.65,60.1
2017-08-18 04:00:00,165.7,60.1
2017-08-18 05:00:00,166.75,60.1
2017-08-18 06:00:00,230.95,61.0
2017-08-18 07:00:00,227.28,61.0
2017-08-18 08:00:00,250.42,62.1
2017-08-18 09:00:00,253.98,63.0
2017-08-18 10:00:00,255.28,64.9
2017-08-18 11:00:00,258.75,68.0
2017-08-18 12:00:00,257.35,69.1
2017-08-18 13:00:00,252.25,70.0
2017-08-18 14:00:00,263.95,70.0
2017-08-18 15:00:00,263.25,69.1
2017-08-18 16:00:00,253.7,66.9
2017-08-18 17:00:00,241.85,64.9
2017-08-18 18:00:00,235.32,63.0
2017-08-18 19:00:00,228.95,62.1
2017-08-18 20:00:00,235.62,61.0
2017-08-18 21:00:00,183.2,60.1
2017-08-18 22:00:00,165.0,62.1
2017-08-18 23:00:00,165.1,60.1
2017-08-19 00:00:00,167.35,60.1
2017-08-19 01:00:00,165.12,60.1
2017-08-19 02:00:00,163.76,60.1
2017-08-19 03:00:00,165.2,60.1
2017-08-19 04:00:00,163.35,61.0
2017-08-19 05:00:00,164.68,61.0
2017-08-19 06:00:00,162.4,61.0
2017-08-19 07:00:00,177.75,61.0
2017-08-19 08:00:00,222.3,61.0
2017-08-19 09:00:00,223.75,61.0
2017-08-19 10:00:00,225.28,62.1
2017-08-19 11:00:00,221.98,64.9
2017-08-19 12:00:00,227.35,68.0
2017-08-19 13:00:00,225.58,69.1
2017-08-19 14:00:00,224.1,68.0
2017-08-19 15:00:00,227.42,69.1
2017-08-19 16:00:00,225.32,68.0
2017-08-19 17:00:00,225.18,66.0
2017-08-19 18:00:00,222.7,64.0
2017-08-19 19:00:00,224.22,63.0
2017-08-19 20:00:00,228.38,62.1
2017-08-19 21:00:00,227.9,62.1
2017-08-19 22:00:00,164.6,61.0
2017-08-19 23:00:00,164.5,60.1
2017-08-20 00:00:00,164.22,61.0
2017-08-20 01:00:00,166.0,62.1
2017-08-20 02:00:00,165.02,62.1
2017-08-20 03:00:00,164.5,62.1
2017-08-20 04:00:00,165.55,62.1
2017-08-20 05:00:00,166.18,62.1
2017-08-20 06:00:00,162.88,61.0
2017-08-20 07:00:00,176.9,62.1
2017-08-20 08:00:00,222.52,63.0
2017-08-20 09:00:00,221.28,64.9
2017-08-20 10:00:00,222.85,66.9
2017-08-20 11:00:00,222.7,69.1
2017-08-20 12:00:00,230.58,72.0
2017-08-20 13:00:00,231.88,72.0
2017-08-20 14:00:00,227.95,73.0
2017-08-20 15:00:00,224.78,71.1
2017-08-20 16:00:00,227.02,71.1
2017-08-20 17:00:00,230.5,68.0
2017-08-20 18:00:00,233.4,66.9
2017-08-20 19:00:00,226.65,63.0
2017-08-20 20:00:00,234.6,63.0
2017-08-20 21:00:00,232.2,62.1
2017-08-20 22:00:00,168.1,62.1
2017-08-20 23:00:00,169.2,63.0
2017-08-21 00:00:00,165.75,62.1
2017-08-21 01:00:00,168.0,63.0
2017-08-21 02:00:00,165.32,63.0
2017-08-21 03:00:00,165.0,63.0
2017-08-21 04:00:00,163.82,63.0
2017-08-21 05:00:00,164.32,63.0
2017-08-21 06:00:00,231.02,63.0
2017-08-21 07:00:00,227.68,63.0
2017-08-21 08:00:00,243.58,64.9
2017-08-21 09:00:00,250.48,64.9
2017-08-21 10:00:00,256.05,66.0
2017-08-21 11:00:00,259.52,68.0
2017-08-21 12:00:00,260.1,69.1
2017-08-21 13:00:00,255.48,71.1
2017-08-21 14:00:00,260.4,72.0
2017-08-21 15:00:00,255.08,71.1
2017-08-21 16:00:00,252.08,70.0
2017-08-21 17:00:00,240.1,66.9
2017-08-21 18:00:00,235.58,66.0
2017-08-21 19:00:00,235.82,64.0
2017-08-21 20:00:00,234.05,64.0
2017-08-21 21:00:00,186.62,63.0
2017-08-21 22:00:00,170.95,64.0
2017-08-21 23:00:00,167.88,61.0
2017-08-22 00:00:00,167.42,60.1
2017-08-22 01:00:00,168.12,59.0
2017-08-22 02:00:00,167.05,60.1
2017-08-22 03:00:00,166.28,62.1
2017-08-22 04:00:00,165.4,61.0
2017-08-22 05:00:00,165.18,61.0
2017-08-22 06:00:00,230.9,61.0
2017-08-22 07:00:00,228.8,62.1
2017-08-22 08:00:00,242.08,62.1
2017-08-22 09:00:00,249.78,63.0
2017-08-22 10:00:00,254.85,64.9
2017-08-22 11:00:00,257.38,68.0
2017-08-22 12:00:00,258.25,70.0
2017-08-22 13:00:00,261.98,71.1
2017-08-22 14:00:00,259.68,72.0
2017-08-22 15:00:00,255.48,71.1
2017-08-22 16:00:00,260.9,70.0
2017-08-22 17:00:00,240.52,68.0
2017-08-22 18:00:00,237.18,66.9
2017-08-22 19:00:00,234.1,63.0
2017-08-22 20:00:00,240.15,62.1
2017-08-22 21:00:00,183.9,61.0
2017-08-22 22:00:00,166.78,61.0
2017-08-22 23:00:00,166.48,60.1
2017-08-23 00:00:00,165.5,60.1
2017-08-23 01:00:00,166.4,59.0
2017-08-23 02:00:00,165.48,59.0
2017-08-23 03:00:00,166.28,60.1
2017-08-23 04:00:00,166.85,59.0
2017-08-23 05:00:00,178.15,59.0
2017-08-23 06:00:00,230.28,59.0
2017-08-23 07:00:00,229.05,60.1
2017-08-23 08:00:00,241.6,60.1
2017-08-23 09:00:00,261.48,61.0
2017-08-23 10:00:00,259.98,62.1
2017-08-23 11:00:00,273.2,64.0
2017-08-23 12:00:00,268.32,66.0
2017-08-23 13:00:00,264.82,68.0
2017-08-23 14:00:00,271.25,68.0
2017-08-23 15:00:00,272.85,66.0
2017-08-23 16:00:00,260.3,66.0
2017-08-23 17:00:00,256.62,64.0
2017-08-23 18:00:00,246.6,59.0
2017-08-23 19:00:00,232.08,60.1
2017-08-23 20:00:00,235.35,60.1
2017-08-23 21:00:00,185.55,61.0
2017-08-23 22:00:00,167.12,61.0
2017-08-23 23:00:00,167.08,60.1
2017-08-24 00:00:00,166.68,60.1
2017-08-24 01:00:00,166.75,59.0
2017-08-24 02:00:00,167.95,59.0
2017-08-24 03:00:00,165.9,60.1
2017-08-24 04:00:00,165.68,60.1
2017-08-24 05:00:00,178.08,60.1
2017-08-24 06:00:00,231.15,59.0
2017-08-24 07:00:00,232.0,59.0
2017-08-24 08:00:00,252.2,60.1
2017-08-24 09:00:00,261.32,60.1
2017-08-24 10:00:00,263.62,61.0
2017-08-24 11:00:00,265.02,63.0
2017-08-24 12:00:00,264.7,64.9
2017-08-24 13:00:00,269.62,64.0
2017-08-24 14:00:00,267.7,66.0
2017-08-24 15:00:00,262.86,64.0
2017-08-24 16:00:00,257.35,64.9
2017-08-24 17:00:00,257.35,63.0
2017-08-24 18:00:00,246.72,62.1
2017-08-24 19:00:00,231.05,60.1
2017-08-24 20:00:00,233.12,57.9
2017-08-24 21:00:00,185.38,60.1
2017-08-24 22:00:00,166.48,60.1
2017-08-24 23:00:00,164.95,57.9
2017-08-25 00:00:00,164.12,59.0
2017-08-25 01:00:00,163.85,57.9
2017-08-25 02:00:00,164.8,55.9
2017-08-25 03:00:00,164.18,55.9
2017-08-25 04:00:00,163.15,55.0
2017-08-25 05:00:00,162.9,57.0
2017-08-25 06:00:00,228.05,57.9
2017-08-25 07:00:00,224.75,57.9
2017-08-25 08:00:00,237.8,59.0
2017-08-25 09:00:00,249.8,60.1
2017-08-25 10:00:00,252.45,63.0
2017-08-25 11:00:00,260.35,64.9
2017-08-25 12:00:00,265.42,68.0
2017-08-25 13:00:00,261.5,69.1
2017-08-25 14:00:00,263.6,71.1
2017-08-25 15:00:00,261.23,69.1
2017-08-25 16:00:00,254.4,68.0
2017-08-25 17:00:00,236.88,64.9
2017-08-25 18:00:00,230.62,63.0
2017-08-25 19:00:00,227.25,60.1
2017-08-25 20:00:00,234.4,59.0
2017-08-25 21:00:00,184.32,57.9
2017-08-25 22:00:00,167.72,57.0
2017-08-25 23:00:00,166.6,57.0
2017-08-26 00:00:00,165.75,57.0
2017-08-26 01:00:00,166.28,55.9
2017-08-26 02:00:00,166.32,55.0
2017-08-26 03:00:00,165.98,52.0
2017-08-26 04:00:00,165.22,54.0
2017-08-26 05:00:00,164.65,55.0
2017-08-26 06:00:00,161.32,55.0
2017-08-26 07:00:00,176.32,57.9
2017-08-26 08:00:00,222.82,61.0
2017-08-26 09:00:00,228.1,66.9
2017-08-26 10:00:00,231.22,70.0
2017-08-26 11:00:00,236.98,73.9
2017-08-26 12:00:00,235.4,80.1
2017-08-26 13:00:00,236.25,82.9
2017-08-26 14:00:00,234.58,79.0
2017-08-26 15:00:00,234.1,78.1
2017-08-26 16:00:00,231.22,79.0
2017-08-26 17:00:00,230.7,75.0
2017-08-26 18:00:00,230.75,72.0
2017-08-26 19:00:00,233.16,69.1
2017-08-26 20:00:00,234.18,64.9
2017-08-26 21:00:00,233.12,64.0
2017-08-26 22:00:00,167.82,64.0
2017-08-26 23:00:00,169.45,63.0
2017-08-27 00:00:00,165.32,62.1
2017-08-27 01:00:00,164.76,61.0
2017-08-27 02:00:00,163.48,61.0
2017-08-27 03:00:00,166.42,61.0
2017-08-27 04:00:00,164.8,57.0
2017-08-27 05:00:00,165.92,61.0
2017-08-27 06:00:00,162.12,60.1
2017-08-27 07:00:00,174.0,64.0
2017-08-27 08:00:00,229.98,66.0
2017-08-27 09:00:00,229.08,69.1
2017-08-27 10:00:00,227.52,73.9
2017-08-27 11:00:00,230.85,77.0
2017-08-27 12:00:00,232.25,79.0
2017-08-27 13:00:00,233.5,79.0
2017-08-27 14:00:00,232.82,79.0
2017-08-27 15:00:00,236.72,78.1
2017-08-27 16:00:00,232.9,75.0
2017-08-27 17:00:00,228.92,72.0
2017-08-27 18:00:00,231.45,69.1
2017-08-27 19:00:00,229.35,66.9
2017-08-27 20:00:00,233.22,64.0
2017-08-27 21:00:00,231.38,63.0
2017-08-27 22:00:00,165.2,62.1
2017-08-27 23:00:00,169.28,61.0
2017-08-28 00:00:00,168.85,61.0
2017-08-28 01:00:00,166.25,61.0
2017-08-28 02:00:00,168.6,61.0
2017-08-28 03:00:00,165.45,60.1
2017-08-28 04:00:00,165.75,60.1
2017-08-28 05:00:00,162.7,59.0
2017-08-28 06:00:00,227.22,59.0
2017-08-28 07:00:00,227.5,61.0
2017-08-28 08:00:00,239.25,63.0
2017-08-28 09:00:00,255.72,64.9
2017-08-28 10:00:00,269.58,66.9
2017-08-28 11:00:00,265.9,71.1
2017-08-28 12:00:00,269.38,72.0
2017-08-28 13:00:00,265.23,73.9
2017-08-28 14:00:00,273.55,73.9
2017-08-28 15:00:00,271.4,72.0
2017-08-28 16:00:00,265.77,70.0
2017-08-28 17:00:00,262.95,68.0
2017-08-28 18:00:00,257.18,64.9
2017-08-28 19:00:00,238.3,62.1
2017-08-28 20:00:00,237.55,60.1
2017-08-28 21:00:00,188.95,60.1
2017-08-28 22:00:00,172.18,60.1
2017-08-28 23:00:00,171.15,59.0
2017-08-29 00:00:00,168.18,59.0
2017-08-29 01:00:00,168.62,59.0
2017-08-29 02:00:00,170.12,60.1
2017-08-29 03:00:00,167.02,60.1
2017-08-29 04:00:00,166.9,59.0
2017-08-29 05:00:00,171.2,59.0
2017-08-29 06:00:00,236.15,57.9
2017-08-29 07:00:00,234.8,59.0
2017-08-29 08:00:00,254.58,59.0
2017-08-29 09:00:00,262.42,60.1
2017-08-29 10:00:00,269.15,61.0
2017-08-29 11:00:00,266.3,63.0
2017-08-29 12:00:00,271.5,64.0
2017-08-29 13:00:00,271.15,64.9
2017-08-29 14:00:00,271.65,66.9
2017-08-29 15:00:00,272.92,66.0
2017-08-29 16:00:00,264.45,66.0
2017-08-29 17:00:00,257.88,64.9
2017-08-29 18:00:00,249.02,64.0
2017-08-29 19:00:00,235.8,62.1
2017-08-29 20:00:00,237.12,60.1
2017-08-29 21:00:00,190.02,59.0
2017-08-29 22:00:00,173.08,59.0
2017-08-29 23:00:00,169.88,59.0
2017-08-30 00:00:00,169.65,59.0
2017-08-30 01:00:00,168.8,59.0
2017-08-30 02:00:00,166.7,59.0
2017-08-30 03:00:00,166.52,57.0
2017-08-30 04:00:00,169.12,57.0
2017-08-30 05:00:00,184.55,57.0
2017-08-30 06:00:00,232.12,55.9
2017-08-30 07:00:00,236.4,57.0
2017-08-30 08:00:00,250.58,57.9
2017-08-30 09:00:00,262.0,59.0
2017-08-30 10:00:00,265.73,61.0
2017-08-30 11:00:00,271.1,64.0
2017-08-30 12:00:00,278.6,64.0
2017-08-30 13:00:00,267.4,66.0
2017-08-30 14:00:00,269.73,68.0
2017-08-30 15:00:00,267.15,68.0
2017-08-30 16:00:00,271.0,68.0
2017-08-30 17:00:00,263.35,66.0
2017-08-30 18:00:00,249.42,64.0
2017-08-30 19:00:00,232.98,62.1
2017-08-30 20:00:00,235.8,61.0
2017-08-30 21:00:00,190.1,59.0
2017-08-30 22:00:00,171.71,57.9
2017-08-30 23:00:00,171.46,57.0
2017-08-31 00:00:00,170.62,57.0
2017-08-31 01:00:00,168.55,60.1
2017-08-31 02:00:00,168.1,55.9
2017-08-31 03:00:00,169.25,55.9
2017-08-31 04:00:00,168.98,54.0
2017-08-31 05:00:00,169.32,54.0
2017-08-31 06:00:00,231.68,54.0
2017-08-31 07:00:00,233.85,60.1
2017-08-31 08:00:00,246.35,64.0
2017-08-31 09:00:00,258.85,64.9
2017-08-31 10:00:00,264.08,66.9
2017-08-31 11:00:00,270.12,71.1
2017-08-31 12:00:00,268.95,78.1
2017-08-31 13:00:00,279.47,81.0
2017-08-31 14:00:00,281.35,84.0
2017-08-31 15:00:00,282.35,88.0
2017-08-31 16:00:00,273.1,89.1
2017-08-31 17:00:00,269.42,82.9
2017-08-31 18:00:00,255.02,82.0
2017-08-31 19:00:00,243.35,79.0
2017-08-31 20:00:00,247.25,73.9
2017-08-31 21:00:00,200.02,73.0
2017-08-31 22:00:00,186.08,70.0
2017-08-31 23:00:00,183.5,70.0
2017-09-01 00:00:00,181.5,66.9
2017-09-01 01:00:00,180.6,70.0
2017-09-01 02:00:00,177.45,64.9
2017-09-01 03:00:00,175.58,66.0
2017-09-01 04:00:00,180.4,64.0
2017-09-01 05:00:00,179.52,66.0
2017-09-01 06:00:00,241.92,63.0
2017-09-01 07:00:00,236.1,66.9
2017-09-01 08:00:00,246.4,75.9
2017-09-01 09:00:00,263.52,79.0
2017-09-01 10:00:00,270.4,80.1
2017-09-01 11:00:00,274.02,86.0
2017-09-01 12:00:00,265.35,93.0
2017-09-01 13:00:00,239.48,97.0
2017-09-01 14:00:00,246.45,98.1
2017-09-01 15:00:00,236.75,100.9
2017-09-01 16:00:00,228.05,98.1
2017-09-01 17:00:00,220.38,95.0
2017-09-01 18:00:00,221.85,90.0
2017-09-01 19:00:00,214.95,90.0
2017-09-01 20:00:00,214.32,82.0
2017-09-01 21:00:00,176.15,79.0
2017-09-01 22:00:00,159.88,78.1
2017-09-01 23:00:00,159.57,75.0
2017-09-02 00:00:00,161.18,75.0
2017-09-02 01:00:00,163.75,75.0
2017-09-02 02:00:00,162.72,75.0
2017-09-02 03:00:00,160.65,69.1
2017-09-02 04:00:00,164.22,66.9
2017-09-02 05:00:00,160.4,66.9
2017-09-02 06:00:00,155.85,70.0
2017-09-02 07:00:00,168.42,73.0
2017-09-02 08:00:00,212.98,78.1
2017-09-02 09:00:00,214.88,82.0
2017-09-02 10:00:00,213.62,84.0
2017-09-02 11:00:00,215.92,84.9
2017-09-02 12:00:00,214.78,93.0
2017-09-02 13:00:00,212.82,95.0
2017-09-02 14:00:00,217.72,97.0
2017-09-02 15:00:00,211.4,99.0
2017-09-02 16:00:00,208.08,98.1
2017-09-02 17:00:00,206.25,89.1
2017-09-02 18:00:00,204.98,91.0
2017-09-02 19:00:00,209.0,84.9
2017-09-02 20:00:00,213.82,82.9
2017-09-02 21:00:00,215.95,79.0
2017-09-02 22:00:00,153.85,77.0
2017-09-02 23:00:00,154.32,77.0
2017-09-03 00:00:00,156.95,77.0
2017-09-03 01:00:00,156.75,75.9
2017-09-03 02:00:00,156.03,73.0
2017-09-03 03:00:00,156.48,71.1
2017-09-03 04:00:00,151.68,73.9
2017-09-03 05:00:00,154.4,73.0
2017-09-03 06:00:00,149.4,73.0
2017-09-03 07:00:00,161.4,73.9
2017-09-03 08:00:00,207.3,78.1
2017-09-03 09:00:00,206.62,77.0
2017-09-03 10:00:00,209.1,82.9
2017-09-03 11:00:00,210.22,86.0
2017-09-03 12:00:00,207.85,82.0
2017-09-03 13:00:00,209.42,79.0
2017-09-03 14:00:00,207.68,84.9
2017-09-03 15:00:00,210.02,87.1
2017-09-03 16:00:00,208.28,84.0
2017-09-03 17:00:00,208.85,79.0
2017-09-03 18:00:00,209.88,73.9
2017-09-03 19:00:00,210.98,71.1
2017-09-03 20:00:00,214.18,72.0
2017-09-03 21:00:00,214.42,70.0
2017-09-03 22:00:00,155.8,68.0
2017-09-03 23:00:00,152.75,68.0
2017-09-04 00:00:00,150.5,66.9
2017-09-04 01:00:00,150.35,68.0
2017-09-04 02:00:00,151.3,66.9
2017-09-04 03:00:00,150.3,66.9
2017-09-04 04:00:00,152.25,66.9
2017-09-04 05:00:00,152.52,66.9
2017-09-04 06:00:00,209.62,64.9
2017-09-04 07:00:00,203.28,69.1
2017-09-04 08:00:00,203.82,72.0
2017-09-04 09:00:00,205.8,73.0
2017-09-04 10:00:00,206.55,75.9
2017-09-04 11:00:00,208.88,75.9
2017-09-04 12:00:00,210.9,77.0
2017-09-04 13:00:00,208.02,75.0
2017-09-04 14:00:00,209.72,78.1
2017-09-04 15:00:00,211.7,81.0
2017-09-04 16:00:00,211.28,78.1
2017-09-04 17:00:00,210.15,78.1
2017-09-04 18:00:00,212.68,73.9
2017-09-04 19:00:00,213.0,73.0
2017-09-04 20:00:00,218.1,71.1
2017-09-04 21:00:00,168.58,70.0
2017-09-04 22:00:00,152.18,70.0
2017-09-04 23:00:00,149.68,70.0
2017-09-05 00:00:00,151.18,69.1
2017-09-05 01:00:00,150.07,68.0
2017-09-05 02:00:00,150.9,68.0
2017-09-05 03:00:00,149.8,68.0
2017-09-05 04:00:00,146.7,68.0
2017-09-05 05:00:00,149.25,66.9
2017-09-05 06:00:00,209.48,66.9
2017-09-05 07:00:00,208.65,69.1
2017-09-05 08:00:00,227.32,73.0
2017-09-05 09:00:00,243.6,75.9
2017-09-05 10:00:00,250.65,78.1
2017-09-05 11:00:00,251.02,78.1
2017-09-05 12:00:00,253.22,80.1
2017-09-05 13:00:00,260.32,80.1
2017-09-05 14:00:00,254.3,78.1
2017-09-05 15:00:00,250.35,77.0
2017-09-05 16:00:00,245.5,73.9
2017-09-05 17:00:00,247.8,70.0
2017-09-05 18:00:00,233.06,68.0
2017-09-05 19:00:00,228.15,66.9
2017-09-05 20:00:00,224.1,66.0
2017-09-05 21:00:00,175.2,64.9
2017-09-05 22:00:00,157.9,64.9
2017-09-05 23:00:00,158.6,64.9
2017-09-06 00:00:00,156.95,64.9
2017-09-06 01:00:00,156.93,64.0
2017-09-06 02:00:00,155.62,64.0
2017-09-06 03:00:00,156.75,63.0
2017-09-06 04:00:00,156.43,63.0
2017-09-06 05:00:00,157.6,62.1
2017-09-06 06:00:00,218.75,61.0
2017-09-06 07:00:00,217.4,63.0
2017-09-06 08:00:00,230.55,66.0
2017-09-06 09:00:00,249.68,68.0
2017-09-06 10:00:00,259.25,66.9
2017-09-06 11:00:00,258.45,70.0
2017-09-06 12:00:00,248.02,71.1
2017-09-06 13:00:00,247.02,75.0
2017-09-06 14:00:00,245.52,75.9
2017-09-06 15:00:00,250.95,75.9
2017-09-06 16:00:00,242.08,73.0
2017-09-06 17:00:00,246.28,73.0
2017-09-06 18:00:00,234.88,69.1
2017-09-06 19:00:00,218.42,69.1
2017-09-06 20:00:00,215.28,66.9
2017-09-06 21:00:00,163.88,66.9
2017-09-06 22:00:00,151.07,68.0
2017-09-06 23:00:00,148.85,68.0
2017-09-07 00:00:00,150.95,66.9
2017-09-07 01:00:00,148.18,66.9
2017-09-07 02:00:00,151.72,66.9
2017-09-07 03:00:00,149.02,66.9
2017-09-07 04:00:00,150.57,66.9
2017-09-07 05:00:00,151.28,66.9
2017-09-07 06:00:00,213.85,66.9
2017-09-07 07:00:00,224.25,66.9
2017-09-07 08:00:00,251.88,66.9
2017-09-07 09:00:00,259.88,68.0
2017-09-07 10:00:00,265.25,68.0
2017-09-07 11:00:00,272.05,69.1
2017-09-07 12:00:00,279.23,70.0
2017-09-07 13:00:00,267.9,71.1
2017-09-07 14:00:00,268.18,72.0
2017-09-07 15:00:00,272.52,72.0
2017-09-07 16:00:00,264.73,71.1
2017-09-07 17:00:00,256.98,69.1
2017-09-07 18:00:00,250.02,68.0
2017-09-07 19:00:00,240.0,66.0
2017-09-07 20:00:00,240.48,64.9
2017-09-07 21:00:00,188.25,64.9
2017-09-07 22:00:00,173.88,64.0
2017-09-07 23:00:00,168.25,63.0
2017-09-08 00:00:00,170.48,62.1
2017-09-08 01:00:00,168.95,63.0
2017-09-08 02:00:00,168.1,63.0
2017-09-08 03:00:00,167.88,62.1
2017-09-08 04:00:00,167.35,61.0
2017-09-08 05:00:00,182.95,62.1
2017-09-08 06:00:00,229.04,61.0
2017-09-08 07:00:00,226.05,61.0
2017-09-08 08:00:00,248.98,62.1
2017-09-08 09:00:00,257.62,63.0
2017-09-08 10:00:00,268.08,63.0
2017-09-08 11:00:00,262.3,64.0
2017-09-08 12:00:00,264.8,66.9
2017-09-08 13:00:00,264.58,70.0
2017-09-08 14:00:00,266.77,69.1
2017-09-08 15:00:00,262.45,68.0
2017-09-08 16:00:00,253.85,68.0
2017-09-08 17:00:00,242.68,64.9
2017-09-08 18:00:00,234.28,63.0
2017-09-08 19:00:00,229.58,62.1
2017-09-08 20:00:00,232.8,61.0
2017-09-08 21:00:00,189.05,62.1
2017-09-08 22:00:00,171.32,62.1
2017-09-08 23:00:00,170.68,62.1
2017-09-09 00:00:00,165.98,62.1
2017-09-09 01:00:00,168.15,62.1
2017-09-09 02:00:00,170.18,61.0
2017-09-09 03:00:00,165.8,62.1
2017-09-09 04:00:00,167.32,63.0
2017-09-09 05:00:00,167.42,63.0
2017-09-09 06:00:00,167.85,64.0
2017-09-09 07:00:00,191.85,63.0
2017-09-09 08:00:00,226.4,64.0
2017-09-09 09:00:00,225.78,64.0
2017-09-09 10:00:00,224.05,66.0
2017-09-09 11:00:00,230.32,69.1
2017-09-09 12:00:00,231.18,70.0
2017-09-09 13:00:00,230.72,72.0
2017-09-09 14:00:00,232.02,73.0
2017-09-09 15:00:00,228.42,73.0
2017-09-09 16:00:00,227.35,71.1
2017-09-09 17:00:00,231.38,69.1
2017-09-09 18:00:00,226.48,66.9
2017-09-09 19:00:00,232.38,64.0
2017-09-09 20:00:00,234.88,63.0
2017-09-09 21:00:00,231.2,62.1
2017-09-09 22:00:00,171.8,61.0
2017-09-09 23:00:00,163.9,62.1
2017-09-10 00:00:00,163.88,62.1
2017-09-10 01:00:00,168.6,61.0
2017-09-10 02:00:00,166.85,59.0
2017-09-10 03:00:00,164.95,57.9
2017-09-10 04:00:00,166.28,59.0
2017-09-10 05:00:00,167.08,59.0
2017-09-10 06:00:00,161.28,61.0
2017-09-10 07:00:00,189.58,64.0
2017-09-10 08:00:00,226.28,66.9
2017-09-10 09:00:00,226.6,70.0
2017-09-10 10:00:00,231.6,73.9
2017-09-10 11:00:00,235.52,77.0
2017-09-10 12:00:00,236.4,82.9
2017-09-10 13:00:00,240.28,84.0
2017-09-10 14:00:00,239.92,88.0
2017-09-10 15:00:00,240.92,91.0
2017-09-10 16:00:00,245.22,86.0
2017-09-10 17:00:00,238.02,81.0
2017-09-10 18:00:00,237.95,77.0
2017-09-10 19:00:00,238.12,73.9
2017-09-10 20:00:00,236.18,73.0
2017-09-10 21:00:00,239.08,73.9
2017-09-10 22:00:00,179.62,72.0
2017-09-10 23:00:00,178.18,71.1
2017-09-11 00:00:00,172.72,71.1
2017-09-11 01:00:00,176.88,71.1
2017-09-11 02:00:00,179.02,70.0
2017-09-11 03:00:00,168.7,73.0
2017-09-11 04:00:00,167.42,70.0
2017-09-11 05:00:00,169.02,70.0
2017-09-11 06:00:00,232.45,66.0
2017-09-11 07:00:00,228.92,68.0
2017-09-11 08:00:00,245.05,70.0
2017-09-11 09:00:00,259.1,71.1
2017-09-11 10:00:00,266.6,75.9
2017-09-11 11:00:00,266.9,80.1
2017-09-11 12:00:00,273.62,81.0
2017-09-11 13:00:00,277.6,82.0
2017-09-11 14:00:00,281.58,84.0
2017-09-11 15:00:00,276.32,82.9
2017-09-11 16:00:00,267.68,75.0
2017-09-11 17:00:00,265.32,71.1
2017-09-11 18:00:00,253.38,68.0
2017-09-11 19:00:00,244.15,68.0
2017-09-11 20:00:00,239.2,66.9
2017-09-11 21:00:00,187.3,66.0
2017-09-11 22:00:00,169.98,66.0
2017-09-11 23:00:00,167.0,64.9
2017-09-12 00:00:00,170.58,66.9
2017-09-12 01:00:00,167.48,64.9
2017-09-12 02:00:00,173.58,64.9
2017-09-12 03:00:00,168.15,63.0
2017-09-12 04:00:00,169.98,64.0
2017-09-12 05:00:00,170.7,66.0
2017-09-12 06:00:00,227.4,63.0
2017-09-12 07:00:00,228.88,66.9
2017-09-12 08:00:00,243.05,72.0
2017-09-12 09:00:00,262.58,75.9
2017-09-12 10:00:00,268.75,75.0
2017-09-12 11:00:00,271.75,75.9
2017-09-12 12:00:00,272.45,79.0
2017-09-12 13:00:00,270.3,82.9
2017-09-12 14:00:00,269.55,78.1
2017-09-12 15:00:00,265.55,73.9
2017-09-12 16:00:00,263.82,69.1
2017-09-12 17:00:00,255.2,68.0
2017-09-12 18:00:00,251.88,66.0
2017-09-12 19:00:00,243.45,64.0
2017-09-12 20:00:00,234.68,64.9
2017-09-12 21:00:00,184.22,64.9
2017-09-12 22:00:00,172.7,64.9
2017-09-12 23:00:00,166.05,64.9
2017-09-13 00:00:00,168.98,64.9
2017-09-13 01:00:00,164.72,64.0
2017-09-13 02:00:00,165.82,64.9
2017-09-13 03:00:00,168.25,64.9
2017-09-13 04:00:00,168.32,64.9
2017-09-13 05:00:00,167.9,64.0
2017-09-13 06:00:00,233.0,64.0
2017-09-13 07:00:00,227.95,64.9
2017-09-13 08:00:00,242.05,66.9
2017-09-13 09:00:00,249.52,69.1
2017-09-13 10:00:00,266.3,69.1
2017-09-13 11:00:00,265.95,68.0
2017-09-13 12:00:00,269.38,68.0
2017-09-13 13:00:00,271.2,72.0
2017-09-13 14:00:00,275.55,71.1
2017-09-13 15:00:00,263.95,71.1
2017-09-13 16:00:00,268.73,69.1
2017-09-13 17:00:00,255.25,69.1
2017-09-13 18:00:00,243.68,66.0
2017-09-13 19:00:00,240.25,64.9
2017-09-13 20:00:00,244.78,64.9
2017-09-13 21:00:00,189.75,64.9
2017-09-13 22:00:00,171.1,64.0
2017-09-13 23:00:00,167.58,64.0
2017-09-14 00:00:00,167.32,63.0
2017-09-14 01:00:00,165.78,63.0
2017-09-14 02:00:00,165.4,63.0
2017-09-14 03:00:00,163.55,63.0
2017-09-14 04:00:00,165.92,62.1
2017-09-14 05:00:00,166.95,62.1
2017-09-14 06:00:00,229.88,61.0
2017-09-14 07:00:00,223.1,61.0
2017-09-14 08:00:00,240.7,63.0
2017-09-14 09:00:00,253.18,64.0
2017-09-14 10:00:00,254.95,66.0
2017-09-14 11:00:00,259.88,64.9
2017-09-14 12:00:00,258.55,66.9
2017-09-14 13:00:00,261.7,69.1
2017-09-14 14:00:00,262.98,68.0
2017-09-14 15:00:00,267.05,68.0
2017-09-14 16:00:00,255.28,66.9
2017-09-14 17:00:00,250.95,66.0
2017-09-14 18:00:00,240.9,64.0
2017-09-14 19:00:00,231.02,63.0
2017-09-14 20:00:00,231.22,62.1
2017-09-14 21:00:00,181.58,62.1
2017-09-14 22:00:00,167.35,62.1
2017-09-14 23:00:00,161.78,61.0
2017-09-15 00:00:00,162.32,61.0
2017-09-15 01:00:00,160.82,61.0
2017-09-15 02:00:00,162.4,60.1
2017-09-15 03:00:00,160.28,59.0
2017-09-15 04:00:00,161.75,59.0
2017-09-15 05:00:00,172.0,57.9
2017-09-15 06:00:00,223.58,57.0
2017-09-15 07:00:00,222.15,59.0
2017-09-15 08:00:00,240.65,61.0
2017-09-15 09:00:00,253.45,62.1
2017-09-15 10:00:00,249.88,64.0
2017-09-15 11:00:00,258.5,66.0
2017-09-15 12:00:00,259.52,68.0
2017-09-15 13:00:00,256.85,71.1
2017-09-15 14:00:00,259.75,70.0
2017-09-15 15:00:00,258.95,69.1
2017-09-15 16:00:00,250.62,68.0
2017-09-15 17:00:00,239.92,66.0
2017-09-15 18:00:00,233.78,63.0
2017-09-15 19:00:00,228.38,60.1
2017-09-15 20:00:00,231.38,60.1
2017-09-15 21:00:00,176.48,59.0
2017-09-15 22:00:00,159.82,59.0
2017-09-15 23:00:00,160.05,57.9
2017-09-16 00:00:00,157.93,57.0
2017-09-16 01:00:00,157.68,57.0
2017-09-16 02:00:00,160.95,59.0
2017-09-16 03:00:00,159.52,57.0
2017-09-16 04:00:00,159.88,55.9
2017-09-16 05:00:00,156.65,55.0
2017-09-16 06:00:00,157.68,54.0
2017-09-16 07:00:00,171.55,57.9
2017-09-16 08:00:00,221.18,62.1
2017-09-16 09:00:00,218.58,63.0
2017-09-16 10:00:00,221.62,64.9
2017-09-16 11:00:00,226.02,66.9
2017-09-16 12:00:00,224.75,69.1
2017-09-16 13:00:00,231.75,70.0
2017-09-16 14:00:00,232.0,68.0
2017-09-16 15:00:00,231.3,66.0
2017-09-16 16:00:00,230.15,66.9
2017-09-16 17:00:00,226.25,66.0
2017-09-16 18:00:00,224.68,62.1
2017-09-16 19:00:00,227.15,61.0
2017-09-16 20:00:00,227.32,60.1
2017-09-16 21:00:00,225.38,60.1
2017-09-16 22:00:00,160.32,59.0
2017-09-16 23:00:00,158.48,55.9
2017-09-17 00:00:00,158.35,57.0
2017-09-17 01:00:00,158.88,59.0
2017-09-17 02:00:00,157.4,60.1
2017-09-17 03:00:00,159.8,57.9
2017-09-17 04:00:00,157.7,59.0
2017-09-17 05:00:00,158.38,59.0
2017-09-17 06:00:00,155.52,60.1
2017-09-17 07:00:00,171.92,60.1
2017-09-17 08:00:00,221.32,61.0
2017-09-17 09:00:00,220.95,62.1
2017-09-17 10:00:00,219.5,64.0
2017-09-17 11:00:00,223.72,66.0
2017-09-17 12:00:00,228.25,68.0
2017-09-17 13:00:00,227.32,69.1
2017-09-17 14:00:00,226.48,69.1
2017-09-17 15:00:00,224.98,69.1
2017-09-17 16:00:00,232.15,68.0
2017-09-17 17:00:00,224.18,66.9
2017-09-17 18:00:00,224.68,64.0
2017-09-17 19:00:00,223.08,63.0
2017-09-17 20:00:00,223.35,63.0
2017-09-17 21:00:00,227.95,63.0
2017-09-17 22:00:00,160.0,63.0
2017-09-17 23:00:00,158.9,63.0
2017-09-18 00:00:00,157.32,63.0
2017-09-18 01:00:00,157.02,63.0
2017-09-18 02:00:00,159.1,63.0
2017-09-18 03:00:00,158.95,63.0
2017-09-18 04:00:00,157.1,64.0
2017-09-18 05:00:00,174.12,63.0
2017-09-18 06:00:00,225.45,64.0
2017-09-18 07:00:00,223.02,64.0
2017-09-18 08:00:00,239.38,64.0
2017-09-18 09:00:00,252.35,64.9
2017-09-18 10:00:00,269.85,66.9
2017-09-18 11:00:00,261.12,71.1
2017-09-18 12:00:00,259.92,68.0
2017-09-18 13:00:00,266.18,70.0
2017-09-18 14:00:00,261.68,70.0
2017-09-18 15:00:00,263.27,70.0
2017-09-18 16:00:00,259.25,69.1
2017-09-18 17:00:00,256.45,66.0
2017-09-18 18:00:00,239.12,64.0
2017-09-18 19:00:00,232.7,63.0
2017-09-18 20:00:00,228.88,62.1
2017-09-18 21:00:00,180.5,63.0
2017-09-18 22:00:00,165.32,62.1
2017-09-18 23:00:00,161.02,61.0
2017-09-19 00:00:00,159.95,61.0
2017-09-19 01:00:00,160.25,59.0
2017-09-19 02:00:00,161.86,55.9
2017-09-19 03:00:00,160.48,55.9
2017-09-19 04:00:00,160.45,60.1
2017-09-19 05:00:00,162.7,55.0
2017-09-19 06:00:00,222.8,55.0
2017-09-19 07:00:00,225.08,57.9
2017-09-19 08:00:00,244.02,62.1
2017-09-19 09:00:00,252.9,64.9
2017-09-19 10:00:00,266.32,66.9
2017-09-19 11:00:00,266.73,70.0
2017-09-19 12:00:00,259.5,70.0
2017-09-19 13:00:00,265.0,71.1
2017-09-19 14:00:00,262.9,72.0
2017-09-19 15:00:00,265.32,73.0
2017-09-19 16:00:00,257.23,73.0
2017-09-19 17:00:00,248.3,70.0
2017-09-19 18:00:00,242.8,68.0
2017-09-19 19:00:00,228.7,66.0
2017-09-19 20:00:00,230.9,63.0
2017-09-19 21:00:00,183.55,63.0
2017-09-19 22:00:00,167.82,57.9
2017-09-19 23:00:00,163.28,63.0
2017-09-20 00:00:00,160.07,59.0
2017-09-20 01:00:00,162.57,57.9
2017-09-20 02:00:00,160.25,62.1
2017-09-20 03:00:00,160.9,60.1
2017-09-20 04:00:00,159.98,60.1
2017-09-20 05:00:00,165.48,62.1
2017-09-20 06:00:00,224.7,63.0
2017-09-20 07:00:00,226.45,63.0
2017-09-20 08:00:00,245.75,64.0
2017-09-20 09:00:00,256.48,66.0
2017-09-20 10:00:00,268.62,66.0
2017-09-20 11:00:00,264.32,72.0
2017-09-20 12:00:00,264.62,71.1
2017-09-20 13:00:00,270.27,69.1
2017-09-20 14:00:00,267.82,68.0
2017-09-20 15:00:00,273.35,68.0
2017-09-20 16:00:00,256.73,66.9
2017-09-20 17:00:00,254.2,66.0
2017-09-20 18:00:00,240.45,64.0
2017-09-20 19:00:00,230.3,63.0
2017-09-20 20:00:00,226.7,62.1
2017-09-20 21:00:00,179.4,63.0
2017-09-20 22:00:00,163.68,62.1
2017-09-20 23:00:00,160.57,61.0
2017-09-21 00:00:00,161.48,60.1
2017-09-21 01:00:00,155.72,59.0
2017-09-21 02:00:00,157.45,57.9
2017-09-21 03:00:00,159.1,57.9
2017-09-21 04:00:00,156.25,57.9
2017-09-21 05:00:00,158.05,57.9
2017-09-21 06:00:00,221.9,57.0
2017-09-21 07:00:00,228.92,57.9
2017-09-21 08:00:00,249.2,61.0
2017-09-21 09:00:00,252.02,62.1
2017-09-21 10:00:00,255.65,64.0
2017-09-21 11:00:00,256.45,64.9
2017-09-21 12:00:00,258.12,66.0
2017-09-21 13:00:00,261.85,66.9
2017-09-21 14:00:00,253.42,66.9
2017-09-21 15:00:00,258.82,66.9
2017-09-21 16:00:00,245.9,66.0
2017-09-21 17:00:00,243.62,64.0
2017-09-21 18:00:00,236.28,62.1
2017-09-21 19:00:00,225.1,60.1
2017-09-21 20:00:00,225.6,60.1
2017-09-21 21:00:00,176.45,60.1
2017-09-21 22:00:00,161.05,59.0
2017-09-21 23:00:00,158.32,57.9
2017-09-22 00:00:00,159.32,57.9
2017-09-22 01:00:00,157.45,57.0
2017-09-22 02:00:00,158.15,57.0
2017-09-22 03:00:00,154.48,57.0
2017-09-22 04:00:00,157.25,57.0
2017-09-22 05:00:00,155.32,54.0
2017-09-22 06:00:00,222.35,55.9
2017-09-22 07:00:00,222.22,57.9
2017-09-22 08:00:00,238.18,57.9
2017-09-22 09:00:00,250.95,60.1
2017-09-22 10:00:00,255.3,61.0
2017-09-22 11:00:00,253.4,62.1
2017-09-22 12:00:00,264.9,64.0
2017-09-22 13:00:00,259.62,66.0
2017-09-22 14:00:00,258.98,66.9
2017-09-22 15:00:00,256.35,66.9
2017-09-22 16:00:00,246.72,66.0
2017-09-22 17:00:00,232.85,64.9
2017-09-22 18:00:00,231.35,63.0
2017-09-22 19:00:00,232.75,61.0
2017-09-22 20:00:00,224.28,59.0
2017-09-22 21:00:00,177.98,57.9
2017-09-22 22:00:00,162.72,54.0
2017-09-22 23:00:00,162.68,54.0
2017-09-23 00:00:00,159.68,53.1
2017-09-23 01:00:00,158.72,52.0
2017-09-23 02:00:00,157.52,50.0
2017-09-23 03:00:00,158.4,51.1
2017-09-23 04:00:00,156.72,50.0
2017-09-23 05:00:00,160.48,50.0
2017-09-23 06:00:00,158.3,48.9
2017-09-23 07:00:00,183.28,52.0
2017-09-23 08:00:00,214.0,60.1
2017-09-23 09:00:00,217.4,62.1
2017-09-23 10:00:00,220.3,64.9
2017-09-23 11:00:00,220.7,73.0
2017-09-23 12:00:00,228.62,75.9
2017-09-23 13:00:00,228.75,77.0
2017-09-23 14:00:00,230.52,73.9
2017-09-23 15:00:00,227.58,75.0
2017-09-23 16:00:00,227.78,73.0
2017-09-23 17:00:00,225.95,69.1
2017-09-23 18:00:00,227.55,66.0
2017-09-23 19:00:00,221.1,64.0
2017-09-23 20:00:00,219.28,62.1
2017-09-23 21:00:00,222.9,60.1
2017-09-23 22:00:00,155.12,59.0
2017-09-23 23:00:00,155.22,57.0
2017-09-24 00:00:00,155.18,53.1
2017-09-24 01:00:00,155.68,55.0
2017-09-24 02:00:00,154.2,55.0
2017-09-24 03:00:00,154.62,52.0
2017-09-24 04:00:00,150.55,52.0
2017-09-24 05:00:00,153.38,52.0
2017-09-24 06:00:00,152.5,50.0
2017-09-24 07:00:00,179.75,53.1
2017-09-24 08:00:00,216.68,62.1
2017-09-24 09:00:00,218.7,63.0
2017-09-24 10:00:00,213.45,64.9
2017-09-24 11:00:00,226.05,68.0
2017-09-24 12:00:00,224.78,72.0
2017-09-24 13:00:00,223.08,75.0
2017-09-24 14:00:00,218.98,75.9
2017-09-24 15:00:00,223.32,77.0
2017-09-24 16:00:00,223.9,75.9
2017-09-24 17:00:00,226.48,72.0
2017-09-24 18:00:00,225.88,69.1
2017-09-24 19:00:00,222.0,66.9
2017-09-24 20:00:00,218.95,64.9
2017-09-24 21:00:00,223.25,63.0
2017-09-24 22:00:00,157.82,55.9
2017-09-24 23:00:00,158.3,59.0
2017-09-25 00:00:00,156.82,54.0
2017-09-25 01:00:00,154.75,55.0
2017-09-25 02:00:00,157.7,53.1
2017-09-25 03:00:00,156.25,55.9
2017-09-25 04:00:00,155.82,53.1
2017-09-25 05:00:00,157.07,54.0
2017-09-25 06:00:00,214.88,53.1
2017-09-25 07:00:00,214.62,55.9
2017-09-25 08:00:00,233.25,64.0
2017-09-25 09:00:00,254.5,64.9
2017-09-25 10:00:00,265.45,68.0
2017-09-25 11:00:00,264.32,69.1
2017-09-25 12:00:00,266.5,72.0
2017-09-25 13:00:00,270.82,75.9
2017-09-25 14:00:00,275.92,79.0
2017-09-25 15:00:00,267.23,79.0
2017-09-25 16:00:00,268.2,77.0
2017-09-25 17:00:00,257.65,75.0
2017-09-25 18:00:00,253.68,71.1
2017-09-25 19:00:00,237.22,66.0
2017-09-25 20:00:00,238.82,64.0
2017-09-25 21:00:00,179.88,64.0
2017-09-25 22:00:00,160.6,61.0
2017-09-25 23:00:00,163.05,62.1
2017-09-26 00:00:00,160.38,57.0
2017-09-26 01:00:00,160.48,60.1
2017-09-26 02:00:00,160.68,57.9
2017-09-26 03:00:00,159.38,55.0
2017-09-26 04:00:00,157.7,55.9
2017-09-26 05:00:00,175.75,55.9
2017-09-26 06:00:00,225.38,55.0
2017-09-26 07:00:00,225.25,57.9
2017-09-26 08:00:00,236.74,66.9
2017-09-26 09:00:00,260.23,66.9
2017-09-26 10:00:00,268.62,72.0
2017-09-26 11:00:00,275.35,71.1
2017-09-26 12:00:00,273.12,77.0
2017-09-26 13:00:00,272.75,84.0
2017-09-26 14:00:00,276.0,90.0
2017-09-26 15:00:00,278.0,91.0
2017-09-26 16:00:00,262.08,90.0
2017-09-26 17:00:00,263.08,80.1
2017-09-26 18:00:00,248.55,75.0
2017-09-26 19:00:00,240.42,73.9
2017-09-26 20:00:00,232.38,70.0
2017-09-26 21:00:00,188.12,69.1
2017-09-26 22:00:00,167.35,62.1
2017-09-26 23:00:00,164.82,64.0
2017-09-27 00:00:00,166.92,60.1
2017-09-27 01:00:00,165.5,60.1
2017-09-27 02:00:00,164.0,62.1
2017-09-27 03:00:00,165.52,59.0
2017-09-27 04:00:00,164.0,57.0
2017-09-27 05:00:00,165.05,55.0
2017-09-27 06:00:00,226.78,57.0
2017-09-27 07:00:00,221.6,59.0
2017-09-27 08:00:00,242.65,69.1
2017-09-27 09:00:00,252.7,69.1
2017-09-27 10:00:00,269.08,72.0
2017-09-27 11:00:00,273.6,75.0
2017-09-27 12:00:00,275.92,77.0
2017-09-27 13:00:00,280.18,84.0
2017-09-27 14:00:00,270.42,86.0
2017-09-27 15:00:00,278.02,82.0
2017-09-27 16:00:00,271.08,82.0
2017-09-27 17:00:00,263.9,79.0
2017-09-27 18:00:00,257.02,75.9
2017-09-27 19:00:00,247.1,71.1
2017-09-27 20:00:00,233.68,69.1
2017-09-27 21:00:00,186.62,69.1
2017-09-27 22:00:00,167.15,63.0
2017-09-27 23:00:00,166.88,63.0
2017-09-28 00:00:00,164.85,64.0
2017-09-28 01:00:00,166.22,63.0
2017-09-28 02:00:00,163.92,60.1
2017-09-28 03:00:00,163.45,60.1
2017-09-28 04:00:00,161.93,57.9
2017-09-28 05:00:00,162.55,59.0
2017-09-28 06:00:00,227.15,59.0
2017-09-28 07:00:00,227.0,59.0
2017-09-28 08:00:00,250.68,66.9
2017-09-28 09:00:00,260.62,68.0
2017-09-28 10:00:00,262.25,70.0
2017-09-28 11:00:00,274.25,73.0
2017-09-28 12:00:00,269.32,75.9
2017-09-28 13:00:00,275.27,81.0
2017-09-28 14:00:00,274.55,81.0
2017-09-28 15:00:00,266.88,75.0
2017-09-28 16:00:00,259.77,72.0
2017-09-28 17:00:00,252.12,66.9
2017-09-28 18:00:00,247.7,64.0
2017-09-28 19:00:00,233.1,61.0
2017-09-28 20:00:00,232.65,61.0
2017-09-28 21:00:00,180.82,59.0
2017-09-28 22:00:00,169.22,55.9
2017-09-28 23:00:00,159.15,57.9
2017-09-29 00:00:00,159.32,59.0
2017-09-29 01:00:00,158.28,57.0
2017-09-29 02:00:00,158.07,59.0
2017-09-29 03:00:00,158.5,59.0
2017-09-29 04:00:00,157.48,57.0
2017-09-29 05:00:00,168.25,59.0
2017-09-29 06:00:00,227.32,59.0
2017-09-29 07:00:00,229.45,59.0
2017-09-29 08:00:00,244.1,61.0
2017-09-29 09:00:00,256.65,63.0
2017-09-29 10:00:00,254.9,63.0
2017-09-29 11:00:00,260.25,64.9
2017-09-29 12:00:00,263.18,66.0
2017-09-29 13:00:00,263.6,64.9
2017-09-29 14:00:00,258.5,64.9
2017-09-29 15:00:00,258.05,64.9
2017-09-29 16:00:00,250.3,63.0
2017-09-29 17:00:00,239.95,63.0
2017-09-29 18:00:00,234.58,61.0
2017-09-29 19:00:00,229.55,61.0
2017-09-29 20:00:00,226.3,61.0
2017-09-29 21:00:00,174.28,60.1
2017-09-29 22:00:00,159.12,59.0
2017-09-29 23:00:00,158.72,59.0
2017-09-30 00:00:00,157.38,59.0
2017-09-30 01:00:00,154.3,59.0
2017-09-30 02:00:00,155.65,59.0
2017-09-30 03:00:00,155.2,59.0
2017-09-30 04:00:00,154.68,59.0
2017-09-30 05:00:00,153.55,57.9
2017-09-30 06:00:00,152.25,57.9
2017-09-30 07:00:00,163.98,57.9
2017-09-30 08:00:00,205.02,61.0
2017-09-30 09:00:00,208.25,62.1
2017-09-30 10:00:00,207.5,63.0
2017-09-30 11:00:00,213.22,64.0
2017-09-30 12:00:00,216.88,66.9
2017-09-30 13:00:00,216.6,69.1
2017-09-30 14:00:00,217.45,73.0
2017-09-30 15:00:00,223.78,71.1
2017-09-30 16:00:00,215.88,71.1
2017-09-30 17:00:00,219.45,68.0
2017-09-30 18:00:00,215.15,64.9
2017-09-30 19:00:00,216.58,64.0
2017-09-30 20:00:00,212.15,63.0
2017-09-30 21:00:00,213.85,60.1
2017-09-30 22:00:00,145.72,57.9
2017-09-30 23:00:00,147.7,57.0
2017-10-01 00:00:00,144.2,57.0
2017-10-01 01:00:00,142.95,55.0
2017-10-01 02:00:00,143.38,55.0
2017-10-01 03:00:00,144.43,57.0
2017-10-01 04:00:00,143.05,55.0
2017-10-01 05:00:00,142.22,54.0
2017-10-01 06:00:00,141.22,52.0
2017-10-01 07:00:00,160.0,53.1
2017-10-01 08:00:00,220.6,62.1
2017-10-01 09:00:00,219.88,66.0
2017-10-01 10:00:00,224.88,66.9
2017-10-01 11:00:00,225.12,70.0
2017-10-01 12:00:00,227.88,72.0
2017-10-01 13:00:00,229.9,73.0
2017-10-01 14:00:00,226.32,72.0
2017-10-01 15:00:00,231.2,70.0
2017-10-01 16:00:00,225.65,68.0
2017-10-01 17:00:00,228.82,66.0
2017-10-01 18:00:00,225.4,64.0
2017-10-01 19:00:00,226.05,62.1
2017-10-01 20:00:00,225.65,57.9
2017-10-01 21:00:00,224.55,54.0
2017-10-01 22:00:00,148.95,55.0
2017-10-01 23:00:00,148.43,54.0
2017-10-02 00:00:00,145.18,53.1
2017-10-02 01:00:00,145.98,61.0
2017-10-02 02:00:00,144.48,61.0
2017-10-02 03:00:00,143.75,62.1
2017-10-02 04:00:00,145.02,62.1
2017-10-02 05:00:00,143.95,60.1
2017-10-02 06:00:00,218.95,60.1
2017-10-02 07:00:00,217.28,61.0
2017-10-02 08:00:00,230.82,66.0
2017-10-02 09:00:00,253.1,69.1
2017-10-02 10:00:00,257.65,69.1
2017-10-02 11:00:00,262.82,71.1
2017-10-02 12:00:00,265.12,72.0
2017-10-02 13:00:00,257.58,72.0
2017-10-02 14:00:00,266.75,71.1
2017-10-02 15:00:00,262.1,69.1
2017-10-02 16:00:00,256.38,68.0
2017-10-02 17:00:00,249.72,64.0
2017-10-02 18:00:00,239.72,61.0
2017-10-02 19:00:00,232.0,60.1
2017-10-02 20:00:00,232.75,59.0
2017-10-02 21:00:00,168.72,57.9
2017-10-02 22:00:00,150.68,57.0
2017-10-02 23:00:00,149.32,57.0
2017-10-03 00:00:00,149.3,57.9
2017-10-03 01:00:00,144.68,57.0
2017-10-03 02:00:00,145.05,57.0
2017-10-03 03:00:00,144.75,53.1
2017-10-03 04:00:00,144.4,55.0
2017-10-03 05:00:00,162.8,53.1
2017-10-03 06:00:00,225.02,54.0
2017-10-03 07:00:00,226.9,54.0
2017-10-03 08:00:00,243.82,57.0
2017-10-03 09:00:00,255.58,60.1
2017-10-03 10:00:00,255.75,60.1
2017-10-03 11:00:00,259.1,60.1
2017-10-03 12:00:00,259.05,64.0
2017-10-03 13:00:00,263.23,68.0
2017-10-03 14:00:00,262.2,70.0
2017-10-03 15:00:00,263.0,71.1
2017-10-03 16:00:00,257.08,71.1
2017-10-03 17:00:00,250.95,66.9
2017-10-03 18:00:00,242.74,64.0
2017-10-03 19:00:00,230.52,61.0
2017-10-03 20:00:00,228.45,60.1
2017-10-03 21:00:00,165.18,54.0
2017-10-03 22:00:00,145.9,55.0
2017-10-03 23:00:00,144.5,52.0
2017-10-04 00:00:00,144.32,53.1
2017-10-04 01:00:00,142.1,50.0
2017-10-04 02:00:00,144.1,51.1
2017-10-04 03:00:00,139.88,50.0
2017-10-04 04:00:00,143.45,50.0
2017-10-04 05:00:00,142.2,48.9
2017-10-04 06:00:00,220.45,48.9
2017-10-04 07:00:00,219.45,52.0
2017-10-04 08:00:00,240.4,57.0
2017-10-04 09:00:00,256.27,61.0
2017-10-04 10:00:00,259.23,62.1
2017-10-04 11:00:00,260.8,64.0
2017-10-04 12:00:00,269.77,68.0
2017-10-04 13:00:00,264.25,71.1
2017-10-04 14:00:00,265.5,73.9
2017-10-04 15:00:00,267.85,73.9
2017-10-04 16:00:00,255.18,72.0
2017-10-04 17:00:00,247.58,68.0
2017-10-04 18:00:00,240.18,62.1
2017-10-04 19:00:00,229.25,60.1
2017-10-04 20:00:00,229.1,59.0
2017-10-04 21:00:00,169.65,57.9
2017-10-04 22:00:00,149.22,53.1
2017-10-04 23:00:00,146.5,54.0
2017-10-05 00:00:00,144.07,53.1
2017-10-05 01:00:00,146.2,50.0
2017-10-05 02:00:00,144.18,52.0
2017-10-05 03:00:00,143.5,52.0
2017-10-05 04:00:00,139.3,50.0
2017-10-05 05:00:00,145.48,50.0
2017-10-05 06:00:00,220.75,48.0
2017-10-05 07:00:00,223.28,48.9
2017-10-05 08:00:00,242.6,59.0
2017-10-05 09:00:00,248.48,61.0
2017-10-05 10:00:00,260.32,64.0
2017-10-05 11:00:00,264.88,66.0
2017-10-05 12:00:00,263.35,72.0
2017-10-05 13:00:00,264.88,73.0
2017-10-05 14:00:00,265.98,75.9
2017-10-05 15:00:00,263.45,73.0
2017-10-05 16:00:00,261.0,73.0
2017-10-05 17:00:00,254.68,71.1
2017-10-05 18:00:00,242.8,66.9
2017-10-05 19:00:00,228.4,63.0
2017-10-05 20:00:00,226.22,61.0
2017-10-05 21:00:00,168.8,60.1
2017-10-05 22:00:00,146.5,55.9
2017-10-05 23:00:00,147.2,55.0
2017-10-06 00:00:00,144.68,53.1
2017-10-06 01:00:00,145.38,53.1
2017-10-06 02:00:00,145.2,53.1
2017-10-06 03:00:00,145.25,48.9
2017-10-06 04:00:00,144.1,51.1
2017-10-06 05:00:00,145.22,48.0
2017-10-06 06:00:00,224.95,50.0
2017-10-06 07:00:00,218.28,53.1
2017-10-06 08:00:00,241.92,61.0
2017-10-06 09:00:00,252.88,63.0
2017-10-06 10:00:00,252.8,64.9
2017-10-06 11:00:00,272.0,70.0
2017-10-06 12:00:00,268.15,73.0
2017-10-06 13:00:00,268.32,77.0
2017-10-06 14:00:00,266.68,81.0
2017-10-06 15:00:00,264.23,80.1
2017-10-06 16:00:00,256.85,75.9
2017-10-06 17:00:00,241.2,77.0
2017-10-06 18:00:00,232.88,69.1
2017-10-06 19:00:00,228.75,64.9
2017-10-06 20:00:00,228.52,63.0
2017-10-06 21:00:00,167.15,62.1
2017-10-06 22:00:00,148.3,55.0
2017-10-06 23:00:00,144.95,59.0
2017-10-07 00:00:00,151.4,57.9
2017-10-07 01:00:00,149.65,53.1
2017-10-07 02:00:00,147.02,55.9
2017-10-07 03:00:00,144.05,53.1
2017-10-07 04:00:00,145.12,53.1
2017-10-07 05:00:00,145.62,52.0
2017-10-07 06:00:00,145.18,50.0
2017-10-07 07:00:00,159.7,52.0
2017-10-07 08:00:00,218.35,60.1
2017-10-07 09:00:00,221.72,64.9
2017-10-07 10:00:00,221.22,69.1
2017-10-07 11:00:00,224.25,72.0
2017-10-07 12:00:00,230.3,75.0
2017-10-07 13:00:00,228.08,77.0
2017-10-07 14:00:00,225.75,75.0
2017-10-07 15:00:00,229.6,70.0
2017-10-07 16:00:00,229.22,68.0
2017-10-07 17:00:00,220.67,66.0
2017-10-07 18:00:00,228.9,62.1
2017-10-07 19:00:00,229.21,61.0
2017-10-07 20:00:00,220.58,57.9
2017-10-07 21:00:00,222.45,59.0
2017-10-07 22:00:00,145.57,57.9
2017-10-07 23:00:00,145.78,57.0
2017-10-08 00:00:00,146.07,57.0
2017-10-08 01:00:00,144.4,57.9
2017-10-08 02:00:00,144.15,57.0
2017-10-08 03:00:00,143.8,57.0
2017-10-08 04:00:00,142.22,51.1
2017-10-08 05:00:00,145.2,51.1
2017-10-08 06:00:00,143.12,48.9
2017-10-08 07:00:00,175.88,53.1
2017-10-08 08:00:00,217.18,59.0
2017-10-08 09:00:00,219.38,60.1
2017-10-08 10:00:00,222.12,64.0
2017-10-08 11:00:00,231.0,66.9
2017-10-08 12:00:00,223.42,72.0
2017-10-08 13:00:00,231.22,73.9
2017-10-08 14:00:00,227.1,77.0
2017-10-08 15:00:00,222.55,75.0
2017-10-08 16:00:00,227.55,73.0
2017-10-08 17:00:00,226.25,71.1
2017-10-08 18:00:00,227.82,66.0
2017-10-08 19:00:00,228.6,66.9
2017-10-08 20:00:00,223.59,64.0
2017-10-08 21:00:00,222.7,64.9
2017-10-08 22:00:00,143.7,66.0
2017-10-08 23:00:00,148.12,64.9
2017-10-09 00:00:00,147.3,69.1
2017-10-09 01:00:00,149.12,70.0
2017-10-09 02:00:00,151.0,69.1
2017-10-09 03:00:00,147.9,69.1
2017-10-09 04:00:00,145.55,66.9
2017-10-09 05:00:00,141.95,64.9
2017-10-09 06:00:00,217.7,61.0
2017-10-09 07:00:00,212.08,62.1
2017-10-09 08:00:00,222.95,66.0
2017-10-09 09:00:00,244.45,68.0
2017-10-09 10:00:00,253.85,73.9
2017-10-09 11:00:00,265.48,75.0
2017-10-09 12:00:00,267.5,72.0
2017-10-09 13:00:00,271.0,73.0
2017-10-09 14:00:00,268.1,73.9
2017-10-09 15:00:00,265.68,75.0
2017-10-09 16:00:00,258.4,73.0
2017-10-09 17:00:00,253.6,73.0
2017-10-09 18:00:00,248.42,66.9
2017-10-09 19:00:00,233.15,63.0
2017-10-09 20:00:00,228.32,62.1
2017-10-09 21:00:00,174.32,64.0
2017-10-09 22:00:00,149.43,61.0
2017-10-09 23:00:00,148.4,57.9
2017-10-10 00:00:00,151.48,60.1
2017-10-10 01:00:00,151.28,57.0
2017-10-10 02:00:00,146.38,57.9
2017-10-10 03:00:00,147.18,54.0
2017-10-10 04:00:00,143.75,55.0
2017-10-10 05:00:00,148.48,53.1
2017-10-10 06:00:00,220.15,52.0
2017-10-10 07:00:00,222.82,54.0
2017-10-10 08:00:00,237.02,61.0
2017-10-10 09:00:00,254.15,64.9
2017-10-10 10:00:00,256.02,68.0
2017-10-10 11:00:00,263.65,70.0
2017-10-10 12:00:00,264.55,73.9
2017-10-10 13:00:00,267.65,75.0
2017-10-10 14:00:00,268.2,69.1
2017-10-10 15:00:00,260.35,66.0
2017-10-10 16:00:00,257.62,64.9
2017-10-10 17:00:00,247.2,63.0
2017-10-10 18:00:00,234.35,59.0
2017-10-10 19:00:00,226.78,57.9
2017-10-10 20:00:00,224.05,54.0
2017-10-10 21:00:00,167.25,54.0
2017-10-10 22:00:00,144.28,54.0
2017-10-10 23:00:00,147.95,51.1
2017-10-11 00:00:00,145.0,52.0
2017-10-11 01:00:00,143.45,48.9
2017-10-11 02:00:00,146.1,50.0
2017-10-11 03:00:00,144.3,50.0
2017-10-11 04:00:00,146.15,50.0
2017-10-11 05:00:00,143.07,52.0
2017-10-11 06:00:00,221.9,50.0
2017-10-11 07:00:00,221.78,50.0
2017-10-11 08:00:00,231.3,55.0
2017-10-11 09:00:00,250.02,57.0
2017-10-11 10:00:00,251.08,59.0
2017-10-11 11:00:00,259.32,61.0
2017-10-11 12:00:00,258.73,63.0
2017-10-11 13:00:00,252.7,64.9
2017-10-11 14:00:00,255.82,64.9
2017-10-11 15:00:00,263.55,66.0
2017-10-11 16:00:00,252.45,64.0
2017-10-11 17:00:00,245.92,63.0
2017-10-11 18:00:00,236.92,61.0
2017-10-11 19:00:00,225.38,60.1
2017-10-11 20:00:00,222.32,55.0
2017-10-11 21:00:00,171.15,55.0
2017-10-11 22:00:00,148.07,51.1
2017-10-11 23:00:00,146.62,55.0
2017-10-12 00:00:00,146.7,52.0
2017-10-12 01:00:00,146.88,51.1
2017-10-12 02:00:00,146.22,54.0
2017-10-12 03:00:00,145.45,51.1
2017-10-12 04:00:00,147.12,54.0
2017-10-12 05:00:00,162.35,50.0
2017-10-12 06:00:00,218.48,51.1
2017-10-12 07:00:00,213.1,48.9
2017-10-12 08:00:00,232.32,57.0
2017-10-12 09:00:00,247.95,59.0
2017-10-12 10:00:00,254.82,63.0
2017-10-12 11:00:00,257.23,64.0
2017-10-12 12:00:00,257.23,66.0
2017-10-12 13:00:00,255.68,68.0
2017-10-12 14:00:00,255.85,68.0
2017-10-12 15:00:00,257.42,66.9
2017-10-12 16:00:00,245.2,64.0
2017-10-12 17:00:00,243.98,62.1
2017-10-12 18:00:00,237.42,59.0
2017-10-12 19:00:00,227.38,55.9
2017-10-12 20:00:00,225.3,51.1
2017-10-12 21:00:00,169.08,51.1
2017-10-12 22:00:00,147.5,51.1
2017-10-12 23:00:00,143.48,50.0
2017-10-13 00:00:00,145.55,48.9
2017-10-13 01:00:00,144.18,50.0
2017-10-13 02:00:00,147.48,46.9
2017-10-13 03:00:00,144.6,46.9
2017-10-13 04:00:00,143.22,45.0
2017-10-13 05:00:00,159.75,46.0
2017-10-13 06:00:00,217.58,46.0
2017-10-13 07:00:00,212.32,46.0
2017-10-13 08:00:00,235.95,53.1
2017-10-13 09:00:00,252.88,59.0
2017-10-13 10:00:00,244.12,61.0
2017-10-13 11:00:00,250.5,64.0
2017-10-13 12:00:00,254.42,66.9
2017-10-13 13:00:00,251.72,70.0
2017-10-13 14:00:00,249.38,71.1
2017-10-13 15:00:00,257.95,69.1
2017-10-13 16:00:00,250.3,68.0
2017-10-13 17:00:00,237.15,64.9
2017-10-13 18:00:00,227.75,61.0
2017-10-13 19:00:00,228.25,60.1
2017-10-13 20:00:00,228.62,57.9
2017-10-13 21:00:00,170.18,57.0
2017-10-13 22:00:00,150.98,52.0
2017-10-13 23:00:00,150.22,53.1
2017-10-14 00:00:00,146.2,52.0
2017-10-14 01:00:00,150.12,51.1
2017-10-14 02:00:00,149.38,48.0
2017-10-14 03:00:00,149.8,48.0
2017-10-14 04:00:00,148.55,46.9
2017-10-14 05:00:00,149.48,50.0
2017-10-14 06:00:00,148.38,46.0
2017-10-14 07:00:00,160.07,48.0
2017-10-14 08:00:00,213.45,57.0
2017-10-14 09:00:00,213.48,66.9
2017-10-14 10:00:00,213.65,70.0
2017-10-14 11:00:00,222.68,73.0
2017-10-14 12:00:00,221.18,75.9
2017-10-14 13:00:00,221.6,77.0
2017-10-14 14:00:00,229.48,78.1
2017-10-14 15:00:00,228.72,79.0
2017-10-14 16:00:00,229.32,78.1
2017-10-14 17:00:00,224.82,75.0
2017-10-14 18:00:00,226.45,70.0
2017-10-14 19:00:00,228.78,68.0
2017-10-14 20:00:00,228.52,66.0
2017-10-14 21:00:00,226.0,62.1
2017-10-14 22:00:00,151.25,62.1
2017-10-14 23:00:00,151.45,57.0
2017-10-15 00:00:00,149.68,55.0
2017-10-15 01:00:00,151.12,55.9
2017-10-15 02:00:00,148.9,55.9
2017-10-15 03:00:00,148.9,54.0
2017-10-15 04:00:00,151.78,54.0
2017-10-15 05:00:00,151.95,53.1
2017-10-15 06:00:00,155.98,55.9
2017-10-15 07:00:00,164.18,57.9
2017-10-15 08:00:00,214.1,62.1
2017-10-15 09:00:00,217.58,66.9
2017-10-15 10:00:00,218.08,66.0
2017-10-15 11:00:00,225.55,66.0
2017-10-15 12:00:00,227.02,70.0
2017-10-15 13:00:00,233.25,73.0
2017-10-15 14:00:00,234.32,75.0
2017-10-15 15:00:00,227.85,79.0
2017-10-15 16:00:00,236.0,75.0
2017-10-15 17:00:00,231.5,73.9
2017-10-15 18:00:00,229.4,71.1
2017-10-15 19:00:00,230.38,71.1
2017-10-15 20:00:00,230.45,66.0
2017-10-15 21:00:00,224.62,63.0
2017-10-15 22:00:00,156.82,64.0
2017-10-15 23:00:00,153.57,55.9
2017-10-16 00:00:00,150.7,59.0
2017-10-16 01:00:00,152.3,54.0
2017-10-16 02:00:00,149.93,55.9
2017-10-16 03:00:00,152.4,51.1
2017-10-16 04:00:00,151.15,51.1
2017-10-16 05:00:00,150.3,51.1
2017-10-16 06:00:00,222.18,55.0
2017-10-16 07:00:00,219.52,50.0
2017-10-16 08:00:00,229.6,61.0
2017-10-16 09:00:00,240.82,64.0
2017-10-16 10:00:00,229.12,68.0
2017-10-16 11:00:00,231.52,69.1
2017-10-16 12:00:00,230.68,72.0
2017-10-16 13:00:00,239.75,73.9
2017-10-16 14:00:00,239.5,75.9
2017-10-16 15:00:00,243.0,75.9
2017-10-16 16:00:00,238.58,79.0
2017-10-16 17:00:00,230.85,75.0
2017-10-16 18:00:00,218.88,72.0
2017-10-16 19:00:00,209.72,66.0
2017-10-16 20:00:00,212.95,64.0
2017-10-16 21:00:00,179.45,59.0
2017-10-16 22:00:00,164.02,64.0
2017-10-16 23:00:00,160.07,60.1
2017-10-17 00:00:00,155.2,59.0
2017-10-17 01:00:00,157.57,60.1
2017-10-17 02:00:00,157.38,54.0
2017-10-17 03:00:00,154.43,55.9
2017-10-17 04:00:00,155.48,54.0
2017-10-17 05:00:00,156.12,54.0
2017-10-17 06:00:00,191.35,50.0
2017-10-17 07:00:00,189.9,55.0
2017-10-17 08:00:00,206.85,60.1
2017-10-17 09:00:00,226.55,64.0
2017-10-17 10:00:00,229.72,66.9
2017-10-17 11:00:00,234.18,64.9
2017-10-17 12:00:00,237.28,70.0
2017-10-17 13:00:00,234.2,69.1
2017-10-17 14:00:00,228.28,72.0
2017-10-17 15:00:00,234.68,72.0
2017-10-17 16:00:00,229.66,66.9
2017-10-17 17:00:00,219.12,63.0
2017-10-17 18:00:00,212.22,57.9
2017-10-17 19:00:00,207.18,57.9
2017-10-17 20:00:00,202.1,55.0
2017-10-17 21:00:00,170.95,53.1
2017-10-17 22:00:00,156.95,52.0
2017-10-17 23:00:00,156.43,51.1
2017-10-18 00:00:00,156.78,51.1
2017-10-18 01:00:00,154.93,50.0
2017-10-18 02:00:00,156.68,48.0
2017-10-18 03:00:00,156.93,46.0
2017-10-18 04:00:00,156.5,45.0
2017-10-18 05:00:00,154.6,46.0
2017-10-18 06:00:00,193.3,43.0
2017-10-18 07:00:00,191.68,45.0
2017-10-18 08:00:00,207.7,50.0
2017-10-18 09:00:00,221.9,53.1
2017-10-18 10:00:00,227.85,55.0
2017-10-18 11:00:00,231.52,57.0
2017-10-18 12:00:00,236.25,61.0
2017-10-18 13:00:00,263.02,62.1
2017-10-18 14:00:00,269.9,62.1
2017-10-18 15:00:00,263.77,60.1
2017-10-18 16:00:00,256.02,57.0
2017-10-18 17:00:00,247.55,55.0
2017-10-18 18:00:00,233.25,54.0
2017-10-18 19:00:00,229.05,52.0
2017-10-18 20:00:00,226.65,54.0
2017-10-18 21:00:00,181.68,54.0
2017-10-18 22:00:00,164.35,54.0
2017-10-18 23:00:00,162.1,54.0
2017-10-19 00:00:00,162.1,54.0
2017-10-19 01:00:00,159.82,54.0
2017-10-19 02:00:00,158.16,55.0
2017-10-19 03:00:00,159.69,55.9
2017-10-19 04:00:00,157.9,55.0
2017-10-19 05:00:00,158.1,55.9
2017-10-19 06:00:00,223.8,55.9
2017-10-19 07:00:00,222.18,55.0
2017-10-19 08:00:00,241.15,55.9
2017-10-19 09:00:00,253.82,57.0
2017-10-19 10:00:00,257.02,57.9
2017-10-19 11:00:00,262.12,60.1
2017-10-19 12:00:00,264.45,62.1
2017-10-19 13:00:00,259.77,63.0
2017-10-19 14:00:00,265.0,63.0
2017-10-19 15:00:00,265.98,62.1
2017-10-19 16:00:00,254.2,62.1
2017-10-19 17:00:00,251.78,62.1
2017-10-19 18:00:00,246.52,61.0
2017-10-19 19:00:00,230.4,61.0
2017-10-19 20:00:00,230.65,62.1
2017-10-19 21:00:00,172.4,62.1
2017-10-19 22:00:00,155.57,62.1
2017-10-19 23:00:00,148.12,55.0
2017-10-20 00:00:00,149.12,54.0
2017-10-20 01:00:00,146.75,55.0
2017-10-20 02:00:00,148.07,54.0
2017-10-20 03:00:00,147.6,54.0
2017-10-20 04:00:00,148.2,53.1
2017-10-20 05:00:00,147.95,51.1
2017-10-20 06:00:00,222.72,53.1
2017-10-20 07:00:00,219.22,54.0
2017-10-20 08:00:00,232.95,55.0
2017-10-20 09:00:00,251.2,57.0
2017-10-20 10:00:00,259.35,59.0
2017-10-20 11:00:00,260.73,61.0
2017-10-20 12:00:00,263.45,61.0
2017-10-20 13:00:00,262.9,63.0
2017-10-20 14:00:00,266.5,62.1
2017-10-20 15:00:00,261.18,62.1
2017-10-20 16:00:00,256.55,60.1
2017-10-20 17:00:00,237.55,57.9
2017-10-20 18:00:00,235.35,57.0
2017-10-20 19:00:00,233.25,55.9
2017-10-20 20:00:00,229.3,55.9
2017-10-20 21:00:00,169.48,55.9
2017-10-20 22:00:00,149.38,54.0
2017-10-20 23:00:00,146.07,53.1
2017-10-21 00:00:00,143.28,54.0
2017-10-21 01:00:00,144.52,48.9
2017-10-21 02:00:00,144.25,48.0
2017-10-21 03:00:00,143.18,48.0
2017-10-21 04:00:00,144.18,46.0
2017-10-21 05:00:00,144.05,44.1
2017-10-21 06:00:00,142.52,46.0
2017-10-21 07:00:00,160.12,46.0
2017-10-21 08:00:00,217.58,54.0
2017-10-21 09:00:00,217.8,55.9
2017-10-21 10:00:00,216.48,57.9
2017-10-21 11:00:00,218.78,60.1
2017-10-21 12:00:00,222.22,64.0
2017-10-21 13:00:00,228.38,64.0
2017-10-21 14:00:00,223.8,64.9
2017-10-21 15:00:00,224.3,64.9
2017-10-21 16:00:00,225.45,64.9
2017-10-21 17:00:00,226.92,63.0
2017-10-21 18:00:00,224.38,59.0
2017-10-21 19:00:00,228.1,59.0
2017-10-21 20:00:00,230.9,59.0
2017-10-21 21:00:00,228.5,59.0
2017-10-21 22:00:00,150.1,55.0
2017-10-21 23:00:00,148.57,55.0
2017-10-22 00:00:00,149.02,51.1
2017-10-22 01:00:00,150.9,52.0
2017-10-22 02:00:00,150.38,51.1
2017-10-22 03:00:00,150.22,50.0
2017-10-22 04:00:00,151.2,48.0
2017-10-22 05:00:00,151.1,50.0
2017-10-22 06:00:00,148.32,48.9
2017-10-22 07:00:00,164.42,46.9
2017-10-22 08:00:00,220.02,57.0
2017-10-22 09:00:00,221.35,59.0
2017-10-22 10:00:00,223.78,61.0
2017-10-22 11:00:00,231.15,64.9
2017-10-22 12:00:00,231.28,66.9
2017-10-22 13:00:00,227.18,69.1
2017-10-22 14:00:00,229.62,70.0
2017-10-22 15:00:00,229.25,70.0
2017-10-22 16:00:00,226.68,69.1
2017-10-22 17:00:00,225.02,64.9
2017-10-22 18:00:00,224.92,63.0
2017-10-22 19:00:00,225.48,62.1
2017-10-22 20:00:00,228.32,62.1
2017-10-22 21:00:00,226.78,55.9
2017-10-22 22:00:00,151.68,55.9
2017-10-22 23:00:00,148.43,57.0
2017-10-23 00:00:00,152.65,57.0
2017-10-23 01:00:00,148.3,55.0
2017-10-23 02:00:00,149.15,53.1
2017-10-23 03:00:00,149.52,54.0
2017-10-23 04:00:00,149.05,54.0
2017-10-23 05:00:00,165.12,52.0
2017-10-23 06:00:00,224.42,52.0
2017-10-23 07:00:00,224.62,54.0
2017-10-23 08:00:00,230.8,63.0
2017-10-23 09:00:00,250.12,66.9
2017-10-23 10:00:00,267.12,78.1
2017-10-23 11:00:00,261.9,75.0
2017-10-23 12:00:00,272.45,75.9
2017-10-23 13:00:00,275.05,78.1
2017-10-23 14:00:00,277.52,82.0
2017-10-23 15:00:00,276.65,79.0
2017-10-23 16:00:00,272.58,79.0
2017-10-23 17:00:00,258.92,80.1
2017-10-23 18:00:00,257.95,73.9
2017-10-23 19:00:00,246.4,71.1
2017-10-23 20:00:00,241.05,66.9
2017-10-23 21:00:00,183.85,66.0
2017-10-23 22:00:00,163.9,63.0
2017-10-23 23:00:00,165.15,64.0
2017-10-24 00:00:00,166.18,63.0
2017-10-24 01:00:00,168.52,64.0
2017-10-24 02:00:00,165.0,64.0
2017-10-24 03:00:00,162.28,64.9
2017-10-24 04:00:00,164.4,64.9
2017-10-24 05:00:00,168.3,63.0
2017-10-24 06:00:00,232.1,64.9
2017-10-24 07:00:00,232.22,64.9
2017-10-24 08:00:00,245.25,69.1
2017-10-24 09:00:00,269.6,71.1
2017-10-24 10:00:00,270.88,73.9
2017-10-24 11:00:00,275.15,88.0
2017-10-24 12:00:00,274.82,90.0
2017-10-24 13:00:00,273.15,91.9
2017-10-24 14:00:00,285.92,82.0
2017-10-24 15:00:00,279.5,82.0
2017-10-24 16:00:00,269.1,82.0
2017-10-24 17:00:00,269.2,80.1
2017-10-24 18:00:00,257.86,75.0
2017-10-24 19:00:00,253.3,73.9
2017-10-24 20:00:00,250.28,69.1
2017-10-24 21:00:00,183.58,69.1
2017-10-24 22:00:00,168.78,64.0
2017-10-24 23:00:00,170.28,64.0
2017-10-25 00:00:00,163.3,66.0
2017-10-25 01:00:00,165.12,62.1
2017-10-25 02:00:00,158.95,61.0
2017-10-25 03:00:00,155.45,57.9
2017-10-25 04:00:00,157.85,60.1
2017-10-25 05:00:00,157.57,57.9
2017-10-25 06:00:00,228.88,55.9
2017-10-25 07:00:00,226.2,57.9
2017-10-25 08:00:00,238.88,64.0
2017-10-25 09:00:00,252.35,66.0
2017-10-25 10:00:00,267.2,70.0
2017-10-25 11:00:00,277.48,71.1
2017-10-25 12:00:00,278.55,73.9
2017-10-25 13:00:00,276.98,75.9
2017-10-25 14:00:00,281.27,82.0
2017-10-25 15:00:00,285.18,78.1
2017-10-25 16:00:00,278.0,80.1
2017-10-25 17:00:00,271.48,78.1
2017-10-25 18:00:00,261.68,73.0
2017-10-25 19:00:00,248.08,73.0
2017-10-25 20:00:00,244.85,69.1
2017-10-25 21:00:00,179.28,66.9
2017-10-25 22:00:00,164.55,66.0
2017-10-25 23:00:00,162.62,59.0
2017-10-26 00:00:00,162.48,60.1
2017-10-26 01:00:00,156.6,57.0
2017-10-26 02:00:00,159.98,57.9
2017-10-26 03:00:00,156.07,57.0
2017-10-26 04:00:00,156.35,57.9
2017-10-26 05:00:00,159.2,57.0
2017-10-26 06:00:00,227.52,55.0
2017-10-26 07:00:00,223.7,57.0
2017-10-26 08:00:00,244.55,64.0
2017-10-26 09:00:00,256.38,66.0
2017-10-26 10:00:00,261.73,68.0
2017-10-26 11:00:00,274.98,69.1
2017-10-26 12:00:00,271.05,73.0
2017-10-26 13:00:00,273.5,78.1
2017-10-26 14:00:00,275.62,81.0
2017-10-26 15:00:00,274.3,81.0
2017-10-26 16:00:00,271.08,79.0
2017-10-26 17:00:00,266.75,79.0
2017-10-26 18:00:00,259.32,73.9
2017-10-26 19:00:00,242.02,70.0
2017-10-26 20:00:00,234.38,69.1
2017-10-26 21:00:00,177.78,66.9
2017-10-26 22:00:00,160.1,63.0
2017-10-26 23:00:00,158.48,61.0
2017-10-27 00:00:00,152.1,61.0
2017-10-27 01:00:00,152.45,55.0
2017-10-27 02:00:00,151.52,57.9
2017-10-27 03:00:00,151.78,54.0
2017-10-27 04:00:00,149.6,53.1
2017-10-27 05:00:00,153.72,57.0
2017-10-27 06:00:00,227.5,54.0
2017-10-27 07:00:00,225.02,55.0
2017-10-27 08:00:00,246.8,61.0
2017-10-27 09:00:00,259.95,66.9
2017-10-27 10:00:00,260.45,66.9
2017-10-27 11:00:00,268.23,70.0
2017-10-27 12:00:00,268.82,73.0
2017-10-27 13:00:00,277.65,75.0
2017-10-27 14:00:00,273.38,75.9
2017-10-27 15:00:00,269.25,79.0
2017-10-27 16:00:00,266.55,79.0
2017-10-27 17:00:00,241.85,69.1
2017-10-27 18:00:00,236.82,64.9
2017-10-27 19:00:00,233.0,63.0
2017-10-27 20:00:00,230.22,61.0
2017-10-27 21:00:00,173.48,59.0
2017-10-27 22:00:00,157.72,55.9
2017-10-27 23:00:00,154.76,55.0
2017-10-28 00:00:00,154.2,54.0
2017-10-28 01:00:00,153.65,54.0
2017-10-28 02:00:00,151.6,53.1
2017-10-28 03:00:00,154.12,52.0
2017-10-28 04:00:00,149.68,51.1
2017-10-28 05:00:00,150.02,52.0
2017-10-28 06:00:00,152.4,50.0
2017-10-28 07:00:00,175.22,51.1
2017-10-28 08:00:00,216.0,54.0
2017-10-28 09:00:00,219.12,55.9
2017-10-28 10:00:00,220.4,57.9
2017-10-28 11:00:00,222.28,61.0
2017-10-28 12:00:00,226.45,62.1
2017-10-28 13:00:00,231.3,64.9
2017-10-28 14:00:00,228.75,66.0
2017-10-28 15:00:00,226.9,64.9
2017-10-28 16:00:00,224.22,61.0
2017-10-28 17:00:00,222.3,57.9
2017-10-28 18:00:00,223.7,55.9
2017-10-28 19:00:00,230.0,55.0
2017-10-28 20:00:00,222.48,54.0
2017-10-28 21:00:00,224.02,54.0
2017-10-28 22:00:00,147.25,54.0
2017-10-28 23:00:00,152.48,54.0
2017-10-29 00:00:00,149.66,55.0
2017-10-29 01:00:00,152.43,55.0
2017-10-29 02:00:00,151.52,55.0
2017-10-29 03:00:00,151.62,55.0
2017-10-29 04:00:00,151.95,54.0
2017-10-29 05:00:00,152.57,54.0
2017-10-29 06:00:00,150.57,54.0
2017-10-29 07:00:00,166.0,54.0
2017-10-29 08:00:00,215.18,55.0
2017-10-29 09:00:00,216.6,55.9
2017-10-29 10:00:00,219.38,55.9
2017-10-29 11:00:00,219.7,55.9
2017-10-29 12:00:00,220.25,55.9
2017-10-29 13:00:00,221.65,57.0
2017-10-29 14:00:00,223.45,57.9
2017-10-29 15:00:00,220.82,60.1
2017-10-29 16:00:00,225.72,60.1
2017-10-29 17:00:00,225.5,55.9
2017-10-29 18:00:00,223.5,53.1
2017-10-29 19:00:00,223.02,53.1
2017-10-29 20:00:00,228.05,53.1
2017-10-29 21:00:00,226.7,54.0
2017-10-29 22:00:00,152.52,54.0
2017-10-29 23:00:00,152.93,55.0
2017-10-30 00:00:00,157.93,55.0
2017-10-30 01:00:00,151.4,55.0
2017-10-30 02:00:00,150.45,55.0
2017-10-30 03:00:00,155.22,54.0
2017-10-30 04:00:00,150.32,55.0
2017-10-30 05:00:00,152.28,55.0
2017-10-30 06:00:00,225.88,55.0
2017-10-30 07:00:00,222.88,55.0
2017-10-30 08:00:00,244.82,55.9
2017-10-30 09:00:00,257.1,55.9
2017-10-30 10:00:00,264.3,57.0
2017-10-30 11:00:00,264.75,60.1
2017-10-30 12:00:00,263.3,61.0
2017-10-30 13:00:00,269.9,61.0
2017-10-30 14:00:00,262.62,61.0
2017-10-30 15:00:00,263.58,61.0
2017-10-30 16:00:00,261.05,57.9
2017-10-30 17:00:00,248.45,57.0
2017-10-30 18:00:00,239.88,55.9
2017-10-30 19:00:00,236.22,55.9
2017-10-30 20:00:00,231.78,55.9
2017-10-30 21:00:00,169.95,55.9
2017-10-30 22:00:00,154.8,55.9
2017-10-30 23:00:00,150.2,55.9
2017-10-31 00:00:00,146.1,55.9
2017-10-31 01:00:00,147.15,55.9
2017-10-31 02:00:00,148.35,55.9
2017-10-31 03:00:00,146.02,55.0
2017-10-31 04:00:00,145.95,52.0
2017-10-31 05:00:00,146.05,50.0
2017-10-31 06:00:00,228.78,48.9
2017-10-31 07:00:00,228.42,48.9
2017-10-31 08:00:00,239.12,55.0
2017-10-31 09:00:00,257.5,57.9
2017-10-31 10:00:00,261.4,59.0
2017-10-31 11:00:00,260.62,60.1
2017-10-31 12:00:00,260.55,61.0
2017-10-31 13:00:00,258.8,63.0
2017-10-31 14:00:00,262.4,64.0
2017-10-31 15:00:00,262.38,64.0
2017-10-31 16:00:00,255.18,62.1
2017-10-31 17:00:00,249.52,59.0
2017-10-31 18:00:00,244.5,57.0
2017-10-31 19:00:00,234.3,55.9
2017-10-31 20:00:00,232.02,55.9
2017-10-31 21:00:00,173.52,53.1
2017-10-31 22:00:00,152.6,52.0
2017-10-31 23:00:00,152.85,52.0
2017-11-01 00:00:00,147.68,51.1
2017-11-01 01:00:00,148.35,46.9
2017-11-01 02:00:00,148.32,48.0
2017-11-01 03:00:00,146.55,48.0
2017-11-01 04:00:00,149.98,46.9
2017-11-01 05:00:00,149.22,46.9
2017-11-01 06:00:00,225.88,46.9
2017-11-01 07:00:00,227.52,48.0
2017-11-01 08:00:00,240.2,53.1
2017-11-01 09:00:00,257.02,57.0
2017-11-01 10:00:00,269.58,57.0
2017-11-01 11:00:00,270.18,59.0
2017-11-01 12:00:00,268.42,62.1
2017-11-01 13:00:00,270.05,64.0
2017-11-01 14:00:00,276.55,66.0
2017-11-01 15:00:00,265.02,64.9
2017-11-01 16:00:00,266.85,63.0
2017-11-01 17:00:00,252.55,60.1
2017-11-01 18:00:00,247.32,57.0
2017-11-01 19:00:00,238.78,55.9
2017-11-01 20:00:00,232.48,55.9
2017-11-01 21:00:00,173.65,51.1
2017-11-01 22:00:00,152.2,54.0
2017-11-01 23:00:00,151.95,55.0
2017-11-02 00:00:00,151.0,55.0
2017-11-02 01:00:00,150.43,53.1
2017-11-02 02:00:00,150.72,50.0
2017-11-02 03:00:00,150.18,48.9
2017-11-02 04:00:00,146.22,46.9
2017-11-02 05:00:00,164.48,48.9
2017-11-02 06:00:00,223.55,48.0
2017-11-02 07:00:00,229.32,46.9
2017-11-02 08:00:00,241.72,52.0
2017-11-02 09:00:00,253.15,55.9
2017-11-02 10:00:00,257.77,59.0
2017-11-02 11:00:00,272.27,60.1
2017-11-02 12:00:00,262.68,60.1
2017-11-02 13:00:00,264.82,62.1
2017-11-02 14:00:00,267.08,63.0
2017-11-02 15:00:00,259.55,64.0
2017-11-02 16:00:00,252.15,64.9
2017-11-02 17:00:00,249.92,62.1
2017-11-02 18:00:00,244.08,60.1
2017-11-02 19:00:00,233.2,60.1
2017-11-02 20:00:00,231.6,61.0
2017-11-02 21:00:00,170.78,57.0
2017-11-02 22:00:00,150.48,55.0
2017-11-02 23:00:00,146.72,52.0
2017-11-03 00:00:00,147.72,53.1
2017-11-03 01:00:00,148.15,54.0
2017-11-03 02:00:00,148.88,55.0
2017-11-03 03:00:00,146.72,57.0
2017-11-03 04:00:00,145.98,55.0
2017-11-03 05:00:00,147.2,55.0
2017-11-03 06:00:00,223.25,57.0
2017-11-03 07:00:00,222.22,55.9
2017-11-03 08:00:00,244.15,57.0
2017-11-03 09:00:00,255.18,59.0
2017-11-03 10:00:00,259.1,60.1
2017-11-03 11:00:00,255.78,64.0
2017-11-03 12:00:00,264.27,63.0
2017-11-03 13:00:00,264.88,64.0
2017-11-03 14:00:00,264.3,64.0
2017-11-03 15:00:00,263.32,63.0
2017-11-03 16:00:00,258.35,62.1
2017-11-03 17:00:00,236.28,60.1
2017-11-03 18:00:00,234.15,61.0
2017-11-03 19:00:00,233.3,61.0
2017-11-03 20:00:00,227.72,60.1
2017-11-03 21:00:00,172.55,60.1
2017-11-03 22:00:00,149.25,60.1
2017-11-03 23:00:00,148.85,57.9
2017-11-04 00:00:00,151.95,57.9
2017-11-04 01:00:00,146.9,57.9
2017-11-04 02:00:00,146.48,59.0
2017-11-04 03:00:00,148.35,59.0
2017-11-04 04:00:00,147.12,57.9
2017-11-04 05:00:00,148.15,57.0
2017-11-04 06:00:00,145.85,57.0
2017-11-04 07:00:00,166.95,57.0
2017-11-04 08:00:00,215.1,55.9
2017-11-04 09:00:00,215.7,55.9
2017-11-04 10:00:00,215.98,55.9
2017-11-04 11:00:00,219.12,57.0
2017-11-04 12:00:00,224.3,59.0
2017-11-04 13:00:00,224.38,60.1
2017-11-04 14:00:00,224.05,61.0
2017-11-04 15:00:00,220.85,59.0
2017-11-04 16:00:00,218.38,57.0
2017-11-04 17:00:00,215.18,55.0
2017-11-04 18:00:00,218.95,53.1
2017-11-04 19:00:00,223.28,52.0
2017-11-04 20:00:00,219.9,52.0
2017-11-04 21:00:00,219.32,51.1
2017-11-04 22:00:00,150.13,51.1
2017-11-04 23:00:00,145.22,50.0
2017-11-05 00:00:00,144.9,50.0
2017-11-05 01:00:00,146.45,51.1
2017-11-05 02:00:00,146.18,50.0
2017-11-05 03:00:00,148.48,51.1
2017-11-05 04:00:00,146.35,51.1
2017-11-05 05:00:00,143.75,51.1
2017-11-05 06:00:00,158.95,51.1
2017-11-05 07:00:00,208.92,51.1
2017-11-05 08:00:00,211.7,52.0
2017-11-05 09:00:00,210.6,54.0
2017-11-05 10:00:00,213.98,55.9
2017-11-05 11:00:00,212.1,57.0
2017-11-05 12:00:00,216.42,57.0
2017-11-05 13:00:00,217.88,57.9
2017-11-05 14:00:00,216.32,57.0
2017-11-05 15:00:00,218.05,59.0
2017-11-05 16:00:00,220.65,57.0
2017-11-05 17:00:00,225.48,55.9
2017-11-05 18:00:00,223.32,55.0
2017-11-05 19:00:00,221.85,54.0
2017-11-05 20:00:00,220.48,54.0
2017-11-05 21:00:00,147.07,53.1
2017-11-05 22:00:00,149.4,48.0
2017-11-05 23:00:00,144.43,46.9
2017-11-06 00:00:00,144.25,48.0
2017-11-06 01:00:00,145.28,46.9
2017-11-06 02:00:00,148.2,51.1
2017-11-06 03:00:00,146.98,51.1
2017-11-06 04:00:00,145.43,52.0
2017-11-06 05:00:00,219.5,50.0
2017-11-06 06:00:00,219.68,48.0
2017-11-06 07:00:00,227.05,48.9
2017-11-06 08:00:00,246.52,51.1
2017-11-06 09:00:00,256.1,55.0
2017-11-06 10:00:00,260.08,55.9
2017-11-06 11:00:00,260.48,57.9
2017-11-06 12:00:00,259.4,60.1
2017-11-06 13:00:00,259.45,62.1
2017-11-06 14:00:00,262.1,62.1
2017-11-06 15:00:00,268.88,61.0
2017-11-06 16:00:00,257.95,60.1
2017-11-06 17:00:00,257.27,57.9
2017-11-06 18:00:00,248.0,55.9
2017-11-06 19:00:00,232.1,54.0
2017-11-06 20:00:00,229.15,53.1
2017-11-06 21:00:00,172.5,48.9
2017-11-06 22:00:00,150.02,50.0
2017-11-06 23:00:00,151.05,46.0
2017-11-07 00:00:00,148.55,48.9
2017-11-07 01:00:00,145.18,46.0
2017-11-07 02:00:00,145.82,48.0
2017-11-07 03:00:00,147.32,46.0
2017-11-07 04:00:00,146.5,46.0
2017-11-07 05:00:00,162.6,42.1
2017-11-07 06:00:00,228.3,44.1
2017-11-07 07:00:00,227.85,46.0
2017-11-07 08:00:00,241.95,51.1
2017-11-07 09:00:00,259.18,55.0
2017-11-07 10:00:00,259.05,57.9
2017-11-07 11:00:00,255.75,57.0
2017-11-07 12:00:00,253.12,57.9
2017-11-07 13:00:00,258.98,57.9
2017-11-07 14:00:00,258.12,61.0
2017-11-07 15:00:00,257.18,64.0
2017-11-07 16:00:00,254.15,63.0
2017-11-07 17:00:00,255.55,59.0
2017-11-07 18:00:00,243.02,57.9
2017-11-07 19:00:00,231.92,55.0
2017-11-07 20:00:00,233.8,55.9
2017-11-07 21:00:00,162.05,52.0
2017-11-07 22:00:00,148.2,51.1
2017-11-07 23:00:00,149.2,53.1
2017-11-08 00:00:00,147.43,52.0
2017-11-08 01:00:00,146.5,50.0
2017-11-08 02:00:00,145.88,48.9
2017-11-08 03:00:00,144.22,50.0
2017-11-08 04:00:00,144.15,50.0
2017-11-08 05:00:00,163.72,46.9
2017-11-08 06:00:00,223.95,50.0
2017-11-08 07:00:00,225.15,51.1
2017-11-08 08:00:00,240.9,55.0
2017-11-08 09:00:00,254.3,57.0
2017-11-08 10:00:00,268.15,57.0
2017-11-08 11:00:00,260.62,57.9
2017-11-08 12:00:00,263.3,62.1
2017-11-08 13:00:00,268.4,63.0
2017-11-08 14:00:00,269.73,62.1
2017-11-08 15:00:00,264.3,62.1
2017-11-08 16:00:00,257.65,62.1
2017-11-08 17:00:00,257.18,63.0
2017-11-08 18:00:00,247.08,62.1
2017-11-08 19:00:00,235.02,62.1
2017-11-08 20:00:00,232.45,62.1
2017-11-08 21:00:00,169.05,62.1
2017-11-08 22:00:00,152.68,61.0
2017-11-08 23:00:00,149.14,60.1
2017-11-09 00:00:00,147.48,57.9
2017-11-09 01:00:00,148.85,59.0
2017-11-09 02:00:00,148.95,59.0
2017-11-09 03:00:00,147.8,59.0
2017-11-09 04:00:00,148.8,59.0
2017-11-09 05:00:00,147.1,57.9
2017-11-09 06:00:00,220.72,57.9
2017-11-09 07:00:00,220.42,57.9
2017-11-09 08:00:00,249.18,59.0
2017-11-09 09:00:00,256.23,60.1
2017-11-09 10:00:00,259.3,61.0
2017-11-09 11:00:00,267.3,62.1
2017-11-09 12:00:00,259.42,63.0
2017-11-09 13:00:00,260.5,64.0
2017-11-09 14:00:00,262.8,64.9
2017-11-09 15:00:00,256.3,66.0
2017-11-09 16:00:00,253.2,64.0
2017-11-09 17:00:00,255.02,62.1
2017-11-09 18:00:00,249.3,61.0
2017-11-09 19:00:00,234.95,60.1
2017-11-09 20:00:00,232.74,57.0
2017-11-09 21:00:00,168.5,55.0
2017-11-09 22:00:00,149.4,54.0
2017-11-09 23:00:00,147.3,54.0
2017-11-10 00:00:00,149.12,55.9
2017-11-10 01:00:00,146.75,54.0
2017-11-10 02:00:00,147.9,54.0
2017-11-10 03:00:00,148.05,55.0
2017-11-10 04:00:00,145.38,55.0
2017-11-10 05:00:00,163.52,55.0
2017-11-10 06:00:00,221.72,54.0
2017-11-10 07:00:00,217.52,55.0
2017-11-10 08:00:00,220.7,55.0
2017-11-10 09:00:00,223.42,55.9
2017-11-10 10:00:00,229.5,59.0
2017-11-10 11:00:00,234.25,62.1
2017-11-10 12:00:00,234.55,61.0
2017-11-10 13:00:00,233.48,60.1
2017-11-10 14:00:00,235.5,61.0
2017-11-10 15:00:00,238.35,62.1
2017-11-10 16:00:00,236.28,61.0
2017-11-10 17:00:00,235.98,60.1
2017-11-10 18:00:00,233.62,57.9
2017-11-10 19:00:00,228.88,54.0
2017-11-10 20:00:00,230.0,55.9
2017-11-10 21:00:00,173.72,55.9
2017-11-10 22:00:00,150.98,55.0
2017-11-10 23:00:00,151.4,54.0
2017-11-11 00:00:00,152.1,52.0
2017-11-11 01:00:00,147.28,54.0
2017-11-11 02:00:00,146.82,55.0
2017-11-11 03:00:00,149.75,54.0
2017-11-11 04:00:00,149.65,53.1
2017-11-11 05:00:00,148.68,52.0
2017-11-11 06:00:00,142.5,53.1
2017-11-11 07:00:00,175.8,51.1
2017-11-11 08:00:00,217.48,54.0
2017-11-11 09:00:00,216.0,55.9
2017-11-11 10:00:00,215.55,57.0
2017-11-11 11:00:00,215.7,57.9
2017-11-11 12:00:00,216.62,61.0
2017-11-11 13:00:00,223.18,62.1
2017-11-11 14:00:00,224.48,63.0
2017-11-11 15:00:00,224.82,62.1
2017-11-11 16:00:00,227.45,61.0
2017-11-11 17:00:00,229.12,57.9
2017-11-11 18:00:00,228.78,57.0
2017-11-11 19:00:00,228.42,55.0
2017-11-11 20:00:00,230.12,55.9
2017-11-11 21:00:00,225.72,55.9
2017-11-11 22:00:00,149.85,54.0
2017-11-11 23:00:00,147.78,54.0
2017-11-12 00:00:00,144.32,52.0
2017-11-12 01:00:00,147.0,52.0
2017-11-12 02:00:00,148.43,50.0
2017-11-12 03:00:00,145.2,50.0
2017-11-12 04:00:00,148.95,48.9
2017-11-12 05:00:00,148.32,48.9
2017-11-12 06:00:00,144.8,51.1
2017-11-12 07:00:00,175.48,50.0
2017-11-12 08:00:00,215.58,52.0
2017-11-12 09:00:00,216.38,54.0
2017-11-12 10:00:00,217.42,57.0
2017-11-12 11:00:00,219.6,59.0
2017-11-12 12:00:00,221.42,61.0
2017-11-12 13:00:00,222.72,61.0
2017-11-12 14:00:00,223.05,62.1
2017-11-12 15:00:00,224.62,63.0
2017-11-12 16:00:00,226.08,62.1
2017-11-12 17:00:00,232.45,59.0
2017-11-12 18:00:00,226.88,57.9
2017-11-12 19:00:00,227.9,57.9
2017-11-12 20:00:00,229.42,53.1
2017-11-12 21:00:00,228.5,54.0
2017-11-12 22:00:00,154.0,52.0
2017-11-12 23:00:00,153.62,50.0
2017-11-13 00:00:00,153.72,53.1
2017-11-13 01:00:00,148.43,54.0
2017-11-13 02:00:00,149.12,53.1
2017-11-13 03:00:00,150.5,54.0
2017-11-13 04:00:00,150.0,55.0
2017-11-13 05:00:00,163.78,54.0
2017-11-13 06:00:00,224.75,55.0
2017-11-13 07:00:00,225.45,54.0
2017-11-13 08:00:00,242.3,55.9
2017-11-13 09:00:00,253.75,59.0
2017-11-13 10:00:00,265.1,60.1
2017-11-13 11:00:00,269.62,62.1
2017-11-13 12:00:00,266.12,64.9
2017-11-13 13:00:00,264.6,64.9
2017-11-13 14:00:00,266.48,64.0
2017-11-13 15:00:00,274.2,61.0
2017-11-13 16:00:00,262.75,61.0
2017-11-13 17:00:00,260.55,60.1
2017-11-13 18:00:00,254.38,59.0
2017-11-13 19:00:00,243.45,60.1
2017-11-13 20:00:00,234.6,59.0
2017-11-13 21:00:00,173.6,59.0
2017-11-13 22:00:00,154.45,60.1
2017-11-13 23:00:00,152.28,59.0
2017-11-14 00:00:00,151.7,57.9
2017-11-14 01:00:00,148.62,57.9
2017-11-14 02:00:00,148.65,57.0
2017-11-14 03:00:00,147.68,55.0
2017-11-14 04:00:00,149.82,53.1
2017-11-14 05:00:00,150.02,52.0
2017-11-14 06:00:00,222.45,52.0
2017-11-14 07:00:00,223.75,51.1
2017-11-14 08:00:00,244.72,53.1
2017-11-14 09:00:00,259.15,55.0
2017-11-14 10:00:00,264.2,55.9
2017-11-14 11:00:00,257.58,57.9
2017-11-14 12:00:00,259.15,61.0
2017-11-14 13:00:00,262.3,62.1
2017-11-14 14:00:00,261.4,63.0
2017-11-14 15:00:00,259.77,63.0
2017-11-14 16:00:00,254.5,61.0
2017-11-14 17:00:00,259.82,59.0
2017-11-14 18:00:00,252.55,57.9
2017-11-14 19:00:00,232.72,57.0
2017-11-14 20:00:00,225.95,55.0
2017-11-14 21:00:00,168.38,55.0
2017-11-14 22:00:00,147.8,53.1
2017-11-14 23:00:00,148.5,52.0
2017-11-15 00:00:00,147.82,53.1
2017-11-15 01:00:00,148.9,53.1
2017-11-15 02:00:00,144.48,52.0
2017-11-15 03:00:00,145.1,53.1
2017-11-15 04:00:00,142.62,53.1
2017-11-15 05:00:00,149.98,54.0
2017-11-15 06:00:00,219.0,53.1
2017-11-15 07:00:00,222.12,53.1
2017-11-15 08:00:00,237.5,53.1
2017-11-15 09:00:00,257.42,54.0
2017-11-15 10:00:00,267.35,55.0
2017-11-15 11:00:00,264.6,55.9
2017-11-15 12:00:00,269.85,57.0
2017-11-15 13:00:00,269.58,57.9
2017-11-15 14:00:00,264.05,57.9
2017-11-15 15:00:00,263.1,59.0
2017-11-15 16:00:00,256.68,60.1
2017-11-15 17:00:00,256.73,64.0
2017-11-15 18:00:00,248.42,64.0
2017-11-15 19:00:00,234.85,63.0
2017-11-15 20:00:00,236.72,63.0
2017-11-15 21:00:00,168.65,61.0
2017-11-15 22:00:00,151.18,60.1
2017-11-15 23:00:00,148.75,60.1
2017-11-16 00:00:00,149.44,59.0
2017-11-16 01:00:00,147.12,59.0
2017-11-16 02:00:00,147.4,59.0
2017-11-16 03:00:00,147.8,57.0
2017-11-16 04:00:00,147.3,55.9
2017-11-16 05:00:00,150.05,55.0
2017-11-16 06:00:00,224.32,54.0
2017-11-16 07:00:00,222.72,54.0
2017-11-16 08:00:00,243.02,54.0
2017-11-16 09:00:00,256.8,54.0
2017-11-16 10:00:00,265.2,55.0
2017-11-16 11:00:00,272.2,55.0
2017-11-16 12:00:00,267.45,55.0
2017-11-16 13:00:00,270.82,55.0
2017-11-16 14:00:00,273.92,55.9
2017-11-16 15:00:00,272.3,55.9
2017-11-16 16:00:00,260.35,55.9
2017-11-16 17:00:00,255.68,54.0
2017-11-16 18:00:00,247.12,55.0
2017-11-16 19:00:00,232.4,55.0
2017-11-16 20:00:00,232.7,55.0
2017-11-16 21:00:00,174.92,55.9
2017-11-16 22:00:00,149.7,57.0
2017-11-16 23:00:00,150.38,54.0
2017-11-17 00:00:00,146.43,52.0
2017-11-17 01:00:00,148.22,53.1
2017-11-17 02:00:00,146.52,53.1
2017-11-17 03:00:00,145.52,53.1
2017-11-17 04:00:00,145.85,52.0
2017-11-17 05:00:00,146.02,48.9
2017-11-17 06:00:00,223.92,46.9
2017-11-17 07:00:00,220.38,46.0
2017-11-17 08:00:00,238.28,50.0
2017-11-17 09:00:00,256.48,54.0
2017-11-17 10:00:00,268.38,55.9
2017-11-17 11:00:00,269.25,57.9
2017-11-17 12:00:00,257.98,60.1
2017-11-17 13:00:00,260.1,62.1
2017-11-17 14:00:00,258.25,62.1
2017-11-17 15:00:00,261.02,62.1
2017-11-17 16:00:00,254.25,60.1
2017-11-17 17:00:00,253.6,55.9
2017-11-17 18:00:00,241.55,54.0
2017-11-17 19:00:00,227.68,52.0
2017-11-17 20:00:00,227.75,51.1
2017-11-17 21:00:00,172.18,48.0
2017-11-17 22:00:00,150.8,46.9
2017-11-17 23:00:00,148.7,48.9
2017-11-18 00:00:00,146.82,43.0
2017-11-18 01:00:00,147.02,42.1
2017-11-18 02:00:00,148.2,43.0
2017-11-18 03:00:00,147.12,39.9
2017-11-18 04:00:00,145.65,41.0
2017-11-18 05:00:00,148.15,39.9
2017-11-18 06:00:00,142.75,39.0
2017-11-18 07:00:00,158.15,39.0
2017-11-18 08:00:00,216.12,44.1
2017-11-18 09:00:00,214.34,51.1
2017-11-18 10:00:00,213.2,53.1
2017-11-18 11:00:00,218.55,55.0
2017-11-18 12:00:00,225.42,55.9
2017-11-18 13:00:00,222.36,57.0
2017-11-18 14:00:00,227.32,60.1
2017-11-18 15:00:00,222.92,60.1
2017-11-18 16:00:00,217.68,57.9
2017-11-18 17:00:00,224.18,55.9
2017-11-18 18:00:00,224.92,55.0
2017-11-18 19:00:00,226.48,54.0
2017-11-18 20:00:00,226.68,51.1
2017-11-18 21:00:00,222.15,50.0
2017-11-18 22:00:00,150.02,48.9
2017-11-18 23:00:00,145.82,48.0
2017-11-19 00:00:00,142.28,46.9
2017-11-19 01:00:00,141.35,45.0
2017-11-19 02:00:00,142.28,45.0
2017-11-19 03:00:00,142.48,44.1
2017-11-19 04:00:00,144.88,42.1
2017-11-19 05:00:00,141.4,43.0
2017-11-19 06:00:00,138.88,41.0
2017-11-19 07:00:00,156.35,41.0
2017-11-19 08:00:00,213.85,44.1
2017-11-19 09:00:00,212.5,50.0
2017-11-19 10:00:00,213.68,52.0
2017-11-19 11:00:00,218.6,53.1
2017-11-19 12:00:00,221.02,55.0
2017-11-19 13:00:00,222.52,57.0
2017-11-19 14:00:00,220.9,57.9
2017-11-19 15:00:00,219.62,59.0
2017-11-19 16:00:00,219.5,59.0
2017-11-19 17:00:00,223.22,57.0
2017-11-19 18:00:00,220.58,57.0
2017-11-19 19:00:00,224.15,55.9
2017-11-19 20:00:00,221.58,55.0
2017-11-19 21:00:00,221.68,53.1
2017-11-19 22:00:00,147.6,55.0
2017-11-19 23:00:00,146.72,55.0
2017-11-20 00:00:00,143.78,55.0
2017-11-20 01:00:00,143.45,55.9
2017-11-20 02:00:00,143.85,55.0
2017-11-20 03:00:00,146.45,55.0
2017-11-20 04:00:00,143.95,55.9
2017-11-20 05:00:00,150.12,55.0
2017-11-20 06:00:00,218.75,54.0
2017-11-20 07:00:00,217.95,55.9
2017-11-20 08:00:00,234.95,55.9
2017-11-20 09:00:00,240.38,57.9
2017-11-20 10:00:00,254.58,57.9
2017-11-20 11:00:00,257.88,60.1
2017-11-20 12:00:00,267.12,62.1
2017-11-20 13:00:00,262.42,61.0
2017-11-20 14:00:00,261.38,64.0
2017-11-20 15:00:00,263.18,64.9
2017-11-20 16:00:00,259.58,64.0
2017-11-20 17:00:00,256.0,60.1
2017-11-20 18:00:00,246.82,61.0
2017-11-20 19:00:00,236.65,60.1
2017-11-20 20:00:00,232.82,59.0
2017-11-20 21:00:00,176.22,59.0
2017-11-20 22:00:00,152.57,57.9
2017-11-20 23:00:00,151.45,57.0
2017-11-21 00:00:00,148.32,55.9
2017-11-21 01:00:00,151.3,55.9
2017-11-21 02:00:00,150.4,57.0
2017-11-21 03:00:00,151.07,57.0
2017-11-21 04:00:00,149.78,55.0
2017-11-21 05:00:00,146.15,55.0
2017-11-21 06:00:00,225.98,54.0
2017-11-21 07:00:00,220.4,54.0
2017-11-21 08:00:00,241.72,54.0
2017-11-21 09:00:00,253.6,59.0
2017-11-21 10:00:00,256.35,61.0
2017-11-21 11:00:00,260.02,60.1
2017-11-21 12:00:00,262.45,61.0
2017-11-21 13:00:00,265.58,62.1
2017-11-21 14:00:00,263.9,63.0
2017-11-21 15:00:00,259.62,64.0
2017-11-21 16:00:00,263.65,64.0
2017-11-21 17:00:00,257.45,62.1
2017-11-21 18:00:00,246.25,60.1
2017-11-21 19:00:00,238.18,60.1
2017-11-21 20:00:00,232.25,57.9
2017-11-21 21:00:00,175.55,55.9
2017-11-21 22:00:00,151.22,57.9
2017-11-21 23:00:00,152.68,57.9
2017-11-22 00:00:00,152.38,55.0
2017-11-22 01:00:00,152.7,55.9
2017-11-22 02:00:00,150.9,53.1
2017-11-22 03:00:00,151.8,54.0
2017-11-22 04:00:00,151.12,52.0
2017-11-22 05:00:00,164.75,50.0
2017-11-22 06:00:00,228.05,54.0
2017-11-22 07:00:00,223.42,51.1
2017-11-22 08:00:00,239.55,54.0
2017-11-22 09:00:00,242.85,57.9
2017-11-22 10:00:00,245.72,60.1
2017-11-22 11:00:00,248.2,62.1
2017-11-22 12:00:00,253.32,63.0
2017-11-22 13:00:00,254.98,66.0
2017-11-22 14:00:00,253.45,64.9
2017-11-22 15:00:00,250.38,64.0
2017-11-22 16:00:00,244.25,63.0
2017-11-22 17:00:00,235.4,63.0
2017-11-22 18:00:00,229.68,63.0
2017-11-22 19:00:00,228.98,61.0
2017-11-22 20:00:00,229.52,61.0
2017-11-22 21:00:00,169.32,59.0
2017-11-22 22:00:00,151.2,60.1
2017-11-22 23:00:00,148.15,60.1
2017-11-23 00:00:00,146.65,57.9
2017-11-23 01:00:00,148.45,57.9
2017-11-23 02:00:00,149.38,57.9
2017-11-23 03:00:00,145.25,57.0
2017-11-23 04:00:00,146.35,57.9
2017-11-23 05:00:00,150.8,55.0
2017-11-23 06:00:00,223.38,55.0
2017-11-23 07:00:00,216.9,55.9
2017-11-23 08:00:00,217.52,55.9
2017-11-23 09:00:00,218.02,57.9
2017-11-23 10:00:00,218.48,60.1
2017-11-23 11:00:00,221.0,61.0
2017-11-23 12:00:00,221.4,62.1
2017-11-23 13:00:00,217.58,62.1
2017-11-23 14:00:00,220.95,62.1
2017-11-23 15:00:00,218.75,64.0
2017-11-23 16:00:00,221.72,63.0
2017-11-23 17:00:00,225.1,63.0
2017-11-23 18:00:00,226.88,61.0
2017-11-23 19:00:00,226.88,61.0
2017-11-23 20:00:00,227.08,59.0
2017-11-23 21:00:00,167.15,59.0
2017-11-23 22:00:00,147.6,59.0
2017-11-23 23:00:00,144.98,57.9
2017-11-24 00:00:00,141.05,57.9
2017-11-24 01:00:00,141.72,55.9
2017-11-24 02:00:00,141.85,55.0
2017-11-24 03:00:00,142.35,55.9
2017-11-24 04:00:00,143.0,55.0
2017-11-24 05:00:00,145.22,54.0
2017-11-24 06:00:00,218.98,53.1
2017-11-24 07:00:00,214.28,52.0
2017-11-24 08:00:00,217.58,54.0
2017-11-24 09:00:00,222.22,57.0
2017-11-24 10:00:00,228.25,57.9
2017-11-24 11:00:00,225.52,61.0
2017-11-24 12:00:00,227.92,63.0
2017-11-24 13:00:00,229.05,64.0
2017-11-24 14:00:00,229.52,64.0
2017-11-24 15:00:00,227.3,64.9
2017-11-24 16:00:00,222.38,64.0
2017-11-24 17:00:00,226.18,62.1
2017-11-24 18:00:00,224.15,61.0
2017-11-24 19:00:00,225.8,60.1
2017-11-24 20:00:00,224.22,60.1
2017-11-24 21:00:00,153.25,60.1
2017-11-24 22:00:00,149.93,59.0
2017-11-24 23:00:00,147.32,59.0
2017-11-25 00:00:00,145.88,59.0
2017-11-25 01:00:00,144.6,59.0
2017-11-25 02:00:00,148.15,57.9
2017-11-25 03:00:00,142.6,57.0
2017-11-25 04:00:00,143.0,55.9
2017-11-25 05:00:00,145.57,57.0
2017-11-25 06:00:00,141.62,57.9
2017-11-25 07:00:00,166.22,54.0
2017-11-25 08:00:00,216.72,57.0
2017-11-25 09:00:00,215.52,62.1
2017-11-25 10:00:00,213.1,62.1
2017-11-25 11:00:00,214.5,61.0
2017-11-25 12:00:00,221.25,63.0
2017-11-25 13:00:00,221.6,63.0
2017-11-25 14:00:00,229.32,64.9
2017-11-25 15:00:00,226.45,68.0
2017-11-25 16:00:00,220.28,66.0
2017-11-25 17:00:00,224.62,61.0
2017-11-25 18:00:00,226.8,63.0
2017-11-25 19:00:00,226.28,61.0
2017-11-25 20:00:00,224.9,61.0
2017-11-25 21:00:00,223.72,60.1
2017-11-25 22:00:00,149.4,60.1
2017-11-25 23:00:00,149.05,59.0
2017-11-26 00:00:00,146.57,59.0
2017-11-26 01:00:00,148.75,60.1
2017-11-26 02:00:00,147.85,57.0
2017-11-26 03:00:00,147.7,59.0
2017-11-26 04:00:00,148.57,62.1
2017-11-26 05:00:00,147.05,62.1
2017-11-26 06:00:00,147.28,63.0
2017-11-26 07:00:00,174.48,63.0
2017-11-26 08:00:00,216.25,61.0
2017-11-26 09:00:00,216.85,63.0
2017-11-26 10:00:00,220.88,62.1
2017-11-26 11:00:00,219.8,61.0
2017-11-26 12:00:00,222.6,61.0
2017-11-26 13:00:00,226.05,61.0
2017-11-26 14:00:00,223.18,61.0
2017-11-26 15:00:00,224.6,61.0
2017-11-26 16:00:00,222.4,60.1
2017-11-26 17:00:00,225.85,60.1
2017-11-26 18:00:00,227.6,60.1
2017-11-26 19:00:00,224.08,60.1
2017-11-26 20:00:00,225.42,60.1
2017-11-26 21:00:00,213.0,59.0
2017-11-26 22:00:00,151.25,59.0
2017-11-26 23:00:00,148.7,57.9
2017-11-27 00:00:00,149.18,57.9
2017-11-27 01:00:00,149.57,52.0
2017-11-27 02:00:00,146.62,52.0
2017-11-27 03:00:00,145.95,53.1
2017-11-27 04:00:00,148.35,52.0
2017-11-27 05:00:00,149.12,50.0
2017-11-27 06:00:00,218.55,48.9
2017-11-27 07:00:00,219.2,46.0
2017-11-27 08:00:00,228.6,48.9
2017-11-27 09:00:00,251.52,53.1
2017-11-27 10:00:00,256.38,55.0
2017-11-27 11:00:00,257.4,57.0
2017-11-27 12:00:00,255.3,57.0
2017-11-27 13:00:00,256.65,57.9
2017-11-27 14:00:00,256.0,57.9
2017-11-27 15:00:00,258.4,57.9
2017-11-27 16:00:00,261.32,57.0
2017-11-27 17:00:00,260.02,55.0
2017-11-27 18:00:00,255.7,54.0
2017-11-27 19:00:00,235.05,52.0
2017-11-27 20:00:00,236.78,48.9
2017-11-27 21:00:00,174.8,50.0
2017-11-27 22:00:00,154.3,48.0
2017-11-27 23:00:00,151.65,48.0
2017-11-28 00:00:00,150.07,45.0
2017-11-28 01:00:00,147.9,44.1
2017-11-28 02:00:00,148.2,46.0
2017-11-28 03:00:00,149.57,44.1
2017-11-28 04:00:00,148.85,43.0
2017-11-28 05:00:00,155.02,44.1
2017-11-28 06:00:00,224.28,41.0
2017-11-28 07:00:00,224.02,43.0
2017-11-28 08:00:00,240.55,44.1
2017-11-28 09:00:00,255.25,51.1
2017-11-28 10:00:00,263.77,54.0
2017-11-28 11:00:00,268.23,54.0
2017-11-28 12:00:00,265.92,55.9
2017-11-28 13:00:00,265.7,59.0
2017-11-28 14:00:00,262.0,59.0
2017-11-28 15:00:00,264.75,59.0
2017-11-28 16:00:00,256.65,57.9
2017-11-28 17:00:00,260.02,57.0
2017-11-28 18:00:00,255.3,55.0
2017-11-28 19:00:00,237.5,54.0
2017-11-28 20:00:00,240.02,51.1
2017-11-28 21:00:00,175.98,50.0
2017-11-28 22:00:00,149.38,50.0
2017-11-28 23:00:00,147.3,46.9
2017-11-29 00:00:00,147.75,48.9
2017-11-29 01:00:00,146.3,48.0
2017-11-29 02:00:00,146.32,46.0
2017-11-29 03:00:00,146.7,45.0
2017-11-29 04:00:00,145.1,45.0
2017-11-29 05:00:00,146.82,44.1
2017-11-29 06:00:00,225.62,45.0
2017-11-29 07:00:00,228.4,43.0
2017-11-29 08:00:00,250.25,46.0
2017-11-29 09:00:00,263.92,54.0
2017-11-29 10:00:00,267.3,55.9
2017-11-29 11:00:00,262.65,57.0
2017-11-29 12:00:00,262.2,57.9
2017-11-29 13:00:00,277.05,59.0
2017-11-29 14:00:00,266.7,60.1
2017-11-29 15:00:00,263.48,60.1
2017-11-29 16:00:00,262.75,60.1
2017-11-29 17:00:00,265.42,57.0
2017-11-29 18:00:00,253.88,55.9
2017-11-29 19:00:00,235.7,55.0
2017-11-29 20:00:00,234.1,52.0
2017-11-29 21:00:00,173.62,50.0
2017-11-29 22:00:00,156.05,48.0
2017-11-29 23:00:00,151.7,46.9
2017-11-30 00:00:00,151.62,45.0
2017-11-30 01:00:00,145.72,48.0
2017-11-30 02:00:00,147.4,51.1
2017-11-30 03:00:00,146.75,48.0
2017-11-30 04:00:00,146.75,48.9
2017-11-30 05:00:00,147.4,48.9
2017-11-30 06:00:00,221.22,46.9
2017-11-30 07:00:00,220.25,44.1
2017-11-30 08:00:00,246.92,43.0
2017-11-30 09:00:00,254.72,52.0
2017-11-30 10:00:00,264.95,57.0
2017-11-30 11:00:00,264.27,57.0
2017-11-30 12:00:00,265.4,57.0
2017-11-30 13:00:00,268.58,57.9
2017-11-30 14:00:00,266.4,61.0
2017-11-30 15:00:00,263.02,62.1
2017-11-30 16:00:00,256.48,60.1
2017-11-30 17:00:00,259.68,57.0
2017-11-30 18:00:00,252.52,55.0
2017-11-30 19:00:00,236.0,53.1
2017-11-30 20:00:00,234.5,51.1
2017-11-30 21:00:00,172.12,48.9
2017-11-30 22:00:00,151.62,46.9
2017-11-30 23:00:00,150.6,46.0
2017-12-01 00:00:00,149.9,46.0
2017-12-01 01:00:00,148.82,44.1
2017-12-01 02:00:00,147.78,43.0
2017-12-01 03:00:00,149.28,44.1
2017-12-01 04:00:00,147.5,44.1
2017-12-01 05:00:00,156.88,43.0
2017-12-01 06:00:00,227.32,43.0
2017-12-01 07:00:00,229.4,42.1
2017-12-01 08:00:00,245.25,45.0
2017-12-01 09:00:00,255.28,51.1
2017-12-01 10:00:00,255.25,52.0
2017-12-01 11:00:00,264.05,54.0
2017-12-01 12:00:00,261.08,55.0
2017-12-01 13:00:00,259.55,55.0
2017-12-01 14:00:00,262.35,55.9
2017-12-01 15:00:00,261.52,57.0
2017-12-01 16:00:00,258.25,57.0
2017-12-01 17:00:00,247.95,55.9
2017-12-01 18:00:00,242.25,53.1
2017-12-01 19:00:00,235.08,54.0
2017-12-01 20:00:00,237.38,48.0
2017-12-01 21:00:00,175.38,48.0
2017-12-01 22:00:00,154.35,48.0
2017-12-01 23:00:00,150.95,48.0
2017-12-02 00:00:00,146.2,45.0
2017-12-02 01:00:00,148.52,45.0
2017-12-02 02:00:00,149.93,45.0
2017-12-02 03:00:00,148.57,44.1
2017-12-02 04:00:00,147.0,44.1
2017-12-02 05:00:00,144.98,45.0
2017-12-02 06:00:00,146.32,44.1
2017-12-02 07:00:00,179.18,44.1
2017-12-02 08:00:00,219.28,43.0
2017-12-02 09:00:00,228.62,48.9
2017-12-02 10:00:00,223.9,53.1
2017-12-02 11:00:00,223.9,53.1
2017-12-02 12:00:00,221.38,55.0
2017-12-02 13:00:00,225.72,55.9
2017-12-02 14:00:00,221.1,55.9
2017-12-02 15:00:00,222.15,55.9
2017-12-02 16:00:00,224.55,55.9
2017-12-02 17:00:00,226.35,55.0
2017-12-02 18:00:00,229.6,54.0
2017-12-02 19:00:00,226.72,55.0
2017-12-02 20:00:00,226.22,53.1
2017-12-02 21:00:00,222.9,55.0
2017-12-02 22:00:00,150.7,53.1
2017-12-02 23:00:00,144.57,54.0
2017-12-03 00:00:00,141.43,55.0
2017-12-03 01:00:00,143.22,53.1
2017-12-03 02:00:00,143.85,53.1
2017-12-03 03:00:00,142.78,52.0
2017-12-03 04:00:00,141.9,51.1
2017-12-03 05:00:00,146.2,51.1
2017-12-03 06:00:00,139.93,50.0
2017-12-03 07:00:00,165.7,50.0
2017-12-03 08:00:00,216.85,48.9
2017-12-03 09:00:00,218.75,52.0
2017-12-03 10:00:00,210.9,54.0
2017-12-03 11:00:00,215.1,55.0
2017-12-03 12:00:00,213.05,55.9
2017-12-03 13:00:00,214.4,55.9
2017-12-03 14:00:00,214.78,57.0
2017-12-03 15:00:00,211.08,57.9
2017-12-03 16:00:00,215.88,57.9
2017-12-03 17:00:00,222.92,53.1
2017-12-03 18:00:00,222.62,53.1
2017-12-03 19:00:00,219.72,46.9
2017-12-03 20:00:00,222.3,48.9
2017-12-03 21:00:00,223.65,50.0
2017-12-03 22:00:00,146.32,48.9
2017-12-03 23:00:00,143.2,48.9
2017-12-04 00:00:00,147.22,48.9
2017-12-04 01:00:00,141.6,50.0
2017-12-04 02:00:00,143.85,50.0
2017-12-04 03:00:00,143.07,50.0
2017-12-04 04:00:00,142.32,48.0
2017-12-04 05:00:00,158.1,48.0
2017-12-04 06:00:00,215.22,42.1
2017-12-04 07:00:00,211.92,39.0
2017-12-04 08:00:00,227.2,42.1
2017-12-04 09:00:00,248.08,50.0
2017-12-04 10:00:00,257.8,53.1
2017-12-04 11:00:00,262.45,54.0
2017-12-04 12:00:00,260.42,60.1
2017-12-04 13:00:00,258.8,63.0
2017-12-04 14:00:00,265.12,63.0
2017-12-04 15:00:00,255.22,62.1
2017-12-04 16:00:00,256.0,61.0
2017-12-04 17:00:00,257.9,59.0
2017-12-04 18:00:00,249.9,57.0
2017-12-04 19:00:00,235.08,55.9
2017-12-04 20:00:00,233.3,54.0
2017-12-04 21:00:00,177.08,53.1
2017-12-04 22:00:00,159.35,53.1
2017-12-04 23:00:00,154.48,53.1
2017-12-05 00:00:00,153.1,53.1
2017-12-05 01:00:00,153.32,52.0
2017-12-05 02:00:00,151.62,53.1
2017-12-05 03:00:00,148.75,51.1
2017-12-05 04:00:00,154.52,53.1
2017-12-05 05:00:00,148.32,53.1
2017-12-05 06:00:00,220.85,50.0
2017-12-05 07:00:00,225.22,46.0
2017-12-05 08:00:00,237.05,48.9
2017-12-05 09:00:00,245.08,54.0
2017-12-05 10:00:00,255.88,55.9
2017-12-05 11:00:00,260.3,60.1
2017-12-05 12:00:00,264.23,64.9
2017-12-05 13:00:00,264.92,66.0
2017-12-05 14:00:00,263.23,66.0
2017-12-05 15:00:00,266.52,63.0
2017-12-05 16:00:00,263.65,62.1
2017-12-05 17:00:00,265.82,57.9
2017-12-05 18:00:00,258.1,54.0
2017-12-05 19:00:00,239.58,52.0
2017-12-05 20:00:00,234.02,46.9
2017-12-05 21:00:00,171.5,46.9
2017-12-05 22:00:00,158.65,46.9
2017-12-05 23:00:00,152.22,42.1
2017-12-06 00:00:00,150.78,39.0
2017-12-06 01:00:00,149.9,41.0
2017-12-06 02:00:00,148.18,39.0
2017-12-06 03:00:00,148.88,43.0
2017-12-06 04:00:00,149.5,37.0
2017-12-06 05:00:00,148.55,42.1
2017-12-06 06:00:00,227.35,45.0
2017-12-06 07:00:00,225.38,45.0
2017-12-06 08:00:00,238.98,46.0
2017-12-06 09:00:00,251.6,51.1
2017-12-06 10:00:00,262.82,57.0
2017-12-06 11:00:00,264.45,59.0
2017-12-06 12:00:00,269.58,61.0
2017-12-06 13:00:00,269.85,63.0
2017-12-06 14:00:00,268.48,64.0
2017-12-06 15:00:00,258.58,64.0
2017-12-06 16:00:00,261.0,63.0
2017-12-06 17:00:00,264.5,55.9
2017-12-06 18:00:00,256.4,55.0
2017-12-06 19:00:00,240.35,55.0
2017-12-06 20:00:00,232.98,54.0
2017-12-06 21:00:00,177.32,51.1
2017-12-06 22:00:00,156.0,53.1
2017-12-06 23:00:00,152.02,50.0
2017-12-07 00:00:00,153.5,48.9
2017-12-07 01:00:00,152.32,46.9
2017-12-07 02:00:00,150.93,44.1
2017-12-07 03:00:00,151.15,46.0
2017-12-07 04:00:00,149.25,48.0
2017-12-07 05:00:00,163.95,45.0
2017-12-07 06:00:00,223.28,45.0
2017-12-07 07:00:00,221.1,45.0
2017-12-07 08:00:00,239.82,48.0
2017-12-07 09:00:00,255.8,53.1
2017-12-07 10:00:00,263.02,57.0
2017-12-07 11:00:00,263.65,55.0
2017-12-07 12:00:00,269.35,54.0
2017-12-07 13:00:00,264.23,57.0
2017-12-07 14:00:00,262.95,59.0
2017-12-07 15:00:00,264.02,62.1
2017-12-07 16:00:00,260.73,59.0
2017-12-07 17:00:00,262.7,54.0
2017-12-07 18:00:00,254.62,54.0
2017-12-07 19:00:00,243.78,53.1
2017-12-07 20:00:00,237.2,55.0
2017-12-07 21:00:00,178.88,48.9
2017-12-07 22:00:00,162.28,45.0
2017-12-07 23:00:00,162.85,45.0
2017-12-08 00:00:00,158.9,44.1
2017-12-08 01:00:00,155.35,45.0
2017-12-08 02:00:00,154.02,43.0
2017-12-08 03:00:00,154.15,42.1
2017-12-08 04:00:00,154.4,39.0
2017-12-08 05:00:00,157.07,42.1
2017-12-08 06:00:00,230.5,39.0
2017-12-08 07:00:00,224.0,37.9
2017-12-08 08:00:00,252.28,39.9
2017-12-08 09:00:00,255.15,48.0
2017-12-08 10:00:00,257.92,51.1
2017-12-08 11:00:00,268.12,53.1
2017-12-08 12:00:00,261.85,55.9
2017-12-08 13:00:00,266.18,61.0
2017-12-08 14:00:00,269.73,62.1
2017-12-08 15:00:00,265.88,57.9
2017-12-08 16:00:00,262.58,62.1
2017-12-08 17:00:00,246.78,55.0
2017-12-08 18:00:00,243.98,54.0
2017-12-08 19:00:00,233.92,55.9
2017-12-08 20:00:00,231.95,51.1
2017-12-08 21:00:00,175.58,46.9
2017-12-08 22:00:00,152.1,43.0
2017-12-08 23:00:00,152.25,46.0
2017-12-09 00:00:00,150.8,39.9
2017-12-09 01:00:00,150.9,41.0
2017-12-09 02:00:00,148.85,43.0
2017-12-09 03:00:00,150.45,41.0
2017-12-09 04:00:00,146.02,42.1
2017-12-09 05:00:00,147.88,37.9
2017-12-09 06:00:00,146.3,37.9
2017-12-09 07:00:00,159.88,39.9
2017-12-09 08:00:00,218.75,39.9
2017-12-09 09:00:00,219.7,48.0
2017-12-09 10:00:00,220.05,52.0
2017-12-09 11:00:00,221.62,52.0
2017-12-09 12:00:00,222.48,53.1
2017-12-09 13:00:00,223.5,55.0
2017-12-09 14:00:00,224.8,57.0
2017-12-09 15:00:00,224.3,57.9
2017-12-09 16:00:00,223.65,63.0
2017-12-09 17:00:00,229.02,55.9
2017-12-09 18:00:00,231.78,55.0
2017-12-09 19:00:00,228.32,52.0
2017-12-09 20:00:00,227.4,53.1
2017-12-09 21:00:00,227.75,53.1
2017-12-09 22:00:00,153.32,51.1
2017-12-09 23:00:00,151.22,46.9
2017-12-10 00:00:00,149.82,42.1
2017-12-10 01:00:00,149.62,43.0
2017-12-10 02:00:00,149.98,39.0
2017-12-10 03:00:00,146.55,39.0
2017-12-10 04:00:00,149.25,41.0
2017-12-10 05:00:00,145.9,39.9
2017-12-10 06:00:00,145.12,37.0
2017-12-10 07:00:00,162.72,42.1
2017-12-10 08:00:00,222.02,46.0
2017-12-10 09:00:00,217.02,50.0
2017-12-10 10:00:00,219.08,51.1
2017-12-10 11:00:00,220.28,54.0
2017-12-10 12:00:00,221.12,57.0
2017-12-10 13:00:00,225.72,57.0
2017-12-10 14:00:00,227.52,60.1
2017-12-10 15:00:00,225.22,61.0
2017-12-10 16:00:00,226.25,60.1
2017-12-10 17:00:00,230.02,59.0
2017-12-10 18:00:00,228.12,52.0
2017-12-10 19:00:00,226.58,53.1
2017-12-10 20:00:00,229.48,53.1
2017-12-10 21:00:00,227.75,52.0
2017-12-10 22:00:00,153.43,52.0
2017-12-10 23:00:00,154.25,50.0
2017-12-11 00:00:00,151.15,43.0
2017-12-11 01:00:00,150.15,46.0
2017-12-11 02:00:00,152.95,39.0
2017-12-11 03:00:00,149.38,43.0
2017-12-11 04:00:00,152.45,43.0
2017-12-11 05:00:00,153.48,37.9
2017-12-11 06:00:00,224.15,39.9
2017-12-11 07:00:00,225.12,43.0
2017-12-11 08:00:00,241.65,43.0
2017-12-11 09:00:00,254.1,46.0
2017-12-11 10:00:00,252.62,51.1
2017-12-11 11:00:00,256.45,53.1
2017-12-11 12:00:00,256.85,55.9
2017-12-11 13:00:00,259.55,55.9
2017-12-11 14:00:00,262.45,57.0
2017-12-11 15:00:00,263.68,59.0
2017-12-11 16:00:00,255.12,59.0
2017-12-11 17:00:00,253.7,55.9
2017-12-11 18:00:00,252.78,54.0
2017-12-11 19:00:00,237.7,50.0
2017-12-11 20:00:00,230.95,53.1
2017-12-11 21:00:00,172.98,48.9
2017-12-11 22:00:00,154.98,44.1
2017-12-11 23:00:00,153.93,45.0
2017-12-12 00:00:00,152.72,43.0
2017-12-12 01:00:00,153.48,43.0
2017-12-12 02:00:00,150.93,37.9
2017-12-12 03:00:00,149.7,37.0
2017-12-12 04:00:00,148.43,42.1
2017-12-12 05:00:00,151.52,39.9
2017-12-12 06:00:00,225.78,37.9
2017-12-12 07:00:00,225.68,39.9
2017-12-12 08:00:00,241.82,37.9
2017-12-12 09:00:00,246.52,46.9
2017-12-12 10:00:00,261.1,50.0
2017-12-12 11:00:00,259.73,52.0
2017-12-12 12:00:00,259.1,57.9
2017-12-12 13:00:00,269.27,57.9
2017-12-12 14:00:00,267.27,59.0
2017-12-12 15:00:00,263.27,57.9
2017-12-12 16:00:00,256.02,57.9
2017-12-12 17:00:00,254.92,53.1
2017-12-12 18:00:00,249.28,48.9
2017-12-12 19:00:00,234.95,51.1
2017-12-12 20:00:00,228.62,45.0
2017-12-12 21:00:00,170.5,48.9
2017-12-12 22:00:00,153.95,48.0
2017-12-12 23:00:00,151.8,44.1
2017-12-13 00:00:00,150.43,39.9
2017-12-13 01:00:00,149.4,37.0
2017-12-13 02:00:00,152.52,42.1
2017-12-13 03:00:00,148.45,34.0
2017-12-13 04:00:00,145.46,37.9
2017-12-13 05:00:00,150.2,36.0
2017-12-13 06:00:00,225.52,37.9
2017-12-13 07:00:00,221.52,37.0
2017-12-13 08:00:00,237.2,41.0
2017-12-13 09:00:00,242.42,46.0
2017-12-13 10:00:00,247.15,48.9
2017-12-13 11:00:00,251.22,51.1
2017-12-13 12:00:00,256.48,54.0
2017-12-13 13:00:00,260.42,57.9
2017-12-13 14:00:00,254.62,57.0
2017-12-13 15:00:00,255.08,57.9
2017-12-13 16:00:00,251.5,55.9
2017-12-13 17:00:00,257.98,53.1
2017-12-13 18:00:00,242.9,54.0
2017-12-13 19:00:00,230.5,50.0
2017-12-13 20:00:00,232.18,48.9
2017-12-13 21:00:00,176.28,46.0
2017-12-13 22:00:00,156.28,46.0
2017-12-13 23:00:00,156.88,45.0
2017-12-14 00:00:00,154.65,43.0
2017-12-14 01:00:00,154.55,39.0
2017-12-14 02:00:00,150.45,39.9
2017-12-14 03:00:00,151.12,42.1
2017-12-14 04:00:00,152.57,39.9
2017-12-14 05:00:00,157.75,37.9
2017-12-14 06:00:00,226.25,41.0
2017-12-14 07:00:00,221.32,37.0
2017-12-14 08:00:00,240.35,39.9
2017-12-14 09:00:00,248.88,48.0
2017-12-14 10:00:00,254.08,50.0
2017-12-14 11:00:00,255.12,52.0
2017-12-14 12:00:00,253.15,55.0
2017-12-14 13:00:00,255.15,60.1
2017-12-14 14:00:00,256.6,62.1
2017-12-14 15:00:00,252.2,62.1
2017-12-14 16:00:00,243.4,59.0
2017-12-14 17:00:00,249.78,55.0
2017-12-14 18:00:00,243.62,53.1
2017-12-14 19:00:00,236.9,57.0
2017-12-14 20:00:00,232.38,53.1
2017-12-14 21:00:00,171.5,51.1
2017-12-14 22:00:00,154.85,46.0
2017-12-14 23:00:00,150.62,45.0
2017-12-15 00:00:00,151.18,42.1
2017-12-15 01:00:00,150.12,46.9
2017-12-15 02:00:00,150.75,41.0
2017-12-15 03:00:00,147.8,43.0
2017-12-15 04:00:00,147.98,37.9
2017-12-15 05:00:00,163.5,39.9
2017-12-15 06:00:00,226.15,39.9
2017-12-15 07:00:00,222.68,45.0
2017-12-15 08:00:00,238.55,46.0
2017-12-15 09:00:00,244.6,45.0
2017-12-15 10:00:00,252.28,50.0
2017-12-15 11:00:00,251.65,52.0
2017-12-15 12:00:00,250.45,53.1
2017-12-15 13:00:00,245.9,55.0
2017-12-15 14:00:00,253.5,57.0
2017-12-15 15:00:00,248.8,57.0
2017-12-15 16:00:00,250.02,57.0
2017-12-15 17:00:00,239.5,55.0
2017-12-15 18:00:00,232.2,54.0
2017-12-15 19:00:00,230.05,53.1
2017-12-15 20:00:00,229.1,53.1
2017-12-15 21:00:00,173.12,51.1
2017-12-15 22:00:00,152.22,52.0
2017-12-15 23:00:00,149.45,48.9
2017-12-16 00:00:00,150.68,45.0
2017-12-16 01:00:00,151.45,45.0
2017-12-16 02:00:00,148.43,44.1
2017-12-16 03:00:00,151.68,39.9
2017-12-16 04:00:00,151.0,46.0
2017-12-16 05:00:00,148.72,48.9
2017-12-16 06:00:00,151.0,48.9
2017-12-16 07:00:00,175.02,50.0
2017-12-16 08:00:00,214.78,54.0
2017-12-16 09:00:00,217.7,57.0
2017-12-16 10:00:00,216.67,59.0
2017-12-16 11:00:00,220.45,61.0
2017-12-16 12:00:00,216.32,63.0
2017-12-16 13:00:00,218.85,64.0
2017-12-16 14:00:00,218.8,64.0
2017-12-16 15:00:00,219.2,64.0
2017-12-16 16:00:00,218.05,63.0
2017-12-16 17:00:00,221.3,60.1
2017-12-16 18:00:00,222.75,60.1
2017-12-16 19:00:00,223.78,59.0
2017-12-16 20:00:00,221.35,57.9
2017-12-16 21:00:00,212.48,57.0
2017-12-16 22:00:00,152.72,55.9
2017-12-16 23:00:00,151.98,55.9
2017-12-17 00:00:00,154.48,55.9
2017-12-17 01:00:00,154.1,55.0
2017-12-17 02:00:00,154.9,53.1
2017-12-17 03:00:00,152.82,52.0
2017-12-17 04:00:00,152.22,51.1
2017-12-17 05:00:00,153.38,50.0
2017-12-17 06:00:00,148.82,50.0
2017-12-17 07:00:00,172.95,46.0
2017-12-17 08:00:00,212.45,50.0
2017-12-17 09:00:00,217.48,54.0
2017-12-17 10:00:00,219.78,57.0
2017-12-17 11:00:00,218.98,59.0
2017-12-17 12:00:00,221.52,62.1
2017-12-17 13:00:00,224.88,64.0
2017-12-17 14:00:00,226.1,60.1
2017-12-17 15:00:00,224.78,64.0
2017-12-17 16:00:00,221.05,61.0
2017-12-17 17:00:00,227.18,55.9
2017-12-17 18:00:00,229.22,54.0
2017-12-17 19:00:00,226.55,51.1
2017-12-17 20:00:00,224.32,51.1
2017-12-17 21:00:00,223.72,45.0
2017-12-17 22:00:00,150.85,46.9
2017-12-17 23:00:00,150.72,46.9
2017-12-18 00:00:00,147.45,42.1
2017-12-18 01:00:00,148.35,45.0
2017-12-18 02:00:00,148.72,39.9
2017-12-18 03:00:00,147.85,44.1
2017-12-18 04:00:00,146.98,44.1
2017-12-18 05:00:00,151.62,39.0
2017-12-18 06:00:00,225.22,41.0
2017-12-18 07:00:00,221.74,42.1
2017-12-18 08:00:00,239.2,42.1
2017-12-18 09:00:00,244.55,48.0
2017-12-18 10:00:00,253.78,53.1
2017-12-18 11:00:00,256.58,53.1
2017-12-18 12:00:00,256.73,54.0
2017-12-18 13:00:00,259.88,57.0
2017-12-18 14:00:00,254.68,57.9
2017-12-18 15:00:00,253.9,57.9
2017-12-18 16:00:00,248.1,57.0
2017-12-18 17:00:00,239.28,55.0
2017-12-18 18:00:00,234.72,52.0
2017-12-18 19:00:00,228.78,50.0
2017-12-18 20:00:00,226.12,48.0
2017-12-18 21:00:00,170.2,48.9
2017-12-18 22:00:00,156.07,44.1
2017-12-18 23:00:00,154.45,48.0
2017-12-19 00:00:00,152.35,42.1
2017-12-19 01:00:00,152.38,41.0
2017-12-19 02:00:00,150.35,45.0
2017-12-19 03:00:00,149.93,43.0
2017-12-19 04:00:00,150.15,39.9
2017-12-19 05:00:00,165.78,36.0
2017-12-19 06:00:00,224.42,41.0
2017-12-19 07:00:00,217.32,39.9
2017-12-19 08:00:00,235.72,39.0
2017-12-19 09:00:00,245.9,46.9
2017-12-19 10:00:00,249.88,48.0
2017-12-19 11:00:00,253.55,50.0
2017-12-19 12:00:00,249.52,52.0
2017-12-19 13:00:00,251.88,55.9
2017-12-19 14:00:00,253.28,57.9
2017-12-19 15:00:00,251.75,55.9
2017-12-19 16:00:00,246.88,55.0
2017-12-19 17:00:00,240.48,53.1
2017-12-19 18:00:00,235.25,52.0
2017-12-19 19:00:00,231.15,52.0
2017-12-19 20:00:00,232.85,53.1
2017-12-19 21:00:00,173.58,53.1
2017-12-19 22:00:00,155.07,53.1
2017-12-19 23:00:00,153.15,53.1
2017-12-20 00:00:00,149.7,52.0
2017-12-20 01:00:00,153.5,52.0
2017-12-20 02:00:00,148.52,52.0
2017-12-20 03:00:00,150.02,48.0
2017-12-20 04:00:00,150.62,48.9
2017-12-20 05:00:00,150.95,48.9
2017-12-20 06:00:00,225.18,48.0
2017-12-20 07:00:00,224.22,46.9
2017-12-20 08:00:00,234.55,45.0
2017-12-20 09:00:00,251.8,50.0
2017-12-20 10:00:00,253.62,51.1
2017-12-20 11:00:00,255.78,53.1
2017-12-20 12:00:00,250.08,53.1
2017-12-20 13:00:00,247.75,55.0
2017-12-20 14:00:00,252.48,55.0
2017-12-20 15:00:00,246.05,54.0
2017-12-20 16:00:00,243.82,53.1
2017-12-20 17:00:00,237.38,51.1
2017-12-20 18:00:00,233.08,50.0
2017-12-20 19:00:00,230.9,48.9
2017-12-20 20:00:00,229.88,48.0
2017-12-20 21:00:00,166.2,46.9
2017-12-20 22:00:00,144.57,46.0
2017-12-20 23:00:00,144.0,45.0
2017-12-21 00:00:00,143.78,44.1
2017-12-21 01:00:00,146.8,37.9
2017-12-21 02:00:00,140.62,42.1
2017-12-21 03:00:00,141.07,43.0
2017-12-21 04:00:00,140.57,44.1
2017-12-21 05:00:00,155.9,44.1
2017-12-21 06:00:00,218.48,43.0
2017-12-21 07:00:00,217.92,42.1
2017-12-21 08:00:00,236.62,44.1
2017-12-21 09:00:00,230.22,48.9
2017-12-21 10:00:00,235.18,51.1
2017-12-21 11:00:00,235.75,52.0
2017-12-21 12:00:00,237.45,52.0
2017-12-21 13:00:00,246.22,53.1
2017-12-21 14:00:00,239.22,55.0
2017-12-21 15:00:00,236.22,57.9
2017-12-21 16:00:00,231.35,55.9
2017-12-21 17:00:00,230.68,51.1
2017-12-21 18:00:00,233.08,50.0
2017-12-21 19:00:00,231.22,50.0
2017-12-21 20:00:00,223.88,44.1
2017-12-21 21:00:00,175.15,41.0
2017-12-21 22:00:00,148.52,41.0
2017-12-21 23:00:00,146.78,39.0
2017-12-22 00:00:00,142.82,37.0
2017-12-22 01:00:00,143.82,37.0
2017-12-22 02:00:00,144.93,37.9
2017-12-22 03:00:00,140.9,37.9
2017-12-22 04:00:00,142.9,35.1
2017-12-22 05:00:00,158.4,36.0
2017-12-22 06:00:00,220.18,33.1
2017-12-22 07:00:00,213.9,37.9
2017-12-22 08:00:00,228.42,37.0
2017-12-22 09:00:00,235.75,41.0
2017-12-22 10:00:00,241.58,46.0
2017-12-22 11:00:00,240.65,46.9
2017-12-22 12:00:00,234.68,48.9
2017-12-22 13:00:00,236.55,51.1
2017-12-22 14:00:00,226.25,53.1
2017-12-22 15:00:00,222.35,54.0
2017-12-22 16:00:00,226.58,52.0
2017-12-22 17:00:00,231.15,50.0
2017-12-22 18:00:00,223.72,48.9
2017-12-22 19:00:00,224.65,48.0
2017-12-22 20:00:00,224.55,46.9
2017-12-22 21:00:00,163.45,44.1
2017-12-22 22:00:00,146.0,45.0
2017-12-22 23:00:00,140.78,45.0
2017-12-23 00:00:00,142.22,42.1
2017-12-23 01:00:00,140.75,44.1
2017-12-23 02:00:00,143.93,43.0
2017-12-23 03:00:00,143.75,44.1
2017-12-23 04:00:00,136.98,43.0
2017-12-23 05:00:00,137.32,39.9
2017-12-23 06:00:00,147.65,42.1
2017-12-23 07:00:00,169.28,44.1
2017-12-23 08:00:00,211.5,43.0
2017-12-23 09:00:00,211.52,46.0
2017-12-23 10:00:00,218.75,48.9
2017-12-23 11:00:00,217.28,48.9
2017-12-23 12:00:00,213.9,50.0
2017-12-23 13:00:00,215.15,52.0
2017-12-23 14:00:00,215.98,53.1
2017-12-23 15:00:00,215.25,53.1
2017-12-23 16:00:00,217.62,52.0
2017-12-23 17:00:00,222.38,51.1
2017-12-23 18:00:00,226.18,50.0
2017-12-23 19:00:00,219.4,50.0
2017-12-23 20:00:00,220.82,48.9
2017-12-23 21:00:00,214.3,48.0
2017-12-23 22:00:00,148.25,50.0
2017-12-23 23:00:00,145.95,48.9
2017-12-24 00:00:00,142.95,46.9
2017-12-24 01:00:00,145.8,46.0
2017-12-24 02:00:00,144.43,46.9
2017-12-24 03:00:00,141.28,46.0
2017-12-24 04:00:00,144.32,46.0
2017-12-24 05:00:00,144.38,45.0
2017-12-24 06:00:00,147.07,45.0
2017-12-24 07:00:00,175.8,43.0
2017-12-24 08:00:00,213.8,48.0
2017-12-24 09:00:00,214.5,46.9
2017-12-24 10:00:00,212.4,51.1
2017-12-24 11:00:00,214.32,51.1
2017-12-24 12:00:00,211.12,51.1
2017-12-24 13:00:00,211.92,51.1
2017-12-24 14:00:00,213.35,51.1
2017-12-24 15:00:00,212.75,53.1
2017-12-24 16:00:00,216.3,54.0
2017-12-24 17:00:00,223.95,51.1
2017-12-24 18:00:00,223.05,50.0
2017-12-24 19:00:00,221.22,50.0
2017-12-24 20:00:00,222.35,50.0
2017-12-24 21:00:00,203.78,48.9
2017-12-24 22:00:00,147.85,50.0
2017-12-24 23:00:00,144.95,46.9
2017-12-25 00:00:00,143.22,48.0
2017-12-25 01:00:00,141.8,46.9
2017-12-25 02:00:00,140.9,45.0
2017-12-25 03:00:00,141.88,46.9
2017-12-25 04:00:00,140.85,45.0
2017-12-25 05:00:00,159.52,41.0
2017-12-25 06:00:00,216.92,43.0
2017-12-25 07:00:00,208.98,44.1
2017-12-25 08:00:00,208.62,46.9
2017-12-25 09:00:00,210.68,51.1
2017-12-25 10:00:00,211.22,51.1
2017-12-25 11:00:00,211.25,51.1
2017-12-25 12:00:00,209.22,52.0
2017-12-25 13:00:00,211.38,53.1
2017-12-25 14:00:00,211.55,55.9
2017-12-25 15:00:00,210.18,55.9
2017-12-25 16:00:00,213.28,55.0
2017-12-25 17:00:00,222.38,53.1
2017-12-25 18:00:00,220.98,52.0
2017-12-25 19:00:00,220.75,52.0
2017-12-25 20:00:00,221.65,48.9
2017-12-25 21:00:00,156.78,48.9
2017-12-25 22:00:00,148.6,48.0
2017-12-25 23:00:00,147.57,48.0
2017-12-26 00:00:00,146.25,46.9
2017-12-26 01:00:00,148.25,42.1
2017-12-26 02:00:00,145.7,43.0
2017-12-26 03:00:00,144.68,41.0
2017-12-26 04:00:00,146.43,41.0
2017-12-26 05:00:00,158.6,41.0
2017-12-26 06:00:00,217.98,39.9
2017-12-26 07:00:00,206.28,36.0
2017-12-26 08:00:00,211.45,39.9
2017-12-26 09:00:00,215.92,46.9
2017-12-26 10:00:00,218.78,50.0
2017-12-26 11:00:00,219.92,53.1
2017-12-26 12:00:00,219.15,55.0
2017-12-26 13:00:00,216.22,55.9
2017-12-26 14:00:00,216.12,60.1
2017-12-26 15:00:00,215.35,59.0
2017-12-26 16:00:00,213.95,55.9
2017-12-26 17:00:00,224.58,53.1
2017-12-26 18:00:00,225.32,50.0
2017-12-26 19:00:00,223.5,50.0
2017-12-26 20:00:00,222.68,50.0
2017-12-26 21:00:00,160.43,46.9
2017-12-26 22:00:00,149.64,44.1
2017-12-26 23:00:00,145.6,42.1
2017-12-27 00:00:00,143.98,42.1
2017-12-27 01:00:00,137.88,42.1
2017-12-27 02:00:00,136.45,42.1
2017-12-27 03:00:00,139.5,39.0
2017-12-27 04:00:00,145.45,39.0
2017-12-27 05:00:00,146.5,39.9
2017-12-27 06:00:00,213.38,37.0
2017-12-27 07:00:00,208.7,39.0
2017-12-27 08:00:00,209.48,39.9
2017-12-27 09:00:00,211.7,46.0
2017-12-27 10:00:00,220.18,48.0
2017-12-27 11:00:00,221.48,50.0
2017-12-27 12:00:00,221.45,48.9
2017-12-27 13:00:00,223.4,48.9
2017-12-27 14:00:00,221.62,54.0
2017-12-27 15:00:00,221.75,55.0
2017-12-27 16:00:00,220.7,55.0
2017-12-27 17:00:00,223.38,55.0
2017-12-27 18:00:00,225.85,52.0
2017-12-27 19:00:00,224.7,50.0
2017-12-27 20:00:00,221.28,48.9
2017-12-27 21:00:00,163.9,48.9
2017-12-27 22:00:00,146.48,43.0
2017-12-27 23:00:00,145.78,46.0
2017-12-28 00:00:00,147.57,44.1
2017-12-28 01:00:00,144.0,43.0
2017-12-28 02:00:00,142.8,44.1
2017-12-28 03:00:00,144.45,39.9
2017-12-28 04:00:00,142.68,42.1
2017-12-28 05:00:00,153.95,39.0
2017-12-28 06:00:00,221.32,39.0
2017-12-28 07:00:00,214.65,37.0
2017-12-28 08:00:00,217.12,39.0
2017-12-28 09:00:00,221.42,46.0
2017-12-28 10:00:00,220.45,48.9
2017-12-28 11:00:00,218.82,50.0
2017-12-28 12:00:00,224.75,51.1
2017-12-28 13:00:00,223.08,52.0
2017-12-28 14:00:00,221.6,55.9
2017-12-28 15:00:00,220.92,57.0
2017-12-28 16:00:00,221.48,55.0
2017-12-28 17:00:00,219.42,52.0
2017-12-28 18:00:00,221.22,48.9
2017-12-28 19:00:00,220.58,50.0
2017-12-28 20:00:00,220.78,51.1
2017-12-28 21:00:00,166.2,48.9
2017-12-28 22:00:00,149.93,46.0
2017-12-28 23:00:00,149.2,48.0
2017-12-29 00:00:00,150.62,45.0
2017-12-29 01:00:00,152.88,45.0
2017-12-29 02:00:00,148.93,46.9
2017-12-29 03:00:00,155.9,43.0
2017-12-29 04:00:00,149.5,41.0
2017-12-29 05:00:00,156.75,46.9
2017-12-29 06:00:00,224.08,43.0
2017-12-29 07:00:00,218.6,45.0
2017-12-29 08:00:00,217.95,44.1
2017-12-29 09:00:00,225.22,46.9
2017-12-29 10:00:00,222.08,51.1
2017-12-29 11:00:00,223.25,52.0
2017-12-29 12:00:00,221.45,53.1
2017-12-29 13:00:00,222.85,53.1
2017-12-29 14:00:00,221.28,54.0
2017-12-29 15:00:00,224.45,57.0
2017-12-29 16:00:00,221.1,55.9
2017-12-29 17:00:00,227.12,52.0
2017-12-29 18:00:00,225.9,50.0
2017-12-29 19:00:00,224.82,50.0
2017-12-29 20:00:00,227.98,48.0
2017-12-29 21:00:00,171.95,48.0
2017-12-29 22:00:00,151.45,46.9
2017-12-29 23:00:00,150.78,46.9
2017-12-30 00:00:00,147.6,46.9
2017-12-30 01:00:00,149.93,41.0
2017-12-30 02:00:00,151.5,41.0
2017-12-30 03:00:00,151.43,43.0
2017-12-30 04:00:00,153.15,37.0
2017-12-30 05:00:00,148.57,37.0
2017-12-30 06:00:00,147.22,39.9
2017-12-30 07:00:00,178.7,42.1
2017-12-30 08:00:00,213.25,37.9
2017-12-30 09:00:00,217.38,45.0
2017-12-30 10:00:00,217.9,48.9
2017-12-30 11:00:00,218.0,48.9
2017-12-30 12:00:00,214.02,51.1
2017-12-30 13:00:00,217.85,51.1
2017-12-30 14:00:00,217.12,53.1
2017-12-30 15:00:00,216.2,55.9
2017-12-30 16:00:00,216.0,54.0
2017-12-30 17:00:00,224.32,53.1
2017-12-30 18:00:00,226.62,48.0
2017-12-30 19:00:00,227.12,48.9
2017-12-30 20:00:00,227.35,46.9
2017-12-30 21:00:00,221.12,46.9
2017-12-30 22:00:00,148.12,44.1
2017-12-30 23:00:00,147.43,43.0
2017-12-31 00:00:00,144.68,45.0
2017-12-31 01:00:00,144.68,45.0
2017-12-31 02:00:00,147.52,42.1
2017-12-31 03:00:00,146.07,43.0
2017-12-31 04:00:00,145.32,41.0
2017-12-31 05:00:00,146.4,39.9
2017-12-31 06:00:00,143.5,42.1
2017-12-31 07:00:00,156.02,41.0
2017-12-31 08:00:00,214.38,41.0
2017-12-31 09:00:00,215.32,46.9
2017-12-31 10:00:00,215.38,50.0
2017-12-31 11:00:00,217.4,51.1
2017-12-31 12:00:00,218.4,53.1
2017-12-31 13:00:00,215.98,54.0
2017-12-31 14:00:00,218.18,57.0
2017-12-31 15:00:00,217.1,57.9
2017-12-31 16:00:00,216.5,56.8
2017-12-31 17:00:00,223.4,55.9
2017-12-31 18:00:00,223.2,54.0
2017-12-31 19:00:00,224.65,52.0
2017-12-31 20:00:00,221.95,52.0
2017-12-31 21:00:00,221.4,48.9
2017-12-31 22:00:00,146.0,48.9
2017-12-31 23:00:00,145.55,48.0
