timestamp,kWh,air_temp_F
2017-01-01 00:00:00,151.09,46.9
2017-01-01 01:00:00,147.45,51.1
2017-01-01 02:00:00,149.75,52.0
2017-01-01 03:00:00,142.25,52.0
2017-01-01 04:00:00,147.75,51.1
2017-01-01 05:00:00,154.0,51.1
2017-01-01 06:00:00,186.75,51.1
2017-01-01 07:00:00,187.5,50.0
2017-01-01 08:00:00,216.25,50.0
2017-01-01 09:00:00,220.0,50.0
2017-01-01 10:00:00,214.5,52.0
2017-01-01 11:00:00,215.25,51.1
2017-01-01 12:00:00,211.0,52.0
2017-01-01 13:00:00,204.5,52.0
2017-01-01 14:00:00,211.75,55.0
2017-01-01 15:00:00,210.41,55.9
2017-01-01 16:00:00,214.07,54.0
2017-01-01 17:00:00,204.0,51.1
2017-01-01 18:00:00,202.2,50.0
2017-01-01 19:00:00,193.25,50.0
2017-01-01 20:00:00,176.25,50.0
2017-01-01 21:00:00,149.0,48.9
2017-01-01 22:00:00,152.5,48.9
2017-01-01 23:00:00,145.75,50.0
2017-01-02 00:00:00,151.0,46.9
2017-01-02 01:00:00,143.5,46.9
2017-01-02 02:00:00,149.25,46.9
2017-01-02 03:00:00,146.75,45.0
2017-01-02 04:00:00,143.25,46.9
2017-01-02 05:00:00,165.75,46.0
2017-01-02 06:00:00,191.25,45.0
2017-01-02 07:00:00,209.75,46.0
2017-01-02 08:00:00,212.0,46.0
2017-01-02 09:00:00,205.25,46.0
2017-01-02 10:00:00,206.0,48.9
2017-01-02 11:00:00,206.75,50.0
2017-01-02 12:00:00,212.75,51.1
2017-01-02 13:00:00,214.75,51.1
2017-01-02 14:00:00,203.0,52.0
2017-01-02 15:00:00,207.0,53.1
2017-01-02 16:00:00,190.25,52.0
2017-01-02 17:00:00,169.25,51.1
2017-01-02 18:00:00,164.75,51.1
2017-01-02 19:00:00,167.25,51.1
2017-01-02 20:00:00,153.0,50.0
2017-01-02 21:00:00,147.5,50.0
2017-01-02 22:00:00,145.25,48.9
2017-01-02 23:00:00,137.5,50.0
2017-01-03 00:00:00,149.25,50.0
2017-01-03 01:00:00,141.5,48.9
2017-01-03 02:00:00,145.75,48.9
2017-01-03 03:00:00,142.75,48.9
2017-01-03 04:00:00,141.5,48.9
2017-01-03 05:00:00,170.75,50.0
2017-01-03 06:00:00,195.5,50.0
2017-01-03 07:00:00,218.0,50.0
2017-01-03 08:00:00,229.25,50.0
2017-01-03 09:00:00,238.75,51.1
2017-01-03 10:00:00,239.5,52.0
2017-01-03 11:00:00,247.5,53.1
2017-01-03 12:00:00,255.5,53.1
2017-01-03 13:00:00,247.75,53.1
2017-01-03 14:00:00,253.68,53.1
2017-01-03 15:00:00,258.33,53.1
2017-01-03 16:00:00,241.0,53.1
2017-01-03 17:00:00,223.25,54.0
2017-01-03 18:00:00,225.4,54.0
2017-01-03 19:00:00,183.0,54.0
2017-01-03 20:00:00,178.75,54.0
2017-01-03 21:00:00,175.75,55.0
2017-01-03 22:00:00,176.0,55.9
2017-01-03 23:00:00,168.5,54.0
2017-01-04 00:00:00,167.5,54.0
2017-01-04 01:00:00,162.75,55.0
2017-01-04 02:00:00,153.5,55.0
2017-01-04 03:00:00,153.5,55.9
2017-01-04 04:00:00,156.25,55.9
2017-01-04 05:00:00,176.25,55.9
2017-01-04 06:00:00,219.5,55.0
2017-01-04 07:00:00,241.0,54.0
2017-01-04 08:00:00,237.5,54.0
2017-01-04 09:00:00,248.5,54.0
2017-01-04 10:00:00,250.25,54.0
2017-01-04 11:00:00,261.75,53.1
2017-01-04 12:00:00,255.0,54.0
2017-01-04 13:00:00,258.75,54.0
2017-01-04 14:00:00,256.25,54.0
2017-01-04 15:00:00,273.25,54.0
2017-01-04 16:00:00,250.5,52.0
2017-01-04 17:00:00,227.75,51.1
2017-01-04 18:00:00,207.2,48.9
2017-01-04 19:00:00,194.75,48.9
2017-01-04 20:00:00,183.5,48.9
2017-01-04 21:00:00,180.5,48.0
2017-01-04 22:00:00,170.75,48.9
2017-01-04 23:00:00,181.75,48.9
2017-01-05 00:00:00,162.25,48.0
2017-01-05 01:00:00,160.25,48.0
2017-01-05 02:00:00,158.75,46.9
2017-01-05 03:00:00,154.5,46.9
2017-01-05 04:00:00,159.25,46.0
2017-01-05 05:00:00,182.5,46.9
2017-01-05 06:00:00,220.25,46.0
2017-01-05 07:00:00,243.25,43.0
2017-01-05 08:00:00,249.25,45.0
2017-01-05 09:00:00,249.75,46.0
2017-01-05 10:00:00,255.75,48.9
2017-01-05 11:00:00,249.25,50.0
2017-01-05 12:00:00,260.5,51.1
2017-01-05 13:00:00,258.5,51.1
2017-01-05 14:00:00,251.25,51.1
2017-01-05 15:00:00,264.5,51.1
2017-01-05 16:00:00,266.25,51.1
2017-01-05 17:00:00,227.75,48.0
2017-01-05 18:00:00,205.75,48.0
2017-01-05 19:00:00,208.5,44.1
2017-01-05 20:00:00,183.25,41.0
2017-01-05 21:00:00,185.25,42.1
2017-01-05 22:00:00,189.75,39.9
2017-01-05 23:00:00,179.5,39.0
2017-01-06 00:00:00,175.5,41.0
2017-01-06 01:00:00,164.75,39.0
2017-01-06 02:00:00,163.0,36.0
2017-01-06 03:00:00,159.25,35.1
2017-01-06 04:00:00,163.25,39.0
2017-01-06 05:00:00,189.5,39.0
2017-01-06 06:00:00,229.5,39.0
2017-01-06 07:00:00,245.25,37.9
2017-01-06 08:00:00,248.0,39.0
2017-01-06 09:00:00,268.0,42.1
2017-01-06 10:00:00,260.25,44.1
2017-01-06 11:00:00,265.75,46.9
2017-01-06 12:00:00,262.25,50.0
2017-01-06 13:00:00,255.0,52.0
2017-01-06 14:00:00,256.75,48.0
2017-01-06 15:00:00,254.5,48.0
2017-01-06 16:00:00,254.75,48.9
2017-01-06 17:00:00,235.25,48.0
2017-01-06 18:00:00,204.4,46.9
2017-01-06 19:00:00,195.0,46.9
2017-01-06 20:00:00,180.75,46.9
2017-01-06 21:00:00,175.75,46.9
2017-01-06 22:00:00,172.0,46.0
2017-01-06 23:00:00,176.25,46.9
2017-01-07 00:00:00,167.25,46.9
2017-01-07 01:00:00,157.25,46.9
2017-01-07 02:00:00,163.75,46.0
2017-01-07 03:00:00,158.75,44.1
2017-01-07 04:00:00,154.5,45.0
2017-01-07 05:00:00,175.5,46.0
2017-01-07 06:00:00,195.0,46.9
2017-01-07 07:00:00,221.75,48.9
2017-01-07 08:00:00,231.25,52.0
2017-01-07 09:00:00,230.75,54.0
2017-01-07 10:00:00,244.5,57.0
2017-01-07 11:00:00,235.0,55.9
2017-01-07 12:00:00,236.75,60.1
2017-01-07 13:00:00,226.5,59.0
2017-01-07 14:00:00,218.0,61.0
2017-01-07 15:00:00,225.75,60.1
2017-01-07 16:00:00,233.5,60.1
2017-01-07 17:00:00,230.5,59.0
2017-01-07 18:00:00,191.25,57.9
2017-01-07 19:00:00,172.5,59.0
2017-01-07 20:00:00,153.8,57.9
2017-01-07 21:00:00,159.75,57.0
2017-01-07 22:00:00,157.75,57.9
2017-01-07 23:00:00,157.0,57.9
2017-01-08 00:00:00,148.75,57.0
2017-01-08 01:00:00,158.75,57.9
2017-01-08 02:00:00,159.25,57.9
2017-01-08 03:00:00,155.5,59.0
2017-01-08 04:00:00,157.5,57.9
2017-01-08 05:00:00,166.0,59.0
2017-01-08 06:00:00,202.25,57.9
2017-01-08 07:00:00,236.25,59.0
2017-01-08 08:00:00,260.75,59.0
2017-01-08 09:00:00,264.5,57.9
2017-01-08 10:00:00,277.75,59.0
2017-01-08 11:00:00,268.5,59.0
2017-01-08 12:00:00,270.5,60.1
2017-01-08 13:00:00,255.25,60.1
2017-01-08 14:00:00,248.0,60.1
2017-01-08 15:00:00,238.75,60.1
2017-01-08 16:00:00,242.5,59.0
2017-01-08 17:00:00,218.75,59.0
2017-01-08 18:00:00,205.75,60.1
2017-01-08 19:00:00,179.0,57.9
2017-01-08 20:00:00,162.5,59.0
2017-01-08 21:00:00,158.25,57.9
2017-01-08 22:00:00,160.25,60.1
2017-01-08 23:00:00,161.0,61.0
2017-01-09 00:00:00,163.5,60.1
2017-01-09 01:00:00,157.5,55.9
2017-01-09 02:00:00,155.75,55.9
2017-01-09 03:00:00,160.75,55.9
2017-01-09 04:00:00,159.75,54.0
2017-01-09 05:00:00,184.25,55.9
2017-01-09 06:00:00,227.0,54.0
2017-01-09 07:00:00,256.75,54.0
2017-01-09 08:00:00,249.25,54.0
2017-01-09 09:00:00,262.0,54.0
2017-01-09 10:00:00,276.0,55.0
2017-01-09 11:00:00,279.5,57.0
2017-01-09 12:00:00,276.25,59.0
2017-01-09 13:00:00,276.25,57.9
2017-01-09 14:00:00,281.25,57.9
2017-01-09 15:00:00,279.25,57.0
2017-01-09 16:00:00,256.25,55.9
2017-01-09 17:00:00,224.25,55.9
2017-01-09 18:00:00,201.5,55.0
2017-01-09 19:00:00,181.25,54.0
2017-01-09 20:00:00,167.75,55.0
2017-01-09 21:00:00,160.75,55.0
2017-01-09 22:00:00,159.75,55.0
2017-01-09 23:00:00,167.75,55.0
2017-01-10 00:00:00,174.0,55.0
2017-01-10 01:00:00,158.0,57.0
2017-01-10 02:00:00,153.5,55.9
2017-01-10 03:00:00,152.75,55.9
2017-01-10 04:00:00,158.25,55.0
2017-01-10 05:00:00,187.5,55.0
2017-01-10 06:00:00,226.5,55.0
2017-01-10 07:00:00,257.75,55.0
2017-01-10 08:00:00,255.0,55.0
2017-01-10 09:00:00,262.25,55.0
2017-01-10 10:00:00,256.0,55.9
2017-01-10 11:00:00,298.5,55.9
2017-01-10 12:00:00,294.5,57.0
2017-01-10 13:00:00,272.5,57.9
2017-01-10 14:00:00,258.0,57.9
2017-01-10 15:00:00,275.5,59.0
2017-01-10 16:00:00,261.0,59.0
2017-01-10 17:00:00,235.0,59.0
2017-01-10 18:00:00,216.6,59.0
2017-01-10 19:00:00,193.5,59.0
2017-01-10 20:00:00,179.0,55.9
2017-01-10 21:00:00,179.5,55.9
2017-01-10 22:00:00,177.5,55.9
2017-01-10 23:00:00,175.5,55.9
2017-01-11 00:00:00,178.0,57.9
2017-01-11 01:00:00,162.75,55.9
2017-01-11 02:00:00,158.75,55.9
2017-01-11 03:00:00,153.75,55.9
2017-01-11 04:00:00,152.0,55.0
2017-01-11 05:00:00,184.5,55.0
2017-01-11 06:00:00,220.5,53.1
2017-01-11 07:00:00,239.5,52.0
2017-01-11 08:00:00,239.75,52.0
2017-01-11 09:00:00,255.75,53.1
2017-01-11 10:00:00,264.0,54.0
2017-01-11 11:00:00,251.75,55.9
2017-01-11 12:00:00,264.25,55.0
2017-01-11 13:00:00,261.75,55.0
2017-01-11 14:00:00,262.0,55.0
2017-01-11 15:00:00,258.25,55.0
2017-01-11 16:00:00,250.5,54.0
2017-01-11 17:00:00,230.0,54.0
2017-01-11 18:00:00,196.25,53.1
2017-01-11 19:00:00,194.25,53.1
2017-01-11 20:00:00,179.0,52.0
2017-01-11 21:00:00,173.75,52.0
2017-01-11 22:00:00,172.5,50.0
2017-01-11 23:00:00,168.0,50.0
2017-01-12 00:00:00,153.0,48.9
2017-01-12 01:00:00,152.75,50.0
2017-01-12 02:00:00,159.0,50.0
2017-01-12 03:00:00,148.5,48.0
2017-01-12 04:00:00,158.75,46.9
2017-01-12 05:00:00,183.5,46.9
2017-01-12 06:00:00,220.5,46.9
2017-01-12 07:00:00,254.75,46.9
2017-01-12 08:00:00,253.5,46.9
2017-01-12 09:00:00,266.0,48.0
2017-01-12 10:00:00,258.75,48.9
2017-01-12 11:00:00,267.5,50.0
2017-01-12 12:00:00,271.5,51.1
2017-01-12 13:00:00,261.75,52.0
2017-01-12 14:00:00,274.0,53.1
2017-01-12 15:00:00,252.0,52.0
2017-01-12 16:00:00,248.75,50.0
2017-01-12 17:00:00,227.75,50.0
2017-01-12 18:00:00,202.6,50.0
2017-01-12 19:00:00,181.25,48.9
2017-01-12 20:00:00,174.0,48.9
2017-01-12 21:00:00,173.75,48.0
2017-01-12 22:00:00,168.75,48.0
2017-01-12 23:00:00,182.25,46.9
2017-01-13 00:00:00,174.5,45.0
2017-01-13 01:00:00,162.75,44.1
2017-01-13 02:00:00,162.0,44.1
2017-01-13 03:00:00,166.25,44.1
2017-01-13 04:00:00,162.5,43.0
2017-01-13 05:00:00,195.0,42.1
2017-01-13 06:00:00,234.75,43.0
2017-01-13 07:00:00,271.75,41.0
2017-01-13 08:00:00,265.75,39.9
2017-01-13 09:00:00,264.25,45.0
2017-01-13 10:00:00,260.5,48.0
2017-01-13 11:00:00,263.25,48.9
2017-01-13 12:00:00,269.75,51.1
2017-01-13 13:00:00,264.25,52.0
2017-01-13 14:00:00,252.0,54.0
2017-01-13 15:00:00,255.25,54.0
2017-01-13 16:00:00,258.0,55.0
2017-01-13 17:00:00,243.25,55.0
2017-01-13 18:00:00,226.8,52.0
2017-01-13 19:00:00,195.25,51.1
2017-01-13 20:00:00,184.0,48.9
2017-01-13 21:00:00,182.75,50.0
2017-01-13 22:00:00,173.0,48.0
2017-01-13 23:00:00,157.75,45.0
2017-01-14 00:00:00,149.25,46.0
2017-01-14 01:00:00,144.5,44.1
2017-01-14 02:00:00,142.0,43.0
2017-01-14 03:00:00,143.0,42.1
2017-01-14 04:00:00,142.0,42.1
2017-01-14 05:00:00,157.75,39.9
2017-01-14 06:00:00,192.5,39.9
2017-01-14 07:00:00,216.75,41.0
2017-01-14 08:00:00,220.0,39.9
2017-01-14 09:00:00,237.0,46.0
2017-01-14 10:00:00,249.5,48.9
2017-01-14 11:00:00,232.25,51.1
2017-01-14 12:00:00,226.25,52.0
2017-01-14 13:00:00,216.0,53.1
2017-01-14 14:00:00,215.5,54.0
2017-01-14 15:00:00,229.5,55.9
2017-01-14 16:00:00,228.75,55.9
2017-01-14 17:00:00,208.75,54.0
2017-01-14 18:00:00,187.5,51.1
2017-01-14 19:00:00,169.25,51.1
2017-01-14 20:00:00,162.25,51.1
2017-01-14 21:00:00,164.5,46.9
2017-01-14 22:00:00,157.75,45.0
2017-01-14 23:00:00,148.75,45.0
2017-01-15 00:00:00,147.25,43.0
2017-01-15 01:00:00,137.0,43.0
2017-01-15 02:00:00,135.0,42.1
2017-01-15 03:00:00,137.0,42.1
2017-01-15 04:00:00,135.75,42.1
2017-01-15 05:00:00,162.75,41.0
2017-01-15 06:00:00,195.5,41.0
2017-01-15 07:00:00,214.5,39.9
2017-01-15 08:00:00,213.5,41.0
2017-01-15 09:00:00,218.5,44.1
2017-01-15 10:00:00,237.0,45.0
2017-01-15 11:00:00,227.75,51.1
2017-01-15 12:00:00,226.75,50.0
2017-01-15 13:00:00,235.2,53.1
2017-01-15 14:00:00,228.75,53.1
2017-01-15 15:00:00,231.5,53.1
2017-01-15 16:00:00,249.75,53.1
2017-01-15 17:00:00,222.0,51.1
2017-01-15 18:00:00,226.4,48.9
2017-01-15 19:00:00,180.0,48.0
2017-01-15 20:00:00,176.0,46.0
2017-01-15 21:00:00,172.25,46.9
2017-01-15 22:00:00,167.25,45.0
2017-01-15 23:00:00,139.5,43.0
2017-01-16 00:00:00,134.5,42.1
2017-01-16 01:00:00,139.25,43.0
2017-01-16 02:00:00,136.5,43.0
2017-01-16 03:00:00,135.5,44.1
2017-01-16 04:00:00,140.5,44.1
2017-01-16 05:00:00,172.5,41.0
2017-01-16 06:00:00,211.5,39.9
2017-01-16 07:00:00,244.25,41.0
2017-01-16 08:00:00,269.0,39.9
2017-01-16 09:00:00,252.75,45.0
2017-01-16 10:00:00,246.75,48.0
2017-01-16 11:00:00,258.0,48.0
2017-01-16 12:00:00,278.0,48.9
2017-01-16 13:00:00,272.75,51.1
2017-01-16 14:00:00,287.5,51.1
2017-01-16 15:00:00,275.0,52.0
2017-01-16 16:00:00,280.5,53.1
2017-01-16 17:00:00,272.0,51.1
2017-01-16 18:00:00,257.0,50.0
2017-01-16 19:00:00,226.0,50.0
2017-01-16 20:00:00,181.25,46.9
2017-01-16 21:00:00,162.75,48.0
2017-01-16 22:00:00,159.75,46.0
2017-01-16 23:00:00,151.25,43.0
2017-01-17 00:00:00,146.25,44.1
2017-01-17 01:00:00,146.5,44.1
2017-01-17 02:00:00,130.25,42.1
2017-01-17 03:00:00,138.0,41.0
2017-01-17 04:00:00,135.0,39.9
2017-01-17 05:00:00,191.5,41.0
2017-01-17 06:00:00,238.75,39.0
2017-01-17 07:00:00,256.5,39.9
2017-01-17 08:00:00,271.25,42.1
2017-01-17 09:00:00,274.25,44.1
2017-01-17 10:00:00,271.75,48.0
2017-01-17 11:00:00,271.75,48.0
2017-01-17 12:00:00,282.0,48.9
2017-01-17 13:00:00,307.0,54.0
2017-01-17 14:00:00,292.0,53.1
2017-01-17 15:00:00,279.25,52.0
2017-01-17 16:00:00,296.5,53.1
2017-01-17 17:00:00,289.25,51.1
2017-01-17 18:00:00,271.0,50.0
2017-01-17 19:00:00,221.25,50.0
2017-01-17 20:00:00,191.5,48.9
2017-01-17 21:00:00,183.75,48.9
2017-01-17 22:00:00,175.0,50.0
2017-01-17 23:00:00,177.25,50.0
2017-01-18 00:00:00,169.0,50.0
2017-01-18 01:00:00,154.75,48.9
2017-01-18 02:00:00,153.5,50.0
2017-01-18 03:00:00,151.5,50.0
2017-01-18 04:00:00,155.25,50.0
2017-01-18 05:00:00,170.5,50.0
2017-01-18 06:00:00,227.75,50.0
2017-01-18 07:00:00,270.75,50.0
2017-01-18 08:00:00,248.75,51.1
2017-01-18 09:00:00,258.43,52.0
2017-01-18 10:00:00,268.77,52.0
2017-01-18 11:00:00,281.75,52.0
2017-01-18 12:00:00,304.75,52.0
2017-01-18 13:00:00,291.75,53.1
2017-01-18 14:00:00,304.75,52.0
2017-01-18 15:00:00,290.25,52.0
2017-01-18 16:00:00,302.5,52.0
2017-01-18 17:00:00,277.0,53.1
2017-01-18 18:00:00,246.5,53.1
2017-01-18 19:00:00,210.25,53.1
2017-01-18 20:00:00,193.25,53.1
2017-01-18 21:00:00,185.5,53.1
2017-01-18 22:00:00,179.5,53.1
2017-01-18 23:00:00,194.0,53.1
2017-01-19 00:00:00,166.0,54.0
2017-01-19 01:00:00,156.0,53.1
2017-01-19 02:00:00,162.0,53.1
2017-01-19 03:00:00,161.75,55.0
2017-01-19 04:00:00,166.0,54.0
2017-01-19 05:00:00,202.5,52.0
2017-01-19 06:00:00,229.75,52.0
2017-01-19 07:00:00,253.0,52.0
2017-01-19 08:00:00,270.0,53.1
2017-01-19 09:00:00,259.25,55.0
2017-01-19 10:00:00,278.25,54.0
2017-01-19 11:00:00,271.75,55.0
2017-01-19 12:00:00,304.25,55.9
2017-01-19 13:00:00,309.0,55.9
2017-01-19 14:00:00,300.25,57.0
2017-01-19 15:00:00,317.5,57.0
2017-01-19 16:00:00,324.5,55.0
2017-01-19 17:00:00,314.0,54.0
2017-01-19 18:00:00,303.0,53.1
2017-01-19 19:00:00,248.0,53.1
2017-01-19 20:00:00,201.75,53.1
2017-01-19 21:00:00,180.0,53.1
2017-01-19 22:00:00,169.5,53.1
2017-01-19 23:00:00,192.75,52.0
2017-01-20 00:00:00,188.25,52.0
2017-01-20 01:00:00,188.75,51.1
2017-01-20 02:00:00,177.0,51.1
2017-01-20 03:00:00,177.5,50.0
2017-01-20 04:00:00,179.5,50.0
2017-01-20 05:00:00,208.0,48.0
2017-01-20 06:00:00,255.25,50.0
2017-01-20 07:00:00,293.25,51.1
2017-01-20 08:00:00,290.0,51.1
2017-01-20 09:00:00,286.5,53.1
2017-01-20 10:00:00,282.25,51.1
2017-01-20 11:00:00,293.25,54.0
2017-01-20 12:00:00,289.0,53.1
2017-01-20 13:00:00,260.5,55.0
2017-01-20 14:00:00,253.5,52.0
2017-01-20 15:00:00,264.75,52.0
2017-01-20 16:00:00,261.75,53.1
2017-01-20 17:00:00,248.86,52.0
2017-01-20 18:00:00,234.24,51.1
2017-01-20 19:00:00,204.0,51.1
2017-01-20 20:00:00,188.75,51.1
2017-01-20 21:00:00,191.0,52.0
2017-01-20 22:00:00,181.5,52.0
2017-01-20 23:00:00,177.5,51.1
2017-01-21 00:00:00,178.0,51.1
2017-01-21 01:00:00,173.0,52.0
2017-01-21 02:00:00,173.25,52.0
2017-01-21 03:00:00,176.5,52.0
2017-01-21 04:00:00,167.5,51.1
2017-01-21 05:00:00,167.0,52.0
2017-01-21 06:00:00,196.0,52.0
2017-01-21 07:00:00,211.5,51.1
2017-01-21 08:00:00,220.5,51.1
2017-01-21 09:00:00,220.0,53.1
2017-01-21 10:00:00,224.25,53.1
2017-01-21 11:00:00,230.0,55.9
2017-01-21 12:00:00,236.75,55.0
2017-01-21 13:00:00,243.0,55.9
2017-01-21 14:00:00,249.5,55.0
2017-01-21 15:00:00,244.5,55.9
2017-01-21 16:00:00,239.25,55.0
2017-01-21 17:00:00,223.25,54.0
2017-01-21 18:00:00,191.25,53.1
2017-01-21 19:00:00,166.0,51.1
2017-01-21 20:00:00,168.75,51.1
2017-01-21 21:00:00,164.5,51.1
2017-01-21 22:00:00,161.75,51.1
2017-01-21 23:00:00,166.0,52.0
2017-01-22 00:00:00,161.0,53.1
2017-01-22 01:00:00,154.25,52.0
2017-01-22 02:00:00,152.75,51.1
2017-01-22 03:00:00,152.25,51.1
2017-01-22 04:00:00,150.5,51.1
2017-01-22 05:00:00,165.25,51.1
2017-01-22 06:00:00,195.5,52.0
2017-01-22 07:00:00,218.25,52.0
2017-01-22 08:00:00,216.0,53.1
2017-01-22 09:00:00,227.75,51.1
2017-01-22 10:00:00,235.75,53.1
2017-01-22 11:00:00,230.0,55.0
2017-01-22 12:00:00,245.75,55.9
2017-01-22 13:00:00,235.25,55.9
2017-01-22 14:00:00,229.5,55.0
2017-01-22 15:00:00,243.25,52.0
2017-01-22 16:00:00,243.5,50.0
2017-01-22 17:00:00,215.25,48.9
2017-01-22 18:00:00,198.25,48.9
2017-01-22 19:00:00,174.5,48.9
2017-01-22 20:00:00,163.75,48.9
2017-01-22 21:00:00,158.0,50.0
2017-01-22 22:00:00,158.75,51.1
2017-01-22 23:00:00,154.25,50.0
2017-01-23 00:00:00,153.25,48.9
2017-01-23 01:00:00,137.5,48.9
2017-01-23 02:00:00,140.75,48.0
2017-01-23 03:00:00,136.0,46.9
2017-01-23 04:00:00,147.5,48.0
2017-01-23 05:00:00,211.75,46.9
2017-01-23 06:00:00,241.0,46.9
2017-01-23 07:00:00,267.5,46.9
2017-01-23 08:00:00,272.5,46.9
2017-01-23 09:00:00,267.5,46.9
2017-01-23 10:00:00,262.5,50.0
2017-01-23 11:00:00,262.5,50.0
2017-01-23 12:00:00,310.75,48.9
2017-01-23 13:00:00,313.0,51.1
2017-01-23 14:00:00,308.5,52.0
2017-01-23 15:00:00,302.25,52.0
2017-01-23 16:00:00,283.25,51.1
2017-01-23 17:00:00,297.5,50.0
2017-01-23 18:00:00,260.25,50.0
2017-01-23 19:00:00,220.0,50.0
2017-01-23 20:00:00,196.5,48.9
2017-01-23 21:00:00,204.75,48.9
2017-01-23 22:00:00,182.75,48.0
2017-01-23 23:00:00,167.25,46.9
2017-01-24 00:00:00,159.5,46.9
2017-01-24 01:00:00,163.5,46.0
2017-01-24 02:00:00,146.75,45.0
2017-01-24 03:00:00,143.25,45.0
2017-01-24 04:00:00,150.0,45.0
2017-01-24 05:00:00,204.5,43.0
2017-01-24 06:00:00,237.75,41.0
2017-01-24 07:00:00,252.54,43.0
2017-01-24 08:00:00,266.81,44.1
2017-01-24 09:00:00,261.4,46.0
2017-01-24 10:00:00,272.75,46.9
2017-01-24 11:00:00,279.75,50.0
2017-01-24 12:00:00,321.5,52.0
2017-01-24 13:00:00,294.25,54.0
2017-01-24 14:00:00,294.5,55.9
2017-01-24 15:00:00,321.0,55.9
2017-01-24 16:00:00,298.75,55.9
2017-01-24 17:00:00,297.75,54.0
2017-01-24 18:00:00,263.25,50.0
2017-01-24 19:00:00,216.5,51.1
2017-01-24 20:00:00,210.0,46.9
2017-01-24 21:00:00,196.5,46.0
2017-01-24 22:00:00,184.0,45.0
2017-01-24 23:00:00,181.5,43.0
2017-01-25 00:00:00,174.25,41.0
2017-01-25 01:00:00,159.25,41.0
2017-01-25 02:00:00,152.75,41.0
2017-01-25 03:00:00,160.5,43.0
2017-01-25 04:00:00,164.5,43.0
2017-01-25 05:00:00,211.25,42.1
2017-01-25 06:00:00,232.25,44.1
2017-01-25 07:00:00,244.75,44.1
2017-01-25 08:00:00,251.25,45.0
2017-01-25 09:00:00,262.25,46.0
2017-01-25 10:00:00,260.75,48.0
2017-01-25 11:00:00,277.5,51.1
2017-01-25 12:00:00,278.25,52.0
2017-01-25 13:00:00,280.75,54.0
2017-01-25 14:00:00,292.25,54.0
2017-01-25 15:00:00,301.5,55.0
2017-01-25 16:00:00,285.25,55.0
2017-01-25 17:00:00,299.5,54.0
2017-01-25 18:00:00,242.0,52.0
2017-01-25 19:00:00,224.75,50.0
2017-01-25 20:00:00,192.75,48.9
2017-01-25 21:00:00,197.75,48.0
2017-01-25 22:00:00,173.75,46.9
2017-01-25 23:00:00,172.25,45.0
2017-01-26 00:00:00,158.0,46.0
2017-01-26 01:00:00,149.0,45.0
2017-01-26 02:00:00,156.75,46.9
2017-01-26 03:00:00,157.75,46.9
2017-01-26 04:00:00,159.25,45.0
2017-01-26 05:00:00,217.0,44.1
2017-01-26 06:00:00,241.0,45.0
2017-01-26 07:00:00,247.0,44.1
2017-01-26 08:00:00,258.0,45.0
2017-01-26 09:00:00,261.25,48.0
2017-01-26 10:00:00,266.75,52.0
2017-01-26 11:00:00,262.25,55.0
2017-01-26 12:00:00,299.5,53.1
2017-01-26 13:00:00,302.25,53.1
2017-01-26 14:00:00,290.0,55.0
2017-01-26 15:00:00,283.25,55.0
2017-01-26 16:00:00,287.25,55.9
2017-01-26 17:00:00,289.25,55.0
2017-01-26 18:00:00,269.0,53.1
2017-01-26 19:00:00,237.5,52.0
2017-01-26 20:00:00,201.25,48.0
2017-01-26 21:00:00,193.75,48.9
2017-01-26 22:00:00,184.5,46.0
2017-01-26 23:00:00,187.75,45.0
2017-01-27 00:00:00,162.0,45.0
2017-01-27 01:00:00,163.0,42.1
2017-01-27 02:00:00,161.0,42.1
2017-01-27 03:00:00,151.0,46.9
2017-01-27 04:00:00,148.0,48.0
2017-01-27 05:00:00,215.0,42.1
2017-01-27 06:00:00,269.0,42.1
2017-01-27 07:00:00,316.5,44.1
2017-01-27 08:00:00,305.8,48.0
2017-01-27 09:00:00,310.5,51.1
2017-01-27 10:00:00,292.75,53.1
2017-01-27 11:00:00,291.25,55.0
2017-01-27 12:00:00,284.25,55.0
2017-01-27 13:00:00,301.75,55.0
2017-01-27 14:00:00,289.25,55.9
2017-01-27 15:00:00,292.5,55.9
2017-01-27 16:00:00,279.0,57.0
2017-01-27 17:00:00,276.0,55.9
2017-01-27 18:00:00,243.25,53.1
2017-01-27 19:00:00,196.25,51.1
2017-01-27 20:00:00,193.75,51.1
2017-01-27 21:00:00,194.5,46.9
2017-01-27 22:00:00,192.5,48.0
2017-01-27 23:00:00,174.0,45.0
2017-01-28 00:00:00,172.0,45.0
2017-01-28 01:00:00,158.75,45.0
2017-01-28 02:00:00,134.75,44.1
2017-01-28 03:00:00,137.75,45.0
2017-01-28 04:00:00,132.5,42.1
2017-01-28 05:00:00,162.75,39.9
2017-01-28 06:00:00,198.75,43.0
2017-01-28 07:00:00,211.0,44.1
2017-01-28 08:00:00,232.75,46.0
2017-01-28 09:00:00,220.0,48.9
2017-01-28 10:00:00,237.25,54.0
2017-01-28 11:00:00,246.25,51.1
2017-01-28 12:00:00,257.25,52.0
2017-01-28 13:00:00,273.75,53.1
2017-01-28 14:00:00,272.5,55.0
2017-01-28 15:00:00,258.5,57.0
2017-01-28 16:00:00,267.75,57.9
2017-01-28 17:00:00,250.25,57.0
2017-01-28 18:00:00,216.75,55.0
2017-01-28 19:00:00,183.75,54.0
2017-01-28 20:00:00,180.75,53.1
2017-01-28 21:00:00,172.25,51.1
2017-01-28 22:00:00,166.75,51.1
2017-01-28 23:00:00,162.75,48.9
2017-01-29 00:00:00,157.0,48.9
2017-01-29 01:00:00,155.25,45.0
2017-01-29 02:00:00,156.5,44.1
2017-01-29 03:00:00,150.0,43.0
2017-01-29 04:00:00,160.0,44.1
2017-01-29 05:00:00,169.25,44.1
2017-01-29 06:00:00,202.0,44.1
2017-01-29 07:00:00,216.75,42.1
2017-01-29 08:00:00,214.5,45.0
2017-01-29 09:00:00,232.75,48.0
2017-01-29 10:00:00,230.75,50.0
2017-01-29 11:00:00,237.75,52.0
2017-01-29 12:00:00,251.5,53.1
2017-01-29 13:00:00,260.25,54.0
2017-01-29 14:00:00,265.75,55.9
2017-01-29 15:00:00,261.25,57.9
2017-01-29 16:00:00,286.75,61.0
2017-01-29 17:00:00,248.5,57.9
2017-01-29 18:00:00,239.0,55.9
2017-01-29 19:00:00,199.0,57.0
2017-01-29 20:00:00,176.0,55.0
2017-01-29 21:00:00,161.0,54.0
2017-01-29 22:00:00,158.25,51.1
2017-01-29 23:00:00,154.0,48.0
2017-01-30 00:00:00,151.5,48.0
2017-01-30 01:00:00,154.0,46.0
2017-01-30 02:00:00,153.0,44.1
2017-01-30 03:00:00,148.75,43.0
2017-01-30 04:00:00,160.5,43.0
2017-01-30 05:00:00,199.75,41.0
2017-01-30 06:00:00,247.0,42.1
2017-01-30 07:00:00,267.5,41.0
2017-01-30 08:00:00,289.75,42.1
2017-01-30 09:00:00,270.75,46.9
2017-01-30 10:00:00,297.75,51.1
2017-01-30 11:00:00,290.5,52.0
2017-01-30 12:00:00,307.25,53.1
2017-01-30 13:00:00,329.0,57.0
2017-01-30 14:00:00,327.0,57.9
2017-01-30 15:00:00,331.75,62.1
2017-01-30 16:00:00,311.0,57.9
2017-01-30 17:00:00,286.0,55.9
2017-01-30 18:00:00,253.5,55.0
2017-01-30 19:00:00,229.0,53.1
2017-01-30 20:00:00,200.75,50.0
2017-01-30 21:00:00,190.0,50.0
2017-01-30 22:00:00,170.0,51.1
2017-01-30 23:00:00,183.75,48.9
2017-01-31 00:00:00,176.25,48.9
2017-01-31 01:00:00,147.5,48.9
2017-01-31 02:00:00,142.5,44.1
2017-01-31 03:00:00,140.75,45.0
2017-01-31 04:00:00,143.0,43.0
2017-01-31 05:00:00,210.5,42.1
2017-01-31 06:00:00,238.0,44.1
2017-01-31 07:00:00,261.75,39.9
2017-01-31 08:00:00,266.61,43.0
2017-01-31 09:00:00,270.38,48.0
2017-01-31 10:00:00,286.0,50.0
2017-01-31 11:00:00,297.0,51.1
2017-01-31 12:00:00,341.75,54.0
2017-01-31 13:00:00,333.0,55.0
2017-01-31 14:00:00,344.5,55.0
2017-01-31 15:00:00,329.5,55.9
2017-01-31 16:00:00,351.25,57.0
2017-01-31 17:00:00,329.0,55.9
2017-01-31 18:00:00,308.8,55.9
2017-01-31 19:00:00,253.75,54.0
2017-01-31 20:00:00,199.25,53.1
2017-01-31 21:00:00,201.0,50.0
2017-01-31 22:00:00,204.25,52.0
2017-01-31 23:00:00,190.25,51.1
2017-02-01 00:00:00,174.5,52.0
2017-02-01 01:00:00,168.0,48.0
2017-02-01 02:00:00,159.5,48.9
2017-02-01 03:00:00,158.0,48.9
2017-02-01 04:00:00,165.25,48.9
2017-02-01 05:00:00,203.75,46.9
2017-02-01 06:00:00,236.5,48.9
2017-02-01 07:00:00,278.5,48.0
2017-02-01 08:00:00,276.75,50.0
2017-02-01 09:00:00,282.0,51.1
2017-02-01 10:00:00,298.5,52.0
2017-02-01 11:00:00,306.25,54.0
2017-02-01 12:00:00,329.75,53.1
2017-02-01 13:00:00,324.75,54.0
2017-02-01 14:00:00,341.0,57.0
2017-02-01 15:00:00,325.75,61.0
2017-02-01 16:00:00,341.0,55.9
2017-02-01 17:00:00,309.5,55.9
2017-02-01 18:00:00,274.5,57.0
2017-02-01 19:00:00,241.0,55.0
2017-02-01 20:00:00,202.5,53.1
2017-02-01 21:00:00,199.5,53.1
2017-02-01 22:00:00,191.75,53.1
2017-02-01 23:00:00,187.0,52.0
2017-02-02 00:00:00,167.25,51.1
2017-02-02 01:00:00,166.0,53.1
2017-02-02 02:00:00,152.25,52.0
2017-02-02 03:00:00,156.0,52.0
2017-02-02 04:00:00,165.5,53.1
2017-02-02 05:00:00,211.5,54.0
2017-02-02 06:00:00,249.0,54.0
2017-02-02 07:00:00,284.5,54.0
2017-02-02 08:00:00,271.5,55.0
2017-02-02 09:00:00,292.5,55.9
2017-02-02 10:00:00,316.0,57.9
2017-02-02 11:00:00,320.75,60.1
2017-02-02 12:00:00,346.75,62.1
2017-02-02 13:00:00,332.75,62.1
2017-02-02 14:00:00,334.5,63.0
2017-02-02 15:00:00,336.25,61.0
2017-02-02 16:00:00,306.75,59.0
2017-02-02 17:00:00,309.75,59.0
2017-02-02 18:00:00,290.8,60.1
2017-02-02 19:00:00,256.75,59.0
2017-02-02 20:00:00,211.5,60.1
2017-02-02 21:00:00,204.75,59.0
2017-02-02 22:00:00,197.25,59.0
2017-02-02 23:00:00,192.5,59.0
2017-02-03 00:00:00,178.5,59.0
2017-02-03 01:00:00,172.5,59.0
2017-02-03 02:00:00,173.25,59.0
2017-02-03 03:00:00,165.75,59.0
2017-02-03 04:00:00,173.25,57.9
2017-02-03 05:00:00,233.0,57.0
2017-02-03 06:00:00,256.75,57.9
2017-02-03 07:00:00,319.25,57.9
2017-02-03 08:00:00,326.5,57.9
2017-02-03 09:00:00,322.5,57.0
2017-02-03 10:00:00,325.75,59.0
2017-02-03 11:00:00,333.75,59.0
2017-02-03 12:00:00,333.75,60.1
2017-02-03 13:00:00,310.0,61.0
2017-02-03 14:00:00,298.0,60.1
2017-02-03 15:00:00,308.75,59.0
2017-02-03 16:00:00,279.75,59.0
2017-02-03 17:00:00,294.75,59.0
2017-02-03 18:00:00,275.8,57.9
2017-02-03 19:00:00,233.5,57.0
2017-02-03 20:00:00,201.25,57.0
2017-02-03 21:00:00,200.0,57.0
2017-02-03 22:00:00,192.5,57.0
2017-02-03 23:00:00,182.25,55.9
2017-02-04 00:00:00,170.75,57.0
2017-02-04 01:00:00,164.75,55.9
2017-02-04 02:00:00,161.5,55.9
2017-02-04 03:00:00,157.5,57.0
2017-02-04 04:00:00,159.0,55.9
2017-02-04 05:00:00,172.5,55.9
2017-02-04 06:00:00,206.25,55.0
2017-02-04 07:00:00,227.17,55.9
2017-02-04 08:00:00,232.54,55.9
2017-02-04 09:00:00,226.5,57.0
2017-02-04 10:00:00,228.75,59.0
2017-02-04 11:00:00,221.5,59.0
2017-02-04 12:00:00,236.5,57.9
2017-02-04 13:00:00,252.75,57.0
2017-02-04 14:00:00,264.25,57.9
2017-02-04 15:00:00,256.5,60.1
2017-02-04 16:00:00,262.5,59.0
2017-02-04 17:00:00,243.0,57.9
2017-02-04 18:00:00,224.0,57.0
2017-02-04 19:00:00,199.0,55.9
2017-02-04 20:00:00,176.75,54.0
2017-02-04 21:00:00,164.25,54.0
2017-02-04 22:00:00,170.0,53.1
2017-02-04 23:00:00,164.0,52.0
2017-02-05 00:00:00,155.0,52.0
2017-02-05 01:00:00,156.0,52.0
2017-02-05 02:00:00,162.25,52.0
2017-02-05 03:00:00,152.25,50.0
2017-02-05 04:00:00,154.25,52.0
2017-02-05 05:00:00,166.25,50.0
2017-02-05 06:00:00,205.5,50.0
2017-02-05 07:00:00,221.5,50.0
2017-02-05 08:00:00,216.0,51.1
2017-02-05 09:00:00,238.0,53.1
2017-02-05 10:00:00,230.75,55.0
2017-02-05 11:00:00,236.75,55.9
2017-02-05 12:00:00,227.25,57.0
2017-02-05 13:00:00,240.5,57.9
2017-02-05 14:00:00,244.25,63.0
2017-02-05 15:00:00,246.0,59.0
2017-02-05 16:00:00,224.75,59.0
2017-02-05 17:00:00,227.25,57.9
2017-02-05 18:00:00,205.6,57.0
2017-02-05 19:00:00,181.25,55.9
2017-02-05 20:00:00,182.75,57.0
2017-02-05 21:00:00,168.5,57.0
2017-02-05 22:00:00,160.25,55.9
2017-02-05 23:00:00,153.0,55.9
2017-02-06 00:00:00,154.75,55.0
2017-02-06 01:00:00,166.25,55.9
2017-02-06 02:00:00,151.02,57.0
2017-02-06 03:00:00,154.29,57.9
2017-02-06 04:00:00,171.0,57.9
2017-02-06 05:00:00,208.25,57.9
2017-02-06 06:00:00,244.0,57.0
2017-02-06 07:00:00,282.5,57.0
2017-02-06 08:00:00,285.5,57.0
2017-02-06 09:00:00,299.5,57.0
2017-02-06 10:00:00,306.75,57.0
2017-02-06 11:00:00,289.75,57.9
2017-02-06 12:00:00,333.75,57.9
2017-02-06 13:00:00,332.75,59.0
2017-02-06 14:00:00,331.0,59.0
2017-02-06 15:00:00,327.25,59.0
2017-02-06 16:00:00,352.25,59.0
2017-02-06 17:00:00,303.0,59.0
2017-02-06 18:00:00,273.4,57.9
2017-02-06 19:00:00,224.0,57.0
2017-02-06 20:00:00,200.75,57.0
2017-02-06 21:00:00,198.75,57.0
2017-02-06 22:00:00,184.75,57.0
2017-02-06 23:00:00,179.25,57.0
2017-02-07 00:00:00,166.75,57.0
2017-02-07 01:00:00,158.75,57.0
2017-02-07 02:00:00,161.25,57.9
2017-02-07 03:00:00,167.75,59.0
2017-02-07 04:00:00,175.75,61.0
2017-02-07 05:00:00,208.0,62.1
2017-02-07 06:00:00,243.25,62.1
2017-02-07 07:00:00,287.0,62.1
2017-02-07 08:00:00,299.5,61.0
2017-02-07 09:00:00,310.5,60.1
2017-02-07 10:00:00,302.25,60.1
2017-02-07 11:00:00,315.75,60.1
2017-02-07 12:00:00,336.25,60.1
2017-02-07 13:00:00,338.0,60.1
2017-02-07 14:00:00,329.5,60.1
2017-02-07 15:00:00,308.0,60.1
2017-02-07 16:00:00,305.0,59.0
2017-02-07 17:00:00,304.5,59.0
2017-02-07 18:00:00,290.0,57.9
2017-02-07 19:00:00,247.0,59.0
2017-02-07 20:00:00,217.75,57.9
2017-02-07 21:00:00,207.75,59.0
2017-02-07 22:00:00,188.75,59.0
2017-02-07 23:00:00,197.75,59.0
2017-02-08 00:00:00,179.25,57.9
2017-02-08 01:00:00,173.0,59.0
2017-02-08 02:00:00,175.25,59.0
2017-02-08 03:00:00,177.0,60.1
2017-02-08 04:00:00,186.5,59.0
2017-02-08 05:00:00,203.0,60.1
2017-02-08 06:00:00,239.75,60.1
2017-02-08 07:00:00,310.0,60.1
2017-02-08 08:00:00,340.5,61.0
2017-02-08 09:00:00,305.5,61.0
2017-02-08 10:00:00,336.75,61.0
2017-02-08 11:00:00,325.75,62.1
2017-02-08 12:00:00,343.0,62.1
2017-02-08 13:00:00,371.25,63.0
2017-02-08 14:00:00,356.25,62.1
2017-02-08 15:00:00,342.75,62.1
2017-02-08 16:00:00,344.75,64.0
2017-02-08 17:00:00,333.0,63.0
2017-02-08 18:00:00,296.75,63.0
2017-02-08 19:00:00,269.25,64.0
2017-02-08 20:00:00,166.25,62.1
2017-02-08 21:00:00,167.0,62.1
2017-02-08 22:00:00,156.0,62.1
2017-02-08 23:00:00,157.25,62.1
2017-02-09 00:00:00,138.0,62.1
2017-02-09 01:00:00,132.5,62.1
2017-02-09 02:00:00,128.75,61.0
2017-02-09 03:00:00,126.0,63.0
2017-02-09 04:00:00,131.5,62.1
2017-02-09 05:00:00,187.5,62.1
2017-02-09 06:00:00,208.0,61.0
2017-02-09 07:00:00,256.75,62.1
2017-02-09 08:00:00,263.0,61.0
2017-02-09 09:00:00,265.5,62.1
2017-02-09 10:00:00,290.75,60.1
2017-02-09 11:00:00,339.75,60.1
2017-02-09 12:00:00,307.25,61.0
2017-02-09 13:00:00,332.25,60.1
2017-02-09 14:00:00,331.75,60.1
2017-02-09 15:00:00,327.0,61.0
2017-02-09 16:00:00,330.25,60.1
2017-02-09 17:00:00,334.75,60.1
2017-02-09 18:00:00,290.0,61.0
2017-02-09 19:00:00,232.0,59.0
2017-02-09 20:00:00,201.25,59.0
2017-02-09 21:00:00,194.5,57.9
2017-02-09 22:00:00,196.75,57.9
2017-02-09 23:00:00,178.0,57.9
2017-02-10 00:00:00,168.75,57.9
2017-02-10 01:00:00,162.25,57.9
2017-02-10 02:00:00,152.75,57.0
2017-02-10 03:00:00,154.0,57.0
2017-02-10 04:00:00,160.75,57.9
2017-02-10 05:00:00,234.75,57.0
2017-02-10 06:00:00,268.0,57.0
2017-02-10 07:00:00,312.75,57.0
2017-02-10 08:00:00,317.5,57.0
2017-02-10 09:00:00,317.0,57.0
2017-02-10 10:00:00,316.0,57.9
2017-02-10 11:00:00,324.25,59.0
2017-02-10 12:00:00,327.5,59.0
2017-02-10 13:00:00,315.25,61.0
2017-02-10 14:00:00,304.0,62.1
2017-02-10 15:00:00,284.0,62.1
2017-02-10 16:00:00,289.5,60.1
2017-02-10 17:00:00,260.0,59.0
2017-02-10 18:00:00,240.0,57.0
2017-02-10 19:00:00,203.25,57.0
2017-02-10 20:00:00,203.75,55.9
2017-02-10 21:00:00,190.0,55.0
2017-02-10 22:00:00,186.25,54.0
2017-02-10 23:00:00,177.0,54.0
2017-02-11 00:00:00,160.25,52.0
2017-02-11 01:00:00,156.0,51.1
2017-02-11 02:00:00,150.75,51.1
2017-02-11 03:00:00,151.25,50.0
2017-02-11 04:00:00,152.5,48.9
2017-02-11 05:00:00,165.25,48.0
2017-02-11 06:00:00,211.75,46.9
2017-02-11 07:00:00,220.75,46.9
2017-02-11 08:00:00,222.25,48.9
2017-02-11 09:00:00,217.0,51.1
2017-02-11 10:00:00,233.25,54.0
2017-02-11 11:00:00,254.0,55.9
2017-02-11 12:00:00,249.0,57.0
2017-02-11 13:00:00,255.5,59.0
2017-02-11 14:00:00,256.0,60.1
2017-02-11 15:00:00,258.25,60.1
2017-02-11 16:00:00,263.0,60.1
2017-02-11 17:00:00,242.75,60.1
2017-02-11 18:00:00,236.6,57.0
2017-02-11 19:00:00,184.5,55.9
2017-02-11 20:00:00,185.6,54.0
2017-02-11 21:00:00,161.75,53.1
2017-02-11 22:00:00,165.5,51.1
2017-02-11 23:00:00,161.75,51.1
2017-02-12 00:00:00,157.5,48.9
2017-02-12 01:00:00,155.05,46.9
2017-02-12 02:00:00,156.09,46.9
2017-02-12 03:00:00,153.0,45.0
2017-02-12 04:00:00,157.5,45.0
2017-02-12 05:00:00,168.0,44.1
2017-02-12 06:00:00,213.25,44.1
2017-02-12 07:00:00,217.5,43.0
2017-02-12 08:00:00,214.75,46.9
2017-02-12 09:00:00,223.5,52.0
2017-02-12 10:00:00,233.0,55.0
2017-02-12 11:00:00,244.5,57.0
2017-02-12 12:00:00,250.5,57.9
2017-02-12 13:00:00,241.25,59.0
2017-02-12 14:00:00,256.25,61.0
2017-02-12 15:00:00,277.5,64.0
2017-02-12 16:00:00,245.75,62.1
2017-02-12 17:00:00,231.5,60.1
2017-02-12 18:00:00,229.25,57.0
2017-02-12 19:00:00,198.5,55.0
2017-02-12 20:00:00,179.5,53.1
2017-02-12 21:00:00,169.0,51.1
2017-02-12 22:00:00,161.75,52.0
2017-02-12 23:00:00,160.0,50.0
2017-02-13 00:00:00,154.6,48.0
2017-02-13 01:00:00,160.5,46.9
2017-02-13 02:00:00,160.0,46.9
2017-02-13 03:00:00,156.25,48.0
2017-02-13 04:00:00,164.25,46.9
2017-02-13 05:00:00,211.5,45.0
2017-02-13 06:00:00,252.5,48.0
2017-02-13 07:00:00,265.75,46.9
2017-02-13 08:00:00,270.25,51.1
2017-02-13 09:00:00,288.0,51.1
2017-02-13 10:00:00,304.0,52.0
2017-02-13 11:00:00,281.25,54.0
2017-02-13 12:00:00,321.0,55.0
2017-02-13 13:00:00,332.75,55.0
2017-02-13 14:00:00,329.0,57.0
2017-02-13 15:00:00,337.75,57.9
2017-02-13 16:00:00,360.25,59.0
2017-02-13 17:00:00,316.75,59.0
2017-02-13 18:00:00,289.0,57.9
2017-02-13 19:00:00,251.75,57.9
2017-02-13 20:00:00,217.0,57.9
2017-02-13 21:00:00,199.0,57.0
2017-02-13 22:00:00,201.75,57.0
2017-02-13 23:00:00,189.75,57.0
2017-02-14 00:00:00,171.0,55.9
2017-02-14 01:00:00,160.25,54.0
2017-02-14 02:00:00,155.5,51.1
2017-02-14 03:00:00,157.75,50.0
2017-02-14 04:00:00,166.25,48.9
2017-02-14 05:00:00,229.5,46.9
2017-02-14 06:00:00,242.5,48.0
2017-02-14 07:00:00,287.75,46.9
2017-02-14 08:00:00,273.5,51.1
2017-02-14 09:00:00,293.25,57.9
2017-02-14 10:00:00,309.0,57.0
2017-02-14 11:00:00,332.25,57.0
2017-02-14 12:00:00,342.0,59.0
2017-02-14 13:00:00,338.25,62.1
2017-02-14 14:00:00,342.75,63.0
2017-02-14 15:00:00,351.25,64.9
2017-02-14 16:00:00,339.0,64.0
2017-02-14 17:00:00,322.75,64.0
2017-02-14 18:00:00,296.25,61.0
2017-02-14 19:00:00,281.8,57.9
2017-02-14 20:00:00,208.0,57.9
2017-02-14 21:00:00,189.0,55.9
2017-02-14 22:00:00,187.5,57.0
2017-02-14 23:00:00,199.0,55.0
2017-02-15 00:00:00,180.5,54.0
2017-02-15 01:00:00,175.25,55.9
2017-02-15 02:00:00,164.75,55.0
2017-02-15 03:00:00,157.0,55.0
2017-02-15 04:00:00,171.0,54.0
2017-02-15 05:00:00,205.5,52.0
2017-02-15 06:00:00,238.75,53.1
2017-02-15 07:00:00,278.75,55.0
2017-02-15 08:00:00,290.0,55.9
2017-02-15 09:00:00,303.5,57.9
2017-02-15 10:00:00,300.5,60.1
2017-02-15 11:00:00,317.5,62.1
2017-02-15 12:00:00,341.0,60.1
2017-02-15 13:00:00,326.5,59.0
2017-02-15 14:00:00,336.5,63.0
2017-02-15 15:00:00,357.25,64.9
2017-02-15 16:00:00,351.5,62.1
2017-02-15 17:00:00,317.25,63.0
2017-02-15 18:00:00,312.0,61.0
2017-02-15 19:00:00,267.25,60.1
2017-02-15 20:00:00,218.25,59.0
2017-02-15 21:00:00,211.0,60.1
2017-02-15 22:00:00,192.75,61.0
2017-02-15 23:00:00,211.0,61.0
2017-02-16 00:00:00,192.75,61.0
2017-02-16 01:00:00,168.5,60.1
2017-02-16 02:00:00,166.0,60.1
2017-02-16 03:00:00,164.5,61.0
2017-02-16 04:00:00,169.5,59.0
2017-02-16 05:00:00,216.25,57.9
2017-02-16 06:00:00,259.5,57.9
2017-02-16 07:00:00,301.75,59.0
2017-02-16 08:00:00,305.25,59.0
2017-02-16 09:00:00,314.75,59.0
2017-02-16 10:00:00,303.25,61.0
2017-02-16 11:00:00,317.75,62.1
2017-02-16 12:00:00,348.25,63.0
2017-02-16 13:00:00,334.5,63.0
2017-02-16 14:00:00,323.5,64.0
2017-02-16 15:00:00,333.5,64.0
2017-02-16 16:00:00,349.25,62.1
2017-02-16 17:00:00,327.5,61.0
2017-02-16 18:00:00,295.0,57.9
2017-02-16 19:00:00,260.5,57.0
2017-02-16 20:00:00,213.25,57.0
2017-02-16 21:00:00,195.0,55.9
2017-02-16 22:00:00,184.75,55.9
2017-02-16 23:00:00,199.5,54.0
2017-02-17 00:00:00,189.0,55.9
2017-02-17 01:00:00,183.0,55.0
2017-02-17 02:00:00,184.5,55.9
2017-02-17 03:00:00,158.75,55.9
2017-02-17 04:00:00,170.25,55.9
2017-02-17 05:00:00,225.0,55.0
2017-02-17 06:00:00,273.25,55.0
2017-02-17 07:00:00,317.0,55.0
2017-02-17 08:00:00,313.5,55.0
2017-02-17 09:00:00,314.75,57.0
2017-02-17 10:00:00,329.25,61.0
2017-02-17 11:00:00,315.25,59.0
2017-02-17 12:00:00,298.25,59.0
2017-02-17 13:00:00,299.5,59.0
2017-02-17 14:00:00,294.25,60.1
2017-02-17 15:00:00,295.25,59.0
2017-02-17 16:00:00,304.5,57.9
2017-02-17 17:00:00,274.0,57.0
2017-02-17 18:00:00,256.25,55.9
2017-02-17 19:00:00,220.75,55.9
2017-02-17 20:00:00,197.25,57.0
2017-02-17 21:00:00,177.25,55.9
2017-02-17 22:00:00,176.0,55.9
2017-02-17 23:00:00,188.25,55.0
2017-02-18 00:00:00,180.0,55.9
2017-02-18 01:00:00,174.5,55.9
2017-02-18 02:00:00,171.5,55.9
2017-02-18 03:00:00,173.5,54.0
2017-02-18 04:00:00,171.5,54.0
2017-02-18 05:00:00,174.0,53.1
2017-02-18 06:00:00,210.75,53.1
2017-02-18 07:00:00,224.0,54.0
2017-02-18 08:00:00,231.5,53.1
2017-02-18 09:00:00,236.0,55.0
2017-02-18 10:00:00,235.75,55.9
2017-02-18 11:00:00,247.87,57.9
2017-02-18 12:00:00,255.56,57.0
2017-02-18 13:00:00,246.25,59.0
2017-02-18 14:00:00,248.75,59.0
2017-02-18 15:00:00,255.75,57.9
2017-02-18 16:00:00,245.25,57.0
2017-02-18 17:00:00,217.25,55.0
2017-02-18 18:00:00,209.2,53.1
2017-02-18 19:00:00,193.0,53.1
2017-02-18 20:00:00,174.75,53.1
2017-02-18 21:00:00,167.75,53.1
2017-02-18 22:00:00,163.0,53.1
2017-02-18 23:00:00,164.75,53.1
2017-02-19 00:00:00,167.0,53.1
2017-02-19 01:00:00,154.75,53.1
2017-02-19 02:00:00,159.25,53.1
2017-02-19 03:00:00,162.75,52.0
2017-02-19 04:00:00,157.0,51.1
2017-02-19 05:00:00,167.25,51.1
2017-02-19 06:00:00,200.75,51.1
2017-02-19 07:00:00,221.0,51.1
2017-02-19 08:00:00,217.25,51.1
2017-02-19 09:00:00,227.0,53.1
2017-02-19 10:00:00,247.5,55.0
2017-02-19 11:00:00,232.5,54.0
2017-02-19 12:00:00,227.75,54.0
2017-02-19 13:00:00,223.5,55.0
2017-02-19 14:00:00,224.75,57.0
2017-02-19 15:00:00,239.25,57.0
2017-02-19 16:00:00,229.25,57.0
2017-02-19 17:00:00,238.75,57.0
2017-02-19 18:00:00,211.25,55.9
2017-02-19 19:00:00,188.5,55.9
2017-02-19 20:00:00,171.75,57.0
2017-02-19 21:00:00,166.5,57.0
2017-02-19 22:00:00,167.0,57.0
2017-02-19 23:00:00,169.75,55.9
2017-02-20 00:00:00,158.5,55.9
2017-02-20 01:00:00,156.5,55.0
2017-02-20 02:00:00,155.75,55.0
2017-02-20 03:00:00,150.25,55.9
2017-02-20 04:00:00,165.75,55.9
2017-02-20 05:00:00,183.75,55.9
2017-02-20 06:00:00,221.0,55.9
2017-02-20 07:00:00,268.75,57.0
2017-02-20 08:00:00,282.0,57.0
2017-02-20 09:00:00,290.25,57.0
2017-02-20 10:00:00,286.0,57.9
2017-02-20 11:00:00,286.0,57.9
2017-02-20 12:00:00,297.75,57.9
2017-02-20 13:00:00,291.75,57.9
2017-02-20 14:00:00,297.5,57.9
2017-02-20 15:00:00,308.75,57.0
2017-02-20 16:00:00,298.5,55.9
2017-02-20 17:00:00,308.5,55.9
2017-02-20 18:00:00,305.25,55.9
2017-02-20 19:00:00,241.25,57.9
2017-02-20 20:00:00,186.75,61.0
2017-02-20 21:00:00,189.75,60.1
2017-02-20 22:00:00,184.5,61.0
2017-02-20 23:00:00,183.75,60.1
2017-02-21 00:00:00,168.0,59.0
2017-02-21 01:00:00,170.75,59.0
2017-02-21 02:00:00,172.5,57.9
2017-02-21 03:00:00,154.0,57.0
2017-02-21 04:00:00,171.0,57.0
2017-02-21 05:00:00,202.0,55.9
2017-02-21 06:00:00,243.0,55.9
2017-02-21 07:00:00,289.0,55.9
2017-02-21 08:00:00,281.0,55.9
2017-02-21 09:00:00,292.0,55.9
2017-02-21 10:00:00,292.5,59.0
2017-02-21 11:00:00,312.5,57.9
2017-02-21 12:00:00,312.25,60.1
2017-02-21 13:00:00,294.0,60.1
2017-02-21 14:00:00,293.25,57.9
2017-02-21 15:00:00,299.0,55.0
2017-02-21 16:00:00,291.75,54.0
2017-02-21 17:00:00,313.0,54.0
2017-02-21 18:00:00,283.6,55.0
2017-02-21 19:00:00,237.75,54.0
2017-02-21 20:00:00,220.75,53.1
2017-02-21 21:00:00,202.5,53.1
2017-02-21 22:00:00,194.5,53.1
2017-02-21 23:00:00,196.25,52.0
2017-02-22 00:00:00,171.0,52.0
2017-02-22 01:00:00,155.25,51.1
2017-02-22 02:00:00,158.0,50.0
2017-02-22 03:00:00,157.75,46.9
2017-02-22 04:00:00,167.0,45.0
2017-02-22 05:00:00,201.25,45.0
2017-02-22 06:00:00,233.0,44.1
2017-02-22 07:00:00,245.75,43.0
2017-02-22 08:00:00,272.0,50.0
2017-02-22 09:00:00,270.75,52.0
2017-02-22 10:00:00,289.25,53.1
2017-02-22 11:00:00,278.5,55.0
2017-02-22 12:00:00,293.75,55.0
2017-02-22 13:00:00,314.0,55.9
2017-02-22 14:00:00,318.25,57.0
2017-02-22 15:00:00,313.75,57.0
2017-02-22 16:00:00,310.5,55.9
2017-02-22 17:00:00,300.25,52.0
2017-02-22 18:00:00,290.25,51.1
2017-02-22 19:00:00,242.75,50.0
2017-02-22 20:00:00,207.0,48.9
2017-02-22 21:00:00,210.25,48.9
2017-02-22 22:00:00,193.5,48.0
2017-02-22 23:00:00,193.0,48.0
2017-02-23 00:00:00,191.25,48.0
2017-02-23 01:00:00,173.5,46.9
2017-02-23 02:00:00,159.0,46.9
2017-02-23 03:00:00,154.25,46.0
2017-02-23 04:00:00,166.75,46.0
2017-02-23 05:00:00,206.0,45.0
2017-02-23 06:00:00,243.0,42.1
2017-02-23 07:00:00,250.0,44.1
2017-02-23 08:00:00,255.5,45.0
2017-02-23 09:00:00,280.75,48.0
2017-02-23 10:00:00,276.0,50.0
2017-02-23 11:00:00,280.75,51.1
2017-02-23 12:00:00,303.75,53.1
2017-02-23 13:00:00,294.0,53.1
2017-02-23 14:00:00,279.25,54.0
2017-02-23 15:00:00,283.25,54.0
2017-02-23 16:00:00,284.5,54.0
2017-02-23 17:00:00,285.0,54.0
2017-02-23 18:00:00,265.75,52.0
2017-02-23 19:00:00,239.75,51.1
2017-02-23 20:00:00,200.25,48.9
2017-02-23 21:00:00,190.0,46.9
2017-02-23 22:00:00,184.5,46.9
2017-02-23 23:00:00,167.5,43.0
2017-02-24 00:00:00,163.0,44.1
2017-02-24 01:00:00,160.5,42.1
2017-02-24 02:00:00,159.0,41.0
2017-02-24 03:00:00,153.0,39.9
2017-02-24 04:00:00,158.5,37.9
2017-02-24 05:00:00,235.75,39.9
2017-02-24 06:00:00,264.75,37.9
2017-02-24 07:00:00,296.75,39.0
2017-02-24 08:00:00,319.75,43.0
2017-02-24 09:00:00,298.75,46.9
2017-02-24 10:00:00,286.75,48.9
2017-02-24 11:00:00,296.25,51.1
2017-02-24 12:00:00,275.25,53.1
2017-02-24 13:00:00,269.25,53.1
2017-02-24 14:00:00,262.5,54.0
2017-02-24 15:00:00,275.0,55.0
2017-02-24 16:00:00,265.0,55.0
2017-02-24 17:00:00,243.0,54.0
2017-02-24 18:00:00,236.5,52.0
2017-02-24 19:00:00,207.75,50.0
2017-02-24 20:00:00,194.0,50.0
2017-02-24 21:00:00,189.5,50.0
2017-02-24 22:00:00,182.0,48.9
2017-02-24 23:00:00,185.5,48.0
2017-02-25 00:00:00,182.5,46.0
2017-02-25 01:00:00,169.0,46.0
2017-02-25 02:00:00,171.5,46.0
2017-02-25 03:00:00,168.0,46.0
2017-02-25 04:00:00,156.5,46.0
2017-02-25 05:00:00,164.0,45.0
2017-02-25 06:00:00,198.75,42.1
2017-02-25 07:00:00,209.75,39.9
2017-02-25 08:00:00,216.75,46.0
2017-02-25 09:00:00,225.0,48.9
2017-02-25 10:00:00,228.5,50.0
2017-02-25 11:00:00,231.0,51.1
2017-02-25 12:00:00,237.25,53.1
2017-02-25 13:00:00,233.5,54.0
2017-02-25 14:00:00,237.5,55.0
2017-02-25 15:00:00,241.75,55.0
2017-02-25 16:00:00,236.25,54.0
2017-02-25 17:00:00,235.25,54.0
2017-02-25 18:00:00,205.74,53.1
2017-02-25 19:00:00,189.28,52.0
2017-02-25 20:00:00,160.5,50.0
2017-02-25 21:00:00,166.0,50.0
2017-02-25 22:00:00,163.25,52.0
2017-02-25 23:00:00,164.0,50.0
2017-02-26 00:00:00,155.2,50.0
2017-02-26 01:00:00,155.5,46.9
2017-02-26 02:00:00,156.75,46.9
2017-02-26 03:00:00,158.25,45.0
2017-02-26 04:00:00,153.5,43.0
2017-02-26 05:00:00,163.0,42.1
2017-02-26 06:00:00,195.0,39.9
2017-02-26 07:00:00,223.75,41.0
2017-02-26 08:00:00,216.75,44.1
2017-02-26 09:00:00,216.25,48.9
2017-02-26 10:00:00,213.0,52.0
2017-02-26 11:00:00,235.5,53.1
2017-02-26 12:00:00,223.5,54.0
2017-02-26 13:00:00,230.5,55.9
2017-02-26 14:00:00,233.0,57.9
2017-02-26 15:00:00,240.25,57.9
2017-02-26 16:00:00,237.75,55.0
2017-02-26 17:00:00,226.25,53.1
2017-02-26 18:00:00,223.8,52.0
2017-02-26 19:00:00,206.0,52.0
2017-02-26 20:00:00,174.0,52.0
2017-02-26 21:00:00,170.25,51.1
2017-02-26 22:00:00,164.25,48.0
2017-02-26 23:00:00,157.75,50.0
2017-02-27 00:00:00,162.5,50.0
2017-02-27 01:00:00,153.0,46.9
2017-02-27 02:00:00,154.5,46.0
2017-02-27 03:00:00,148.75,46.0
2017-02-27 04:00:00,159.25,45.0
2017-02-27 05:00:00,209.5,43.0
2017-02-27 06:00:00,242.0,42.1
2017-02-27 07:00:00,266.25,43.0
2017-02-27 08:00:00,297.75,46.0
2017-02-27 09:00:00,289.5,48.9
2017-02-27 10:00:00,283.5,50.0
2017-02-27 11:00:00,301.75,52.0
2017-02-27 12:00:00,300.0,54.0
2017-02-27 13:00:00,307.0,55.0
2017-02-27 14:00:00,316.75,55.9
2017-02-27 15:00:00,309.75,55.9
2017-02-27 16:00:00,298.75,55.9
2017-02-27 17:00:00,297.75,55.0
2017-02-27 18:00:00,283.0,53.1
2017-02-27 19:00:00,234.0,52.0
2017-02-27 20:00:00,217.25,50.0
2017-02-27 21:00:00,199.25,48.9
2017-02-27 22:00:00,198.0,48.9
2017-02-27 23:00:00,189.75,48.9
2017-02-28 00:00:00,170.0,46.9
2017-02-28 01:00:00,160.5,46.9
2017-02-28 02:00:00,167.0,46.9
2017-02-28 03:00:00,163.75,44.1
2017-02-28 04:00:00,172.25,41.0
2017-02-28 05:00:00,219.0,41.0
2017-02-28 06:00:00,241.5,43.0
2017-02-28 07:00:00,272.75,44.1
2017-02-28 08:00:00,287.0,46.9
2017-02-28 09:00:00,289.5,48.9
2017-02-28 10:00:00,279.5,51.1
2017-02-28 11:00:00,299.0,53.1
2017-02-28 12:00:00,304.5,55.0
2017-02-28 13:00:00,303.5,57.0
2017-02-28 14:00:00,352.5,59.0
2017-02-28 15:00:00,300.5,57.9
2017-02-28 16:00:00,325.25,59.0
2017-02-28 17:00:00,319.25,57.0
2017-02-28 18:00:00,286.75,55.0
2017-02-28 19:00:00,250.5,53.1
2017-02-28 20:00:00,216.75,51.1
2017-02-28 21:00:00,195.5,50.0
2017-02-28 22:00:00,185.25,50.0
2017-02-28 23:00:00,187.75,45.0
2017-03-01 00:00:00,174.0,44.1
2017-03-01 01:00:00,163.75,43.0
2017-03-01 02:00:00,159.25,42.1
2017-03-01 03:00:00,156.5,42.1
2017-03-01 04:00:00,161.75,41.0
2017-03-01 05:00:00,198.75,41.0
2017-03-01 06:00:00,236.0,41.0
2017-03-01 07:00:00,257.0,42.1
2017-03-01 08:00:00,271.25,46.0
2017-03-01 09:00:00,277.5,50.0
2017-03-01 10:00:00,291.5,51.1
2017-03-01 11:00:00,284.75,53.1
2017-03-01 12:00:00,345.5,54.0
2017-03-01 13:00:00,327.75,57.0
2017-03-01 14:00:00,337.5,59.0
2017-03-01 15:00:00,337.0,62.1
2017-03-01 16:00:00,336.25,61.0
2017-03-01 17:00:00,337.0,60.1
2017-03-01 18:00:00,287.75,57.0
2017-03-01 19:00:00,233.0,55.0
2017-03-01 20:00:00,207.5,55.9
2017-03-01 21:00:00,204.0,53.1
2017-03-01 22:00:00,192.25,48.9
2017-03-01 23:00:00,176.5,48.9
2017-03-02 00:00:00,165.75,46.9
2017-03-02 01:00:00,177.25,45.0
2017-03-02 02:00:00,162.25,45.0
2017-03-02 03:00:00,155.5,43.0
2017-03-02 04:00:00,164.25,43.0
2017-03-02 05:00:00,221.5,44.1
2017-03-02 06:00:00,248.25,42.1
2017-03-02 07:00:00,269.75,42.1
2017-03-02 08:00:00,273.5,46.9
2017-03-02 09:00:00,295.0,51.1
2017-03-02 10:00:00,278.5,52.0
2017-03-02 11:00:00,320.75,54.0
2017-03-02 12:00:00,355.0,57.9
2017-03-02 13:00:00,360.25,61.0
2017-03-02 14:00:00,363.0,64.0
2017-03-02 15:00:00,350.0,64.9
2017-03-02 16:00:00,348.5,64.0
2017-03-02 17:00:00,341.25,63.0
2017-03-02 18:00:00,307.75,57.9
2017-03-02 19:00:00,271.5,57.0
2017-03-02 20:00:00,219.25,55.9
2017-03-02 21:00:00,194.25,57.0
2017-03-02 22:00:00,177.75,52.0
2017-03-02 23:00:00,191.25,50.0
2017-03-03 00:00:00,177.5,50.0
2017-03-03 01:00:00,161.75,46.9
2017-03-03 02:00:00,161.75,46.9
2017-03-03 03:00:00,159.5,45.0
2017-03-03 04:00:00,164.25,44.1
2017-03-03 05:00:00,221.75,45.0
2017-03-03 06:00:00,277.75,44.1
2017-03-03 07:00:00,307.5,44.1
2017-03-03 08:00:00,289.75,48.0
2017-03-03 09:00:00,303.25,52.0
2017-03-03 10:00:00,339.5,54.0
2017-03-03 11:00:00,336.0,55.9
2017-03-03 12:00:00,324.5,57.0
2017-03-03 13:00:00,323.5,60.1
2017-03-03 14:00:00,314.75,64.0
2017-03-03 15:00:00,303.75,62.1
2017-03-03 16:00:00,295.75,61.0
2017-03-03 17:00:00,275.25,59.0
2017-03-03 18:00:00,256.0,55.9
2017-03-03 19:00:00,217.0,54.0
2017-03-03 20:00:00,206.75,54.0
2017-03-03 21:00:00,186.75,53.1
2017-03-03 22:00:00,173.0,53.1
2017-03-03 23:00:00,180.5,53.1
2017-03-04 00:00:00,169.5,54.0
2017-03-04 01:00:00,167.25,54.0
2017-03-04 02:00:00,160.5,54.0
2017-03-04 03:00:00,155.75,54.0
2017-03-04 04:00:00,153.5,53.1
2017-03-04 05:00:00,170.0,53.1
2017-03-04 06:00:00,201.0,53.1
2017-03-04 07:00:00,223.75,54.0
2017-03-04 08:00:00,241.25,54.0
2017-03-04 09:00:00,241.25,54.0
2017-03-04 10:00:00,248.0,54.0
2017-03-04 11:00:00,258.6,57.0
2017-03-04 12:00:00,258.0,57.9
2017-03-04 13:00:00,264.25,59.0
2017-03-04 14:00:00,264.4,59.0
2017-03-04 15:00:00,270.25,61.0
2017-03-04 16:00:00,245.5,59.0
2017-03-04 17:00:00,252.0,59.0
2017-03-04 18:00:00,237.5,57.0
2017-03-04 19:00:00,222.5,55.9
2017-03-04 20:00:00,196.0,55.9
2017-03-04 21:00:00,158.75,55.0
2017-03-04 22:00:00,156.75,52.0
2017-03-04 23:00:00,156.0,53.1
2017-03-05 00:00:00,154.25,54.0
2017-03-05 01:00:00,151.5,53.1
2017-03-05 02:00:00,150.75,53.1
2017-03-05 03:00:00,159.5,53.1
2017-03-05 04:00:00,157.0,48.9
2017-03-05 05:00:00,170.0,50.0
2017-03-05 06:00:00,200.75,48.0
2017-03-05 07:00:00,215.0,46.0
2017-03-05 08:00:00,210.5,48.0
2017-03-05 09:00:00,216.75,51.1
2017-03-05 10:00:00,228.25,54.0
2017-03-05 11:00:00,213.75,51.1
2017-03-05 12:00:00,232.75,50.0
2017-03-05 13:00:00,225.0,46.9
2017-03-05 14:00:00,224.25,51.1
2017-03-05 15:00:00,241.25,53.1
2017-03-05 16:00:00,235.5,54.0
2017-03-05 17:00:00,222.25,52.0
2017-03-05 18:00:00,210.0,50.0
2017-03-05 19:00:00,198.0,48.9
2017-03-05 20:00:00,189.25,48.9
2017-03-05 21:00:00,171.5,48.0
2017-03-05 22:00:00,166.75,48.0
2017-03-05 23:00:00,162.0,46.9
2017-03-06 00:00:00,158.75,48.0
2017-03-06 01:00:00,160.5,46.9
2017-03-06 02:00:00,153.5,45.0
2017-03-06 03:00:00,156.0,45.0
2017-03-06 04:00:00,158.5,46.9
2017-03-06 05:00:00,216.0,46.0
2017-03-06 06:00:00,249.0,46.9
2017-03-06 07:00:00,267.0,46.9
2017-03-06 08:00:00,272.75,46.0
2017-03-06 09:00:00,306.25,48.0
2017-03-06 10:00:00,289.25,51.1
2017-03-06 11:00:00,291.75,53.1
2017-03-06 12:00:00,309.75,55.0
2017-03-06 13:00:00,305.25,52.0
2017-03-06 14:00:00,310.25,54.0
2017-03-06 15:00:00,306.75,53.1
2017-03-06 16:00:00,319.25,55.0
2017-03-06 17:00:00,290.25,53.1
2017-03-06 18:00:00,298.5,53.1
2017-03-06 19:00:00,262.25,53.1
2017-03-06 20:00:00,217.25,53.1
2017-03-06 21:00:00,201.0,52.0
2017-03-06 22:00:00,190.75,50.0
2017-03-06 23:00:00,185.75,46.0
2017-03-07 00:00:00,171.0,46.0
2017-03-07 01:00:00,168.25,45.0
2017-03-07 02:00:00,164.5,45.0
2017-03-07 03:00:00,157.25,45.0
2017-03-07 04:00:00,168.75,43.0
2017-03-07 05:00:00,229.75,43.0
2017-03-07 06:00:00,244.25,43.0
2017-03-07 07:00:00,272.75,43.0
2017-03-07 08:00:00,293.75,48.9
2017-03-07 09:00:00,292.5,50.0
2017-03-07 10:00:00,292.0,52.0
2017-03-07 11:00:00,313.0,54.0
2017-03-07 12:00:00,318.75,54.0
2017-03-07 13:00:00,299.5,55.0
2017-03-07 14:00:00,327.0,57.0
2017-03-07 15:00:00,340.5,60.1
2017-03-07 16:00:00,362.5,59.0
2017-03-07 17:00:00,323.5,57.9
2017-03-07 18:00:00,268.5,57.9
2017-03-07 19:00:00,254.0,55.9
2017-03-07 20:00:00,222.5,54.0
2017-03-07 21:00:00,206.25,53.1
2017-03-07 22:00:00,196.5,53.1
2017-03-07 23:00:00,191.75,53.1
2017-03-08 00:00:00,190.0,51.1
2017-03-08 01:00:00,156.75,50.0
2017-03-08 02:00:00,153.25,46.9
2017-03-08 03:00:00,153.75,48.0
2017-03-08 04:00:00,167.75,46.0
2017-03-08 05:00:00,201.0,48.9
2017-03-08 06:00:00,241.5,45.0
2017-03-08 07:00:00,268.75,46.9
2017-03-08 08:00:00,271.0,51.1
2017-03-08 09:00:00,285.25,54.0
2017-03-08 10:00:00,302.0,55.9
2017-03-08 11:00:00,329.5,57.0
2017-03-08 12:00:00,352.25,59.0
2017-03-08 13:00:00,348.75,62.1
2017-03-08 14:00:00,358.75,66.0
2017-03-08 15:00:00,358.0,64.9
2017-03-08 16:00:00,358.75,64.9
2017-03-08 17:00:00,358.5,63.0
2017-03-08 18:00:00,304.0,60.1
2017-03-08 19:00:00,271.25,57.0
2017-03-08 20:00:00,224.25,55.9
2017-03-08 21:00:00,214.25,55.9
2017-03-08 22:00:00,203.25,55.9
2017-03-08 23:00:00,203.25,55.0
2017-03-09 00:00:00,180.5,54.0
2017-03-09 01:00:00,171.25,54.0
2017-03-09 02:00:00,163.5,54.0
2017-03-09 03:00:00,159.75,52.0
2017-03-09 04:00:00,171.75,50.0
2017-03-09 05:00:00,223.25,51.1
2017-03-09 06:00:00,258.25,48.9
2017-03-09 07:00:00,271.5,52.0
2017-03-09 08:00:00,309.5,54.0
2017-03-09 09:00:00,329.0,54.0
2017-03-09 10:00:00,337.5,55.9
2017-03-09 11:00:00,355.5,59.0
2017-03-09 12:00:00,365.25,62.1
2017-03-09 13:00:00,370.75,66.9
2017-03-09 14:00:00,347.25,68.0
2017-03-09 15:00:00,353.5,66.9
2017-03-09 16:00:00,338.5,64.9
2017-03-09 17:00:00,348.0,63.0
2017-03-09 18:00:00,310.25,62.1
2017-03-09 19:00:00,278.0,59.0
2017-03-09 20:00:00,230.25,59.0
2017-03-09 21:00:00,201.5,57.9
2017-03-09 22:00:00,190.5,57.9
2017-03-09 23:00:00,198.0,57.0
2017-03-10 00:00:00,178.25,55.0
2017-03-10 01:00:00,185.0,55.9
2017-03-10 02:00:00,168.75,55.0
2017-03-10 03:00:00,173.75,55.9
2017-03-10 04:00:00,178.25,55.0
2017-03-10 05:00:00,224.25,53.1
2017-03-10 06:00:00,271.0,55.0
2017-03-10 07:00:00,324.0,53.1
2017-03-10 08:00:00,326.75,55.9
2017-03-10 09:00:00,364.75,57.9
2017-03-10 10:00:00,318.25,59.0
2017-03-10 11:00:00,331.5,59.0
2017-03-10 12:00:00,300.25,61.0
2017-03-10 13:00:00,311.25,62.1
2017-03-10 14:00:00,318.75,66.0
2017-03-10 15:00:00,305.75,66.9
2017-03-10 16:00:00,300.25,66.0
2017-03-10 17:00:00,286.5,66.9
2017-03-10 18:00:00,264.75,64.0
2017-03-10 19:00:00,250.25,62.1
2017-03-10 20:00:00,235.0,63.0
2017-03-10 21:00:00,206.75,62.1
2017-03-10 22:00:00,198.0,59.0
2017-03-10 23:00:00,205.75,57.9
2017-03-11 00:00:00,186.5,55.0
2017-03-11 01:00:00,175.75,55.9
2017-03-11 02:00:00,174.25,55.0
2017-03-11 03:00:00,168.5,53.1
2017-03-11 04:00:00,171.0,55.0
2017-03-11 05:00:00,178.5,53.1
2017-03-11 06:00:00,209.0,53.1
2017-03-11 07:00:00,230.25,52.0
2017-03-11 08:00:00,229.75,57.0
2017-03-11 09:00:00,247.0,59.0
2017-03-11 10:00:00,253.75,60.1
2017-03-11 11:00:00,257.25,61.0
2017-03-11 12:00:00,258.5,63.0
2017-03-11 13:00:00,258.0,64.0
2017-03-11 14:00:00,258.75,66.0
2017-03-11 15:00:00,272.2,66.0
2017-03-11 16:00:00,259.25,64.9
2017-03-11 17:00:00,250.5,64.0
2017-03-11 18:00:00,252.0,61.0
2017-03-11 19:00:00,223.75,57.9
2017-03-11 20:00:00,199.0,55.9
2017-03-11 21:00:00,174.5,55.9
2017-03-11 22:00:00,181.75,55.9
2017-03-11 23:00:00,171.0,54.0
2017-03-12 00:00:00,167.75,54.0
2017-03-12 01:00:00,164.0,52.0
2017-03-12 02:00:00,159.38,51.1
2017-03-12 03:00:00,154.75,55.0
2017-03-12 04:00:00,158.0,52.0
2017-03-12 05:00:00,169.5,50.0
2017-03-12 06:00:00,201.0,48.9
2017-03-12 07:00:00,230.0,48.9
2017-03-12 08:00:00,228.75,55.9
2017-03-12 09:00:00,247.0,57.9
2017-03-12 10:00:00,252.25,60.1
2017-03-12 11:00:00,260.5,62.1
2017-03-12 12:00:00,269.75,64.0
2017-03-12 13:00:00,261.0,68.0
2017-03-12 14:00:00,274.25,66.0
2017-03-12 15:00:00,297.5,69.1
2017-03-12 16:00:00,278.0,66.9
2017-03-12 17:00:00,287.0,64.9
2017-03-12 18:00:00,244.25,62.1
2017-03-12 19:00:00,229.2,60.1
2017-03-12 20:00:00,202.0,57.0
2017-03-12 21:00:00,193.75,57.0
2017-03-12 22:00:00,190.0,55.9
2017-03-12 23:00:00,178.25,55.9
2017-03-13 00:00:00,175.0,55.0
2017-03-13 01:00:00,174.0,52.0
2017-03-13 02:00:00,171.75,51.1
2017-03-13 03:00:00,171.5,51.1
2017-03-13 04:00:00,182.5,48.9
2017-03-13 05:00:00,221.5,48.9
2017-03-13 06:00:00,250.75,48.0
2017-03-13 07:00:00,298.0,50.0
2017-03-13 08:00:00,298.75,55.9
2017-03-13 09:00:00,309.5,57.9
2017-03-13 10:00:00,333.25,60.1
2017-03-13 11:00:00,330.75,62.1
2017-03-13 12:00:00,377.5,64.0
2017-03-13 13:00:00,385.5,66.9
2017-03-13 14:00:00,397.25,71.1
2017-03-13 15:00:00,409.0,71.1
2017-03-13 16:00:00,394.0,72.0
2017-03-13 17:00:00,401.25,72.0
2017-03-13 18:00:00,324.5,69.1
2017-03-13 19:00:00,296.75,66.0
2017-03-13 20:00:00,252.0,64.0
2017-03-13 21:00:00,247.0,62.1
2017-03-13 22:00:00,219.5,62.1
2017-03-13 23:00:00,231.25,60.1
2017-03-14 00:00:00,188.0,59.0
2017-03-14 01:00:00,202.5,61.0
2017-03-14 02:00:00,203.5,59.0
2017-03-14 03:00:00,194.5,55.9
2017-03-14 04:00:00,196.25,55.0
2017-03-14 05:00:00,240.25,55.9
2017-03-14 06:00:00,261.75,55.9
2017-03-14 07:00:00,309.75,55.0
2017-03-14 08:00:00,322.75,60.1
2017-03-14 09:00:00,337.75,63.0
2017-03-14 10:00:00,356.25,64.9
2017-03-14 11:00:00,379.0,68.0
2017-03-14 12:00:00,387.0,72.0
2017-03-14 13:00:00,393.25,75.9
2017-03-14 14:00:00,407.25,75.9
2017-03-14 15:00:00,414.5,73.0
2017-03-14 16:00:00,414.25,75.9
2017-03-14 17:00:00,379.75,71.1
2017-03-14 18:00:00,344.25,68.0
2017-03-14 19:00:00,314.75,64.0
2017-03-14 20:00:00,258.5,62.1
2017-03-14 21:00:00,229.25,62.1
2017-03-14 22:00:00,221.75,62.1
2017-03-14 23:00:00,222.5,59.0
2017-03-15 00:00:00,207.0,57.9
2017-03-15 01:00:00,191.25,57.0
2017-03-15 02:00:00,178.25,55.9
2017-03-15 03:00:00,172.75,55.0
2017-03-15 04:00:00,184.5,54.0
2017-03-15 05:00:00,230.25,54.0
2017-03-15 06:00:00,263.0,55.0
2017-03-15 07:00:00,297.75,54.0
2017-03-15 08:00:00,281.5,55.9
2017-03-15 09:00:00,300.25,57.0
2017-03-15 10:00:00,315.75,59.0
2017-03-15 11:00:00,327.25,60.1
2017-03-15 12:00:00,321.75,60.1
2017-03-15 13:00:00,334.25,60.1
2017-03-15 14:00:00,350.5,61.0
2017-03-15 15:00:00,372.0,61.0
2017-03-15 16:00:00,349.75,60.1
2017-03-15 17:00:00,314.0,60.1
2017-03-15 18:00:00,330.0,59.0
2017-03-15 19:00:00,353.5,59.0
2017-03-15 20:00:00,307.5,57.9
2017-03-15 21:00:00,261.5,57.9
2017-03-15 22:00:00,215.75,55.9
2017-03-15 23:00:00,217.0,57.9
2017-03-16 00:00:00,197.75,59.0
2017-03-16 01:00:00,177.25,59.0
2017-03-16 02:00:00,176.0,57.9
2017-03-16 03:00:00,173.75,57.9
2017-03-16 04:00:00,177.5,57.9
2017-03-16 05:00:00,220.25,57.9
2017-03-16 06:00:00,265.0,59.0
2017-03-16 07:00:00,311.0,59.0
2017-03-16 08:00:00,311.25,59.0
2017-03-16 09:00:00,334.0,60.1
2017-03-16 10:00:00,349.5,61.0
2017-03-16 11:00:00,360.5,64.0
2017-03-16 12:00:00,381.75,64.0
2017-03-16 13:00:00,392.75,64.0
2017-03-16 14:00:00,387.75,64.9
2017-03-16 15:00:00,394.75,64.0
2017-03-16 16:00:00,364.5,64.0
2017-03-16 17:00:00,357.25,64.0
2017-03-16 18:00:00,346.75,62.1
2017-03-16 19:00:00,322.75,60.1
2017-03-16 20:00:00,270.25,59.0
2017-03-16 21:00:00,247.0,57.0
2017-03-16 22:00:00,194.25,57.0
2017-03-16 23:00:00,197.25,55.0
2017-03-17 00:00:00,172.0,54.0
2017-03-17 01:00:00,166.5,52.0
2017-03-17 02:00:00,169.0,51.1
2017-03-17 03:00:00,166.75,51.1
2017-03-17 04:00:00,177.0,50.0
2017-03-17 05:00:00,227.5,48.9
2017-03-17 06:00:00,270.75,48.9
2017-03-17 07:00:00,323.75,51.1
2017-03-17 08:00:00,331.5,57.0
2017-03-17 09:00:00,360.0,59.0
2017-03-17 10:00:00,373.5,60.1
2017-03-17 11:00:00,375.5,64.0
2017-03-17 12:00:00,394.75,64.9
2017-03-17 13:00:00,366.25,66.9
2017-03-17 14:00:00,371.5,70.0
2017-03-17 15:00:00,374.25,72.0
2017-03-17 16:00:00,358.5,73.9
2017-03-17 17:00:00,331.0,70.0
2017-03-17 18:00:00,319.75,66.0
2017-03-17 19:00:00,312.5,63.0
2017-03-17 20:00:00,287.0,62.1
2017-03-17 21:00:00,238.75,61.0
2017-03-17 22:00:00,185.5,60.1
2017-03-17 23:00:00,190.5,59.0
2017-03-18 00:00:00,188.0,57.9
2017-03-18 01:00:00,185.75,55.0
2017-03-18 02:00:00,178.0,59.0
2017-03-18 03:00:00,174.25,55.0
2017-03-18 04:00:00,170.75,54.0
2017-03-18 05:00:00,199.25,57.0
2017-03-18 06:00:00,250.25,57.0
2017-03-18 07:00:00,294.0,54.0
2017-03-18 08:00:00,270.25,57.9
2017-03-18 09:00:00,275.76,60.1
2017-03-18 10:00:00,303.68,61.0
2017-03-18 11:00:00,298.74,62.1
2017-03-18 12:00:00,295.5,62.1
2017-03-18 13:00:00,304.75,66.0
2017-03-18 14:00:00,309.75,66.9
2017-03-18 15:00:00,298.75,66.9
2017-03-18 16:00:00,304.0,66.0
2017-03-18 17:00:00,286.25,64.9
2017-03-18 18:00:00,259.5,62.1
2017-03-18 19:00:00,259.75,57.9
2017-03-18 20:00:00,232.0,57.0
2017-03-18 21:00:00,218.0,57.0
2017-03-18 22:00:00,180.5,55.9
2017-03-18 23:00:00,187.25,57.0
2017-03-19 00:00:00,178.25,57.0
2017-03-19 01:00:00,188.5,57.0
2017-03-19 02:00:00,175.75,57.0
2017-03-19 03:00:00,177.5,55.9
2017-03-19 04:00:00,173.25,55.9
2017-03-19 05:00:00,191.25,55.9
2017-03-19 06:00:00,240.75,57.0
2017-03-19 07:00:00,274.4,57.0
2017-03-19 08:00:00,262.75,57.9
2017-03-19 09:00:00,260.25,60.1
2017-03-19 10:00:00,265.75,61.0
2017-03-19 11:00:00,266.5,61.0
2017-03-19 12:00:00,270.0,63.0
2017-03-19 13:00:00,282.0,64.0
2017-03-19 14:00:00,291.25,62.1
2017-03-19 15:00:00,299.0,61.0
2017-03-19 16:00:00,288.25,61.0
2017-03-19 17:00:00,283.0,59.0
2017-03-19 18:00:00,255.75,57.9
2017-03-19 19:00:00,259.75,57.0
2017-03-19 20:00:00,244.5,57.0
2017-03-19 21:00:00,208.25,57.9
2017-03-19 22:00:00,174.75,57.0
2017-03-19 23:00:00,175.25,55.9
2017-03-20 00:00:00,167.0,57.0
2017-03-20 01:00:00,160.75,55.9
2017-03-20 02:00:00,175.0,55.9
2017-03-20 03:00:00,164.75,57.0
2017-03-20 04:00:00,176.0,57.0
2017-03-20 05:00:00,228.25,57.9
2017-03-20 06:00:00,273.75,55.9
2017-03-20 07:00:00,319.5,57.9
2017-03-20 08:00:00,311.5,59.0
2017-03-20 09:00:00,328.5,60.1
2017-03-20 10:00:00,331.5,61.0
2017-03-20 11:00:00,331.75,63.0
2017-03-20 12:00:00,344.75,61.0
2017-03-20 13:00:00,372.25,62.1
2017-03-20 14:00:00,395.75,64.0
2017-03-20 15:00:00,368.5,62.1
2017-03-20 16:00:00,372.75,61.0
2017-03-20 17:00:00,329.0,61.0
2017-03-20 18:00:00,335.75,61.0
2017-03-20 19:00:00,358.2,61.0
2017-03-20 20:00:00,299.25,60.1
2017-03-20 21:00:00,235.0,60.1
2017-03-20 22:00:00,195.0,60.1
2017-03-20 23:00:00,188.25,60.1
2017-03-21 00:00:00,190.5,60.1
2017-03-21 01:00:00,201.75,61.0
2017-03-21 02:00:00,193.5,61.0
2017-03-21 03:00:00,181.75,60.1
2017-03-21 04:00:00,193.0,60.1
2017-03-21 05:00:00,224.75,62.1
2017-03-21 06:00:00,252.25,60.1
2017-03-21 07:00:00,326.5,60.1
2017-03-21 08:00:00,339.75,61.0
2017-03-21 09:00:00,342.25,61.0
2017-03-21 10:00:00,313.0,62.1
2017-03-21 11:00:00,326.5,64.0
2017-03-21 12:00:00,359.25,64.9
2017-03-21 13:00:00,352.75,66.0
2017-03-21 14:00:00,340.25,66.0
2017-03-21 15:00:00,343.25,66.0
2017-03-21 16:00:00,357.25,64.9
2017-03-21 17:00:00,343.75,64.0
2017-03-21 18:00:00,323.25,62.1
2017-03-21 19:00:00,307.25,62.1
2017-03-21 20:00:00,264.5,61.0
2017-03-21 21:00:00,228.25,61.0
2017-03-21 22:00:00,212.0,61.0
2017-03-21 23:00:00,203.5,60.1
2017-03-22 00:00:00,186.0,60.1
2017-03-22 01:00:00,176.75,57.9
2017-03-22 02:00:00,178.5,55.0
2017-03-22 03:00:00,177.75,55.0
2017-03-22 04:00:00,184.0,55.0
2017-03-22 05:00:00,233.25,57.0
2017-03-22 06:00:00,273.0,55.9
2017-03-22 07:00:00,291.25,55.0
2017-03-22 08:00:00,300.5,57.0
2017-03-22 09:00:00,296.5,57.9
2017-03-22 10:00:00,324.75,59.0
2017-03-22 11:00:00,319.25,61.0
2017-03-22 12:00:00,341.25,62.1
2017-03-22 13:00:00,332.0,62.1
2017-03-22 14:00:00,367.0,63.0
2017-03-22 15:00:00,336.75,61.0
2017-03-22 16:00:00,350.0,60.1
2017-03-22 17:00:00,325.5,59.0
2017-03-22 18:00:00,313.75,57.0
2017-03-22 19:00:00,314.0,55.0
2017-03-22 20:00:00,286.5,54.0
2017-03-22 21:00:00,225.5,54.0
2017-03-22 22:00:00,208.75,53.1
2017-03-22 23:00:00,193.5,54.0
2017-03-23 00:00:00,175.75,52.0
2017-03-23 01:00:00,188.0,52.0
2017-03-23 02:00:00,173.25,52.0
2017-03-23 03:00:00,181.0,52.0
2017-03-23 04:00:00,178.75,51.1
2017-03-23 05:00:00,220.5,46.9
2017-03-23 06:00:00,251.25,46.0
2017-03-23 07:00:00,284.5,46.9
2017-03-23 08:00:00,274.75,54.0
2017-03-23 09:00:00,305.25,55.9
2017-03-23 10:00:00,306.75,57.9
2017-03-23 11:00:00,334.25,59.0
2017-03-23 12:00:00,353.5,59.0
2017-03-23 13:00:00,334.5,60.1
2017-03-23 14:00:00,356.0,61.0
2017-03-23 15:00:00,356.25,61.0
2017-03-23 16:00:00,355.25,60.1
2017-03-23 17:00:00,345.75,57.9
2017-03-23 18:00:00,318.25,57.0
2017-03-23 19:00:00,283.25,55.9
2017-03-23 20:00:00,255.75,55.9
2017-03-23 21:00:00,207.25,55.9
2017-03-23 22:00:00,208.25,55.9
2017-03-23 23:00:00,201.75,55.9
2017-03-24 00:00:00,184.25,55.9
2017-03-24 01:00:00,187.5,55.9
2017-03-24 02:00:00,175.75,57.0
2017-03-24 03:00:00,181.75,55.0
2017-03-24 04:00:00,173.0,55.9
2017-03-24 05:00:00,228.5,53.1
2017-03-24 06:00:00,290.0,54.0
2017-03-24 07:00:00,341.8,55.0
2017-03-24 08:00:00,327.0,55.9
2017-03-24 09:00:00,325.5,57.0
2017-03-24 10:00:00,315.5,55.9
2017-03-24 11:00:00,319.75,55.9
2017-03-24 12:00:00,294.75,55.9
2017-03-24 13:00:00,297.0,55.0
2017-03-24 14:00:00,294.0,55.0
2017-03-24 15:00:00,298.25,55.9
2017-03-24 16:00:00,288.75,55.9
2017-03-24 17:00:00,273.75,57.0
2017-03-24 18:00:00,260.25,57.0
2017-03-24 19:00:00,301.2,57.0
2017-03-24 20:00:00,259.75,55.9
2017-03-24 21:00:00,215.0,55.0
2017-03-24 22:00:00,191.0,55.0
2017-03-24 23:00:00,184.0,55.9
2017-03-25 00:00:00,161.75,55.9
2017-03-25 01:00:00,177.0,55.9
2017-03-25 02:00:00,188.0,55.9
2017-03-25 03:00:00,171.75,55.0
2017-03-25 04:00:00,181.75,55.0
2017-03-25 05:00:00,182.5,54.0
2017-03-25 06:00:00,224.75,52.0
2017-03-25 07:00:00,253.25,53.1
2017-03-25 08:00:00,258.25,55.9
2017-03-25 09:00:00,259.75,57.9
2017-03-25 10:00:00,274.25,59.0
2017-03-25 11:00:00,247.0,61.0
2017-03-25 12:00:00,266.25,61.0
2017-03-25 13:00:00,262.5,63.0
2017-03-25 14:00:00,269.25,63.0
2017-03-25 15:00:00,270.0,63.0
2017-03-25 16:00:00,289.75,62.1
2017-03-25 17:00:00,261.5,61.0
2017-03-25 18:00:00,253.5,59.0
2017-03-25 19:00:00,234.4,57.9
2017-03-25 20:00:00,216.25,55.9
2017-03-25 21:00:00,196.0,55.0
2017-03-25 22:00:00,200.75,55.0
2017-03-25 23:00:00,170.75,54.0
2017-03-26 00:00:00,183.25,55.0
2017-03-26 01:00:00,174.25,55.0
2017-03-26 02:00:00,164.75,55.0
2017-03-26 03:00:00,169.0,54.0
2017-03-26 04:00:00,162.0,55.0
2017-03-26 05:00:00,174.0,55.0
2017-03-26 06:00:00,221.5,55.0
2017-03-26 07:00:00,261.25,55.0
2017-03-26 08:00:00,263.44,55.9
2017-03-26 09:00:00,257.94,57.0
2017-03-26 10:00:00,276.0,57.9
2017-03-26 11:00:00,262.25,61.0
2017-03-26 12:00:00,265.75,60.1
2017-03-26 13:00:00,254.0,63.0
2017-03-26 14:00:00,266.75,64.0
2017-03-26 15:00:00,261.25,62.1
2017-03-26 16:00:00,267.0,61.0
2017-03-26 17:00:00,256.25,62.1
2017-03-26 18:00:00,236.75,60.1
2017-03-26 19:00:00,233.25,57.9
2017-03-26 20:00:00,215.75,57.9
2017-03-26 21:00:00,185.25,57.0
2017-03-26 22:00:00,171.5,57.0
2017-03-26 23:00:00,162.25,55.9
2017-03-27 00:00:00,168.25,55.0
2017-03-27 01:00:00,163.0,55.0
2017-03-27 02:00:00,168.5,54.0
2017-03-27 03:00:00,165.25,54.0
2017-03-27 04:00:00,186.5,54.0
2017-03-27 05:00:00,198.25,54.0
2017-03-27 06:00:00,231.5,53.1
2017-03-27 07:00:00,244.0,54.0
2017-03-27 08:00:00,245.0,55.9
2017-03-27 09:00:00,264.75,57.9
2017-03-27 10:00:00,283.0,61.0
2017-03-27 11:00:00,282.5,62.1
2017-03-27 12:00:00,281.25,63.0
2017-03-27 13:00:00,297.25,64.0
2017-03-27 14:00:00,297.0,64.9
2017-03-27 15:00:00,293.5,64.9
2017-03-27 16:00:00,287.5,63.0
2017-03-27 17:00:00,273.0,63.0
2017-03-27 18:00:00,258.0,61.0
2017-03-27 19:00:00,252.75,57.9
2017-03-27 20:00:00,232.5,57.0
2017-03-27 21:00:00,189.5,55.9
2017-03-27 22:00:00,175.25,55.9
2017-03-27 23:00:00,171.5,55.9
2017-03-28 00:00:00,180.0,55.0
2017-03-28 01:00:00,167.25,54.0
2017-03-28 02:00:00,169.0,52.0
2017-03-28 03:00:00,158.75,53.1
2017-03-28 04:00:00,168.0,53.1
2017-03-28 05:00:00,203.75,48.9
2017-03-28 06:00:00,230.25,50.0
2017-03-28 07:00:00,262.5,54.0
2017-03-28 08:00:00,263.75,57.9
2017-03-28 09:00:00,276.25,60.1
2017-03-28 10:00:00,283.5,63.0
2017-03-28 11:00:00,297.5,64.9
2017-03-28 12:00:00,319.75,70.0
2017-03-28 13:00:00,347.75,72.0
2017-03-28 14:00:00,331.25,73.0
2017-03-28 15:00:00,330.25,69.1
2017-03-28 16:00:00,324.0,69.1
2017-03-28 17:00:00,303.5,68.0
2017-03-28 18:00:00,262.8,64.9
2017-03-28 19:00:00,259.0,62.1
2017-03-28 20:00:00,254.0,63.0
2017-03-28 21:00:00,202.75,61.0
2017-03-28 22:00:00,204.75,62.1
2017-03-28 23:00:00,188.25,59.0
2017-03-29 00:00:00,170.75,57.0
2017-03-29 01:00:00,174.75,55.0
2017-03-29 02:00:00,168.75,54.0
2017-03-29 03:00:00,176.5,54.0
2017-03-29 04:00:00,185.25,52.0
2017-03-29 05:00:00,217.5,51.1
2017-03-29 06:00:00,230.75,51.1
2017-03-29 07:00:00,250.0,54.0
2017-03-29 08:00:00,262.0,59.0
2017-03-29 09:00:00,269.0,61.0
2017-03-29 10:00:00,310.25,62.1
2017-03-29 11:00:00,301.0,64.9
2017-03-29 12:00:00,313.75,66.9
2017-03-29 13:00:00,311.75,66.9
2017-03-29 14:00:00,334.75,66.9
2017-03-29 15:00:00,328.25,64.9
2017-03-29 16:00:00,334.5,64.9
2017-03-29 17:00:00,291.5,63.0
2017-03-29 18:00:00,263.6,62.1
2017-03-29 19:00:00,268.0,60.1
2017-03-29 20:00:00,242.75,57.9
2017-03-29 21:00:00,202.0,57.9
2017-03-29 22:00:00,189.5,57.0
2017-03-29 23:00:00,180.25,57.0
2017-03-30 00:00:00,169.25,57.9
2017-03-30 01:00:00,177.75,57.9
2017-03-30 02:00:00,175.5,59.0
2017-03-30 03:00:00,164.5,57.9
2017-03-30 04:00:00,180.75,57.9
2017-03-30 05:00:00,200.0,55.9
2017-03-30 06:00:00,226.25,55.0
2017-03-30 07:00:00,248.75,55.0
2017-03-30 08:00:00,244.75,57.0
2017-03-30 09:00:00,276.0,59.0
2017-03-30 10:00:00,274.75,62.1
2017-03-30 11:00:00,292.25,64.0
2017-03-30 12:00:00,305.5,64.9
2017-03-30 13:00:00,296.25,64.9
2017-03-30 14:00:00,298.0,66.0
2017-03-30 15:00:00,300.5,64.9
2017-03-30 16:00:00,291.5,64.0
2017-03-30 17:00:00,268.0,63.0
2017-03-30 18:00:00,263.5,61.0
2017-03-30 19:00:00,245.5,57.9
2017-03-30 20:00:00,236.5,57.0
2017-03-30 21:00:00,208.5,55.9
2017-03-30 22:00:00,185.25,57.0
2017-03-30 23:00:00,186.5,55.9
2017-03-31 00:00:00,200.75,55.0
2017-03-31 01:00:00,174.0,54.0
2017-03-31 02:00:00,172.0,55.0
2017-03-31 03:00:00,168.25,54.0
2017-03-31 04:00:00,172.75,54.0
2017-03-31 05:00:00,196.0,54.0
2017-03-31 06:00:00,243.0,54.0
2017-03-31 07:00:00,263.25,55.9
2017-03-31 08:00:00,274.5,59.0
2017-03-31 09:00:00,240.5,62.1
2017-03-31 10:00:00,285.5,64.0
2017-03-31 11:00:00,298.0,68.0
2017-03-31 12:00:00,286.0,70.0
2017-03-31 13:00:00,289.25,73.0
2017-03-31 14:00:00,274.25,75.0
2017-03-31 15:00:00,282.75,75.0
2017-03-31 16:00:00,273.75,75.0
2017-03-31 17:00:00,268.5,75.0
2017-03-31 18:00:00,260.5,66.9
2017-03-31 19:00:00,257.25,63.0
2017-03-31 20:00:00,224.5,61.0
2017-03-31 21:00:00,182.5,61.0
2017-03-31 22:00:00,191.0,60.1
2017-03-31 23:00:00,159.5,59.0
2017-04-01 00:00:00,174.0,57.9
2017-04-01 01:00:00,165.0,60.1
2017-04-01 02:00:00,176.0,54.0
2017-04-01 03:00:00,162.25,57.0
2017-04-01 04:00:00,167.5,53.1
2017-04-01 05:00:00,182.5,52.0
2017-04-01 06:00:00,235.5,50.0
2017-04-01 07:00:00,241.5,54.0
2017-04-01 08:00:00,270.75,62.1
2017-04-01 09:00:00,257.25,64.0
2017-04-01 10:00:00,266.25,64.9
2017-04-01 11:00:00,282.25,68.0
2017-04-01 12:00:00,281.0,71.1
2017-04-01 13:00:00,277.5,72.0
2017-04-01 14:00:00,269.0,73.9
2017-04-01 15:00:00,264.5,73.9
2017-04-01 16:00:00,271.25,75.9
2017-04-01 17:00:00,258.0,68.0
2017-04-01 18:00:00,262.8,68.0
2017-04-01 19:00:00,247.75,61.0
2017-04-01 20:00:00,234.75,57.9
2017-04-01 21:00:00,191.25,57.0
2017-04-01 22:00:00,173.5,57.0
2017-04-01 23:00:00,177.5,55.9
2017-04-02 00:00:00,170.25,55.0
2017-04-02 01:00:00,169.25,54.0
2017-04-02 02:00:00,165.5,55.0
2017-04-02 03:00:00,163.75,53.1
2017-04-02 04:00:00,165.75,54.0
2017-04-02 05:00:00,167.75,55.0
2017-04-02 06:00:00,228.25,55.0
2017-04-02 07:00:00,245.75,55.9
2017-04-02 08:00:00,244.75,57.0
2017-04-02 09:00:00,269.0,57.9
2017-04-02 10:00:00,277.25,59.0
2017-04-02 11:00:00,288.25,61.0
2017-04-02 12:00:00,279.5,64.0
2017-04-02 13:00:00,292.75,66.9
2017-04-02 14:00:00,295.5,70.0
2017-04-02 15:00:00,274.5,73.9
2017-04-02 16:00:00,283.75,73.0
2017-04-02 17:00:00,279.25,73.9
2017-04-02 18:00:00,251.5,69.1
2017-04-02 19:00:00,254.5,62.1
2017-04-02 20:00:00,231.5,60.1
2017-04-02 21:00:00,196.75,60.1
2017-04-02 22:00:00,177.0,60.1
2017-04-02 23:00:00,185.5,57.9
2017-04-03 00:00:00,202.0,57.0
2017-04-03 01:00:00,185.5,55.9
2017-04-03 02:00:00,174.75,55.9
2017-04-03 03:00:00,161.25,51.1
2017-04-03 04:00:00,171.0,50.0
2017-04-03 05:00:00,229.0,50.0
2017-04-03 06:00:00,262.0,48.0
2017-04-03 07:00:00,300.5,53.1
2017-04-03 08:00:00,283.75,57.9
2017-04-03 09:00:00,341.75,61.0
2017-04-03 10:00:00,344.25,62.1
2017-04-03 11:00:00,384.75,64.0
2017-04-03 12:00:00,388.75,64.9
2017-04-03 13:00:00,411.5,66.9
2017-04-03 14:00:00,412.5,69.1
2017-04-03 15:00:00,411.25,68.0
2017-04-03 16:00:00,398.25,66.9
2017-04-03 17:00:00,399.25,64.0
2017-04-03 18:00:00,300.25,60.1
2017-04-03 19:00:00,288.5,59.0
2017-04-03 20:00:00,281.0,57.0
2017-04-03 21:00:00,235.5,55.9
2017-04-03 22:00:00,205.5,55.9
2017-04-03 23:00:00,204.0,55.0
2017-04-04 00:00:00,186.25,54.0
2017-04-04 01:00:00,182.5,54.0
2017-04-04 02:00:00,176.25,54.0
2017-04-04 03:00:00,178.5,51.1
2017-04-04 04:00:00,190.0,54.0
2017-04-04 05:00:00,222.25,54.0
2017-04-04 06:00:00,252.25,54.0
2017-04-04 07:00:00,307.5,55.0
2017-04-04 08:00:00,289.5,55.9
2017-04-04 09:00:00,299.25,57.0
2017-04-04 10:00:00,321.25,59.0
2017-04-04 11:00:00,337.5,61.0
2017-04-04 12:00:00,351.75,63.0
2017-04-04 13:00:00,363.25,66.0
2017-04-04 14:00:00,385.0,70.0
2017-04-04 15:00:00,357.25,66.9
2017-04-04 16:00:00,349.25,64.0
2017-04-04 17:00:00,362.75,62.1
2017-04-04 18:00:00,320.75,62.1
2017-04-04 19:00:00,304.75,60.1
2017-04-04 20:00:00,263.25,59.0
2017-04-04 21:00:00,218.75,57.9
2017-04-04 22:00:00,204.0,57.0
2017-04-04 23:00:00,195.5,57.0
2017-04-05 00:00:00,184.25,55.9
2017-04-05 01:00:00,175.5,55.9
2017-04-05 02:00:00,168.5,55.0
2017-04-05 03:00:00,170.75,54.0
2017-04-05 04:00:00,182.25,53.1
2017-04-05 05:00:00,225.5,55.0
2017-04-05 06:00:00,268.5,54.0
2017-04-05 07:00:00,322.0,55.9
2017-04-05 08:00:00,310.75,60.1
2017-04-05 09:00:00,333.25,62.1
2017-04-05 10:00:00,364.75,66.0
2017-04-05 11:00:00,376.75,66.0
2017-04-05 12:00:00,384.25,66.9
2017-04-05 13:00:00,387.25,72.0
2017-04-05 14:00:00,390.75,72.0
2017-04-05 15:00:00,393.5,72.0
2017-04-05 16:00:00,363.5,68.0
2017-04-05 17:00:00,357.5,64.9
2017-04-05 18:00:00,374.0,64.0
2017-04-05 19:00:00,382.25,61.0
2017-04-05 20:00:00,305.0,61.0
2017-04-05 21:00:00,229.0,57.9
2017-04-05 22:00:00,225.5,59.0
2017-04-05 23:00:00,211.5,60.1
2017-04-06 00:00:00,195.5,60.1
2017-04-06 01:00:00,184.0,59.0
2017-04-06 02:00:00,174.25,57.9
2017-04-06 03:00:00,173.25,59.0
2017-04-06 04:00:00,192.5,55.9
2017-04-06 05:00:00,224.75,59.0
2017-04-06 06:00:00,268.0,61.0
2017-04-06 07:00:00,303.5,59.0
2017-04-06 08:00:00,319.5,60.1
2017-04-06 09:00:00,324.0,60.1
2017-04-06 10:00:00,342.0,62.1
2017-04-06 11:00:00,327.25,64.0
2017-04-06 12:00:00,348.0,64.9
2017-04-06 13:00:00,356.5,62.1
2017-04-06 14:00:00,340.5,64.9
2017-04-06 15:00:00,363.75,66.0
2017-04-06 16:00:00,349.75,66.0
2017-04-06 17:00:00,338.25,61.0
2017-04-06 18:00:00,319.0,55.9
2017-04-06 19:00:00,321.0,55.0
2017-04-06 20:00:00,271.0,54.0
2017-04-06 21:00:00,222.5,55.0
2017-04-06 22:00:00,197.75,53.1
2017-04-06 23:00:00,206.5,54.0
2017-04-07 00:00:00,179.25,54.0
2017-04-07 01:00:00,184.29,55.9
2017-04-07 02:00:00,169.0,55.9
2017-04-07 03:00:00,174.25,57.0
2017-04-07 04:00:00,177.5,59.0
2017-04-07 05:00:00,237.0,59.0
2017-04-07 06:00:00,296.25,59.0
2017-04-07 07:00:00,315.75,57.9
2017-04-07 08:00:00,340.5,59.0
2017-04-07 09:00:00,351.25,61.0
2017-04-07 10:00:00,348.0,61.0
2017-04-07 11:00:00,351.0,62.1
2017-04-07 12:00:00,323.25,57.9
2017-04-07 13:00:00,306.5,61.0
2017-04-07 14:00:00,305.75,64.0
2017-04-07 15:00:00,314.75,64.0
2017-04-07 16:00:00,302.5,64.0
2017-04-07 17:00:00,293.5,62.1
2017-04-07 18:00:00,309.25,61.0
2017-04-07 19:00:00,294.25,60.1
2017-04-07 20:00:00,285.5,60.1
2017-04-07 21:00:00,241.25,60.1
2017-04-07 22:00:00,227.5,52.0
2017-04-07 23:00:00,209.0,50.0
2017-04-08 00:00:00,190.75,50.0
2017-04-08 01:00:00,171.75,53.1
2017-04-08 02:00:00,168.75,52.0
2017-04-08 03:00:00,175.0,52.0
2017-04-08 04:00:00,174.75,52.0
2017-04-08 05:00:00,196.75,52.0
2017-04-08 06:00:00,268.75,52.0
2017-04-08 07:00:00,265.0,53.1
2017-04-08 08:00:00,279.75,50.0
2017-04-08 09:00:00,311.75,50.0
2017-04-08 10:00:00,289.25,54.0
2017-04-08 11:00:00,282.25,55.9
2017-04-08 12:00:00,268.75,57.0
2017-04-08 13:00:00,303.5,57.0
2017-04-08 14:00:00,303.75,57.0
2017-04-08 15:00:00,300.75,57.9
2017-04-08 16:00:00,289.75,57.0
2017-04-08 17:00:00,271.8,57.0
2017-04-08 18:00:00,263.75,55.0
2017-04-08 19:00:00,259.5,53.1
2017-04-08 20:00:00,228.25,53.1
2017-04-08 21:00:00,192.25,52.0
2017-04-08 22:00:00,164.25,50.0
2017-04-08 23:00:00,165.75,48.9
2017-04-09 00:00:00,165.59,46.0
2017-04-09 01:00:00,158.66,46.0
2017-04-09 02:00:00,170.5,44.1
2017-04-09 03:00:00,169.25,44.1
2017-04-09 04:00:00,159.75,43.0
2017-04-09 05:00:00,184.75,43.0
2017-04-09 06:00:00,218.5,44.1
2017-04-09 07:00:00,243.25,46.9
2017-04-09 08:00:00,238.75,52.0
2017-04-09 09:00:00,251.0,54.0
2017-04-09 10:00:00,242.5,54.0
2017-04-09 11:00:00,250.75,55.9
2017-04-09 12:00:00,257.5,57.9
2017-04-09 13:00:00,266.5,60.1
2017-04-09 14:00:00,279.0,62.1
2017-04-09 15:00:00,273.25,62.1
2017-04-09 16:00:00,269.25,61.0
2017-04-09 17:00:00,268.5,60.1
2017-04-09 18:00:00,247.25,57.0
2017-04-09 19:00:00,255.25,55.0
2017-04-09 20:00:00,229.0,53.1
2017-04-09 21:00:00,201.5,52.0
2017-04-09 22:00:00,194.75,52.0
2017-04-09 23:00:00,172.0,51.1
2017-04-10 00:00:00,173.75,48.0
2017-04-10 01:00:00,169.75,48.9
2017-04-10 02:00:00,162.75,46.9
2017-04-10 03:00:00,171.25,48.0
2017-04-10 04:00:00,172.5,48.0
2017-04-10 05:00:00,231.0,48.0
2017-04-10 06:00:00,241.75,48.0
2017-04-10 07:00:00,291.0,52.0
2017-04-10 08:00:00,294.5,53.1
2017-04-10 09:00:00,310.0,55.0
2017-04-10 10:00:00,313.5,57.9
2017-04-10 11:00:00,345.75,60.1
2017-04-10 12:00:00,337.5,63.0
2017-04-10 13:00:00,348.75,64.0
2017-04-10 14:00:00,369.25,66.0
2017-04-10 15:00:00,348.5,64.9
2017-04-10 16:00:00,344.5,64.9
2017-04-10 17:00:00,326.75,63.0
2017-04-10 18:00:00,351.5,59.0
2017-04-10 19:00:00,332.5,57.9
2017-04-10 20:00:00,292.0,57.9
2017-04-10 21:00:00,241.0,57.9
2017-04-10 22:00:00,234.0,57.0
2017-04-10 23:00:00,211.25,57.0
2017-04-11 00:00:00,188.25,57.0
2017-04-11 01:00:00,194.25,57.0
2017-04-11 02:00:00,177.0,55.9
2017-04-11 03:00:00,163.5,55.9
2017-04-11 04:00:00,175.75,55.9
2017-04-11 05:00:00,221.75,55.9
2017-04-11 06:00:00,263.5,57.0
2017-04-11 07:00:00,291.0,57.0
2017-04-11 08:00:00,319.25,59.0
2017-04-11 09:00:00,305.25,60.1
2017-04-11 10:00:00,343.0,62.1
2017-04-11 11:00:00,358.75,63.0
2017-04-11 12:00:00,359.75,64.9
2017-04-11 13:00:00,357.75,64.9
2017-04-11 14:00:00,361.5,66.0
2017-04-11 15:00:00,353.25,66.0
2017-04-11 16:00:00,347.0,64.9
2017-04-11 17:00:00,339.25,64.0
2017-04-11 18:00:00,330.0,63.0
2017-04-11 19:00:00,297.75,62.1
2017-04-11 20:00:00,259.5,63.0
2017-04-11 21:00:00,232.25,61.0
2017-04-11 22:00:00,207.0,60.1
2017-04-11 23:00:00,207.25,60.1
2017-04-12 00:00:00,182.75,60.1
2017-04-12 01:00:00,189.75,57.9
2017-04-12 02:00:00,181.25,57.9
2017-04-12 03:00:00,177.75,57.9
2017-04-12 04:00:00,185.5,57.9
2017-04-12 05:00:00,252.82,57.9
2017-04-12 06:00:00,263.07,57.0
2017-04-12 07:00:00,294.25,55.9
2017-04-12 08:00:00,305.5,55.9
2017-04-12 09:00:00,299.0,55.9
2017-04-12 10:00:00,329.75,59.0
2017-04-12 11:00:00,343.25,60.1
2017-04-12 12:00:00,342.75,64.0
2017-04-12 13:00:00,363.25,64.9
2017-04-12 14:00:00,333.75,64.9
2017-04-12 15:00:00,367.5,66.0
2017-04-12 16:00:00,361.5,64.0
2017-04-12 17:00:00,333.0,64.9
2017-04-12 18:00:00,352.75,62.1
2017-04-12 19:00:00,347.25,62.1
2017-04-12 20:00:00,289.5,62.1
2017-04-12 21:00:00,235.25,61.0
2017-04-12 22:00:00,209.03,59.0
2017-04-12 23:00:00,203.12,59.0
2017-04-13 00:00:00,188.82,57.9
2017-04-13 01:00:00,178.75,55.9
2017-04-13 02:00:00,173.75,55.9
2017-04-13 03:00:00,167.5,55.0
2017-04-13 04:00:00,182.25,55.9
2017-04-13 05:00:00,226.75,55.9
2017-04-13 06:00:00,246.0,55.9
2017-04-13 07:00:00,285.5,55.9
2017-04-13 08:00:00,285.25,57.0
2017-04-13 09:00:00,295.0,60.1
2017-04-13 10:00:00,321.5,59.0
2017-04-13 11:00:00,314.5,59.0
2017-04-13 12:00:00,324.0,61.0
2017-04-13 13:00:00,335.75,60.1
2017-04-13 14:00:00,340.0,61.0
2017-04-13 15:00:00,342.25,59.0
2017-04-13 16:00:00,339.0,59.0
2017-04-13 17:00:00,330.0,59.0
2017-04-13 18:00:00,289.5,57.9
2017-04-13 19:00:00,276.0,55.9
2017-04-13 20:00:00,252.25,55.0
2017-04-13 21:00:00,217.0,54.0
2017-04-13 22:00:00,201.0,52.0
2017-04-13 23:00:00,187.25,52.0
2017-04-14 00:00:00,179.75,52.0
2017-04-14 01:00:00,174.5,52.0
2017-04-14 02:00:00,158.5,50.0
2017-04-14 03:00:00,170.75,48.9
2017-04-14 04:00:00,170.75,48.0
2017-04-14 05:00:00,217.75,46.0
2017-04-14 06:00:00,279.5,46.9
2017-04-14 07:00:00,316.5,50.0
2017-04-14 08:00:00,307.25,53.1
2017-04-14 09:00:00,305.5,55.9
2017-04-14 10:00:00,339.75,57.9
2017-04-14 11:00:00,332.0,59.0
2017-04-14 12:00:00,322.0,61.0
2017-04-14 13:00:00,326.0,64.0
2017-04-14 14:00:00,311.0,63.0
2017-04-14 15:00:00,310.75,64.0
2017-04-14 16:00:00,291.5,64.0
2017-04-14 17:00:00,289.75,62.1
2017-04-14 18:00:00,289.75,60.1
2017-04-14 19:00:00,264.5,57.0
2017-04-14 20:00:00,238.25,55.9
2017-04-14 21:00:00,209.0,55.0
2017-04-14 22:00:00,192.25,55.0
2017-04-14 23:00:00,196.5,53.1
2017-04-15 00:00:00,176.25,51.1
2017-04-15 01:00:00,178.5,48.9
2017-04-15 02:00:00,170.25,48.9
2017-04-15 03:00:00,170.75,48.0
2017-04-15 04:00:00,173.25,46.9
2017-04-15 05:00:00,179.5,46.0
2017-04-15 06:00:00,237.25,46.0
2017-04-15 07:00:00,251.5,50.0
2017-04-15 08:00:00,235.0,55.0
2017-04-15 09:00:00,270.5,55.9
2017-04-15 10:00:00,271.75,57.0
2017-04-15 11:00:00,256.0,59.0
2017-04-15 12:00:00,264.0,62.1
2017-04-15 13:00:00,276.75,64.0
2017-04-15 14:00:00,282.0,66.9
2017-04-15 15:00:00,279.25,66.0
2017-04-15 16:00:00,273.0,64.9
2017-04-15 17:00:00,261.5,64.9
2017-04-15 18:00:00,245.6,64.0
2017-04-15 19:00:00,262.75,61.0
2017-04-15 20:00:00,235.5,59.0
2017-04-15 21:00:00,189.0,60.1
2017-04-15 22:00:00,188.75,57.9
2017-04-15 23:00:00,188.75,57.0
2017-04-16 00:00:00,175.5,57.0
2017-04-16 01:00:00,167.0,54.0
2017-04-16 02:00:00,166.0,54.0
2017-04-16 03:00:00,167.25,52.0
2017-04-16 04:00:00,168.75,54.0
2017-04-16 05:00:00,183.0,52.0
2017-04-16 06:00:00,232.0,54.0
2017-04-16 07:00:00,250.5,57.0
2017-04-16 08:00:00,249.5,57.9
2017-04-16 09:00:00,246.5,59.0
2017-04-16 10:00:00,247.5,57.9
2017-04-16 11:00:00,261.0,61.0
2017-04-16 12:00:00,250.0,57.9
2017-04-16 13:00:00,270.5,55.9
2017-04-16 14:00:00,236.75,55.9
2017-04-16 15:00:00,254.75,54.0
2017-04-16 16:00:00,256.25,55.9
2017-04-16 17:00:00,248.0,57.0
2017-04-16 18:00:00,226.5,57.9
2017-04-16 19:00:00,238.5,59.0
2017-04-16 20:00:00,224.0,59.0
2017-04-16 21:00:00,206.25,59.0
2017-04-16 22:00:00,192.25,60.1
2017-04-16 23:00:00,176.25,59.0
2017-04-17 00:00:00,172.5,59.0
2017-04-17 01:00:00,170.75,59.0
2017-04-17 02:00:00,157.75,57.9
2017-04-17 03:00:00,171.0,57.9
2017-04-17 04:00:00,187.25,57.9
2017-04-17 05:00:00,227.25,57.9
2017-04-17 06:00:00,255.5,57.9
2017-04-17 07:00:00,297.5,57.9
2017-04-17 08:00:00,298.25,59.0
2017-04-17 09:00:00,307.25,60.1
2017-04-17 10:00:00,304.25,64.9
2017-04-17 11:00:00,324.5,64.9
2017-04-17 12:00:00,348.75,64.9
2017-04-17 13:00:00,352.75,64.0
2017-04-17 14:00:00,348.5,64.0
2017-04-17 15:00:00,350.25,63.0
2017-04-17 16:00:00,315.75,61.0
2017-04-17 17:00:00,308.25,59.0
2017-04-17 18:00:00,314.5,57.9
2017-04-17 19:00:00,316.5,57.9
2017-04-17 20:00:00,299.0,57.0
2017-04-17 21:00:00,231.75,57.0
2017-04-17 22:00:00,203.75,57.0
2017-04-17 23:00:00,191.75,55.9
2017-04-18 00:00:00,175.75,55.9
2017-04-18 01:00:00,169.25,55.9
2017-04-18 02:00:00,172.5,55.9
2017-04-18 03:00:00,176.5,55.9
2017-04-18 04:00:00,181.0,55.9
2017-04-18 05:00:00,213.75,55.9
2017-04-18 06:00:00,270.25,57.0
2017-04-18 07:00:00,293.25,57.0
2017-04-18 08:00:00,305.75,57.9
2017-04-18 09:00:00,291.5,59.0
2017-04-18 10:00:00,317.5,61.0
2017-04-18 11:00:00,379.0,62.1
2017-04-18 12:00:00,370.5,64.0
2017-04-18 13:00:00,389.25,64.0
2017-04-18 14:00:00,383.75,64.9
2017-04-18 15:00:00,415.25,68.0
2017-04-18 16:00:00,358.25,64.9
2017-04-18 17:00:00,349.75,63.0
2017-04-18 18:00:00,344.75,62.1
2017-04-18 19:00:00,351.5,61.0
2017-04-18 20:00:00,291.0,60.1
2017-04-18 21:00:00,268.0,59.0
2017-04-18 22:00:00,216.0,57.9
2017-04-18 23:00:00,187.5,57.0
2017-04-19 00:00:00,180.25,57.0
2017-04-19 01:00:00,175.25,57.0
2017-04-19 02:00:00,180.0,55.9
2017-04-19 03:00:00,167.5,55.9
2017-04-19 04:00:00,181.5,55.9
2017-04-19 05:00:00,224.75,55.0
2017-04-19 06:00:00,258.0,55.0
2017-04-19 07:00:00,291.5,57.0
2017-04-19 08:00:00,279.25,57.9
2017-04-19 09:00:00,300.75,59.0
2017-04-19 10:00:00,326.25,61.0
2017-04-19 11:00:00,347.25,64.0
2017-04-19 12:00:00,351.75,64.9
2017-04-19 13:00:00,352.25,66.9
2017-04-19 14:00:00,365.75,68.0
2017-04-19 15:00:00,347.0,68.0
2017-04-19 16:00:00,350.5,66.9
2017-04-19 17:00:00,305.5,66.9
2017-04-19 18:00:00,310.5,64.9
2017-04-19 19:00:00,318.0,63.0
2017-04-19 20:00:00,297.25,62.1
2017-04-19 21:00:00,244.75,61.0
2017-04-19 22:00:00,215.25,61.0
2017-04-19 23:00:00,208.75,60.1
2017-04-20 00:00:00,199.25,59.0
2017-04-20 01:00:00,167.5,59.0
2017-04-20 02:00:00,171.75,59.0
2017-04-20 03:00:00,174.75,57.9
2017-04-20 04:00:00,182.5,57.9
2017-04-20 05:00:00,224.5,55.9
2017-04-20 06:00:00,251.0,54.0
2017-04-20 07:00:00,278.5,57.9
2017-04-20 08:00:00,291.5,61.0
2017-04-20 09:00:00,298.75,61.0
2017-04-20 10:00:00,342.25,63.0
2017-04-20 11:00:00,342.75,66.0
2017-04-20 12:00:00,362.0,66.9
2017-04-20 13:00:00,366.25,68.0
2017-04-20 14:00:00,351.25,68.0
2017-04-20 15:00:00,385.75,66.9
2017-04-20 16:00:00,381.5,66.9
2017-04-20 17:00:00,392.25,66.0
2017-04-20 18:00:00,314.6,64.0
2017-04-20 19:00:00,297.0,62.1
2017-04-20 20:00:00,265.5,61.0
2017-04-20 21:00:00,242.5,59.0
2017-04-20 22:00:00,205.25,59.0
2017-04-20 23:00:00,214.75,57.9
2017-04-21 00:00:00,184.5,59.0
2017-04-21 01:00:00,181.0,55.9
2017-04-21 02:00:00,169.5,55.9
2017-04-21 03:00:00,183.25,54.0
2017-04-21 04:00:00,180.25,52.0
2017-04-21 05:00:00,218.75,51.1
2017-04-21 06:00:00,283.25,54.0
2017-04-21 07:00:00,326.75,57.0
2017-04-21 08:00:00,334.75,61.0
2017-04-21 09:00:00,352.5,61.0
2017-04-21 10:00:00,340.75,64.0
2017-04-21 11:00:00,349.25,66.0
2017-04-21 12:00:00,344.75,68.0
2017-04-21 13:00:00,323.25,71.1
2017-04-21 14:00:00,336.0,73.0
2017-04-21 15:00:00,326.25,73.9
2017-04-21 16:00:00,318.5,73.9
2017-04-21 17:00:00,306.25,71.1
2017-04-21 18:00:00,304.75,66.9
2017-04-21 19:00:00,289.5,64.9
2017-04-21 20:00:00,247.0,62.1
2017-04-21 21:00:00,237.75,57.9
2017-04-21 22:00:00,216.5,57.0
2017-04-21 23:00:00,210.0,59.0
2017-04-22 00:00:00,197.0,57.9
2017-04-22 01:00:00,202.25,57.9
2017-04-22 02:00:00,180.75,54.0
2017-04-22 03:00:00,181.5,52.0
2017-04-22 04:00:00,173.75,53.1
2017-04-22 05:00:00,186.25,51.1
2017-04-22 06:00:00,246.75,51.1
2017-04-22 07:00:00,313.5,57.9
2017-04-22 08:00:00,303.0,61.0
2017-04-22 09:00:00,318.5,62.1
2017-04-22 10:00:00,319.0,64.0
2017-04-22 11:00:00,311.5,64.0
2017-04-22 12:00:00,291.75,66.0
2017-04-22 13:00:00,292.75,66.0
2017-04-22 14:00:00,319.25,64.9
2017-04-22 15:00:00,310.4,64.9
2017-04-22 16:00:00,289.0,64.0
2017-04-22 17:00:00,284.0,62.1
2017-04-22 18:00:00,265.8,63.0
2017-04-22 19:00:00,246.25,61.0
2017-04-22 20:00:00,235.75,60.1
2017-04-22 21:00:00,199.25,57.9
2017-04-22 22:00:00,179.0,57.0
2017-04-22 23:00:00,175.5,53.1
2017-04-23 00:00:00,172.25,55.9
2017-04-23 01:00:00,173.75,55.0
2017-04-23 02:00:00,172.5,57.0
2017-04-23 03:00:00,172.75,57.0
2017-04-23 04:00:00,170.0,57.0
2017-04-23 05:00:00,187.0,57.0
2017-04-23 06:00:00,215.5,57.0
2017-04-23 07:00:00,251.25,57.9
2017-04-23 08:00:00,250.75,60.1
2017-04-23 09:00:00,262.75,62.1
2017-04-23 10:00:00,270.25,63.0
2017-04-23 11:00:00,269.0,64.9
2017-04-23 12:00:00,284.75,64.9
2017-04-23 13:00:00,291.75,66.0
2017-04-23 14:00:00,306.25,64.9
2017-04-23 15:00:00,286.75,64.9
2017-04-23 16:00:00,286.75,64.0
2017-04-23 17:00:00,280.75,63.0
2017-04-23 18:00:00,270.0,61.0
2017-04-23 19:00:00,273.75,57.9
2017-04-23 20:00:00,237.0,57.0
2017-04-23 21:00:00,210.25,55.9
2017-04-23 22:00:00,210.0,55.9
2017-04-23 23:00:00,191.5,55.0
2017-04-24 00:00:00,190.25,55.0
2017-04-24 01:00:00,163.25,55.0
2017-04-24 02:00:00,178.5,55.0
2017-04-24 03:00:00,171.0,55.9
2017-04-24 04:00:00,184.75,55.9
2017-04-24 05:00:00,219.75,55.9
2017-04-24 06:00:00,256.5,55.9
2017-04-24 07:00:00,313.5,57.0
2017-04-24 08:00:00,309.25,57.0
2017-04-24 09:00:00,315.25,57.9
2017-04-24 10:00:00,366.5,60.1
2017-04-24 11:00:00,361.75,62.1
2017-04-24 12:00:00,349.25,61.0
2017-04-24 13:00:00,343.6,62.1
2017-04-24 14:00:00,336.25,62.1
2017-04-24 15:00:00,336.75,63.0
2017-04-24 16:00:00,362.25,63.0
2017-04-24 17:00:00,313.5,62.1
2017-04-24 18:00:00,310.25,61.0
2017-04-24 19:00:00,288.5,59.0
2017-04-24 20:00:00,251.75,57.9
2017-04-24 21:00:00,211.5,57.0
2017-04-24 22:00:00,202.0,55.9
2017-04-24 23:00:00,188.0,55.9
2017-04-25 00:00:00,172.75,55.9
2017-04-25 01:00:00,168.5,55.9
2017-04-25 02:00:00,164.5,55.9
2017-04-25 03:00:00,168.75,55.9
2017-04-25 04:00:00,177.25,55.9
2017-04-25 05:00:00,211.5,55.9
2017-04-25 06:00:00,233.0,57.0
2017-04-25 07:00:00,314.25,57.9
2017-04-25 08:00:00,298.25,59.0
2017-04-25 09:00:00,313.25,60.1
2017-04-25 10:00:00,321.0,62.1
2017-04-25 11:00:00,339.25,63.0
2017-04-25 12:00:00,331.25,64.0
2017-04-25 13:00:00,341.25,64.0
2017-04-25 14:00:00,353.75,64.9
2017-04-25 15:00:00,369.75,63.0
2017-04-25 16:00:00,343.0,63.0
2017-04-25 17:00:00,320.75,64.0
2017-04-25 18:00:00,329.5,62.1
2017-04-25 19:00:00,284.5,61.0
2017-04-25 20:00:00,261.0,60.1
2017-04-25 21:00:00,236.0,57.9
2017-04-25 22:00:00,214.75,60.1
2017-04-25 23:00:00,203.25,59.0
2017-04-26 00:00:00,188.5,59.0
2017-04-26 01:00:00,187.75,59.0
2017-04-26 02:00:00,175.5,59.0
2017-04-26 03:00:00,180.75,60.1
2017-04-26 04:00:00,184.75,60.1
2017-04-26 05:00:00,219.0,59.0
2017-04-26 06:00:00,252.5,59.0
2017-04-26 07:00:00,306.5,60.1
2017-04-26 08:00:00,334.0,60.1
2017-04-26 09:00:00,335.25,60.1
2017-04-26 10:00:00,328.25,61.0
2017-04-26 11:00:00,358.0,62.1
2017-04-26 12:00:00,360.25,64.9
2017-04-26 13:00:00,333.25,64.9
2017-04-26 14:00:00,310.25,66.0
2017-04-26 15:00:00,304.75,64.0
2017-04-26 16:00:00,292.75,62.1
2017-04-26 17:00:00,282.25,62.1
2017-04-26 18:00:00,277.6,62.1
2017-04-26 19:00:00,272.75,60.1
2017-04-26 20:00:00,252.0,60.1
2017-04-26 21:00:00,224.0,59.0
2017-04-26 22:00:00,202.75,60.1
2017-04-26 23:00:00,196.0,57.0
2017-04-27 00:00:00,197.25,55.9
2017-04-27 01:00:00,196.75,55.9
2017-04-27 02:00:00,173.5,55.9
2017-04-27 03:00:00,166.25,55.0
2017-04-27 04:00:00,170.75,52.0
2017-04-27 05:00:00,204.0,52.0
2017-04-27 06:00:00,245.0,52.0
2017-04-27 07:00:00,277.0,57.0
2017-04-27 08:00:00,283.75,60.1
2017-04-27 09:00:00,320.5,61.0
2017-04-27 10:00:00,327.25,63.0
2017-04-27 11:00:00,333.25,64.0
2017-04-27 12:00:00,333.25,66.0
2017-04-27 13:00:00,331.0,68.0
2017-04-27 14:00:00,323.5,66.9
2017-04-27 15:00:00,327.25,66.9
2017-04-27 16:00:00,325.5,68.0
2017-04-27 17:00:00,320.5,66.0
2017-04-27 18:00:00,276.0,64.0
2017-04-27 19:00:00,263.25,63.0
2017-04-27 20:00:00,264.5,60.1
2017-04-27 21:00:00,211.25,60.1
2017-04-27 22:00:00,203.75,59.0
2017-04-27 23:00:00,206.5,55.9
2017-04-28 00:00:00,204.5,57.0
2017-04-28 01:00:00,199.75,55.9
2017-04-28 02:00:00,196.75,55.9
2017-04-28 03:00:00,186.75,53.1
2017-04-28 04:00:00,185.25,50.0
2017-04-28 05:00:00,205.75,48.9
2017-04-28 06:00:00,253.0,51.1
2017-04-28 07:00:00,309.25,57.9
2017-04-28 08:00:00,320.5,60.1
2017-04-28 09:00:00,318.5,63.0
2017-04-28 10:00:00,329.5,64.9
2017-04-28 11:00:00,348.25,68.0
2017-04-28 12:00:00,351.75,70.0
2017-04-28 13:00:00,360.75,70.0
2017-04-28 14:00:00,331.0,69.1
2017-04-28 15:00:00,342.25,70.0
2017-04-28 16:00:00,326.25,70.0
2017-04-28 17:00:00,320.0,68.0
2017-04-28 18:00:00,292.25,66.9
2017-04-28 19:00:00,277.25,64.9
2017-04-28 20:00:00,267.5,63.0
2017-04-28 21:00:00,240.0,62.1
2017-04-28 22:00:00,214.5,61.0
2017-04-28 23:00:00,213.0,62.1
2017-04-29 00:00:00,190.75,63.0
2017-04-29 01:00:00,192.25,62.1
2017-04-29 02:00:00,181.75,62.1
2017-04-29 03:00:00,172.25,61.0
2017-04-29 04:00:00,178.75,59.0
2017-04-29 05:00:00,207.5,57.0
2017-04-29 06:00:00,230.0,62.1
2017-04-29 07:00:00,257.5,66.9
2017-04-29 08:00:00,254.0,69.1
2017-04-29 09:00:00,254.5,75.0
2017-04-29 10:00:00,292.0,73.9
2017-04-29 11:00:00,305.75,75.0
2017-04-29 12:00:00,297.25,78.1
2017-04-29 13:00:00,297.5,79.0
2017-04-29 14:00:00,296.0,77.0
2017-04-29 15:00:00,292.0,73.0
2017-04-29 16:00:00,292.0,71.1
2017-04-29 17:00:00,266.0,71.1
2017-04-29 18:00:00,243.8,68.0
2017-04-29 19:00:00,244.0,63.0
2017-04-29 20:00:00,237.0,61.0
2017-04-29 21:00:00,215.25,60.1
2017-04-29 22:00:00,187.25,57.9
2017-04-29 23:00:00,185.25,57.0
2017-04-30 00:00:00,182.75,55.0
2017-04-30 01:00:00,186.75,54.0
2017-04-30 02:00:00,178.75,54.0
2017-04-30 03:00:00,188.75,54.0
2017-04-30 04:00:00,178.0,54.0
2017-04-30 05:00:00,193.5,54.0
2017-04-30 06:00:00,223.5,53.1
2017-04-30 07:00:00,245.75,60.1
2017-04-30 08:00:00,242.5,61.0
2017-04-30 09:00:00,240.75,63.0
2017-04-30 10:00:00,270.0,66.0
2017-04-30 11:00:00,273.5,71.1
2017-04-30 12:00:00,293.25,75.0
2017-04-30 13:00:00,286.0,73.9
2017-04-30 14:00:00,274.25,73.9
2017-04-30 15:00:00,283.75,73.9
2017-04-30 16:00:00,285.5,69.1
2017-04-30 17:00:00,274.25,69.1
2017-04-30 18:00:00,252.8,66.0
2017-04-30 19:00:00,248.75,63.0
2017-04-30 20:00:00,239.75,62.1
2017-04-30 21:00:00,224.25,61.0
2017-04-30 22:00:00,201.5,60.1
2017-04-30 23:00:00,198.0,57.9
2017-05-01 00:00:00,194.0,57.9
2017-05-01 01:00:00,180.25,57.9
2017-05-01 02:00:00,189.0,57.9
2017-05-01 03:00:00,172.0,57.0
2017-05-01 04:00:00,189.25,55.0
2017-05-01 05:00:00,212.75,55.0
2017-05-01 06:00:00,257.0,55.9
2017-05-01 07:00:00,294.75,63.0
2017-05-01 08:00:00,318.0,64.9
2017-05-01 09:00:00,342.75,66.9
2017-05-01 10:00:00,383.0,70.0
2017-05-01 11:00:00,390.0,75.0
2017-05-01 12:00:00,388.5,79.0
2017-05-01 13:00:00,386.75,84.9
2017-05-01 14:00:00,386.5,81.0
2017-05-01 15:00:00,375.0,79.0
2017-05-01 16:00:00,365.5,78.1
2017-05-01 17:00:00,344.75,75.0
2017-05-01 18:00:00,312.25,73.0
2017-05-01 19:00:00,297.0,70.0
2017-05-01 20:00:00,260.25,66.9
2017-05-01 21:00:00,236.0,64.9
2017-05-01 22:00:00,223.25,64.9
2017-05-01 23:00:00,224.5,66.0
2017-05-02 00:00:00,211.5,64.0
2017-05-02 01:00:00,201.75,64.0
2017-05-02 02:00:00,195.75,62.1
2017-05-02 03:00:00,193.75,62.1
2017-05-02 04:00:00,198.5,60.1
2017-05-02 05:00:00,246.0,59.0
2017-05-02 06:00:00,311.0,60.1
2017-05-02 07:00:00,352.75,66.0
2017-05-02 08:00:00,362.75,68.0
2017-05-02 09:00:00,382.25,70.0
2017-05-02 10:00:00,385.0,73.0
2017-05-02 11:00:00,393.0,77.0
2017-05-02 12:00:00,411.0,78.1
2017-05-02 13:00:00,401.0,80.1
2017-05-02 14:00:00,402.75,82.9
2017-05-02 15:00:00,379.5,81.0
2017-05-02 16:00:00,392.0,78.1
2017-05-02 17:00:00,371.75,75.9
2017-05-02 18:00:00,321.75,72.0
2017-05-02 19:00:00,287.5,69.1
2017-05-02 20:00:00,282.75,64.9
2017-05-02 21:00:00,245.25,64.0
2017-05-02 22:00:00,215.25,66.0
2017-05-02 23:00:00,214.5,64.0
2017-05-03 00:00:00,191.5,63.0
2017-05-03 01:00:00,194.75,63.0
2017-05-03 02:00:00,188.25,63.0
2017-05-03 03:00:00,184.5,62.1
2017-05-03 04:00:00,202.75,62.1
2017-05-03 05:00:00,241.0,61.0
2017-05-03 06:00:00,279.0,62.1
2017-05-03 07:00:00,365.5,68.0
2017-05-03 08:00:00,387.75,70.0
2017-05-03 09:00:00,403.0,73.0
2017-05-03 10:00:00,378.25,75.9
2017-05-03 11:00:00,376.25,81.0
2017-05-03 12:00:00,438.25,82.9
2017-05-03 13:00:00,463.0,87.1
2017-05-03 14:00:00,463.5,88.0
2017-05-03 15:00:00,434.75,86.0
2017-05-03 16:00:00,421.25,78.1
2017-05-03 17:00:00,385.25,73.9
2017-05-03 18:00:00,357.8,70.0
2017-05-03 19:00:00,290.75,64.9
2017-05-03 20:00:00,286.0,62.1
2017-05-03 21:00:00,250.0,61.0
2017-05-03 22:00:00,214.5,59.0
2017-05-03 23:00:00,216.75,59.0
2017-05-04 00:00:00,183.0,59.0
2017-05-04 01:00:00,170.5,57.9
2017-05-04 02:00:00,174.5,57.0
2017-05-04 03:00:00,177.5,57.0
2017-05-04 04:00:00,181.5,55.9
2017-05-04 05:00:00,217.5,55.9
2017-05-04 06:00:00,258.75,57.0
2017-05-04 07:00:00,300.25,59.0
2017-05-04 08:00:00,315.25,61.0
2017-05-04 09:00:00,306.25,64.0
2017-05-04 10:00:00,338.0,64.9
2017-05-04 11:00:00,386.25,66.9
2017-05-04 12:00:00,364.25,68.0
2017-05-04 13:00:00,387.5,66.0
2017-05-04 14:00:00,344.5,64.9
2017-05-04 15:00:00,330.25,64.9
2017-05-04 16:00:00,322.75,62.1
2017-05-04 17:00:00,305.0,61.0
2017-05-04 18:00:00,263.0,60.1
2017-05-04 19:00:00,267.75,57.0
2017-05-04 20:00:00,252.5,57.0
2017-05-04 21:00:00,204.5,55.9
2017-05-04 22:00:00,188.75,55.9
2017-05-04 23:00:00,187.0,57.0
2017-05-05 00:00:00,175.25,55.9
2017-05-05 01:00:00,164.0,55.9
2017-05-05 02:00:00,161.5,55.9
2017-05-05 03:00:00,152.75,55.9
2017-05-05 04:00:00,173.75,57.0
2017-05-05 05:00:00,211.25,55.9
2017-05-05 06:00:00,235.5,55.9
2017-05-05 07:00:00,274.0,57.0
2017-05-05 08:00:00,301.0,57.0
2017-05-05 09:00:00,272.75,59.0
2017-05-05 10:00:00,271.0,62.1
2017-05-05 11:00:00,273.25,64.0
2017-05-05 12:00:00,334.25,66.0
2017-05-05 13:00:00,405.5,69.1
2017-05-05 14:00:00,374.0,68.0
2017-05-05 15:00:00,367.0,66.9
2017-05-05 16:00:00,348.25,66.0
2017-05-05 17:00:00,329.25,62.1
2017-05-05 18:00:00,287.8,59.0
2017-05-05 19:00:00,275.5,57.9
2017-05-05 20:00:00,256.0,57.0
2017-05-05 21:00:00,215.75,57.0
2017-05-05 22:00:00,208.0,55.9
2017-05-05 23:00:00,194.75,55.9
2017-05-06 00:00:00,192.25,54.0
2017-05-06 01:00:00,174.0,54.0
2017-05-06 02:00:00,174.75,54.0
2017-05-06 03:00:00,167.5,54.0
2017-05-06 04:00:00,171.5,53.1
2017-05-06 05:00:00,190.0,53.1
2017-05-06 06:00:00,209.0,53.1
2017-05-06 07:00:00,235.25,55.9
2017-05-06 08:00:00,239.0,57.9
2017-05-06 09:00:00,238.75,57.9
2017-05-06 10:00:00,250.75,59.0
2017-05-06 11:00:00,248.25,60.1
2017-05-06 12:00:00,242.5,63.0
2017-05-06 13:00:00,262.0,64.0
2017-05-06 14:00:00,274.0,64.9
2017-05-06 15:00:00,266.75,64.9
2017-05-06 16:00:00,287.25,64.9
2017-05-06 17:00:00,266.5,64.9
2017-05-06 18:00:00,271.18,64.0
2017-05-06 19:00:00,259.05,62.1
2017-05-06 20:00:00,256.75,59.0
2017-05-06 21:00:00,211.5,57.9
2017-05-06 22:00:00,193.75,57.9
2017-05-06 23:00:00,191.5,59.0
2017-05-07 00:00:00,189.5,59.0
2017-05-07 01:00:00,179.25,57.9
2017-05-07 02:00:00,187.75,55.9
2017-05-07 03:00:00,178.75,55.9
2017-05-07 04:00:00,167.5,55.9
2017-05-07 05:00:00,184.0,55.0
2017-05-07 06:00:00,220.0,55.0
2017-05-07 07:00:00,248.0,57.0
2017-05-07 08:00:00,249.75,57.9
2017-05-07 09:00:00,238.5,60.1
2017-05-07 10:00:00,260.5,62.1
2017-05-07 11:00:00,271.75,64.9
2017-05-07 12:00:00,266.75,70.0
2017-05-07 13:00:00,271.25,71.1
2017-05-07 14:00:00,287.25,71.1
2017-05-07 15:00:00,285.5,71.1
2017-05-07 16:00:00,290.25,69.1
2017-05-07 17:00:00,280.0,66.9
2017-05-07 18:00:00,252.0,64.0
2017-05-07 19:00:00,260.25,61.0
2017-05-07 20:00:00,249.0,57.0
2017-05-07 21:00:00,224.5,57.0
2017-05-07 22:00:00,190.25,55.9
2017-05-07 23:00:00,200.5,55.0
2017-05-08 00:00:00,200.75,55.0
2017-05-08 01:00:00,200.5,53.1
2017-05-08 02:00:00,180.25,53.1
2017-05-08 03:00:00,166.75,52.0
2017-05-08 04:00:00,176.5,52.0
2017-05-08 05:00:00,212.5,52.0
2017-05-08 06:00:00,231.0,53.1
2017-05-08 07:00:00,274.5,57.9
2017-05-08 08:00:00,298.25,61.0
2017-05-08 09:00:00,330.75,61.0
2017-05-08 10:00:00,349.25,62.1
2017-05-08 11:00:00,373.0,64.9
2017-05-08 12:00:00,344.75,70.0
2017-05-08 13:00:00,371.25,69.1
2017-05-08 14:00:00,355.0,70.0
2017-05-08 15:00:00,343.5,69.1
2017-05-08 16:00:00,344.75,68.0
2017-05-08 17:00:00,310.25,64.9
2017-05-08 18:00:00,290.6,63.0
2017-05-08 19:00:00,260.5,60.1
2017-05-08 20:00:00,263.5,57.0
2017-05-08 21:00:00,228.25,55.9
2017-05-08 22:00:00,219.5,55.0
2017-05-08 23:00:00,211.75,55.0
2017-05-09 00:00:00,194.0,55.0
2017-05-09 01:00:00,187.75,55.9
2017-05-09 02:00:00,171.0,54.0
2017-05-09 03:00:00,173.5,55.0
2017-05-09 04:00:00,177.75,53.1
2017-05-09 05:00:00,221.0,52.0
2017-05-09 06:00:00,242.5,54.0
2017-05-09 07:00:00,328.25,57.9
2017-05-09 08:00:00,329.0,62.1
2017-05-09 09:00:00,318.75,63.0
2017-05-09 10:00:00,364.0,64.9
2017-05-09 11:00:00,377.5,70.0
2017-05-09 12:00:00,381.0,75.9
2017-05-09 13:00:00,386.5,75.9
2017-05-09 14:00:00,375.75,73.9
2017-05-09 15:00:00,360.5,72.0
2017-05-09 16:00:00,362.75,68.0
2017-05-09 17:00:00,329.5,64.9
2017-05-09 18:00:00,289.0,61.0
2017-05-09 19:00:00,265.0,59.0
2017-05-09 20:00:00,253.0,57.9
2017-05-09 21:00:00,245.0,57.0
2017-05-09 22:00:00,212.5,57.9
2017-05-09 23:00:00,195.25,55.9
2017-05-10 00:00:00,190.75,57.0
2017-05-10 01:00:00,188.25,57.0
2017-05-10 02:00:00,163.25,57.0
2017-05-10 03:00:00,168.25,57.0
2017-05-10 04:00:00,178.75,57.0
2017-05-10 05:00:00,216.5,57.0
2017-05-10 06:00:00,260.0,57.0
2017-05-10 07:00:00,296.0,57.9
2017-05-10 08:00:00,298.75,59.0
2017-05-10 09:00:00,310.75,60.1
2017-05-10 10:00:00,355.5,62.1
2017-05-10 11:00:00,328.75,64.0
2017-05-10 12:00:00,338.5,64.0
2017-05-10 13:00:00,343.5,64.9
2017-05-10 14:00:00,334.75,66.0
2017-05-10 15:00:00,331.25,64.9
2017-05-10 16:00:00,302.0,64.0
2017-05-10 17:00:00,287.5,62.1
2017-05-10 18:00:00,278.0,61.0
2017-05-10 19:00:00,270.5,57.9
2017-05-10 20:00:00,258.0,57.0
2017-05-10 21:00:00,221.75,55.9
2017-05-10 22:00:00,206.75,55.9
2017-05-10 23:00:00,210.5,55.0
2017-05-11 00:00:00,183.5,55.0
2017-05-11 01:00:00,170.25,54.0
2017-05-11 02:00:00,178.75,55.9
2017-05-11 03:00:00,156.75,57.9
2017-05-11 04:00:00,168.5,57.0
2017-05-11 05:00:00,207.25,57.0
2017-05-11 06:00:00,241.25,55.9
2017-05-11 07:00:00,295.75,55.9
2017-05-11 08:00:00,305.0,57.9
2017-05-11 09:00:00,302.5,61.0
2017-05-11 10:00:00,313.75,64.0
2017-05-11 11:00:00,348.0,66.0
2017-05-11 12:00:00,323.5,66.0
2017-05-11 13:00:00,320.75,68.0
2017-05-11 14:00:00,335.25,66.9
2017-05-11 15:00:00,310.25,66.9
2017-05-11 16:00:00,297.25,66.9
2017-05-11 17:00:00,299.75,63.0
2017-05-11 18:00:00,269.25,61.0
2017-05-11 19:00:00,278.75,59.0
2017-05-11 20:00:00,240.0,59.0
2017-05-11 21:00:00,226.5,57.9
2017-05-11 22:00:00,201.0,57.9
2017-05-11 23:00:00,192.5,57.0
2017-05-12 00:00:00,179.0,55.9
2017-05-12 01:00:00,170.5,55.9
2017-05-12 02:00:00,167.75,55.0
2017-05-12 03:00:00,187.5,54.0
2017-05-12 04:00:00,178.25,55.0
2017-05-12 05:00:00,215.75,55.0
2017-05-12 06:00:00,239.0,55.9
2017-05-12 07:00:00,296.0,57.9
2017-05-12 08:00:00,290.75,59.0
2017-05-12 09:00:00,308.75,62.1
2017-05-12 10:00:00,332.75,64.0
2017-05-12 11:00:00,326.75,64.9
2017-05-12 12:00:00,337.0,66.9
2017-05-12 13:00:00,343.75,66.9
2017-05-12 14:00:00,319.0,66.0
2017-05-12 15:00:00,346.0,66.0
2017-05-12 16:00:00,307.25,64.0
2017-05-12 17:00:00,282.5,63.0
2017-05-12 18:00:00,250.25,60.1
2017-05-12 19:00:00,244.0,57.9
2017-05-12 20:00:00,235.5,57.0
2017-05-12 21:00:00,208.5,55.9
2017-05-12 22:00:00,203.75,55.9
2017-05-12 23:00:00,203.25,55.0
2017-05-13 00:00:00,184.5,55.0
2017-05-13 01:00:00,176.25,54.0
2017-05-13 02:00:00,165.25,54.0
2017-05-13 03:00:00,161.75,53.1
2017-05-13 04:00:00,163.25,53.1
2017-05-13 05:00:00,176.5,52.0
2017-05-13 06:00:00,208.5,52.0
2017-05-13 07:00:00,228.0,55.0
2017-05-13 08:00:00,229.25,57.0
2017-05-13 09:00:00,236.0,60.1
2017-05-13 10:00:00,248.0,62.1
2017-05-13 11:00:00,252.5,64.0
2017-05-13 12:00:00,279.0,64.0
2017-05-13 13:00:00,258.75,66.0
2017-05-13 14:00:00,254.5,66.0
2017-05-13 15:00:00,249.5,66.0
2017-05-13 16:00:00,256.5,64.0
2017-05-13 17:00:00,239.5,62.1
2017-05-13 18:00:00,245.0,60.1
2017-05-13 19:00:00,242.0,57.9
2017-05-13 20:00:00,210.75,57.0
2017-05-13 21:00:00,192.0,55.9
2017-05-13 22:00:00,155.5,55.0
2017-05-13 23:00:00,169.5,52.0
2017-05-14 00:00:00,159.0,54.0
2017-05-14 01:00:00,167.0,54.0
2017-05-14 02:00:00,170.0,50.0
2017-05-14 03:00:00,168.6,48.9
2017-05-14 04:00:00,164.0,48.9
2017-05-14 05:00:00,174.75,50.0
2017-05-14 06:00:00,219.75,52.0
2017-05-14 07:00:00,236.5,55.0
2017-05-14 08:00:00,235.75,55.9
2017-05-14 09:00:00,231.0,57.0
2017-05-14 10:00:00,242.5,57.9
2017-05-14 11:00:00,254.0,60.1
2017-05-14 12:00:00,256.5,63.0
2017-05-14 13:00:00,259.0,64.9
2017-05-14 14:00:00,241.75,63.0
2017-05-14 15:00:00,247.0,64.0
2017-05-14 16:00:00,245.0,62.1
2017-05-14 17:00:00,256.0,61.0
2017-05-14 18:00:00,231.25,60.1
2017-05-14 19:00:00,218.75,57.9
2017-05-14 20:00:00,216.25,57.0
2017-05-14 21:00:00,180.0,55.9
2017-05-14 22:00:00,183.75,55.9
2017-05-14 23:00:00,171.75,55.0
2017-05-15 00:00:00,167.0,54.0
2017-05-15 01:00:00,164.75,54.0
2017-05-15 02:00:00,161.0,53.1
2017-05-15 03:00:00,158.5,53.1
2017-05-15 04:00:00,173.75,54.0
2017-05-15 05:00:00,197.25,53.1
2017-05-15 06:00:00,224.75,53.1
2017-05-15 07:00:00,250.75,55.0
2017-05-15 08:00:00,260.0,55.9
2017-05-15 09:00:00,267.5,57.9
2017-05-15 10:00:00,273.5,59.0
2017-05-15 11:00:00,288.25,62.1
2017-05-15 12:00:00,294.5,64.0
2017-05-15 13:00:00,305.0,64.9
2017-05-15 14:00:00,319.25,64.0
2017-05-15 15:00:00,320.75,64.0
2017-05-15 16:00:00,322.0,63.0
2017-05-15 17:00:00,297.75,62.1
2017-05-15 18:00:00,268.8,60.1
2017-05-15 19:00:00,246.5,57.0
2017-05-15 20:00:00,220.0,55.0
2017-05-15 21:00:00,201.75,54.0
2017-05-15 22:00:00,186.5,54.0
2017-05-15 23:00:00,195.0,54.0
2017-05-16 00:00:00,195.5,54.0
2017-05-16 01:00:00,162.25,54.0
2017-05-16 02:00:00,164.25,54.0
2017-05-16 03:00:00,163.0,54.0
2017-05-16 04:00:00,177.0,54.0
2017-05-16 05:00:00,220.75,54.0
2017-05-16 06:00:00,236.5,55.0
2017-05-16 07:00:00,272.0,55.9
2017-05-16 08:00:00,275.5,57.9
2017-05-16 09:00:00,282.25,57.9
2017-05-16 10:00:00,282.5,60.1
2017-05-16 11:00:00,284.5,62.1
2017-05-16 12:00:00,281.75,64.0
2017-05-16 13:00:00,291.5,62.1
2017-05-16 14:00:00,307.25,64.0
2017-05-16 15:00:00,303.5,64.0
2017-05-16 16:00:00,296.75,62.1
2017-05-16 17:00:00,259.75,61.0
2017-05-16 18:00:00,250.25,59.0
2017-05-16 19:00:00,239.25,57.9
2017-05-16 20:00:00,223.0,57.0
2017-05-16 21:00:00,207.75,57.9
2017-05-16 22:00:00,191.75,57.0
2017-05-16 23:00:00,195.0,57.0
2017-05-17 00:00:00,172.0,55.9
2017-05-17 01:00:00,173.25,55.9
2017-05-17 02:00:00,167.0,55.0
2017-05-17 03:00:00,162.25,55.0
2017-05-17 04:00:00,175.25,55.0
2017-05-17 05:00:00,200.25,53.1
2017-05-17 06:00:00,223.0,55.0
2017-05-17 07:00:00,253.25,55.0
2017-05-17 08:00:00,265.75,57.9
2017-05-17 09:00:00,279.25,60.1
2017-05-17 10:00:00,277.75,62.1
2017-05-17 11:00:00,300.75,64.0
2017-05-17 12:00:00,280.75,66.0
2017-05-17 13:00:00,314.5,68.0
2017-05-17 14:00:00,293.25,69.1
2017-05-17 15:00:00,311.25,68.0
2017-05-17 16:00:00,294.25,68.0
2017-05-17 17:00:00,280.75,64.9
2017-05-17 18:00:00,261.75,63.0
2017-05-17 19:00:00,247.0,60.1
2017-05-17 20:00:00,248.75,57.9
2017-05-17 21:00:00,221.25,57.0
2017-05-17 22:00:00,203.75,55.9
2017-05-17 23:00:00,196.0,55.9
2017-05-18 00:00:00,178.0,53.1
2017-05-18 01:00:00,172.08,53.1
2017-05-18 02:00:00,160.47,53.1
2017-05-18 03:00:00,173.0,54.0
2017-05-18 04:00:00,173.0,54.0
2017-05-18 05:00:00,204.25,52.0
2017-05-18 06:00:00,222.5,53.1
2017-05-18 07:00:00,257.0,59.0
2017-05-18 08:00:00,273.25,60.1
2017-05-18 09:00:00,286.5,61.0
2017-05-18 10:00:00,291.75,62.1
2017-05-18 11:00:00,304.75,68.0
2017-05-18 12:00:00,323.2,73.9
2017-05-18 13:00:00,334.25,73.9
2017-05-18 14:00:00,327.75,73.9
2017-05-18 15:00:00,331.0,73.9
2017-05-18 16:00:00,329.25,71.1
2017-05-18 17:00:00,294.25,69.1
2017-05-18 18:00:00,267.75,66.0
2017-05-18 19:00:00,264.5,63.0
2017-05-18 20:00:00,233.0,61.0
2017-05-18 21:00:00,220.0,61.0
2017-05-18 22:00:00,198.5,59.0
2017-05-18 23:00:00,194.25,59.0
2017-05-19 00:00:00,188.5,57.9
2017-05-19 01:00:00,176.75,59.0
2017-05-19 02:00:00,172.75,55.0
2017-05-19 03:00:00,173.25,57.0
2017-05-19 04:00:00,176.75,57.0
2017-05-19 05:00:00,209.25,55.0
2017-05-19 06:00:00,236.75,57.9
2017-05-19 07:00:00,261.75,63.0
2017-05-19 08:00:00,293.75,64.9
2017-05-19 09:00:00,311.0,66.9
2017-05-19 10:00:00,328.75,70.0
2017-05-19 11:00:00,327.0,75.0
2017-05-19 12:00:00,358.25,78.1
2017-05-19 13:00:00,341.25,80.1
2017-05-19 14:00:00,344.0,80.1
2017-05-19 15:00:00,338.25,79.0
2017-05-19 16:00:00,347.5,73.9
2017-05-19 17:00:00,300.5,73.0
2017-05-19 18:00:00,272.2,72.0
2017-05-19 19:00:00,268.25,66.0
2017-05-19 20:00:00,254.5,63.0
2017-05-19 21:00:00,234.5,61.0
2017-05-19 22:00:00,199.25,60.1
2017-05-19 23:00:00,193.5,57.9
2017-05-20 00:00:00,190.25,57.9
2017-05-20 01:00:00,183.5,57.0
2017-05-20 02:00:00,183.75,55.9
2017-05-20 03:00:00,181.25,57.0
2017-05-20 04:00:00,170.25,57.0
2017-05-20 05:00:00,185.0,57.0
2017-05-20 06:00:00,214.0,57.9
2017-05-20 07:00:00,236.25,63.0
2017-05-20 08:00:00,262.5,64.9
2017-05-20 09:00:00,291.5,68.0
2017-05-20 10:00:00,287.0,70.0
2017-05-20 11:00:00,314.5,73.9
2017-05-20 12:00:00,294.5,80.1
2017-05-20 13:00:00,301.25,82.9
2017-05-20 14:00:00,294.25,84.9
2017-05-20 15:00:00,297.5,82.9
2017-05-20 16:00:00,292.5,79.0
2017-05-20 17:00:00,269.25,78.1
2017-05-20 18:00:00,246.4,75.9
2017-05-20 19:00:00,248.75,70.0
2017-05-20 20:00:00,246.25,64.9
2017-05-20 21:00:00,224.5,63.0
2017-05-20 22:00:00,201.25,62.1
2017-05-20 23:00:00,197.75,60.1
2017-05-21 00:00:00,193.0,60.1
2017-05-21 01:00:00,194.75,60.1
2017-05-21 02:00:00,169.5,59.0
2017-05-21 03:00:00,178.5,57.9
2017-05-21 04:00:00,171.5,57.9
2017-05-21 05:00:00,190.25,55.9
2017-05-21 06:00:00,219.75,57.9
2017-05-21 07:00:00,243.75,62.1
2017-05-21 08:00:00,246.75,64.9
2017-05-21 09:00:00,243.75,68.0
2017-05-21 10:00:00,258.5,73.9
2017-05-21 11:00:00,278.0,78.1
2017-05-21 12:00:00,275.5,79.0
2017-05-21 13:00:00,271.75,80.1
2017-05-21 14:00:00,279.25,78.1
2017-05-21 15:00:00,287.5,73.0
2017-05-21 16:00:00,281.5,73.0
2017-05-21 17:00:00,254.5,69.1
2017-05-21 18:00:00,251.75,66.0
2017-05-21 19:00:00,236.5,61.0
2017-05-21 20:00:00,227.25,57.9
2017-05-21 21:00:00,205.5,57.0
2017-05-21 22:00:00,202.25,57.0
2017-05-21 23:00:00,170.5,55.9
2017-05-22 00:00:00,170.75,55.9
2017-05-22 01:00:00,169.25,55.0
2017-05-22 02:00:00,167.0,55.0
2017-05-22 03:00:00,160.75,55.0
2017-05-22 04:00:00,180.5,55.0
2017-05-22 05:00:00,205.0,54.0
2017-05-22 06:00:00,236.5,55.0
2017-05-22 07:00:00,302.25,55.9
2017-05-22 08:00:00,291.5,57.0
2017-05-22 09:00:00,319.0,60.1
2017-05-22 10:00:00,331.0,64.0
2017-05-22 11:00:00,332.0,66.0
2017-05-22 12:00:00,358.0,71.1
2017-05-22 13:00:00,364.25,71.1
2017-05-22 14:00:00,334.75,71.1
2017-05-22 15:00:00,340.5,72.0
2017-05-22 16:00:00,327.0,69.1
2017-05-22 17:00:00,303.0,68.0
2017-05-22 18:00:00,248.25,64.0
2017-05-22 19:00:00,245.75,60.1
2017-05-22 20:00:00,238.75,57.9
2017-05-22 21:00:00,209.0,57.0
2017-05-22 22:00:00,183.25,57.0
2017-05-22 23:00:00,191.0,57.0
2017-05-23 00:00:00,180.25,57.0
2017-05-23 01:00:00,183.25,55.9
2017-05-23 02:00:00,166.0,57.0
2017-05-23 03:00:00,166.0,57.0
2017-05-23 04:00:00,183.0,57.0
2017-05-23 05:00:00,202.75,55.9
2017-05-23 06:00:00,256.72,57.0
2017-05-23 07:00:00,294.3,57.9
2017-05-23 08:00:00,296.0,59.0
2017-05-23 09:00:00,336.25,61.0
2017-05-23 10:00:00,322.25,62.1
2017-05-23 11:00:00,326.75,64.9
2017-05-23 12:00:00,339.5,68.0
2017-05-23 13:00:00,353.0,70.0
2017-05-23 14:00:00,317.5,66.0
2017-05-23 15:00:00,326.0,66.0
2017-05-23 16:00:00,309.25,64.0
2017-05-23 17:00:00,271.0,62.1
2017-05-23 18:00:00,261.25,61.0
2017-05-23 19:00:00,247.0,57.9
2017-05-23 20:00:00,228.75,57.0
2017-05-23 21:00:00,209.25,55.9
2017-05-23 22:00:00,186.5,55.9
2017-05-23 23:00:00,173.5,55.9
2017-05-24 00:00:00,170.2,55.9
2017-05-24 01:00:00,173.25,55.0
2017-05-24 02:00:00,166.5,55.9
2017-05-24 03:00:00,153.0,55.9
2017-05-24 04:00:00,173.5,55.0
2017-05-24 05:00:00,218.25,55.0
2017-05-24 06:00:00,231.0,55.9
2017-05-24 07:00:00,282.75,55.9
2017-05-24 08:00:00,283.0,57.0
2017-05-24 09:00:00,303.75,57.9
2017-05-24 10:00:00,298.25,62.1
2017-05-24 11:00:00,315.0,63.0
2017-05-24 12:00:00,329.0,64.0
2017-05-24 13:00:00,325.0,66.0
2017-05-24 14:00:00,300.0,66.9
2017-05-24 15:00:00,284.0,66.0
2017-05-24 16:00:00,303.0,66.0
2017-05-24 17:00:00,275.75,64.0
2017-05-24 18:00:00,239.75,63.0
2017-05-24 19:00:00,232.0,61.0
2017-05-24 20:00:00,230.75,60.1
2017-05-24 21:00:00,201.25,57.9
2017-05-24 22:00:00,179.75,57.9
2017-05-24 23:00:00,171.5,57.9
2017-05-25 00:00:00,171.25,57.9
2017-05-25 01:00:00,157.5,57.9
2017-05-25 02:00:00,154.0,57.9
2017-05-25 03:00:00,157.75,57.9
2017-05-25 04:00:00,174.5,57.0
2017-05-25 05:00:00,213.75,57.9
2017-05-25 06:00:00,239.0,57.9
2017-05-25 07:00:00,300.0,59.0
2017-05-25 08:00:00,303.5,60.1
2017-05-25 09:00:00,311.75,62.1
2017-05-25 10:00:00,313.25,64.0
2017-05-25 11:00:00,325.25,64.0
2017-05-25 12:00:00,336.25,64.9
2017-05-25 13:00:00,348.6,66.0
2017-05-25 14:00:00,348.25,66.0
2017-05-25 15:00:00,336.75,66.0
2017-05-25 16:00:00,333.75,64.9
2017-05-25 17:00:00,317.5,64.9
2017-05-25 18:00:00,285.8,63.0
2017-05-25 19:00:00,262.0,61.0
2017-05-25 20:00:00,264.0,60.1
2017-05-25 21:00:00,209.5,59.0
2017-05-25 22:00:00,177.75,60.1
2017-05-25 23:00:00,176.5,59.0
2017-05-26 00:00:00,167.5,59.0
2017-05-26 01:00:00,170.25,59.0
2017-05-26 02:00:00,175.25,59.0
2017-05-26 03:00:00,164.0,59.0
2017-05-26 04:00:00,159.0,57.9
2017-05-26 05:00:00,209.25,57.9
2017-05-26 06:00:00,236.25,59.0
2017-05-26 07:00:00,283.25,59.0
2017-05-26 08:00:00,308.25,60.1
2017-05-26 09:00:00,292.25,61.0
2017-05-26 10:00:00,311.0,61.0
2017-05-26 11:00:00,324.0,63.0
2017-05-26 12:00:00,313.75,63.0
2017-05-26 13:00:00,328.75,64.0
2017-05-26 14:00:00,291.25,66.0
2017-05-26 15:00:00,291.75,66.0
2017-05-26 16:00:00,288.5,64.0
2017-05-26 17:00:00,270.75,64.0
2017-05-26 18:00:00,249.6,62.1
2017-05-26 19:00:00,253.75,60.1
2017-05-26 20:00:00,228.5,57.9
2017-05-26 21:00:00,201.5,57.0
2017-05-26 22:00:00,192.5,57.0
2017-05-26 23:00:00,184.75,57.0
2017-05-27 00:00:00,178.0,57.0
2017-05-27 01:00:00,165.75,57.0
2017-05-27 02:00:00,165.25,57.0
2017-05-27 03:00:00,158.5,57.0
2017-05-27 04:00:00,161.75,57.0
2017-05-27 05:00:00,181.0,57.0
2017-05-27 06:00:00,195.75,57.0
2017-05-27 07:00:00,234.0,57.9
2017-05-27 08:00:00,230.25,59.0
2017-05-27 09:00:00,233.5,60.1
2017-05-27 10:00:00,230.5,62.1
2017-05-27 11:00:00,250.75,64.0
2017-05-27 12:00:00,237.75,64.9
2017-05-27 13:00:00,252.75,66.0
2017-05-27 14:00:00,252.75,66.9
2017-05-27 15:00:00,247.5,68.0
2017-05-27 16:00:00,247.5,66.9
2017-05-27 17:00:00,238.5,64.9
2017-05-27 18:00:00,229.0,63.0
2017-05-27 19:00:00,216.5,61.0
2017-05-27 20:00:00,209.25,59.0
2017-05-27 21:00:00,191.75,57.9
2017-05-27 22:00:00,168.75,57.9
2017-05-27 23:00:00,164.5,57.0
2017-05-28 00:00:00,165.0,57.0
2017-05-28 01:00:00,164.0,57.0
2017-05-28 02:00:00,160.25,57.0
2017-05-28 03:00:00,160.75,57.0
2017-05-28 04:00:00,171.5,55.9
2017-05-28 05:00:00,182.75,55.9
2017-05-28 06:00:00,207.75,55.9
2017-05-28 07:00:00,240.0,55.9
2017-05-28 08:00:00,239.75,57.0
2017-05-28 09:00:00,233.75,57.0
2017-05-28 10:00:00,235.75,57.9
2017-05-28 11:00:00,235.75,59.0
2017-05-28 12:00:00,231.0,61.0
2017-05-28 13:00:00,242.5,63.0
2017-05-28 14:00:00,238.5,64.9
2017-05-28 15:00:00,253.75,64.0
2017-05-28 16:00:00,260.0,64.0
2017-05-28 17:00:00,239.25,62.1
2017-05-28 18:00:00,219.25,60.1
2017-05-28 19:00:00,213.0,57.9
2017-05-28 20:00:00,209.25,57.0
2017-05-28 21:00:00,176.5,57.0
2017-05-28 22:00:00,170.75,57.0
2017-05-28 23:00:00,167.0,57.0
2017-05-29 00:00:00,168.75,55.9
2017-05-29 01:00:00,160.0,55.9
2017-05-29 02:00:00,166.25,55.9
2017-05-29 03:00:00,164.25,55.0
2017-05-29 04:00:00,171.0,55.0
2017-05-29 05:00:00,208.25,55.0
2017-05-29 06:00:00,221.5,55.0
2017-05-29 07:00:00,270.0,55.0
2017-05-29 08:00:00,281.25,55.0
2017-05-29 09:00:00,282.5,55.9
2017-05-29 10:00:00,290.25,57.0
2017-05-29 11:00:00,297.25,59.0
2017-05-29 12:00:00,291.2,59.0
2017-05-29 13:00:00,288.25,59.0
2017-05-29 14:00:00,275.75,62.1
2017-05-29 15:00:00,275.25,63.0
2017-05-29 16:00:00,279.0,62.1
2017-05-29 17:00:00,267.0,60.1
2017-05-29 18:00:00,263.25,57.9
2017-05-29 19:00:00,250.25,57.9
2017-05-29 20:00:00,215.0,57.0
2017-05-29 21:00:00,192.75,55.9
2017-05-29 22:00:00,169.5,57.0
2017-05-29 23:00:00,165.5,55.9
2017-05-30 00:00:00,154.75,55.9
2017-05-30 01:00:00,161.75,55.9
2017-05-30 02:00:00,160.25,55.9
2017-05-30 03:00:00,168.0,55.9
2017-05-30 04:00:00,166.25,55.0
2017-05-30 05:00:00,241.25,55.0
2017-05-30 06:00:00,245.25,55.0
2017-05-30 07:00:00,287.0,55.9
2017-05-30 08:00:00,305.75,57.0
2017-05-30 09:00:00,320.5,57.0
2017-05-30 10:00:00,330.75,59.0
2017-05-30 11:00:00,361.5,60.1
2017-05-30 12:00:00,357.5,60.1
2017-05-30 13:00:00,348.25,61.0
2017-05-30 14:00:00,315.0,61.0
2017-05-30 15:00:00,309.5,61.0
2017-05-30 16:00:00,295.5,63.0
2017-05-30 17:00:00,278.0,60.1
2017-05-30 18:00:00,261.25,59.0
2017-05-30 19:00:00,247.5,57.9
2017-05-30 20:00:00,236.25,57.0
2017-05-30 21:00:00,217.0,57.0
2017-05-30 22:00:00,189.75,57.0
2017-05-30 23:00:00,189.0,57.0
2017-05-31 00:00:00,163.75,57.0
2017-05-31 01:00:00,167.25,57.0
2017-05-31 02:00:00,162.5,57.9
2017-05-31 03:00:00,162.25,57.0
2017-05-31 04:00:00,176.75,57.0
2017-05-31 05:00:00,230.75,55.9
2017-05-31 06:00:00,244.75,55.9
2017-05-31 07:00:00,287.5,57.9
2017-05-31 08:00:00,326.0,61.0
2017-05-31 09:00:00,348.5,63.0
2017-05-31 10:00:00,347.75,64.9
2017-05-31 11:00:00,332.0,66.9
2017-05-31 12:00:00,334.75,69.1
2017-05-31 13:00:00,346.25,69.1
2017-05-31 14:00:00,323.0,71.1
2017-05-31 15:00:00,322.75,69.1
2017-05-31 16:00:00,342.5,68.0
2017-05-31 17:00:00,290.0,64.9
2017-05-31 18:00:00,268.0,63.0
2017-05-31 19:00:00,241.0,61.0
2017-05-31 20:00:00,251.25,61.0
2017-05-31 21:00:00,218.0,60.1
2017-05-31 22:00:00,189.2,59.0
2017-05-31 23:00:00,190.25,59.0
2017-06-01 00:00:00,178.75,59.0
2017-06-01 01:00:00,182.0,59.0
2017-06-01 02:00:00,181.0,57.0
2017-06-01 03:00:00,164.5,57.0
2017-06-01 04:00:00,176.0,57.0
2017-06-01 05:00:00,222.5,57.9
2017-06-01 06:00:00,244.25,59.0
2017-06-01 07:00:00,299.5,59.0
2017-06-01 08:00:00,318.0,60.1
2017-06-01 09:00:00,339.5,61.0
2017-06-01 10:00:00,352.25,64.9
2017-06-01 11:00:00,360.5,66.0
2017-06-01 12:00:00,357.25,69.1
2017-06-01 13:00:00,332.5,69.1
2017-06-01 14:00:00,326.75,68.0
2017-06-01 15:00:00,348.0,66.9
2017-06-01 16:00:00,344.75,66.9
2017-06-01 17:00:00,300.25,64.9
2017-06-01 18:00:00,264.75,64.0
2017-06-01 19:00:00,268.75,62.1
2017-06-01 20:00:00,245.5,60.1
2017-06-01 21:00:00,215.75,60.1
2017-06-01 22:00:00,214.5,57.9
2017-06-01 23:00:00,184.5,57.9
2017-06-02 00:00:00,177.5,57.0
2017-06-02 01:00:00,177.75,57.9
2017-06-02 02:00:00,160.75,57.0
2017-06-02 03:00:00,165.75,57.0
2017-06-02 04:00:00,173.25,55.9
2017-06-02 05:00:00,220.5,55.9
2017-06-02 06:00:00,280.5,57.0
2017-06-02 07:00:00,304.5,59.0
2017-06-02 08:00:00,323.5,60.1
2017-06-02 09:00:00,359.0,61.0
2017-06-02 10:00:00,359.75,64.9
2017-06-02 11:00:00,365.25,68.0
2017-06-02 12:00:00,378.75,72.0
2017-06-02 13:00:00,351.75,73.0
2017-06-02 14:00:00,343.75,73.0
2017-06-02 15:00:00,351.5,70.0
2017-06-02 16:00:00,354.0,69.1
2017-06-02 17:00:00,329.75,68.0
2017-06-02 18:00:00,275.0,66.0
2017-06-02 19:00:00,270.25,63.0
2017-06-02 20:00:00,247.25,60.1
2017-06-02 21:00:00,221.0,59.0
2017-06-02 22:00:00,196.0,57.9
2017-06-02 23:00:00,206.0,57.0
2017-06-03 00:00:00,191.0,59.0
2017-06-03 01:00:00,186.0,57.0
2017-06-03 02:00:00,180.25,57.9
2017-06-03 03:00:00,176.5,57.0
2017-06-03 04:00:00,164.0,57.9
2017-06-03 05:00:00,180.0,57.0
2017-06-03 06:00:00,211.75,57.0
2017-06-03 07:00:00,239.75,57.0
2017-06-03 08:00:00,239.5,59.0
2017-06-03 09:00:00,229.5,60.1
2017-06-03 10:00:00,248.75,61.0
2017-06-03 11:00:00,271.2,64.0
2017-06-03 12:00:00,261.0,66.0
2017-06-03 13:00:00,255.4,66.9
2017-06-03 14:00:00,261.0,66.9
2017-06-03 15:00:00,264.5,66.9
2017-06-03 16:00:00,270.75,66.0
2017-06-03 17:00:00,257.25,64.9
2017-06-03 18:00:00,250.5,63.0
2017-06-03 19:00:00,245.25,60.1
2017-06-03 20:00:00,219.5,57.9
2017-06-03 21:00:00,190.75,57.9
2017-06-03 22:00:00,167.5,57.0
2017-06-03 23:00:00,165.0,57.0
2017-06-04 00:00:00,168.5,57.0
2017-06-04 01:00:00,168.25,57.0
2017-06-04 02:00:00,167.75,55.0
2017-06-04 03:00:00,157.25,55.9
2017-06-04 04:00:00,163.75,55.9
2017-06-04 05:00:00,171.0,54.0
2017-06-04 06:00:00,207.5,55.9
2017-06-04 07:00:00,242.75,59.0
2017-06-04 08:00:00,252.5,60.1
2017-06-04 09:00:00,245.25,62.1
2017-06-04 10:00:00,246.25,64.0
2017-06-04 11:00:00,259.5,64.0
2017-06-04 12:00:00,256.0,66.9
2017-06-04 13:00:00,257.5,66.9
2017-06-04 14:00:00,256.0,68.0
2017-06-04 15:00:00,257.0,66.0
2017-06-04 16:00:00,255.75,64.9
2017-06-04 17:00:00,243.25,64.0
2017-06-04 18:00:00,233.8,64.0
2017-06-04 19:00:00,229.5,61.0
2017-06-04 20:00:00,214.5,57.9
2017-06-04 21:00:00,184.25,57.9
2017-06-04 22:00:00,185.25,55.9
2017-06-04 23:00:00,179.0,55.9
2017-06-05 00:00:00,162.25,54.0
2017-06-05 01:00:00,165.0,55.9
2017-06-05 02:00:00,169.0,57.0
2017-06-05 03:00:00,165.25,55.9
2017-06-05 04:00:00,168.25,53.1
2017-06-05 05:00:00,231.75,54.0
2017-06-05 06:00:00,267.75,55.9
2017-06-05 07:00:00,299.5,57.9
2017-06-05 08:00:00,318.25,60.1
2017-06-05 09:00:00,351.75,61.0
2017-06-05 10:00:00,375.25,64.9
2017-06-05 11:00:00,361.6,66.9
2017-06-05 12:00:00,372.75,72.0
2017-06-05 13:00:00,374.0,73.0
2017-06-05 14:00:00,342.75,72.0
2017-06-05 15:00:00,349.75,72.0
2017-06-05 16:00:00,341.5,70.0
2017-06-05 17:00:00,329.25,69.1
2017-06-05 18:00:00,297.0,64.9
2017-06-05 19:00:00,268.82,63.0
2017-06-05 20:00:00,256.3,60.1
2017-06-05 21:00:00,227.5,57.9
2017-06-05 22:00:00,198.25,57.0
2017-06-05 23:00:00,179.75,57.0
2017-06-06 00:00:00,187.0,57.0
2017-06-06 01:00:00,173.25,55.0
2017-06-06 02:00:00,179.25,54.0
2017-06-06 03:00:00,171.0,55.9
2017-06-06 04:00:00,179.5,57.0
2017-06-06 05:00:00,240.75,55.9
2017-06-06 06:00:00,288.75,57.0
2017-06-06 07:00:00,305.5,57.0
2017-06-06 08:00:00,307.0,59.0
2017-06-06 09:00:00,360.75,62.1
2017-06-06 10:00:00,348.75,61.0
2017-06-06 11:00:00,353.25,63.0
2017-06-06 12:00:00,341.5,64.9
2017-06-06 13:00:00,371.0,64.0
2017-06-06 14:00:00,371.5,66.0
2017-06-06 15:00:00,351.5,64.9
2017-06-06 16:00:00,338.75,64.0
2017-06-06 17:00:00,319.0,63.0
2017-06-06 18:00:00,289.75,62.1
2017-06-06 19:00:00,254.25,60.1
2017-06-06 20:00:00,248.0,57.9
2017-06-06 21:00:00,215.25,57.0
2017-06-06 22:00:00,190.25,57.0
2017-06-06 23:00:00,202.5,57.0
2017-06-07 00:00:00,202.75,57.0
2017-06-07 01:00:00,177.5,57.0
2017-06-07 02:00:00,169.25,57.0
2017-06-07 03:00:00,167.75,57.0
2017-06-07 04:00:00,176.75,57.0
2017-06-07 05:00:00,235.75,57.0
2017-06-07 06:00:00,266.5,57.0
2017-06-07 07:00:00,312.25,57.0
2017-06-07 08:00:00,310.75,59.0
2017-06-07 09:00:00,318.0,61.0
2017-06-07 10:00:00,318.0,61.0
2017-06-07 11:00:00,352.5,62.1
2017-06-07 12:00:00,362.25,64.0
2017-06-07 13:00:00,355.25,64.9
2017-06-07 14:00:00,331.25,64.9
2017-06-07 15:00:00,325.5,64.9
2017-06-07 16:00:00,326.75,64.9
2017-06-07 17:00:00,292.25,63.0
2017-06-07 18:00:00,259.75,63.0
2017-06-07 19:00:00,247.0,61.0
2017-06-07 20:00:00,232.5,62.1
2017-06-07 21:00:00,197.5,62.1
2017-06-07 22:00:00,177.75,62.1
2017-06-07 23:00:00,190.75,63.0
2017-06-08 00:00:00,191.5,63.0
2017-06-08 01:00:00,178.0,64.0
2017-06-08 02:00:00,186.0,63.0
2017-06-08 03:00:00,165.5,62.1
2017-06-08 04:00:00,182.75,62.1
2017-06-08 05:00:00,250.25,63.0
2017-06-08 06:00:00,282.25,62.1
2017-06-08 07:00:00,302.25,63.0
2017-06-08 08:00:00,325.0,61.0
2017-06-08 09:00:00,322.25,63.0
2017-06-08 10:00:00,348.5,66.0
2017-06-08 11:00:00,352.75,63.0
2017-06-08 12:00:00,360.0,66.9
2017-06-08 13:00:00,361.5,66.9
2017-06-08 14:00:00,332.25,66.0
2017-06-08 15:00:00,320.5,66.9
2017-06-08 16:00:00,305.5,66.9
2017-06-08 17:00:00,286.25,66.9
2017-06-08 18:00:00,277.5,66.0
2017-06-08 19:00:00,245.25,64.9
2017-06-08 20:00:00,265.75,64.0
2017-06-08 21:00:00,214.75,64.0
2017-06-08 22:00:00,190.5,63.0
2017-06-08 23:00:00,201.0,63.0
2017-06-09 00:00:00,188.75,63.0
2017-06-09 01:00:00,178.0,63.0
2017-06-09 02:00:00,167.5,62.1
2017-06-09 03:00:00,169.75,61.0
2017-06-09 04:00:00,173.75,61.0
2017-06-09 05:00:00,241.25,61.0
2017-06-09 06:00:00,281.75,61.0
2017-06-09 07:00:00,308.75,61.0
2017-06-09 08:00:00,311.0,60.1
2017-06-09 09:00:00,310.0,61.0
2017-06-09 10:00:00,329.0,66.0
2017-06-09 11:00:00,340.75,66.9
2017-06-09 12:00:00,349.0,66.9
2017-06-09 13:00:00,337.75,68.0
2017-06-09 14:00:00,325.75,68.0
2017-06-09 15:00:00,330.0,66.9
2017-06-09 16:00:00,302.0,64.9
2017-06-09 17:00:00,288.5,64.9
2017-06-09 18:00:00,267.0,63.0
2017-06-09 19:00:00,258.75,61.0
2017-06-09 20:00:00,235.5,60.1
2017-06-09 21:00:00,206.25,59.0
2017-06-09 22:00:00,210.5,59.0
2017-06-09 23:00:00,208.5,57.9
2017-06-10 00:00:00,190.0,57.9
2017-06-10 01:00:00,186.75,57.9
2017-06-10 02:00:00,185.5,57.0
2017-06-10 03:00:00,177.0,57.0
2017-06-10 04:00:00,166.0,57.0
2017-06-10 05:00:00,190.5,57.0
2017-06-10 06:00:00,212.25,57.9
2017-06-10 07:00:00,235.0,60.1
2017-06-10 08:00:00,241.0,63.0
2017-06-10 09:00:00,237.0,64.0
2017-06-10 10:00:00,242.0,66.0
2017-06-10 11:00:00,267.25,68.0
2017-06-10 12:00:00,267.75,68.0
2017-06-10 13:00:00,259.25,70.0
2017-06-10 14:00:00,275.5,69.1
2017-06-10 15:00:00,265.0,69.1
2017-06-10 16:00:00,264.75,68.0
2017-06-10 17:00:00,240.0,66.9
2017-06-10 18:00:00,250.5,64.9
2017-06-10 19:00:00,236.5,62.1
2017-06-10 20:00:00,235.5,60.1
2017-06-10 21:00:00,204.5,59.0
2017-06-10 22:00:00,190.75,59.0
2017-06-10 23:00:00,177.75,57.9
2017-06-11 00:00:00,174.25,57.0
2017-06-11 01:00:00,174.5,57.0
2017-06-11 02:00:00,162.25,57.0
2017-06-11 03:00:00,171.5,55.9
2017-06-11 04:00:00,163.25,55.9
2017-06-11 05:00:00,185.75,55.9
2017-06-11 06:00:00,217.0,57.0
2017-06-11 07:00:00,249.25,59.0
2017-06-11 08:00:00,242.5,61.0
2017-06-11 09:00:00,241.25,63.0
2017-06-11 10:00:00,243.25,64.9
2017-06-11 11:00:00,252.5,64.9
2017-06-11 12:00:00,256.5,66.0
2017-06-11 13:00:00,253.75,66.9
2017-06-11 14:00:00,248.6,66.9
2017-06-11 15:00:00,249.0,66.0
2017-06-11 16:00:00,260.75,64.0
2017-06-11 17:00:00,257.0,62.1
2017-06-11 18:00:00,243.0,62.1
2017-06-11 19:00:00,239.5,62.1
2017-06-11 20:00:00,233.75,60.1
2017-06-11 21:00:00,174.5,57.9
2017-06-11 22:00:00,172.0,57.0
2017-06-11 23:00:00,173.25,55.9
2017-06-12 00:00:00,171.75,57.9
2017-06-12 01:00:00,186.5,55.9
2017-06-12 02:00:00,176.0,54.0
2017-06-12 03:00:00,177.75,53.1
2017-06-12 04:00:00,176.5,57.0
2017-06-12 05:00:00,228.5,55.9
2017-06-12 06:00:00,276.0,57.0
2017-06-12 07:00:00,300.25,57.9
2017-06-12 08:00:00,327.25,61.0
2017-06-12 09:00:00,314.75,63.0
2017-06-12 10:00:00,342.75,64.0
2017-06-12 11:00:00,352.75,64.9
2017-06-12 12:00:00,389.75,66.9
2017-06-12 13:00:00,353.5,68.0
2017-06-12 14:00:00,333.75,66.9
2017-06-12 15:00:00,351.75,68.0
2017-06-12 16:00:00,339.5,66.9
2017-06-12 17:00:00,300.25,64.9
2017-06-12 18:00:00,265.6,64.9
2017-06-12 19:00:00,244.75,63.0
2017-06-12 20:00:00,231.75,60.1
2017-06-12 21:00:00,205.0,59.0
2017-06-12 22:00:00,171.5,57.9
2017-06-12 23:00:00,177.25,57.9
2017-06-13 00:00:00,191.0,57.0
2017-06-13 01:00:00,184.25,57.0
2017-06-13 02:00:00,178.75,54.0
2017-06-13 03:00:00,163.5,55.0
2017-06-13 04:00:00,180.0,55.9
2017-06-13 05:00:00,213.0,53.1
2017-06-13 06:00:00,268.25,57.0
2017-06-13 07:00:00,306.0,59.0
2017-06-13 08:00:00,318.5,61.0
2017-06-13 09:00:00,348.25,62.1
2017-06-13 10:00:00,336.25,64.0
2017-06-13 11:00:00,358.25,66.9
2017-06-13 12:00:00,342.75,70.0
2017-06-13 13:00:00,360.75,72.0
2017-06-13 14:00:00,302.5,71.1
2017-06-13 15:00:00,324.5,71.1
2017-06-13 16:00:00,329.25,69.1
2017-06-13 17:00:00,300.5,68.0
2017-06-13 18:00:00,251.75,66.0
2017-06-13 19:00:00,253.75,64.0
2017-06-13 20:00:00,235.0,61.0
2017-06-13 21:00:00,211.5,59.0
2017-06-13 22:00:00,188.0,60.1
2017-06-13 23:00:00,179.0,57.9
2017-06-14 00:00:00,192.25,55.9
2017-06-14 01:00:00,168.25,57.9
2017-06-14 02:00:00,157.75,57.9
2017-06-14 03:00:00,164.75,57.0
2017-06-14 04:00:00,163.0,54.0
2017-06-14 05:00:00,237.75,53.1
2017-06-14 06:00:00,246.0,59.0
2017-06-14 07:00:00,290.0,60.1
2017-06-14 08:00:00,309.25,62.1
2017-06-14 09:00:00,357.5,64.0
2017-06-14 10:00:00,339.75,69.1
2017-06-14 11:00:00,349.0,70.0
2017-06-14 12:00:00,368.5,72.0
2017-06-14 13:00:00,346.75,75.9
2017-06-14 14:00:00,335.5,73.9
2017-06-14 15:00:00,346.25,72.0
2017-06-14 16:00:00,327.75,70.0
2017-06-14 17:00:00,316.25,68.0
2017-06-14 18:00:00,270.5,66.9
2017-06-14 19:00:00,249.75,64.9
2017-06-14 20:00:00,240.0,61.0
2017-06-14 21:00:00,233.5,60.1
2017-06-14 22:00:00,199.0,60.1
2017-06-14 23:00:00,194.0,59.0
2017-06-15 00:00:00,167.75,57.0
2017-06-15 01:00:00,170.25,55.9
2017-06-15 02:00:00,166.25,57.0
2017-06-15 03:00:00,171.25,57.0
2017-06-15 04:00:00,170.25,57.0
2017-06-15 05:00:00,224.25,57.0
2017-06-15 06:00:00,277.5,57.9
2017-06-15 07:00:00,286.25,62.1
2017-06-15 08:00:00,321.0,62.1
2017-06-15 09:00:00,311.0,64.0
2017-06-15 10:00:00,346.0,66.9
2017-06-15 11:00:00,349.0,68.0
2017-06-15 12:00:00,372.25,71.1
2017-06-15 13:00:00,370.75,72.0
2017-06-15 14:00:00,362.75,73.0
2017-06-15 15:00:00,369.25,75.0
2017-06-15 16:00:00,356.25,75.9
2017-06-15 17:00:00,345.25,73.0
2017-06-15 18:00:00,306.0,73.0
2017-06-15 19:00:00,270.0,71.1
2017-06-15 20:00:00,277.0,68.0
2017-06-15 21:00:00,242.25,66.9
2017-06-15 22:00:00,214.0,66.0
2017-06-15 23:00:00,209.75,64.9
2017-06-16 00:00:00,197.0,64.9
2017-06-16 01:00:00,193.0,63.0
2017-06-16 02:00:00,182.25,62.1
2017-06-16 03:00:00,176.5,62.1
2017-06-16 04:00:00,190.75,60.1
2017-06-16 05:00:00,253.0,62.1
2017-06-16 06:00:00,269.0,64.0
2017-06-16 07:00:00,294.0,66.0
2017-06-16 08:00:00,306.5,66.9
2017-06-16 09:00:00,342.0,70.0
2017-06-16 10:00:00,366.25,73.0
2017-06-16 11:00:00,361.75,75.9
2017-06-16 12:00:00,370.5,75.9
2017-06-16 13:00:00,385.5,75.0
2017-06-16 14:00:00,356.25,75.9
2017-06-16 15:00:00,383.5,75.9
2017-06-16 16:00:00,374.75,75.9
2017-06-16 17:00:00,369.5,75.0
2017-06-16 18:00:00,335.0,73.9
2017-06-16 19:00:00,291.75,72.0
2017-06-16 20:00:00,272.25,70.0
2017-06-16 21:00:00,258.75,69.1
2017-06-16 22:00:00,220.0,66.9
2017-06-16 23:00:00,221.5,66.0
2017-06-17 00:00:00,193.5,64.0
2017-06-17 01:00:00,176.75,64.0
2017-06-17 02:00:00,183.5,62.1
2017-06-17 03:00:00,177.0,63.0
2017-06-17 04:00:00,173.75,63.0
2017-06-17 05:00:00,183.0,61.0
2017-06-17 06:00:00,222.5,63.0
2017-06-17 07:00:00,261.75,64.0
2017-06-17 08:00:00,286.0,68.0
2017-06-17 09:00:00,290.75,69.1
2017-06-17 10:00:00,276.75,73.0
2017-06-17 11:00:00,290.5,78.1
2017-06-17 12:00:00,299.0,79.0
2017-06-17 13:00:00,305.25,81.0
2017-06-17 14:00:00,296.75,82.0
2017-06-17 15:00:00,297.25,80.1
2017-06-17 16:00:00,295.5,78.1
2017-06-17 17:00:00,299.5,77.0
2017-06-17 18:00:00,286.25,75.0
2017-06-17 19:00:00,253.25,73.0
2017-06-17 20:00:00,242.5,70.0
2017-06-17 21:00:00,225.75,71.1
2017-06-17 22:00:00,189.0,71.1
2017-06-17 23:00:00,201.5,69.1
2017-06-18 00:00:00,187.0,69.1
2017-06-18 01:00:00,194.75,70.0
2017-06-18 02:00:00,184.25,69.1
2017-06-18 03:00:00,181.0,69.1
2017-06-18 04:00:00,185.0,68.0
2017-06-18 05:00:00,199.5,69.1
2017-06-18 06:00:00,243.75,70.0
2017-06-18 07:00:00,287.75,73.9
2017-06-18 08:00:00,295.5,78.1
2017-06-18 09:00:00,307.25,80.1
2017-06-18 10:00:00,295.0,82.0
2017-06-18 11:00:00,317.75,88.0
2017-06-18 12:00:00,317.5,91.9
2017-06-18 13:00:00,322.0,96.1
2017-06-18 14:00:00,304.0,95.0
2017-06-18 15:00:00,294.25,87.1
2017-06-18 16:00:00,294.75,87.1
2017-06-18 17:00:00,288.75,84.9
2017-06-18 18:00:00,287.5,84.0
2017-06-18 19:00:00,260.5,81.0
2017-06-18 20:00:00,247.25,75.0
2017-06-18 21:00:00,235.0,71.1
2017-06-18 22:00:00,219.5,68.0
2017-06-18 23:00:00,191.5,66.9
2017-06-19 00:00:00,195.0,66.9
2017-06-19 01:00:00,188.5,66.9
2017-06-19 02:00:00,180.5,66.0
2017-06-19 03:00:00,176.75,64.9
2017-06-19 04:00:00,195.0,64.0
2017-06-19 05:00:00,240.0,64.0
2017-06-19 06:00:00,275.0,64.9
2017-06-19 07:00:00,343.0,69.1
2017-06-19 08:00:00,365.25,71.1
2017-06-19 09:00:00,408.0,73.0
2017-06-19 10:00:00,402.5,73.9
2017-06-19 11:00:00,418.5,77.0
2017-06-19 12:00:00,422.5,79.0
2017-06-19 13:00:00,379.0,75.0
2017-06-19 14:00:00,397.75,78.1
2017-06-19 15:00:00,396.75,75.0
2017-06-19 16:00:00,364.75,75.0
2017-06-19 17:00:00,337.75,72.0
2017-06-19 18:00:00,321.75,68.0
2017-06-19 19:00:00,277.0,64.0
2017-06-19 20:00:00,244.0,62.1
2017-06-19 21:00:00,210.0,61.0
2017-06-19 22:00:00,201.75,61.0
2017-06-19 23:00:00,190.25,62.1
2017-06-20 00:00:00,170.25,61.0
2017-06-20 01:00:00,174.0,61.0
2017-06-20 02:00:00,173.75,61.0
2017-06-20 03:00:00,167.75,61.0
2017-06-20 04:00:00,179.5,61.0
2017-06-20 05:00:00,210.0,60.1
2017-06-20 06:00:00,261.0,61.0
2017-06-20 07:00:00,305.5,64.0
2017-06-20 08:00:00,356.75,66.9
2017-06-20 09:00:00,370.0,69.1
2017-06-20 10:00:00,384.0,72.0
2017-06-20 11:00:00,377.5,73.9
2017-06-20 12:00:00,380.5,75.9
2017-06-20 13:00:00,396.75,75.0
2017-06-20 14:00:00,346.0,75.0
2017-06-20 15:00:00,320.0,73.0
2017-06-20 16:00:00,328.5,70.0
2017-06-20 17:00:00,313.0,68.0
2017-06-20 18:00:00,265.2,66.9
2017-06-20 19:00:00,224.5,64.0
2017-06-20 20:00:00,219.25,63.0
2017-06-20 21:00:00,202.75,62.1
2017-06-20 22:00:00,175.75,62.1
2017-06-20 23:00:00,182.5,61.0
2017-06-21 00:00:00,177.75,59.0
2017-06-21 01:00:00,154.5,60.1
2017-06-21 02:00:00,155.25,59.0
2017-06-21 03:00:00,132.5,59.0
2017-06-21 04:00:00,166.0,57.9
2017-06-21 05:00:00,222.5,57.9
2017-06-21 06:00:00,255.0,59.0
2017-06-21 07:00:00,307.25,61.0
2017-06-21 08:00:00,318.0,64.0
2017-06-21 09:00:00,327.75,64.9
2017-06-21 10:00:00,348.25,68.0
2017-06-21 11:00:00,368.75,70.0
2017-06-21 12:00:00,342.5,75.0
2017-06-21 13:00:00,340.25,77.0
2017-06-21 14:00:00,347.0,77.0
2017-06-21 15:00:00,350.75,75.0
2017-06-21 16:00:00,338.25,77.0
2017-06-21 17:00:00,290.25,73.9
2017-06-21 18:00:00,266.4,71.1
2017-06-21 19:00:00,223.0,69.1
2017-06-21 20:00:00,226.25,66.0
2017-06-21 21:00:00,209.0,64.9
2017-06-21 22:00:00,191.25,64.0
2017-06-21 23:00:00,179.75,64.0
2017-06-22 00:00:00,158.75,64.0
2017-06-22 01:00:00,153.0,64.0
2017-06-22 02:00:00,150.5,64.0
2017-06-22 03:00:00,154.5,64.0
2017-06-22 04:00:00,159.75,64.0
2017-06-22 05:00:00,215.0,63.0
2017-06-22 06:00:00,276.25,64.9
2017-06-22 07:00:00,329.25,70.0
2017-06-22 08:00:00,371.25,72.0
2017-06-22 09:00:00,353.5,75.9
2017-06-22 10:00:00,342.0,80.1
2017-06-22 11:00:00,340.75,84.9
2017-06-22 12:00:00,346.25,82.9
2017-06-22 13:00:00,344.75,84.0
2017-06-22 14:00:00,346.0,81.0
2017-06-22 15:00:00,343.25,77.0
2017-06-22 16:00:00,318.0,75.0
2017-06-22 17:00:00,308.0,73.0
2017-06-22 18:00:00,268.5,71.1
2017-06-22 19:00:00,235.75,68.0
2017-06-22 20:00:00,223.0,64.0
2017-06-22 21:00:00,221.75,63.0
2017-06-22 22:00:00,196.5,63.0
2017-06-22 23:00:00,184.0,62.1
2017-06-23 00:00:00,164.5,61.0
2017-06-23 01:00:00,149.0,60.1
2017-06-23 02:00:00,141.25,60.1
2017-06-23 03:00:00,148.5,59.0
2017-06-23 04:00:00,158.0,59.0
2017-06-23 05:00:00,224.0,59.0
2017-06-23 06:00:00,254.5,60.1
2017-06-23 07:00:00,281.75,63.0
2017-06-23 08:00:00,357.25,64.9
2017-06-23 09:00:00,361.5,69.1
2017-06-23 10:00:00,370.75,71.1
2017-06-23 11:00:00,348.25,70.0
2017-06-23 12:00:00,368.0,71.1
2017-06-23 13:00:00,352.75,72.0
2017-06-23 14:00:00,338.5,71.1
2017-06-23 15:00:00,356.5,70.0
2017-06-23 16:00:00,328.75,70.0
2017-06-23 17:00:00,313.5,68.0
2017-06-23 18:00:00,298.75,66.0
2017-06-23 19:00:00,253.75,64.0
2017-06-23 20:00:00,243.0,61.0
2017-06-23 21:00:00,212.0,61.0
2017-06-23 22:00:00,213.5,61.0
2017-06-23 23:00:00,201.75,60.1
2017-06-24 00:00:00,190.5,60.1
2017-06-24 01:00:00,172.25,60.1
2017-06-24 02:00:00,170.0,61.0
2017-06-24 03:00:00,156.5,61.0
2017-06-24 04:00:00,164.75,60.1
2017-06-24 05:00:00,189.25,61.0
2017-06-24 06:00:00,207.25,61.0
2017-06-24 07:00:00,242.25,62.1
2017-06-24 08:00:00,242.0,63.0
2017-06-24 09:00:00,244.5,64.9
2017-06-24 10:00:00,253.5,66.0
2017-06-24 11:00:00,263.0,69.1
2017-06-24 12:00:00,252.25,70.0
2017-06-24 13:00:00,259.0,70.0
2017-06-24 14:00:00,264.0,70.0
2017-06-24 15:00:00,268.0,70.0
2017-06-24 16:00:00,259.0,70.0
2017-06-24 17:00:00,253.5,64.9
2017-06-24 18:00:00,225.25,63.0
2017-06-24 19:00:00,207.0,62.1
2017-06-24 20:00:00,209.75,61.0
2017-06-24 21:00:00,199.5,61.0
2017-06-24 22:00:00,180.25,60.1
2017-06-24 23:00:00,173.5,60.1
2017-06-25 00:00:00,152.25,60.1
2017-06-25 01:00:00,167.25,60.1
2017-06-25 02:00:00,168.25,60.1
2017-06-25 03:00:00,171.0,60.1
2017-06-25 04:00:00,166.0,60.1
2017-06-25 05:00:00,173.0,60.1
2017-06-25 06:00:00,198.75,60.1
2017-06-25 07:00:00,239.75,60.1
2017-06-25 08:00:00,233.5,61.0
2017-06-25 09:00:00,223.25,61.0
2017-06-25 10:00:00,232.0,63.0
2017-06-25 11:00:00,251.75,64.9
2017-06-25 12:00:00,251.5,68.0
2017-06-25 13:00:00,260.75,68.0
2017-06-25 14:00:00,255.5,70.0
2017-06-25 15:00:00,260.0,70.0
2017-06-25 16:00:00,252.5,68.0
2017-06-25 17:00:00,236.0,66.9
2017-06-25 18:00:00,230.75,66.0
2017-06-25 19:00:00,225.25,64.0
2017-06-25 20:00:00,199.25,62.1
2017-06-25 21:00:00,207.0,62.1
2017-06-25 22:00:00,194.0,62.1
2017-06-25 23:00:00,194.5,61.0
2017-06-26 00:00:00,177.0,62.1
2017-06-26 01:00:00,188.75,62.1
2017-06-26 02:00:00,183.75,62.1
2017-06-26 03:00:00,194.5,62.1
2017-06-26 04:00:00,183.5,63.0
2017-06-26 05:00:00,228.75,62.1
2017-06-26 06:00:00,314.75,62.1
2017-06-26 07:00:00,306.0,64.0
2017-06-26 08:00:00,318.5,66.0
2017-06-26 09:00:00,343.0,66.9
2017-06-26 10:00:00,337.0,69.1
2017-06-26 11:00:00,349.5,71.1
2017-06-26 12:00:00,369.5,73.0
2017-06-26 13:00:00,372.0,73.9
2017-06-26 14:00:00,338.25,75.0
2017-06-26 15:00:00,345.25,73.9
2017-06-26 16:00:00,344.0,71.1
2017-06-26 17:00:00,337.25,71.1
2017-06-26 18:00:00,280.75,68.0
2017-06-26 19:00:00,263.5,66.0
2017-06-26 20:00:00,238.0,64.0
2017-06-26 21:00:00,203.0,63.0
2017-06-26 22:00:00,198.25,63.0
2017-06-26 23:00:00,192.25,63.0
2017-06-27 00:00:00,190.75,62.1
2017-06-27 01:00:00,186.75,62.1
2017-06-27 02:00:00,163.25,60.1
2017-06-27 03:00:00,163.5,60.1
2017-06-27 04:00:00,171.25,60.1
2017-06-27 05:00:00,233.75,60.1
2017-06-27 06:00:00,270.0,60.1
2017-06-27 07:00:00,281.5,60.1
2017-06-27 08:00:00,331.25,62.1
2017-06-27 09:00:00,319.25,62.1
2017-06-27 10:00:00,305.0,63.0
2017-06-27 11:00:00,330.0,64.0
2017-06-27 12:00:00,316.75,64.9
2017-06-27 13:00:00,344.0,66.9
2017-06-27 14:00:00,326.5,66.9
2017-06-27 15:00:00,340.5,66.9
2017-06-27 16:00:00,340.75,66.9
2017-06-27 17:00:00,297.75,64.0
2017-06-27 18:00:00,274.8,63.0
2017-06-27 19:00:00,224.25,62.1
2017-06-27 20:00:00,223.25,61.0
2017-06-27 21:00:00,204.75,60.1
2017-06-27 22:00:00,195.25,60.1
2017-06-27 23:00:00,192.75,60.1
2017-06-28 00:00:00,158.75,60.1
2017-06-28 01:00:00,167.5,60.1
2017-06-28 02:00:00,171.5,59.0
2017-06-28 03:00:00,157.75,59.0
2017-06-28 04:00:00,176.5,59.0
2017-06-28 05:00:00,220.5,59.0
2017-06-28 06:00:00,252.75,59.0
2017-06-28 07:00:00,297.5,60.1
2017-06-28 08:00:00,330.75,60.1
2017-06-28 09:00:00,338.75,62.1
2017-06-28 10:00:00,334.75,63.0
2017-06-28 11:00:00,341.25,63.0
2017-06-28 12:00:00,328.5,64.9
2017-06-28 13:00:00,319.25,66.9
2017-06-28 14:00:00,318.25,66.9
2017-06-28 15:00:00,319.75,66.0
2017-06-28 16:00:00,333.0,64.9
2017-06-28 17:00:00,326.5,64.0
2017-06-28 18:00:00,277.5,63.0
2017-06-28 19:00:00,237.5,62.1
2017-06-28 20:00:00,228.0,60.1
2017-06-28 21:00:00,205.25,60.1
2017-06-28 22:00:00,186.5,60.1
2017-06-28 23:00:00,181.75,59.0
2017-06-29 00:00:00,170.0,60.1
2017-06-29 01:00:00,159.75,59.0
2017-06-29 02:00:00,157.5,59.0
2017-06-29 03:00:00,143.75,59.0
2017-06-29 04:00:00,173.75,59.0
2017-06-29 05:00:00,217.5,59.0
2017-06-29 06:00:00,265.75,57.9
2017-06-29 07:00:00,278.0,57.9
2017-06-29 08:00:00,341.25,59.0
2017-06-29 09:00:00,328.75,61.0
2017-06-29 10:00:00,333.75,63.0
2017-06-29 11:00:00,310.25,63.0
2017-06-29 12:00:00,331.5,66.0
2017-06-29 13:00:00,324.0,66.0
2017-06-29 14:00:00,324.25,66.9
2017-06-29 15:00:00,341.0,66.0
2017-06-29 16:00:00,339.25,64.9
2017-06-29 17:00:00,308.5,63.0
2017-06-29 18:00:00,277.0,61.0
2017-06-29 19:00:00,240.5,60.1
2017-06-29 20:00:00,210.5,59.0
2017-06-29 21:00:00,211.5,59.0
2017-06-29 22:00:00,180.5,57.9
2017-06-29 23:00:00,181.75,59.0
2017-06-30 00:00:00,167.0,57.9
2017-06-30 01:00:00,155.0,57.9
2017-06-30 02:00:00,152.5,57.9
2017-06-30 03:00:00,138.0,57.0
2017-06-30 04:00:00,168.0,55.9
2017-06-30 05:00:00,223.5,55.9
2017-06-30 06:00:00,250.0,57.0
2017-06-30 07:00:00,278.5,57.0
2017-06-30 08:00:00,311.25,57.9
2017-06-30 09:00:00,337.0,59.0
2017-06-30 10:00:00,347.0,61.0
2017-06-30 11:00:00,327.75,62.1
2017-06-30 12:00:00,305.25,64.0
2017-06-30 13:00:00,298.25,64.9
2017-06-30 14:00:00,298.75,66.9
2017-06-30 15:00:00,303.75,66.9
2017-06-30 16:00:00,310.0,66.0
2017-06-30 17:00:00,296.0,66.0
2017-06-30 18:00:00,272.25,63.0
2017-06-30 19:00:00,229.25,61.0
2017-06-30 20:00:00,215.75,60.1
2017-06-30 21:00:00,193.5,59.0
2017-06-30 22:00:00,196.25,57.9
2017-06-30 23:00:00,170.25,57.0
2017-07-01 00:00:00,168.5,57.0
2017-07-01 01:00:00,145.25,57.0
2017-07-01 02:00:00,146.25,57.0
2017-07-01 03:00:00,151.75,57.0
2017-07-01 04:00:00,149.25,57.0
2017-07-01 05:00:00,163.25,57.0
2017-07-01 06:00:00,200.25,57.0
2017-07-01 07:00:00,205.25,57.0
2017-07-01 08:00:00,222.25,57.9
2017-07-01 09:00:00,223.5,57.9
2017-07-01 10:00:00,227.5,60.1
2017-07-01 11:00:00,230.75,62.1
2017-07-01 12:00:00,238.25,64.0
2017-07-01 13:00:00,286.0,66.0
2017-07-01 14:00:00,263.25,66.0
2017-07-01 15:00:00,261.0,66.9
2017-07-01 16:00:00,260.75,68.0
2017-07-01 17:00:00,251.75,64.9
2017-07-01 18:00:00,227.25,64.0
2017-07-01 19:00:00,214.25,61.0
2017-07-01 20:00:00,199.75,60.1
2017-07-01 21:00:00,179.0,60.1
2017-07-01 22:00:00,173.75,59.0
2017-07-01 23:00:00,148.0,57.9
2017-07-02 00:00:00,159.75,57.0
2017-07-02 01:00:00,156.0,57.0
2017-07-02 02:00:00,157.75,57.0
2017-07-02 03:00:00,150.0,57.0
2017-07-02 04:00:00,155.25,57.0
2017-07-02 05:00:00,182.25,57.9
2017-07-02 06:00:00,206.5,57.9
2017-07-02 07:00:00,236.25,60.1
2017-07-02 08:00:00,230.25,61.0
2017-07-02 09:00:00,238.75,63.0
2017-07-02 10:00:00,238.5,64.9
2017-07-02 11:00:00,234.5,66.9
2017-07-02 12:00:00,234.75,70.0
2017-07-02 13:00:00,236.25,69.1
2017-07-02 14:00:00,243.75,70.0
2017-07-02 15:00:00,237.0,68.0
2017-07-02 16:00:00,245.25,68.0
2017-07-02 17:00:00,229.75,66.9
2017-07-02 18:00:00,214.6,64.9
2017-07-02 19:00:00,205.75,62.1
2017-07-02 20:00:00,207.5,60.1
2017-07-02 21:00:00,176.5,59.0
2017-07-02 22:00:00,168.0,59.0
2017-07-02 23:00:00,154.25,57.9
2017-07-03 00:00:00,153.0,57.0
2017-07-03 01:00:00,155.25,59.0
2017-07-03 02:00:00,149.0,59.0
2017-07-03 03:00:00,147.75,59.0
2017-07-03 04:00:00,163.25,57.9
2017-07-03 05:00:00,205.0,57.9
2017-07-03 06:00:00,224.5,59.0
2017-07-03 07:00:00,270.25,60.1
2017-07-03 08:00:00,273.75,61.0
2017-07-03 09:00:00,272.75,63.0
2017-07-03 10:00:00,279.25,66.0
2017-07-03 11:00:00,288.25,70.0
2017-07-03 12:00:00,296.5,72.0
2017-07-03 13:00:00,304.75,70.0
2017-07-03 14:00:00,315.25,69.1
2017-07-03 15:00:00,307.5,68.0
2017-07-03 16:00:00,294.75,66.0
2017-07-03 17:00:00,295.0,64.9
2017-07-03 18:00:00,264.0,62.1
2017-07-03 19:00:00,232.75,60.1
2017-07-03 20:00:00,209.25,59.0
2017-07-03 21:00:00,186.0,59.0
2017-07-03 22:00:00,168.25,59.0
2017-07-03 23:00:00,159.5,59.0
2017-07-04 00:00:00,170.0,59.0
2017-07-04 01:00:00,163.0,59.0
2017-07-04 02:00:00,155.0,59.0
2017-07-04 03:00:00,158.0,59.0
2017-07-04 04:00:00,179.5,59.0
2017-07-04 05:00:00,183.75,59.0
2017-07-04 06:00:00,231.25,59.0
2017-07-04 07:00:00,238.5,60.1
2017-07-04 08:00:00,243.5,61.0
2017-07-04 09:00:00,246.75,63.0
2017-07-04 10:00:00,246.25,64.9
2017-07-04 11:00:00,248.5,66.9
2017-07-04 12:00:00,256.5,66.9
2017-07-04 13:00:00,262.0,70.0
2017-07-04 14:00:00,262.75,69.1
2017-07-04 15:00:00,269.75,68.0
2017-07-04 16:00:00,250.5,66.9
2017-07-04 17:00:00,244.5,66.0
2017-07-04 18:00:00,240.6,64.9
2017-07-04 19:00:00,197.25,62.1
2017-07-04 20:00:00,180.0,59.0
2017-07-04 21:00:00,155.75,59.0
2017-07-04 22:00:00,156.5,57.9
2017-07-04 23:00:00,158.25,57.9
2017-07-05 00:00:00,138.0,57.0
2017-07-05 01:00:00,146.25,57.0
2017-07-05 02:00:00,145.75,57.9
2017-07-05 03:00:00,153.5,57.9
2017-07-05 04:00:00,151.0,57.9
2017-07-05 05:00:00,194.0,57.9
2017-07-05 06:00:00,231.0,57.9
2017-07-05 07:00:00,258.75,59.0
2017-07-05 08:00:00,263.75,59.0
2017-07-05 09:00:00,267.0,60.1
2017-07-05 10:00:00,274.5,62.1
2017-07-05 11:00:00,272.5,66.0
2017-07-05 12:00:00,280.25,66.9
2017-07-05 13:00:00,300.0,70.0
2017-07-05 14:00:00,319.25,70.0
2017-07-05 15:00:00,332.5,70.0
2017-07-05 16:00:00,338.0,70.0
2017-07-05 17:00:00,302.25,69.1
2017-07-05 18:00:00,275.6,66.9
2017-07-05 19:00:00,243.75,64.0
2017-07-05 20:00:00,211.75,61.0
2017-07-05 21:00:00,184.5,59.0
2017-07-05 22:00:00,181.5,57.9
2017-07-05 23:00:00,176.25,57.9
2017-07-06 00:00:00,161.5,57.9
2017-07-06 01:00:00,169.0,57.9
2017-07-06 02:00:00,152.0,57.9
2017-07-06 03:00:00,154.3,57.0
2017-07-06 04:00:00,164.14,55.9
2017-07-06 05:00:00,219.5,57.9
2017-07-06 06:00:00,252.5,59.0
2017-07-06 07:00:00,261.25,60.1
2017-07-06 08:00:00,299.5,62.1
2017-07-06 09:00:00,290.0,64.9
2017-07-06 10:00:00,305.75,66.0
2017-07-06 11:00:00,313.0,68.0
2017-07-06 12:00:00,319.0,72.0
2017-07-06 13:00:00,332.25,71.1
2017-07-06 14:00:00,330.5,73.9
2017-07-06 15:00:00,352.5,73.0
2017-07-06 16:00:00,320.0,73.0
2017-07-06 17:00:00,320.0,73.0
2017-07-06 18:00:00,297.75,70.0
2017-07-06 19:00:00,260.5,66.9
2017-07-06 20:00:00,234.25,63.0
2017-07-06 21:00:00,208.25,63.0
2017-07-06 22:00:00,207.25,62.1
2017-07-06 23:00:00,196.0,62.1
2017-07-07 00:00:00,174.75,61.0
2017-07-07 01:00:00,173.0,59.0
2017-07-07 02:00:00,178.25,59.0
2017-07-07 03:00:00,163.25,57.9
2017-07-07 04:00:00,173.25,59.0
2017-07-07 05:00:00,226.25,60.1
2017-07-07 06:00:00,249.25,61.0
2017-07-07 07:00:00,262.25,64.0
2017-07-07 08:00:00,314.0,66.9
2017-07-07 09:00:00,329.5,69.1
2017-07-07 10:00:00,329.0,71.1
2017-07-07 11:00:00,354.25,73.0
2017-07-07 12:00:00,346.5,81.0
2017-07-07 13:00:00,342.0,79.0
2017-07-07 14:00:00,335.5,79.0
2017-07-07 15:00:00,358.0,79.0
2017-07-07 16:00:00,342.25,79.0
2017-07-07 17:00:00,344.5,78.1
2017-07-07 18:00:00,306.25,75.0
2017-07-07 19:00:00,236.75,72.0
2017-07-07 20:00:00,256.0,68.0
2017-07-07 21:00:00,224.0,66.0
2017-07-07 22:00:00,214.0,64.9
2017-07-07 23:00:00,220.25,64.9
2017-07-08 00:00:00,191.75,64.0
2017-07-08 01:00:00,200.5,62.1
2017-07-08 02:00:00,169.75,64.0
2017-07-08 03:00:00,178.5,61.0
2017-07-08 04:00:00,180.75,60.1
2017-07-08 05:00:00,196.0,63.0
2017-07-08 06:00:00,228.0,64.0
2017-07-08 07:00:00,255.25,71.1
2017-07-08 08:00:00,279.75,72.0
2017-07-08 09:00:00,290.75,73.9
2017-07-08 10:00:00,292.25,77.0
2017-07-08 11:00:00,286.5,78.1
2017-07-08 12:00:00,283.5,75.9
2017-07-08 13:00:00,286.0,75.9
2017-07-08 14:00:00,275.75,75.0
2017-07-08 15:00:00,264.75,73.0
2017-07-08 16:00:00,260.75,71.1
2017-07-08 17:00:00,261.5,68.0
2017-07-08 18:00:00,254.0,66.9
2017-07-08 19:00:00,213.75,66.0
2017-07-08 20:00:00,210.2,63.0
2017-07-08 21:00:00,211.5,63.0
2017-07-08 22:00:00,173.25,61.0
2017-07-08 23:00:00,170.0,59.0
2017-07-09 00:00:00,172.0,57.9
2017-07-09 01:00:00,165.5,57.0
2017-07-09 02:00:00,166.0,57.0
2017-07-09 03:00:00,149.5,57.0
2017-07-09 04:00:00,161.75,55.9
2017-07-09 05:00:00,177.0,57.0
2017-07-09 06:00:00,207.75,57.0
2017-07-09 07:00:00,239.75,57.9
2017-07-09 08:00:00,248.75,60.1
2017-07-09 09:00:00,252.75,62.1
2017-07-09 10:00:00,235.0,64.0
2017-07-09 11:00:00,247.75,66.0
2017-07-09 12:00:00,263.25,68.0
2017-07-09 13:00:00,257.25,70.0
2017-07-09 14:00:00,252.25,73.0
2017-07-09 15:00:00,266.0,71.1
2017-07-09 16:00:00,260.25,69.1
2017-07-09 17:00:00,255.75,68.0
2017-07-09 18:00:00,230.25,66.0
2017-07-09 19:00:00,219.25,64.0
2017-07-09 20:00:00,218.0,62.1
2017-07-09 21:00:00,175.0,60.1
2017-07-09 22:00:00,178.0,60.1
2017-07-09 23:00:00,154.5,59.0
2017-07-10 00:00:00,165.25,57.0
2017-07-10 01:00:00,147.25,57.0
2017-07-10 02:00:00,150.5,57.0
2017-07-10 03:00:00,164.75,55.9
2017-07-10 04:00:00,151.25,55.9
2017-07-10 05:00:00,224.5,55.9
2017-07-10 06:00:00,249.25,60.1
2017-07-10 07:00:00,290.25,61.0
2017-07-10 08:00:00,332.0,64.0
2017-07-10 09:00:00,349.5,64.9
2017-07-10 10:00:00,354.5,68.0
2017-07-10 11:00:00,378.0,70.0
2017-07-10 12:00:00,355.75,70.0
2017-07-10 13:00:00,370.5,70.0
2017-07-10 14:00:00,364.5,68.0
2017-07-10 15:00:00,346.25,66.0
2017-07-10 16:00:00,320.75,66.9
2017-07-10 17:00:00,310.5,66.0
2017-07-10 18:00:00,284.25,64.9
2017-07-10 19:00:00,217.25,63.0
2017-07-10 20:00:00,215.5,61.0
2017-07-10 21:00:00,197.0,60.1
2017-07-10 22:00:00,184.25,60.1
2017-07-10 23:00:00,189.75,60.1
2017-07-11 00:00:00,174.75,59.0
2017-07-11 01:00:00,163.5,59.0
2017-07-11 02:00:00,158.0,60.1
2017-07-11 03:00:00,151.45,55.9
2017-07-11 04:00:00,162.23,55.0
2017-07-11 05:00:00,229.5,59.0
2017-07-11 06:00:00,236.0,59.0
2017-07-11 07:00:00,284.25,61.0
2017-07-11 08:00:00,334.75,63.0
2017-07-11 09:00:00,327.75,64.9
2017-07-11 10:00:00,343.75,66.9
2017-07-11 11:00:00,342.0,69.1
2017-07-11 12:00:00,344.0,70.0
2017-07-11 13:00:00,356.0,71.1
2017-07-11 14:00:00,318.5,73.0
2017-07-11 15:00:00,330.5,72.0
2017-07-11 16:00:00,332.25,68.0
2017-07-11 17:00:00,318.25,68.0
2017-07-11 18:00:00,267.5,64.9
2017-07-11 19:00:00,226.5,62.1
2017-07-11 20:00:00,216.5,60.1
2017-07-11 21:00:00,186.75,60.1
2017-07-11 22:00:00,201.0,60.1
2017-07-11 23:00:00,181.0,59.0
2017-07-12 00:00:00,171.75,57.9
2017-07-12 01:00:00,158.75,57.9
2017-07-12 02:00:00,150.5,57.9
2017-07-12 03:00:00,163.0,60.1
2017-07-12 04:00:00,160.75,57.9
2017-07-12 05:00:00,220.0,57.0
2017-07-12 06:00:00,264.25,57.9
2017-07-12 07:00:00,295.25,63.0
2017-07-12 08:00:00,351.5,64.9
2017-07-12 09:00:00,357.75,66.0
2017-07-12 10:00:00,349.75,66.9
2017-07-12 11:00:00,358.75,69.1
2017-07-12 12:00:00,384.22,69.1
2017-07-12 13:00:00,351.0,70.0
2017-07-12 14:00:00,342.5,68.0
2017-07-12 15:00:00,325.0,68.0
2017-07-12 16:00:00,318.25,66.0
2017-07-12 17:00:00,308.75,64.9
2017-07-12 18:00:00,271.5,63.0
2017-07-12 19:00:00,223.75,61.0
2017-07-12 20:00:00,209.25,59.0
2017-07-12 21:00:00,207.25,57.9
2017-07-12 22:00:00,179.75,57.9
2017-07-12 23:00:00,192.0,57.9
2017-07-13 00:00:00,150.5,57.0
2017-07-13 01:00:00,147.0,57.9
2017-07-13 02:00:00,141.25,57.0
2017-07-13 03:00:00,153.0,57.0
2017-07-13 04:00:00,165.5,57.9
2017-07-13 05:00:00,226.0,59.0
2017-07-13 06:00:00,279.5,59.0
2017-07-13 07:00:00,290.75,60.1
2017-07-13 08:00:00,326.0,62.1
2017-07-13 09:00:00,338.75,63.0
2017-07-13 10:00:00,350.49,68.0
2017-07-13 11:00:00,350.99,72.0
2017-07-13 12:00:00,347.02,69.1
2017-07-13 13:00:00,356.89,68.0
2017-07-13 14:00:00,332.6,68.0
2017-07-13 15:00:00,341.52,66.9
2017-07-13 16:00:00,330.5,70.0
2017-07-13 17:00:00,304.19,66.9
2017-07-13 18:00:00,276.06,64.9
2017-07-13 19:00:00,242.8,62.1
2017-07-13 20:00:00,214.71,60.1
2017-07-13 21:00:00,195.01,60.1
2017-07-13 22:00:00,184.79,59.0
2017-07-13 23:00:00,187.72,57.9
2017-07-14 00:00:00,161.0,57.9
2017-07-14 01:00:00,158.0,59.0
2017-07-14 02:00:00,150.25,59.0
2017-07-14 03:00:00,155.0,59.0
2017-07-14 04:00:00,158.75,59.0
2017-07-14 05:00:00,226.75,60.1
2017-07-14 06:00:00,270.5,60.1
2017-07-14 07:00:00,284.5,61.0
2017-07-14 08:00:00,324.25,63.0
2017-07-14 09:00:00,343.0,66.0
2017-07-14 10:00:00,335.0,68.0
2017-07-14 11:00:00,356.5,72.0
2017-07-14 12:00:00,359.5,75.0
2017-07-14 13:00:00,327.25,73.0
2017-07-14 14:00:00,310.5,72.0
2017-07-14 15:00:00,316.25,71.1
2017-07-14 16:00:00,325.5,69.1
2017-07-14 17:00:00,319.5,66.9
2017-07-14 18:00:00,256.25,64.0
2017-07-14 19:00:00,218.75,62.1
2017-07-14 20:00:00,204.0,60.1
2017-07-14 21:00:00,194.5,59.0
2017-07-14 22:00:00,172.25,59.0
2017-07-14 23:00:00,196.0,59.0
2017-07-15 00:00:00,152.0,59.0
2017-07-15 01:00:00,158.0,57.9
2017-07-15 02:00:00,165.0,57.9
2017-07-15 03:00:00,162.75,57.0
2017-07-15 04:00:00,134.25,57.0
2017-07-15 05:00:00,180.0,57.0
2017-07-15 06:00:00,219.0,59.0
2017-07-15 07:00:00,220.25,64.0
2017-07-15 08:00:00,242.0,64.9
2017-07-15 09:00:00,257.0,66.9
2017-07-15 10:00:00,255.0,71.1
2017-07-15 11:00:00,259.5,73.0
2017-07-15 12:00:00,275.0,80.1
2017-07-15 13:00:00,261.0,82.9
2017-07-15 14:00:00,275.75,84.0
2017-07-15 15:00:00,290.25,82.9
2017-07-15 16:00:00,299.75,79.0
2017-07-15 17:00:00,259.75,75.0
2017-07-15 18:00:00,245.5,73.9
2017-07-15 19:00:00,202.0,70.0
2017-07-15 20:00:00,210.75,66.9
2017-07-15 21:00:00,172.75,64.9
2017-07-15 22:00:00,177.0,64.9
2017-07-15 23:00:00,146.75,64.0
2017-07-16 00:00:00,175.5,63.0
2017-07-16 01:00:00,155.25,64.0
2017-07-16 02:00:00,175.5,63.0
2017-07-16 03:00:00,160.0,62.1
2017-07-16 04:00:00,154.5,63.0
2017-07-16 05:00:00,183.25,60.1
2017-07-16 06:00:00,194.0,64.0
2017-07-16 07:00:00,232.75,70.0
2017-07-16 08:00:00,277.5,72.0
2017-07-16 09:00:00,268.0,73.9
2017-07-16 10:00:00,271.25,78.1
2017-07-16 11:00:00,268.75,82.9
2017-07-16 12:00:00,275.25,82.9
2017-07-16 13:00:00,273.0,82.0
2017-07-16 14:00:00,292.25,82.9
2017-07-16 15:00:00,300.25,84.0
2017-07-16 16:00:00,306.75,81.0
2017-07-16 17:00:00,260.5,75.9
2017-07-16 18:00:00,252.5,73.9
2017-07-16 19:00:00,249.75,71.1
2017-07-16 20:00:00,206.0,68.0
2017-07-16 21:00:00,199.0,66.0
2017-07-16 22:00:00,196.25,64.9
2017-07-16 23:00:00,194.5,66.0
2017-07-17 00:00:00,185.25,63.0
2017-07-17 01:00:00,189.25,62.1
2017-07-17 02:00:00,182.5,60.1
2017-07-17 03:00:00,184.25,61.0
2017-07-17 04:00:00,186.5,60.1
2017-07-17 05:00:00,239.75,60.1
2017-07-17 06:00:00,264.25,61.0
2017-07-17 07:00:00,299.25,64.0
2017-07-17 08:00:00,327.25,66.9
2017-07-17 09:00:00,330.75,69.1
2017-07-17 10:00:00,349.75,70.0
2017-07-17 11:00:00,380.25,70.0
2017-07-17 12:00:00,367.25,71.1
2017-07-17 13:00:00,365.73,73.0
2017-07-17 14:00:00,344.3,73.0
2017-07-17 15:00:00,353.0,73.9
2017-07-17 16:00:00,343.5,72.0
2017-07-17 17:00:00,335.0,70.0
2017-07-17 18:00:00,295.0,68.0
2017-07-17 19:00:00,268.75,64.9
2017-07-17 20:00:00,241.25,63.0
2017-07-17 21:00:00,200.25,62.1
2017-07-17 22:00:00,202.0,62.1
2017-07-17 23:00:00,185.25,60.1
2017-07-18 00:00:00,174.75,60.1
2017-07-18 01:00:00,169.0,59.0
2017-07-18 02:00:00,160.75,57.9
2017-07-18 03:00:00,160.75,57.0
2017-07-18 04:00:00,175.0,57.0
2017-07-18 05:00:00,231.25,57.0
2017-07-18 06:00:00,259.75,57.0
2017-07-18 07:00:00,285.75,57.9
2017-07-18 08:00:00,325.5,60.1
2017-07-18 09:00:00,330.0,61.0
2017-07-18 10:00:00,312.5,63.0
2017-07-18 11:00:00,349.75,63.0
2017-07-18 12:00:00,347.75,64.0
2017-07-18 13:00:00,355.0,66.9
2017-07-18 14:00:00,340.5,68.0
2017-07-18 15:00:00,343.0,68.0
2017-07-18 16:00:00,333.0,69.1
2017-07-18 17:00:00,314.0,66.0
2017-07-18 18:00:00,290.5,64.9
2017-07-18 19:00:00,232.5,63.0
2017-07-18 20:00:00,234.0,62.1
2017-07-18 21:00:00,210.5,60.1
2017-07-18 22:00:00,196.25,60.1
2017-07-18 23:00:00,183.0,60.1
2017-07-19 00:00:00,171.5,60.1
2017-07-19 01:00:00,169.5,60.1
2017-07-19 02:00:00,160.75,59.0
2017-07-19 03:00:00,153.75,57.0
2017-07-19 04:00:00,180.75,57.9
2017-07-19 05:00:00,228.0,59.0
2017-07-19 06:00:00,291.0,59.0
2017-07-19 07:00:00,286.5,60.1
2017-07-19 08:00:00,338.0,61.0
2017-07-19 09:00:00,326.0,64.0
2017-07-19 10:00:00,369.5,64.9
2017-07-19 11:00:00,357.75,66.9
2017-07-19 12:00:00,367.5,69.1
2017-07-19 13:00:00,380.25,71.1
2017-07-19 14:00:00,365.25,71.1
2017-07-19 15:00:00,354.25,71.1
2017-07-19 16:00:00,338.0,70.0
2017-07-19 17:00:00,324.5,68.0
2017-07-19 18:00:00,307.8,64.9
2017-07-19 19:00:00,239.25,63.0
2017-07-19 20:00:00,227.0,61.0
2017-07-19 21:00:00,210.25,60.1
2017-07-19 22:00:00,186.0,61.0
2017-07-19 23:00:00,192.25,57.9
2017-07-20 00:00:00,187.5,57.9
2017-07-20 01:00:00,176.25,61.0
2017-07-20 02:00:00,165.75,60.1
2017-07-20 03:00:00,169.75,60.1
2017-07-20 04:00:00,167.25,60.1
2017-07-20 05:00:00,226.25,60.1
2017-07-20 06:00:00,269.25,60.1
2017-07-20 07:00:00,298.75,60.1
2017-07-20 08:00:00,324.75,61.0
2017-07-20 09:00:00,343.75,63.0
2017-07-20 10:00:00,352.0,64.0
2017-07-20 11:00:00,375.75,64.9
2017-07-20 12:00:00,365.5,66.0
2017-07-20 13:00:00,383.11,69.1
2017-07-20 14:00:00,352.38,70.0
2017-07-20 15:00:00,352.63,69.1
2017-07-20 16:00:00,362.95,69.1
2017-07-20 17:00:00,329.74,68.0
2017-07-20 18:00:00,297.8,66.9
2017-07-20 19:00:00,247.0,64.0
2017-07-20 20:00:00,240.5,61.0
2017-07-20 21:00:00,202.0,61.0
2017-07-20 22:00:00,192.25,60.1
2017-07-20 23:00:00,192.75,61.0
2017-07-21 00:00:00,188.0,57.9
2017-07-21 01:00:00,149.0,57.0
2017-07-21 02:00:00,164.5,57.9
2017-07-21 03:00:00,159.0,59.0
2017-07-21 04:00:00,168.75,59.0
2017-07-21 05:00:00,234.0,57.9
2017-07-21 06:00:00,284.5,60.1
2017-07-21 07:00:00,299.25,60.1
2017-07-21 08:00:00,324.0,62.1
2017-07-21 09:00:00,343.5,64.9
2017-07-21 10:00:00,372.5,64.9
2017-07-21 11:00:00,358.5,68.0
2017-07-21 12:00:00,391.0,70.0
2017-07-21 13:00:00,357.75,72.0
2017-07-21 14:00:00,335.75,73.0
2017-07-21 15:00:00,333.75,72.0
2017-07-21 16:00:00,323.75,70.0
2017-07-21 17:00:00,319.0,68.0
2017-07-21 18:00:00,274.25,66.0
2017-07-21 19:00:00,225.0,63.0
2017-07-21 20:00:00,239.5,62.1
2017-07-21 21:00:00,222.25,62.1
2017-07-21 22:00:00,199.25,59.0
2017-07-21 23:00:00,192.25,61.0
2017-07-22 00:00:00,173.25,61.0
2017-07-22 01:00:00,191.0,60.1
2017-07-22 02:00:00,168.0,57.0
2017-07-22 03:00:00,172.0,57.9
2017-07-22 04:00:00,182.25,57.0
2017-07-22 05:00:00,201.5,57.0
2017-07-22 06:00:00,232.5,57.9
2017-07-22 07:00:00,237.0,64.0
2017-07-22 08:00:00,256.0,66.0
2017-07-22 09:00:00,272.0,68.0
2017-07-22 10:00:00,263.0,69.1
2017-07-22 11:00:00,285.75,72.0
2017-07-22 12:00:00,282.5,77.0
2017-07-22 13:00:00,285.5,80.1
2017-07-22 14:00:00,277.5,79.0
2017-07-22 15:00:00,271.5,81.0
2017-07-22 16:00:00,276.25,80.1
2017-07-22 17:00:00,253.0,82.0
2017-07-22 18:00:00,255.25,75.9
2017-07-22 19:00:00,257.0,71.1
2017-07-22 20:00:00,239.0,68.0
2017-07-22 21:00:00,221.0,66.9
2017-07-22 22:00:00,213.5,64.9
2017-07-22 23:00:00,188.25,64.0
2017-07-23 00:00:00,169.25,64.0
2017-07-23 01:00:00,162.0,62.1
2017-07-23 02:00:00,158.75,62.1
2017-07-23 03:00:00,170.5,62.1
2017-07-23 04:00:00,176.25,60.1
2017-07-23 05:00:00,208.75,60.1
2017-07-23 06:00:00,238.75,61.0
2017-07-23 07:00:00,242.25,64.9
2017-07-23 08:00:00,256.0,66.9
2017-07-23 09:00:00,261.5,69.1
2017-07-23 10:00:00,255.25,69.1
2017-07-23 11:00:00,271.0,71.1
2017-07-23 12:00:00,266.25,72.0
2017-07-23 13:00:00,256.75,72.0
2017-07-23 14:00:00,265.0,71.1
2017-07-23 15:00:00,271.0,70.0
2017-07-23 16:00:00,269.75,70.0
2017-07-23 17:00:00,241.25,66.9
2017-07-23 18:00:00,248.25,64.9
2017-07-23 19:00:00,211.25,61.0
2017-07-23 20:00:00,219.5,60.1
2017-07-23 21:00:00,208.0,60.1
2017-07-23 22:00:00,196.75,59.0
2017-07-23 23:00:00,181.25,59.0
2017-07-24 00:00:00,154.75,59.0
2017-07-24 01:00:00,158.5,57.0
2017-07-24 02:00:00,160.0,57.0
2017-07-24 03:00:00,157.75,57.9
2017-07-24 04:00:00,177.5,60.1
2017-07-24 05:00:00,249.5,60.1
2017-07-24 06:00:00,290.5,60.1
2017-07-24 07:00:00,285.0,62.1
2017-07-24 08:00:00,331.5,64.0
2017-07-24 09:00:00,339.75,64.9
2017-07-24 10:00:00,345.25,69.1
2017-07-24 11:00:00,350.52,72.0
2017-07-24 12:00:00,359.57,73.9
2017-07-24 13:00:00,374.83,73.9
2017-07-24 14:00:00,350.6,73.9
2017-07-24 15:00:00,344.8,73.9
2017-07-24 16:00:00,338.15,72.0
2017-07-24 17:00:00,322.81,71.1
2017-07-24 18:00:00,303.2,66.9
2017-07-24 19:00:00,244.0,66.0
2017-07-24 20:00:00,245.25,63.0
2017-07-24 21:00:00,231.0,62.1
2017-07-24 22:00:00,216.25,61.0
2017-07-24 23:00:00,199.0,61.0
2017-07-25 00:00:00,191.25,60.1
2017-07-25 01:00:00,147.25,60.1
2017-07-25 02:00:00,177.5,59.0
2017-07-25 03:00:00,162.5,57.9
2017-07-25 04:00:00,191.0,61.0
2017-07-25 05:00:00,260.57,62.1
2017-07-25 06:00:00,305.17,63.0
2017-07-25 07:00:00,305.0,64.0
2017-07-25 08:00:00,322.25,66.0
2017-07-25 09:00:00,351.5,66.9
2017-07-25 10:00:00,377.0,72.0
2017-07-25 11:00:00,346.75,70.0
2017-07-25 12:00:00,374.5,70.0
2017-07-25 13:00:00,376.25,71.1
2017-07-25 14:00:00,359.25,71.1
2017-07-25 15:00:00,343.75,71.1
2017-07-25 16:00:00,344.0,69.1
2017-07-25 17:00:00,325.25,66.9
2017-07-25 18:00:00,287.5,64.9
2017-07-25 19:00:00,280.5,63.0
2017-07-25 20:00:00,243.5,61.0
2017-07-25 21:00:00,229.25,60.1
2017-07-25 22:00:00,203.75,59.0
2017-07-25 23:00:00,190.5,59.0
2017-07-26 00:00:00,190.5,57.9
2017-07-26 01:00:00,159.5,57.9
2017-07-26 02:00:00,173.25,57.9
2017-07-26 03:00:00,163.25,57.9
2017-07-26 04:00:00,184.75,59.0
2017-07-26 05:00:00,276.5,60.1
2017-07-26 06:00:00,297.75,59.0
2017-07-26 07:00:00,297.0,59.0
2017-07-26 08:00:00,347.75,59.0
2017-07-26 09:00:00,331.75,61.0
2017-07-26 10:00:00,344.5,62.1
2017-07-26 11:00:00,376.75,64.9
2017-07-26 12:00:00,372.5,66.0
2017-07-26 13:00:00,390.0,69.1
2017-07-26 14:00:00,352.0,70.0
2017-07-26 15:00:00,356.25,69.1
2017-07-26 16:00:00,346.0,68.0
2017-07-26 17:00:00,337.5,66.0
2017-07-26 18:00:00,275.75,64.0
2017-07-26 19:00:00,240.25,62.1
2017-07-26 20:00:00,250.75,59.0
2017-07-26 21:00:00,231.5,57.9
2017-07-26 22:00:00,218.25,57.0
2017-07-26 23:00:00,208.5,57.9
2017-07-27 00:00:00,182.75,57.0
2017-07-27 01:00:00,160.0,55.9
2017-07-27 02:00:00,154.5,55.9
2017-07-27 03:00:00,163.0,57.0
2017-07-27 04:00:00,175.75,55.9
2017-07-27 05:00:00,224.5,55.9
2017-07-27 06:00:00,255.75,55.9
2017-07-27 07:00:00,271.5,57.0
2017-07-27 08:00:00,273.75,57.9
2017-07-27 09:00:00,275.5,61.0
2017-07-27 10:00:00,286.0,63.0
2017-07-27 11:00:00,323.25,66.9
2017-07-27 12:00:00,330.5,71.1
2017-07-27 13:00:00,368.25,75.0
2017-07-27 14:00:00,356.25,73.9
2017-07-27 15:00:00,352.5,72.0
2017-07-27 16:00:00,366.25,70.0
2017-07-27 17:00:00,348.75,68.0
2017-07-27 18:00:00,302.0,66.9
2017-07-27 19:00:00,254.5,64.0
2017-07-27 20:00:00,264.75,62.1
2017-07-27 21:00:00,232.0,61.0
2017-07-27 22:00:00,225.25,61.0
2017-07-27 23:00:00,205.5,60.1
2017-07-28 00:00:00,175.25,57.9
2017-07-28 01:00:00,167.5,57.9
2017-07-28 02:00:00,160.5,57.0
2017-07-28 03:00:00,164.75,57.0
2017-07-28 04:00:00,184.75,57.0
2017-07-28 05:00:00,231.0,57.0
2017-07-28 06:00:00,252.25,55.9
2017-07-28 07:00:00,278.5,57.0
2017-07-28 08:00:00,306.25,57.9
2017-07-28 09:00:00,321.25,60.1
2017-07-28 10:00:00,311.25,63.0
2017-07-28 11:00:00,312.0,64.9
2017-07-28 12:00:00,336.25,64.0
2017-07-28 13:00:00,353.25,66.9
2017-07-28 14:00:00,343.0,64.9
2017-07-28 15:00:00,336.0,64.9
2017-07-28 16:00:00,316.75,64.0
2017-07-28 17:00:00,325.25,63.0
2017-07-28 18:00:00,295.5,61.0
2017-07-28 19:00:00,228.5,59.0
2017-07-28 20:00:00,227.25,59.0
2017-07-28 21:00:00,206.75,57.0
2017-07-28 22:00:00,211.25,57.0
2017-07-28 23:00:00,199.25,57.0
2017-07-29 00:00:00,176.75,55.0
2017-07-29 01:00:00,173.25,55.0
2017-07-29 02:00:00,182.0,57.9
2017-07-29 03:00:00,165.75,55.0
2017-07-29 04:00:00,183.0,55.9
2017-07-29 05:00:00,213.47,57.9
2017-07-29 06:00:00,245.57,57.0
2017-07-29 07:00:00,260.25,59.0
2017-07-29 08:00:00,272.5,60.1
2017-07-29 09:00:00,265.75,61.0
2017-07-29 10:00:00,261.5,63.0
2017-07-29 11:00:00,280.0,63.0
2017-07-29 12:00:00,270.75,64.9
2017-07-29 13:00:00,298.25,64.0
2017-07-29 14:00:00,277.2,66.0
2017-07-29 15:00:00,279.5,64.0
2017-07-29 16:00:00,278.0,63.0
2017-07-29 17:00:00,264.5,63.0
2017-07-29 18:00:00,233.25,59.0
2017-07-29 19:00:00,226.75,57.0
2017-07-29 20:00:00,225.75,55.0
2017-07-29 21:00:00,207.0,55.0
2017-07-29 22:00:00,216.5,55.9
2017-07-29 23:00:00,189.5,55.0
2017-07-30 00:00:00,173.25,55.0
2017-07-30 01:00:00,167.0,55.9
2017-07-30 02:00:00,157.75,55.9
2017-07-30 03:00:00,160.5,55.9
2017-07-30 04:00:00,173.0,57.0
2017-07-30 05:00:00,197.25,57.0
2017-07-30 06:00:00,242.0,57.0
2017-07-30 07:00:00,239.0,57.0
2017-07-30 08:00:00,241.25,57.9
2017-07-30 09:00:00,242.0,60.1
2017-07-30 10:00:00,250.5,62.1
2017-07-30 11:00:00,277.25,66.0
2017-07-30 12:00:00,299.5,69.1
2017-07-30 13:00:00,285.75,66.9
2017-07-30 14:00:00,308.25,69.1
2017-07-30 15:00:00,326.0,70.0
2017-07-30 16:00:00,316.0,68.0
2017-07-30 17:00:00,311.5,66.9
2017-07-30 18:00:00,320.25,64.0
2017-07-30 19:00:00,276.25,61.0
2017-07-30 20:00:00,267.5,59.0
2017-07-30 21:00:00,232.25,57.9
2017-07-30 22:00:00,218.25,57.9
2017-07-30 23:00:00,193.0,57.9
2017-07-31 00:00:00,163.0,57.9
2017-07-31 01:00:00,178.0,57.9
2017-07-31 02:00:00,170.5,57.9
2017-07-31 03:00:00,158.5,57.9
2017-07-31 04:00:00,181.75,57.0
2017-07-31 05:00:00,264.25,57.0
2017-07-31 06:00:00,312.75,57.0
2017-07-31 07:00:00,342.0,57.9
2017-07-31 08:00:00,365.0,59.0
2017-07-31 09:00:00,384.25,62.1
2017-07-31 10:00:00,358.0,64.0
2017-07-31 11:00:00,352.5,64.0
2017-07-31 12:00:00,381.0,68.0
2017-07-31 13:00:00,406.5,69.1
2017-07-31 14:00:00,416.25,69.1
2017-07-31 15:00:00,382.25,69.1
2017-07-31 16:00:00,359.0,68.0
2017-07-31 17:00:00,366.75,66.0
2017-07-31 18:00:00,354.75,62.1
2017-07-31 19:00:00,339.25,60.1
2017-07-31 20:00:00,279.0,57.9
2017-07-31 21:00:00,251.0,57.0
2017-07-31 22:00:00,221.25,57.0
2017-07-31 23:00:00,177.8,57.0
2017-08-01 00:00:00,178.62,55.9
2017-08-01 01:00:00,181.0,55.9
2017-08-01 02:00:00,165.25,55.0
2017-08-01 03:00:00,162.0,55.9
2017-08-01 04:00:00,180.5,55.0
2017-08-01 05:00:00,284.5,54.0
2017-08-01 06:00:00,296.25,55.0
2017-08-01 07:00:00,327.25,59.0
2017-08-01 08:00:00,340.75,60.1
2017-08-01 09:00:00,369.75,62.1
2017-08-01 10:00:00,353.25,64.9
2017-08-01 11:00:00,391.25,68.0
2017-08-01 12:00:00,407.25,73.0
2017-08-01 13:00:00,412.25,73.9
2017-08-01 14:00:00,401.0,73.0
2017-08-01 15:00:00,393.5,73.0
2017-08-01 16:00:00,380.0,71.1
2017-08-01 17:00:00,377.0,69.1
2017-08-01 18:00:00,369.5,66.9
2017-08-01 19:00:00,331.25,64.0
2017-08-01 20:00:00,306.0,62.1
2017-08-01 21:00:00,247.0,62.1
2017-08-01 22:00:00,228.75,61.0
2017-08-01 23:00:00,195.5,61.0
2017-08-02 00:00:00,187.58,60.1
2017-08-02 01:00:00,185.81,60.1
2017-08-02 02:00:00,180.25,60.1
2017-08-02 03:00:00,191.5,59.0
2017-08-02 04:00:00,198.75,57.9
2017-08-02 05:00:00,258.75,59.0
2017-08-02 06:00:00,309.0,59.0
2017-08-02 07:00:00,350.0,61.0
2017-08-02 08:00:00,371.0,64.0
2017-08-02 09:00:00,371.2,68.0
2017-08-02 10:00:00,389.0,70.0
2017-08-02 11:00:00,422.25,73.0
2017-08-02 12:00:00,415.5,73.0
2017-08-02 13:00:00,431.0,75.9
2017-08-02 14:00:00,456.25,81.0
2017-08-02 15:00:00,403.25,82.9
2017-08-02 16:00:00,387.5,75.9
2017-08-02 17:00:00,385.25,72.0
2017-08-02 18:00:00,385.5,72.0
2017-08-02 19:00:00,316.5,66.0
2017-08-02 20:00:00,330.25,64.0
2017-08-02 21:00:00,278.0,62.1
2017-08-02 22:00:00,244.5,63.0
2017-08-02 23:00:00,222.75,63.0
2017-08-03 00:00:00,190.75,63.0
2017-08-03 01:00:00,192.0,64.9
2017-08-03 02:00:00,195.5,64.0
2017-08-03 03:00:00,189.0,64.9
2017-08-03 04:00:00,221.5,64.0
2017-08-03 05:00:00,296.25,64.0
2017-08-03 06:00:00,337.5,64.9
2017-08-03 07:00:00,374.0,66.9
2017-08-03 08:00:00,410.0,69.1
2017-08-03 09:00:00,418.75,72.0
2017-08-03 10:00:00,407.25,73.0
2017-08-03 11:00:00,471.5,73.9
2017-08-03 12:00:00,436.0,75.0
2017-08-03 13:00:00,417.0,70.0
2017-08-03 14:00:00,431.75,71.1
2017-08-03 15:00:00,407.75,72.0
2017-08-03 16:00:00,407.25,73.0
2017-08-03 17:00:00,421.5,72.0
2017-08-03 18:00:00,409.5,70.0
2017-08-03 19:00:00,353.0,68.0
2017-08-03 20:00:00,349.0,66.9
2017-08-03 21:00:00,289.24,70.0
2017-08-03 22:00:00,247.93,70.0
2017-08-03 23:00:00,218.25,71.1
2017-08-04 00:00:00,208.75,71.1
2017-08-04 01:00:00,193.0,71.1
2017-08-04 02:00:00,199.25,70.0
2017-08-04 03:00:00,205.5,70.0
2017-08-04 04:00:00,217.5,66.9
2017-08-04 05:00:00,304.25,69.1
2017-08-04 06:00:00,356.75,68.0
2017-08-04 07:00:00,384.5,66.9
2017-08-04 08:00:00,446.75,66.0
2017-08-04 09:00:00,447.25,66.9
2017-08-04 10:00:00,432.75,69.1
2017-08-04 11:00:00,445.75,69.1
2017-08-04 12:00:00,465.25,68.0
2017-08-04 13:00:00,457.75,68.0
2017-08-04 14:00:00,479.25,66.9
2017-08-04 15:00:00,410.75,66.9
2017-08-04 16:00:00,409.5,66.9
2017-08-04 17:00:00,433.75,73.0
2017-08-04 18:00:00,397.4,70.0
2017-08-04 19:00:00,361.5,66.9
2017-08-04 20:00:00,308.0,64.9
2017-08-04 21:00:00,266.0,64.0
2017-08-04 22:00:00,240.5,63.0
2017-08-04 23:00:00,198.5,62.1
2017-08-05 00:00:00,199.25,61.0
2017-08-05 01:00:00,179.25,61.0
2017-08-05 02:00:00,178.25,60.1
2017-08-05 03:00:00,178.25,60.1
2017-08-05 04:00:00,182.75,60.1
2017-08-05 05:00:00,247.5,60.1
2017-08-05 06:00:00,298.75,61.0
2017-08-05 07:00:00,329.25,62.1
2017-08-05 08:00:00,358.75,62.1
2017-08-05 09:00:00,353.25,63.0
2017-08-05 10:00:00,368.5,64.0
2017-08-05 11:00:00,361.75,66.9
2017-08-05 12:00:00,353.75,70.0
2017-08-05 13:00:00,363.75,71.1
2017-08-05 14:00:00,355.5,71.1
2017-08-05 15:00:00,370.2,70.0
2017-08-05 16:00:00,369.25,70.0
2017-08-05 17:00:00,377.0,66.9
2017-08-05 18:00:00,325.75,64.0
2017-08-05 19:00:00,300.5,62.1
2017-08-05 20:00:00,351.5,62.1
2017-08-05 21:00:00,305.25,62.1
2017-08-05 22:00:00,297.0,62.1
2017-08-05 23:00:00,226.0,61.0
2017-08-06 00:00:00,202.0,61.0
2017-08-06 01:00:00,177.0,61.0
2017-08-06 02:00:00,179.5,62.1
2017-08-06 03:00:00,184.25,61.0
2017-08-06 04:00:00,175.75,60.1
2017-08-06 05:00:00,230.5,60.1
2017-08-06 06:00:00,264.75,60.1
2017-08-06 07:00:00,260.0,62.1
2017-08-06 08:00:00,263.5,62.1
2017-08-06 09:00:00,267.75,63.0
2017-08-06 10:00:00,272.5,62.1
2017-08-06 11:00:00,292.25,64.9
2017-08-06 12:00:00,309.0,66.9
2017-08-06 13:00:00,316.75,69.1
2017-08-06 14:00:00,322.5,69.1
2017-08-06 15:00:00,325.25,69.1
2017-08-06 16:00:00,296.75,68.0
2017-08-06 17:00:00,297.75,66.0
2017-08-06 18:00:00,272.25,64.0
2017-08-06 19:00:00,242.25,63.0
2017-08-06 20:00:00,273.5,62.1
2017-08-06 21:00:00,217.0,61.0
2017-08-06 22:00:00,208.25,62.1
2017-08-06 23:00:00,192.25,62.1
2017-08-07 00:00:00,176.25,62.1
2017-08-07 01:00:00,167.5,62.1
2017-08-07 02:00:00,173.75,62.1
2017-08-07 03:00:00,171.75,62.1
2017-08-07 04:00:00,192.75,62.1
2017-08-07 05:00:00,287.5,61.0
2017-08-07 06:00:00,304.8,61.0
2017-08-07 07:00:00,345.0,62.1
2017-08-07 08:00:00,374.0,62.1
2017-08-07 09:00:00,371.25,63.0
2017-08-07 10:00:00,374.75,63.0
2017-08-07 11:00:00,400.5,64.0
2017-08-07 12:00:00,415.0,66.9
2017-08-07 13:00:00,434.5,66.9
2017-08-07 14:00:00,408.25,69.1
2017-08-07 15:00:00,398.0,69.1
2017-08-07 16:00:00,395.0,66.9
2017-08-07 17:00:00,438.25,66.0
2017-08-07 18:00:00,428.0,64.9
2017-08-07 19:00:00,349.75,63.0
2017-08-07 20:00:00,305.5,62.1
2017-08-07 21:00:00,278.0,62.1
2017-08-07 22:00:00,256.25,61.0
2017-08-07 23:00:00,207.25,61.0
2017-08-08 00:00:00,192.75,61.0
2017-08-08 01:00:00,176.0,61.0
2017-08-08 02:00:00,180.75,60.1
2017-08-08 03:00:00,182.25,59.0
2017-08-08 04:00:00,212.5,59.0
2017-08-08 05:00:00,297.5,59.0
2017-08-08 06:00:00,311.0,59.0
2017-08-08 07:00:00,363.0,59.0
2017-08-08 08:00:00,372.5,60.1
2017-08-08 09:00:00,389.5,61.0
2017-08-08 10:00:00,378.0,62.1
2017-08-08 11:00:00,379.25,64.0
2017-08-08 12:00:00,412.75,66.0
2017-08-08 13:00:00,420.25,66.9
2017-08-08 14:00:00,422.75,68.0
2017-08-08 15:00:00,398.25,66.9
2017-08-08 16:00:00,386.5,66.0
2017-08-08 17:00:00,390.5,64.9
2017-08-08 18:00:00,388.0,63.0
2017-08-08 19:00:00,350.25,61.0
2017-08-08 20:00:00,309.25,61.0
2017-08-08 21:00:00,263.25,60.1
2017-08-08 22:00:00,235.0,60.1
2017-08-08 23:00:00,203.75,60.1
2017-08-09 00:00:00,191.25,59.0
2017-08-09 01:00:00,175.75,59.0
2017-08-09 02:00:00,177.5,59.0
2017-08-09 03:00:00,175.0,57.9
2017-08-09 04:00:00,198.5,57.9
2017-08-09 05:00:00,278.25,57.9
2017-08-09 06:00:00,309.25,57.9
2017-08-09 07:00:00,364.75,57.9
2017-08-09 08:00:00,360.5,59.0
2017-08-09 09:00:00,356.25,59.0
2017-08-09 10:00:00,357.0,60.1
2017-08-09 11:00:00,363.75,61.0
2017-08-09 12:00:00,368.5,62.1
2017-08-09 13:00:00,393.0,63.0
2017-08-09 14:00:00,395.5,64.9
2017-08-09 15:00:00,385.75,64.0
2017-08-09 16:00:00,396.75,64.9
2017-08-09 17:00:00,370.75,63.0
2017-08-09 18:00:00,386.4,62.1
2017-08-09 19:00:00,312.25,62.1
2017-08-09 20:00:00,314.5,61.0
2017-08-09 21:00:00,274.0,61.0
2017-08-09 22:00:00,239.5,61.0
2017-08-09 23:00:00,217.0,60.1
2017-08-10 00:00:00,182.75,60.1
2017-08-10 01:00:00,173.25,60.1
2017-08-10 02:00:00,161.75,60.1
2017-08-10 03:00:00,179.5,59.0
2017-08-10 04:00:00,185.75,59.0
2017-08-10 05:00:00,271.25,59.0
2017-08-10 06:00:00,312.5,59.0
2017-08-10 07:00:00,362.0,59.0
2017-08-10 08:00:00,346.0,59.0
2017-08-10 09:00:00,366.75,60.1
2017-08-10 10:00:00,389.25,61.0
2017-08-10 11:00:00,393.68,63.0
2017-08-10 12:00:00,411.2,64.0
2017-08-10 13:00:00,425.5,64.9
2017-08-10 14:00:00,435.25,66.9
2017-08-10 15:00:00,424.5,66.9
2017-08-10 16:00:00,446.5,66.0
2017-08-10 17:00:00,418.0,64.9
2017-08-10 18:00:00,355.0,62.1
2017-08-10 19:00:00,334.25,60.1
2017-08-10 20:00:00,295.0,60.1
2017-08-10 21:00:00,265.5,60.1
2017-08-10 22:00:00,239.0,60.1
2017-08-10 23:00:00,229.5,59.0
2017-08-11 00:00:00,181.5,59.0
2017-08-11 01:00:00,183.0,59.0
2017-08-11 02:00:00,181.5,59.0
2017-08-11 03:00:00,162.25,57.9
2017-08-11 04:00:00,194.25,57.9
2017-08-11 05:00:00,299.5,57.9
2017-08-11 06:00:00,305.25,57.9
2017-08-11 07:00:00,340.75,57.9
2017-08-11 08:00:00,328.0,59.0
2017-08-11 09:00:00,374.75,59.0
2017-08-11 10:00:00,364.0,61.0
2017-08-11 11:00:00,391.5,63.0
2017-08-11 12:00:00,385.5,66.0
2017-08-11 13:00:00,409.75,68.0
2017-08-11 14:00:00,422.0,68.0
2017-08-11 15:00:00,394.75,66.9
2017-08-11 16:00:00,399.4,66.0
2017-08-11 17:00:00,388.5,66.0
2017-08-11 18:00:00,378.4,64.0
2017-08-11 19:00:00,324.0,62.1
2017-08-11 20:00:00,284.0,61.0
2017-08-11 21:00:00,260.75,60.1
2017-08-11 22:00:00,237.25,60.1
2017-08-11 23:00:00,200.25,60.1
2017-08-12 00:00:00,184.0,60.1
2017-08-12 01:00:00,180.25,60.1
2017-08-12 02:00:00,183.75,60.1
2017-08-12 03:00:00,177.0,59.0
2017-08-12 04:00:00,214.5,57.9
2017-08-12 05:00:00,285.5,57.9
2017-08-12 06:00:00,313.5,57.9
2017-08-12 07:00:00,345.0,57.9
2017-08-12 08:00:00,335.0,60.1
2017-08-12 09:00:00,346.0,57.9
2017-08-12 10:00:00,321.0,59.0
2017-08-12 11:00:00,321.25,60.1
2017-08-12 12:00:00,353.0,62.1
2017-08-12 13:00:00,345.25,64.0
2017-08-12 14:00:00,361.0,64.9
2017-08-12 15:00:00,331.75,64.9
2017-08-12 16:00:00,331.75,63.0
2017-08-12 17:00:00,300.5,62.1
2017-08-12 18:00:00,288.0,61.0
2017-08-12 19:00:00,252.25,60.1
2017-08-12 20:00:00,242.25,60.1
2017-08-12 21:00:00,222.0,59.0
2017-08-12 22:00:00,221.25,57.9
2017-08-12 23:00:00,217.75,59.0
2017-08-13 00:00:00,187.5,59.0
2017-08-13 01:00:00,190.0,59.0
2017-08-13 02:00:00,192.0,57.9
2017-08-13 03:00:00,174.0,57.0
2017-08-13 04:00:00,182.25,57.0
2017-08-13 05:00:00,221.5,57.0
2017-08-13 06:00:00,260.75,57.0
2017-08-13 07:00:00,258.0,57.0
2017-08-13 08:00:00,258.5,59.0
2017-08-13 09:00:00,268.0,60.1
2017-08-13 10:00:00,268.0,61.0
2017-08-13 11:00:00,299.0,63.0
2017-08-13 12:00:00,304.0,64.9
2017-08-13 13:00:00,322.75,66.9
2017-08-13 14:00:00,320.25,66.0
2017-08-13 15:00:00,318.5,66.9
2017-08-13 16:00:00,331.0,66.0
2017-08-13 17:00:00,315.0,64.9
2017-08-13 18:00:00,310.5,64.0
2017-08-13 19:00:00,264.5,63.0
2017-08-13 20:00:00,271.0,63.0
2017-08-13 21:00:00,241.75,62.1
2017-08-13 22:00:00,224.25,61.0
2017-08-13 23:00:00,202.0,61.0
2017-08-14 00:00:00,189.25,61.0
2017-08-14 01:00:00,176.0,60.1
2017-08-14 02:00:00,175.0,60.1
2017-08-14 03:00:00,178.25,60.1
2017-08-14 04:00:00,194.75,60.1
2017-08-14 05:00:00,273.75,59.0
2017-08-14 06:00:00,291.75,57.9
2017-08-14 07:00:00,312.0,57.0
2017-08-14 08:00:00,327.0,57.9
2017-08-14 09:00:00,329.5,59.0
2017-08-14 10:00:00,323.5,60.1
2017-08-14 11:00:00,346.0,61.0
2017-08-14 12:00:00,355.25,62.1
2017-08-14 13:00:00,363.75,62.1
2017-08-14 14:00:00,369.25,62.1
2017-08-14 15:00:00,344.0,63.0
2017-08-14 16:00:00,339.0,62.1
2017-08-14 17:00:00,344.25,61.0
2017-08-14 18:00:00,327.4,61.0
2017-08-14 19:00:00,287.5,60.1
2017-08-14 20:00:00,261.75,60.1
2017-08-14 21:00:00,252.75,60.1
2017-08-14 22:00:00,234.0,60.1
2017-08-14 23:00:00,192.0,60.1
2017-08-15 00:00:00,173.75,59.0
2017-08-15 01:00:00,167.0,59.0
2017-08-15 02:00:00,176.75,59.0
2017-08-15 03:00:00,176.5,60.1
2017-08-15 04:00:00,185.25,59.0
2017-08-15 05:00:00,281.75,57.9
2017-08-15 06:00:00,319.0,59.0
2017-08-15 07:00:00,330.5,60.1
2017-08-15 08:00:00,347.0,61.0
2017-08-15 09:00:00,353.5,63.0
2017-08-15 10:00:00,355.25,63.0
2017-08-15 11:00:00,376.25,64.0
2017-08-15 12:00:00,376.5,64.9
2017-08-15 13:00:00,393.25,64.9
2017-08-15 14:00:00,415.5,64.9
2017-08-15 15:00:00,376.0,66.9
2017-08-15 16:00:00,381.75,63.0
2017-08-15 17:00:00,388.5,63.0
2017-08-15 18:00:00,357.25,61.0
2017-08-15 19:00:00,325.25,59.0
2017-08-15 20:00:00,299.0,59.0
2017-08-15 21:00:00,265.25,59.0
2017-08-15 22:00:00,249.5,59.0
2017-08-15 23:00:00,209.0,60.1
2017-08-16 00:00:00,183.75,59.0
2017-08-16 01:00:00,191.5,60.1
2017-08-16 02:00:00,186.5,61.0
2017-08-16 03:00:00,213.0,61.0
2017-08-16 04:00:00,204.75,61.0
2017-08-16 05:00:00,260.0,60.1
2017-08-16 06:00:00,311.0,61.0
2017-08-16 07:00:00,351.5,62.1
2017-08-16 08:00:00,355.0,63.0
2017-08-16 09:00:00,367.0,64.0
2017-08-16 10:00:00,371.75,66.9
2017-08-16 11:00:00,387.5,66.9
2017-08-16 12:00:00,393.25,68.0
2017-08-16 13:00:00,422.0,71.1
2017-08-16 14:00:00,428.0,71.1
2017-08-16 15:00:00,384.5,70.0
2017-08-16 16:00:00,405.0,69.1
2017-08-16 17:00:00,392.25,66.9
2017-08-16 18:00:00,347.5,64.9
2017-08-16 19:00:00,326.75,62.1
2017-08-16 20:00:00,286.75,61.0
2017-08-16 21:00:00,254.25,61.0
2017-08-16 22:00:00,240.25,61.0
2017-08-16 23:00:00,220.5,60.1
2017-08-17 00:00:00,202.25,60.1
2017-08-17 01:00:00,185.5,61.0
2017-08-17 02:00:00,188.5,61.0
2017-08-17 03:00:00,193.0,61.0
2017-08-17 04:00:00,217.25,61.0
2017-08-17 05:00:00,275.25,61.0
2017-08-17 06:00:00,342.75,62.1
2017-08-17 07:00:00,348.25,62.1
2017-08-17 08:00:00,352.25,63.0
2017-08-17 09:00:00,349.75,64.0
2017-08-17 10:00:00,370.0,64.9
2017-08-17 11:00:00,373.0,66.9
2017-08-17 12:00:00,376.0,69.1
2017-08-17 13:00:00,380.25,70.0
2017-08-17 14:00:00,404.5,71.1
2017-08-17 15:00:00,439.75,70.0
2017-08-17 16:00:00,426.25,69.1
2017-08-17 17:00:00,408.5,66.9
2017-08-17 18:00:00,329.5,64.9
2017-08-17 19:00:00,330.5,63.0
2017-08-17 20:00:00,274.25,62.1
2017-08-17 21:00:00,239.0,61.0
2017-08-17 22:00:00,231.75,61.0
2017-08-17 23:00:00,203.0,60.1
2017-08-18 00:00:00,173.2,60.1
2017-08-18 01:00:00,180.5,60.1
2017-08-18 02:00:00,180.25,60.1
2017-08-18 03:00:00,201.25,60.1
2017-08-18 04:00:00,202.25,60.1
2017-08-18 05:00:00,265.5,60.1
2017-08-18 06:00:00,332.5,61.0
2017-08-18 07:00:00,361.25,61.0
2017-08-18 08:00:00,362.25,62.1
2017-08-18 09:00:00,409.25,63.0
2017-08-18 10:00:00,398.75,64.9
2017-08-18 11:00:00,427.0,68.0
2017-08-18 12:00:00,403.0,69.1
2017-08-18 13:00:00,400.2,70.0
2017-08-18 14:00:00,403.75,70.0
2017-08-18 15:00:00,373.25,69.1
2017-08-18 16:00:00,386.75,66.9
2017-08-18 17:00:00,357.0,64.9
2017-08-18 18:00:00,308.75,63.0
2017-08-18 19:00:00,301.75,62.1
2017-08-18 20:00:00,271.25,61.0
2017-08-18 21:00:00,233.25,60.1
2017-08-18 22:00:00,215.25,62.1
2017-08-18 23:00:00,206.5,60.1
2017-08-19 00:00:00,194.5,60.1
2017-08-19 01:00:00,185.5,60.1
2017-08-19 02:00:00,190.0,60.1
2017-08-19 03:00:00,186.25,60.1
2017-08-19 04:00:00,185.5,61.0
2017-08-19 05:00:00,253.75,61.0
2017-08-19 06:00:00,268.75,61.0
2017-08-19 07:00:00,302.5,61.0
2017-08-19 08:00:00,288.25,61.0
2017-08-19 09:00:00,300.25,61.0
2017-08-19 10:00:00,348.25,62.1
2017-08-19 11:00:00,316.5,64.9
2017-08-19 12:00:00,311.75,68.0
2017-08-19 13:00:00,347.0,69.1
2017-08-19 14:00:00,358.0,68.0
2017-08-19 15:00:00,325.2,69.1
2017-08-19 16:00:00,307.0,68.0
2017-08-19 17:00:00,304.5,66.0
2017-08-19 18:00:00,241.25,64.0
2017-08-19 19:00:00,245.5,63.0
2017-08-19 20:00:00,234.25,62.1
2017-08-19 21:00:00,227.25,62.1
2017-08-19 22:00:00,214.75,61.0
2017-08-19 23:00:00,189.0,60.1
2017-08-20 00:00:00,178.25,61.0
2017-08-20 01:00:00,180.5,62.1
2017-08-20 02:00:00,172.5,62.1
2017-08-20 03:00:00,179.75,62.1
2017-08-20 04:00:00,191.25,62.1
2017-08-20 05:00:00,237.0,62.1
2017-08-20 06:00:00,266.75,61.0
2017-08-20 07:00:00,248.0,62.1
2017-08-20 08:00:00,262.0,63.0
2017-08-20 09:00:00,274.0,64.9
2017-08-20 10:00:00,270.75,66.9
2017-08-20 11:00:00,274.25,69.1
2017-08-20 12:00:00,280.25,72.0
2017-08-20 13:00:00,299.5,72.0
2017-08-20 14:00:00,307.0,73.0
2017-08-20 15:00:00,297.6,71.1
2017-08-20 16:00:00,300.25,71.1
2017-08-20 17:00:00,282.75,68.0
2017-08-20 18:00:00,247.75,66.9
2017-08-20 19:00:00,264.25,63.0
2017-08-20 20:00:00,233.25,63.0
2017-08-20 21:00:00,220.0,62.1
2017-08-20 22:00:00,226.5,62.1
2017-08-20 23:00:00,182.25,63.0
2017-08-21 00:00:00,175.75,62.1
2017-08-21 01:00:00,175.25,63.0
2017-08-21 02:00:00,174.5,63.0
2017-08-21 03:00:00,186.5,63.0
2017-08-21 04:00:00,201.0,63.0
2017-08-21 05:00:00,269.0,63.0
2017-08-21 06:00:00,343.0,63.0
2017-08-21 07:00:00,345.0,63.0
2017-08-21 08:00:00,359.5,64.9
2017-08-21 09:00:00,374.0,64.9
2017-08-21 10:00:00,369.0,66.0
2017-08-21 11:00:00,378.75,68.0
2017-08-21 12:00:00,385.5,69.1
2017-08-21 13:00:00,405.0,71.1
2017-08-21 14:00:00,422.0,72.0
2017-08-21 15:00:00,387.25,71.1
2017-08-21 16:00:00,384.25,70.0
2017-08-21 17:00:00,400.25,66.9
2017-08-21 18:00:00,350.0,66.0
2017-08-21 19:00:00,331.75,64.0
2017-08-21 20:00:00,295.25,64.0
2017-08-21 21:00:00,252.5,63.0
2017-08-21 22:00:00,229.5,64.0
2017-08-21 23:00:00,205.5,61.0
2017-08-22 00:00:00,170.0,60.1
2017-08-22 01:00:00,173.5,59.0
2017-08-22 02:00:00,167.0,60.1
2017-08-22 03:00:00,167.5,62.1
2017-08-22 04:00:00,210.5,61.0
2017-08-22 05:00:00,264.75,61.0
2017-08-22 06:00:00,344.25,61.0
2017-08-22 07:00:00,357.5,62.1
2017-08-22 08:00:00,359.5,62.1
2017-08-22 09:00:00,388.5,63.0
2017-08-22 10:00:00,396.5,64.9
2017-08-22 11:00:00,428.0,68.0
2017-08-22 12:00:00,428.5,70.0
2017-08-22 13:00:00,425.25,71.1
2017-08-22 14:00:00,433.5,72.0
2017-08-22 15:00:00,404.0,71.1
2017-08-22 16:00:00,398.25,70.0
2017-08-22 17:00:00,413.6,68.0
2017-08-22 18:00:00,341.25,66.9
2017-08-22 19:00:00,309.25,63.0
2017-08-22 20:00:00,284.25,62.1
2017-08-22 21:00:00,255.25,61.0
2017-08-22 22:00:00,227.5,61.0
2017-08-22 23:00:00,195.0,60.1
2017-08-23 00:00:00,194.0,60.1
2017-08-23 01:00:00,174.25,59.0
2017-08-23 02:00:00,170.75,59.0
2017-08-23 03:00:00,178.25,60.1
2017-08-23 04:00:00,198.25,59.0
2017-08-23 05:00:00,241.0,59.0
2017-08-23 06:00:00,302.0,59.0
2017-08-23 07:00:00,320.25,60.1
2017-08-23 08:00:00,317.25,60.1
2017-08-23 09:00:00,316.5,61.0
2017-08-23 10:00:00,332.25,62.1
2017-08-23 11:00:00,372.75,64.0
2017-08-23 12:00:00,385.5,66.0
2017-08-23 13:00:00,389.5,68.0
2017-08-23 14:00:00,382.25,68.0
2017-08-23 15:00:00,386.0,66.0
2017-08-23 16:00:00,399.75,66.0
2017-08-23 17:00:00,397.5,64.0
2017-08-23 18:00:00,344.0,59.0
2017-08-23 19:00:00,305.5,60.1
2017-08-23 20:00:00,290.25,60.1
2017-08-23 21:00:00,246.25,61.0
2017-08-23 22:00:00,229.0,61.0
2017-08-23 23:00:00,199.75,60.1
2017-08-24 00:00:00,194.0,60.1
2017-08-24 01:00:00,176.5,59.0
2017-08-24 02:00:00,171.25,59.0
2017-08-24 03:00:00,178.0,60.1
2017-08-24 04:00:00,201.75,60.1
2017-08-24 05:00:00,264.5,60.1
2017-08-24 06:00:00,294.5,59.0
2017-08-24 07:00:00,291.25,59.0
2017-08-24 08:00:00,313.25,60.1
2017-08-24 09:00:00,304.25,60.1
2017-08-24 10:00:00,314.75,61.0
2017-08-24 11:00:00,343.0,63.0
2017-08-24 12:00:00,368.75,64.9
2017-08-24 13:00:00,397.75,64.0
2017-08-24 14:00:00,387.25,66.0
2017-08-24 15:00:00,413.5,64.0
2017-08-24 16:00:00,391.0,64.9
2017-08-24 17:00:00,379.0,63.0
2017-08-24 18:00:00,358.75,62.1
2017-08-24 19:00:00,335.75,60.1
2017-08-24 20:00:00,278.0,57.9
2017-08-24 21:00:00,234.75,60.1
2017-08-24 22:00:00,220.75,60.1
2017-08-24 23:00:00,207.5,57.9
2017-08-25 00:00:00,176.75,59.0
2017-08-25 01:00:00,190.75,57.9
2017-08-25 02:00:00,174.75,55.9
2017-08-25 03:00:00,176.25,55.9
2017-08-25 04:00:00,187.75,55.0
2017-08-25 05:00:00,233.75,57.0
2017-08-25 06:00:00,264.5,57.9
2017-08-25 07:00:00,299.25,57.9
2017-08-25 08:00:00,301.25,59.0
2017-08-25 09:00:00,291.0,60.1
2017-08-25 10:00:00,317.25,63.0
2017-08-25 11:00:00,350.5,64.9
2017-08-25 12:00:00,351.75,68.0
2017-08-25 13:00:00,388.5,69.1
2017-08-25 14:00:00,394.5,71.1
2017-08-25 15:00:00,395.25,69.1
2017-08-25 16:00:00,378.5,68.0
2017-08-25 17:00:00,368.5,64.9
2017-08-25 18:00:00,359.5,63.0
2017-08-25 19:00:00,354.0,60.1
2017-08-25 20:00:00,300.5,59.0
2017-08-25 21:00:00,241.75,57.9
2017-08-25 22:00:00,239.25,57.0
2017-08-25 23:00:00,196.25,57.0
2017-08-26 00:00:00,183.5,57.0
2017-08-26 01:00:00,173.0,55.9
2017-08-26 02:00:00,176.75,55.0
2017-08-26 03:00:00,180.75,52.0
2017-08-26 04:00:00,176.0,54.0
2017-08-26 05:00:00,254.0,55.0
2017-08-26 06:00:00,287.0,55.0
2017-08-26 07:00:00,316.5,57.9
2017-08-26 08:00:00,339.5,61.0
2017-08-26 09:00:00,366.0,66.9
2017-08-26 10:00:00,376.0,70.0
2017-08-26 11:00:00,373.0,73.9
2017-08-26 12:00:00,400.5,80.1
2017-08-26 13:00:00,410.0,82.9
2017-08-26 14:00:00,371.25,79.0
2017-08-26 15:00:00,338.4,78.1
2017-08-26 16:00:00,327.0,79.0
2017-08-26 17:00:00,325.75,75.0
2017-08-26 18:00:00,276.75,72.0
2017-08-26 19:00:00,277.25,69.1
2017-08-26 20:00:00,272.25,64.9
2017-08-26 21:00:00,252.0,64.0
2017-08-26 22:00:00,246.75,64.0
2017-08-26 23:00:00,220.5,63.0
2017-08-27 00:00:00,193.0,62.1
2017-08-27 01:00:00,193.0,61.0
2017-08-27 02:00:00,184.75,61.0
2017-08-27 03:00:00,185.5,61.0
2017-08-27 04:00:00,192.5,57.0
2017-08-27 05:00:00,247.25,61.0
2017-08-27 06:00:00,263.75,60.1
2017-08-27 07:00:00,269.0,64.0
2017-08-27 08:00:00,276.5,66.0
2017-08-27 09:00:00,292.25,69.1
2017-08-27 10:00:00,297.25,73.9
2017-08-27 11:00:00,318.0,77.0
2017-08-27 12:00:00,344.0,79.0
2017-08-27 13:00:00,329.75,79.0
2017-08-27 14:00:00,323.0,79.0
2017-08-27 15:00:00,334.25,78.1
2017-08-27 16:00:00,345.0,75.0
2017-08-27 17:00:00,299.75,72.0
2017-08-27 18:00:00,268.5,69.1
2017-08-27 19:00:00,274.5,66.9
2017-08-27 20:00:00,252.75,64.0
2017-08-27 21:00:00,237.5,63.0
2017-08-27 22:00:00,224.25,62.1
2017-08-27 23:00:00,183.0,61.0
2017-08-28 00:00:00,177.5,61.0
2017-08-28 01:00:00,174.0,61.0
2017-08-28 02:00:00,174.25,61.0
2017-08-28 03:00:00,175.75,60.1
2017-08-28 04:00:00,196.25,60.1
2017-08-28 05:00:00,260.5,59.0
2017-08-28 06:00:00,314.75,59.0
2017-08-28 07:00:00,329.0,61.0
2017-08-28 08:00:00,313.0,63.0
2017-08-28 09:00:00,356.25,64.9
2017-08-28 10:00:00,375.5,66.9
2017-08-28 11:00:00,378.75,71.1
2017-08-28 12:00:00,420.0,72.0
2017-08-28 13:00:00,419.0,73.9
2017-08-28 14:00:00,426.25,73.9
2017-08-28 15:00:00,419.5,72.0
2017-08-28 16:00:00,402.5,70.0
2017-08-28 17:00:00,374.25,68.0
2017-08-28 18:00:00,373.75,64.9
2017-08-28 19:00:00,355.0,62.1
2017-08-28 20:00:00,311.5,60.1
2017-08-28 21:00:00,263.25,60.1
2017-08-28 22:00:00,237.25,60.1
2017-08-28 23:00:00,200.25,59.0
2017-08-29 00:00:00,176.25,59.0
2017-08-29 01:00:00,169.75,59.0
2017-08-29 02:00:00,174.25,60.1
2017-08-29 03:00:00,173.0,60.1
2017-08-29 04:00:00,193.25,59.0
2017-08-29 05:00:00,256.0,59.0
2017-08-29 06:00:00,306.5,57.9
2017-08-29 07:00:00,304.0,59.0
2017-08-29 08:00:00,318.5,59.0
2017-08-29 09:00:00,321.25,60.1
2017-08-29 10:00:00,340.0,61.0
2017-08-29 11:00:00,344.0,63.0
2017-08-29 12:00:00,400.75,64.0
2017-08-29 13:00:00,380.25,64.9
2017-08-29 14:00:00,396.0,66.9
2017-08-29 15:00:00,423.5,66.0
2017-08-29 16:00:00,382.75,66.0
2017-08-29 17:00:00,371.75,64.9
2017-08-29 18:00:00,347.0,64.0
2017-08-29 19:00:00,346.0,62.1
2017-08-29 20:00:00,298.75,60.1
2017-08-29 21:00:00,239.0,59.0
2017-08-29 22:00:00,217.0,59.0
2017-08-29 23:00:00,211.25,59.0
2017-08-30 00:00:00,177.75,59.0
2017-08-30 01:00:00,191.0,59.0
2017-08-30 02:00:00,184.0,59.0
2017-08-30 03:00:00,184.5,57.0
2017-08-30 04:00:00,189.25,57.0
2017-08-30 05:00:00,239.0,57.0
2017-08-30 06:00:00,281.0,55.9
2017-08-30 07:00:00,289.5,57.0
2017-08-30 08:00:00,291.75,57.9
2017-08-30 09:00:00,289.25,59.0
2017-08-30 10:00:00,317.0,61.0
2017-08-30 11:00:00,339.25,64.0
2017-08-30 12:00:00,397.75,64.0
2017-08-30 13:00:00,391.25,66.0
2017-08-30 14:00:00,395.75,68.0
2017-08-30 15:00:00,401.25,68.0
2017-08-30 16:00:00,384.5,68.0
2017-08-30 17:00:00,368.0,66.0
2017-08-30 18:00:00,353.75,64.0
2017-08-30 19:00:00,332.25,62.1
2017-08-30 20:00:00,305.0,61.0
2017-08-30 21:00:00,247.25,59.0
2017-08-30 22:00:00,231.1,57.9
2017-08-30 23:00:00,199.61,57.0
2017-08-31 00:00:00,196.75,57.0
2017-08-31 01:00:00,177.0,60.1
2017-08-31 02:00:00,171.25,55.9
2017-08-31 03:00:00,180.25,55.9
2017-08-31 04:00:00,194.5,54.0
2017-08-31 05:00:00,245.75,54.0
2017-08-31 06:00:00,300.5,54.0
2017-08-31 07:00:00,290.75,60.1
2017-08-31 08:00:00,342.0,64.0
2017-08-31 09:00:00,344.5,64.9
2017-08-31 10:00:00,370.0,66.9
2017-08-31 11:00:00,373.0,71.1
2017-08-31 12:00:00,400.75,78.1
2017-08-31 13:00:00,407.75,81.0
2017-08-31 14:00:00,404.5,84.0
2017-08-31 15:00:00,422.5,88.0
2017-08-31 16:00:00,419.0,89.1
2017-08-31 17:00:00,377.0,82.9
2017-08-31 18:00:00,297.5,82.0
2017-08-31 19:00:00,288.75,79.0
2017-08-31 20:00:00,263.5,73.9
2017-08-31 21:00:00,218.0,73.0
2017-08-31 22:00:00,229.64,70.0
2017-08-31 23:00:00,215.09,70.0
2017-09-01 00:00:00,201.75,66.9
2017-09-01 01:00:00,184.25,70.0
2017-09-01 02:00:00,195.75,64.9
2017-09-01 03:00:00,188.0,66.0
2017-09-01 04:00:00,202.75,64.0
2017-09-01 05:00:00,279.0,66.0
2017-09-01 06:00:00,320.5,63.0
2017-09-01 07:00:00,332.75,66.9
2017-09-01 08:00:00,348.75,75.9
2017-09-01 09:00:00,365.0,79.0
2017-09-01 10:00:00,372.25,80.1
2017-09-01 11:00:00,391.25,86.0
2017-09-01 12:00:00,384.75,93.0
2017-09-01 13:00:00,379.75,97.0
2017-09-01 14:00:00,402.75,98.1
2017-09-01 15:00:00,428.5,100.9
2017-09-01 16:00:00,414.5,98.1
2017-09-01 17:00:00,367.75,95.0
2017-09-01 18:00:00,317.0,90.0
2017-09-01 19:00:00,301.0,90.0
2017-09-01 20:00:00,284.75,82.0
2017-09-01 21:00:00,257.25,79.0
2017-09-01 22:00:00,256.5,78.1
2017-09-01 23:00:00,235.75,75.0
2017-09-02 00:00:00,202.25,75.0
2017-09-02 01:00:00,207.75,75.0
2017-09-02 02:00:00,212.0,75.0
2017-09-02 03:00:00,210.5,69.1
2017-09-02 04:00:00,207.75,66.9
2017-09-02 05:00:00,263.25,66.9
2017-09-02 06:00:00,309.0,70.0
2017-09-02 07:00:00,302.75,73.0
2017-09-02 08:00:00,324.0,78.1
2017-09-02 09:00:00,332.0,82.0
2017-09-02 10:00:00,342.0,84.0
2017-09-02 11:00:00,338.5,84.9
2017-09-02 12:00:00,335.25,93.0
2017-09-02 13:00:00,373.0,95.0
2017-09-02 14:00:00,424.75,97.0
2017-09-02 15:00:00,426.25,99.0
2017-09-02 16:00:00,423.25,98.1
2017-09-02 17:00:00,370.8,89.1
2017-09-02 18:00:00,286.25,91.0
2017-09-02 19:00:00,290.0,84.9
2017-09-02 20:00:00,275.25,82.9
2017-09-02 21:00:00,258.75,79.0
2017-09-02 22:00:00,255.5,77.0
2017-09-02 23:00:00,217.5,77.0
2017-09-03 00:00:00,206.25,77.0
2017-09-03 01:00:00,193.25,75.9
2017-09-03 02:00:00,201.5,73.0
2017-09-03 03:00:00,207.25,71.1
2017-09-03 04:00:00,218.25,73.9
2017-09-03 05:00:00,286.5,73.0
2017-09-03 06:00:00,316.5,73.0
2017-09-03 07:00:00,310.25,73.9
2017-09-03 08:00:00,313.75,78.1
2017-09-03 09:00:00,330.0,77.0
2017-09-03 10:00:00,356.25,82.9
2017-09-03 11:00:00,365.25,86.0
2017-09-03 12:00:00,405.75,82.0
2017-09-03 13:00:00,380.5,79.0
2017-09-03 14:00:00,402.0,84.9
2017-09-03 15:00:00,389.25,87.1
2017-09-03 16:00:00,390.25,84.0
2017-09-03 17:00:00,380.0,79.0
2017-09-03 18:00:00,361.5,73.9
2017-09-03 19:00:00,326.25,71.1
2017-09-03 20:00:00,307.75,72.0
2017-09-03 21:00:00,270.0,70.0
2017-09-03 22:00:00,230.25,68.0
2017-09-03 23:00:00,209.25,68.0
2017-09-04 00:00:00,195.25,66.9
2017-09-04 01:00:00,198.0,68.0
2017-09-04 02:00:00,210.5,66.9
2017-09-04 03:00:00,187.75,66.9
2017-09-04 04:00:00,221.0,66.9
2017-09-04 05:00:00,290.25,66.9
2017-09-04 06:00:00,343.5,64.9
2017-09-04 07:00:00,408.75,69.1
2017-09-04 08:00:00,393.0,72.0
2017-09-04 09:00:00,436.75,73.0
2017-09-04 10:00:00,408.5,75.9
2017-09-04 11:00:00,421.0,75.9
2017-09-04 12:00:00,421.25,77.0
2017-09-04 13:00:00,447.25,75.0
2017-09-04 14:00:00,450.5,78.1
2017-09-04 15:00:00,484.25,81.0
2017-09-04 16:00:00,481.75,78.1
2017-09-04 17:00:00,459.25,78.1
2017-09-04 18:00:00,419.25,73.9
2017-09-04 19:00:00,356.5,73.0
2017-09-04 20:00:00,328.75,71.1
2017-09-04 21:00:00,268.75,70.0
2017-09-04 22:00:00,223.25,70.0
2017-09-04 23:00:00,203.0,70.0
2017-09-05 00:00:00,189.25,69.1
2017-09-05 01:00:00,195.5,68.0
2017-09-05 02:00:00,187.75,68.0
2017-09-05 03:00:00,189.5,68.0
2017-09-05 04:00:00,206.5,68.0
2017-09-05 05:00:00,302.25,66.9
2017-09-05 06:00:00,364.0,66.9
2017-09-05 07:00:00,415.0,69.1
2017-09-05 08:00:00,439.25,73.0
2017-09-05 09:00:00,451.25,75.9
2017-09-05 10:00:00,518.0,78.1
2017-09-05 11:00:00,504.0,78.1
2017-09-05 12:00:00,532.0,80.1
2017-09-05 13:00:00,502.25,80.1
2017-09-05 14:00:00,495.0,78.1
2017-09-05 15:00:00,491.25,77.0
2017-09-05 16:00:00,488.0,73.9
2017-09-05 17:00:00,433.25,70.0
2017-09-05 18:00:00,416.4,68.0
2017-09-05 19:00:00,375.0,66.9
2017-09-05 20:00:00,338.25,66.0
2017-09-05 21:00:00,266.75,64.9
2017-09-05 22:00:00,240.0,64.9
2017-09-05 23:00:00,211.0,64.9
2017-09-06 00:00:00,197.25,64.9
2017-09-06 01:00:00,204.25,64.0
2017-09-06 02:00:00,218.5,64.0
2017-09-06 03:00:00,205.0,63.0
2017-09-06 04:00:00,213.75,63.0
2017-09-06 05:00:00,267.75,62.1
2017-09-06 06:00:00,353.25,61.0
2017-09-06 07:00:00,363.25,63.0
2017-09-06 08:00:00,389.75,66.0
2017-09-06 09:00:00,377.5,68.0
2017-09-06 10:00:00,405.0,66.9
2017-09-06 11:00:00,408.25,70.0
2017-09-06 12:00:00,414.5,71.1
2017-09-06 13:00:00,458.75,75.0
2017-09-06 14:00:00,437.75,75.9
2017-09-06 15:00:00,434.75,75.9
2017-09-06 16:00:00,448.5,73.0
2017-09-06 17:00:00,409.25,73.0
2017-09-06 18:00:00,401.75,69.1
2017-09-06 19:00:00,352.25,69.1
2017-09-06 20:00:00,318.75,66.9
2017-09-06 21:00:00,253.25,66.9
2017-09-06 22:00:00,233.5,68.0
2017-09-06 23:00:00,198.75,68.0
2017-09-07 00:00:00,195.25,66.9
2017-09-07 01:00:00,184.25,66.9
2017-09-07 02:00:00,192.75,66.9
2017-09-07 03:00:00,188.0,66.9
2017-09-07 04:00:00,216.25,66.9
2017-09-07 05:00:00,303.0,66.9
2017-09-07 06:00:00,343.75,66.9
2017-09-07 07:00:00,387.25,66.9
2017-09-07 08:00:00,382.5,66.9
2017-09-07 09:00:00,396.0,68.0
2017-09-07 10:00:00,410.75,68.0
2017-09-07 11:00:00,425.5,69.1
2017-09-07 12:00:00,419.75,70.0
2017-09-07 13:00:00,418.5,71.1
2017-09-07 14:00:00,429.0,72.0
2017-09-07 15:00:00,432.75,72.0
2017-09-07 16:00:00,427.25,71.1
2017-09-07 17:00:00,377.75,69.1
2017-09-07 18:00:00,345.5,68.0
2017-09-07 19:00:00,314.0,66.0
2017-09-07 20:00:00,306.5,64.9
2017-09-07 21:00:00,265.75,64.9
2017-09-07 22:00:00,219.5,64.0
2017-09-07 23:00:00,204.5,63.0
2017-09-08 00:00:00,188.75,62.1
2017-09-08 01:00:00,193.0,63.0
2017-09-08 02:00:00,190.0,63.0
2017-09-08 03:00:00,189.0,62.1
2017-09-08 04:00:00,207.0,61.0
2017-09-08 05:00:00,274.75,62.1
2017-09-08 06:00:00,329.5,61.0
2017-09-08 07:00:00,352.5,61.0
2017-09-08 08:00:00,344.1,62.1
2017-09-08 09:00:00,350.6,63.0
2017-09-08 10:00:00,377.0,63.0
2017-09-08 11:00:00,383.25,64.0
2017-09-08 12:00:00,396.5,66.9
2017-09-08 13:00:00,409.75,70.0
2017-09-08 14:00:00,412.0,69.1
2017-09-08 15:00:00,399.25,68.0
2017-09-08 16:00:00,400.0,68.0
2017-09-08 17:00:00,383.25,64.9
2017-09-08 18:00:00,322.0,63.0
2017-09-08 19:00:00,299.25,62.1
2017-09-08 20:00:00,285.0,61.0
2017-09-08 21:00:00,250.75,62.1
2017-09-08 22:00:00,223.25,62.1
2017-09-08 23:00:00,213.0,62.1
2017-09-09 00:00:00,206.0,62.1
2017-09-09 01:00:00,210.25,62.1
2017-09-09 02:00:00,205.5,61.0
2017-09-09 03:00:00,188.25,62.1
2017-09-09 04:00:00,197.0,63.0
2017-09-09 05:00:00,242.75,63.0
2017-09-09 06:00:00,295.75,64.0
2017-09-09 07:00:00,315.25,63.0
2017-09-09 08:00:00,309.5,64.0
2017-09-09 09:00:00,337.25,64.0
2017-09-09 10:00:00,314.0,66.0
2017-09-09 11:00:00,334.25,69.1
2017-09-09 12:00:00,389.25,70.0
2017-09-09 13:00:00,406.49,72.0
2017-09-09 14:00:00,385.15,73.0
2017-09-09 15:00:00,384.5,73.0
2017-09-09 16:00:00,372.0,71.1
2017-09-09 17:00:00,356.25,69.1
2017-09-09 18:00:00,333.5,66.9
2017-09-09 19:00:00,314.0,64.0
2017-09-09 20:00:00,291.5,63.0
2017-09-09 21:00:00,258.5,62.1
2017-09-09 22:00:00,242.5,61.0
2017-09-09 23:00:00,214.5,62.1
2017-09-10 00:00:00,204.0,62.1
2017-09-10 01:00:00,211.75,61.0
2017-09-10 02:00:00,214.5,59.0
2017-09-10 03:00:00,200.0,57.9
2017-09-10 04:00:00,195.0,59.0
2017-09-10 05:00:00,255.0,59.0
2017-09-10 06:00:00,281.0,61.0
2017-09-10 07:00:00,291.5,64.0
2017-09-10 08:00:00,308.0,66.9
2017-09-10 09:00:00,315.0,70.0
2017-09-10 10:00:00,344.75,73.9
2017-09-10 11:00:00,387.0,77.0
2017-09-10 12:00:00,427.5,82.9
2017-09-10 13:00:00,450.75,84.0
2017-09-10 14:00:00,467.25,88.0
2017-09-10 15:00:00,456.75,91.0
2017-09-10 16:00:00,464.25,86.0
2017-09-10 17:00:00,440.25,81.0
2017-09-10 18:00:00,376.5,77.0
2017-09-10 19:00:00,329.0,73.9
2017-09-10 20:00:00,304.5,73.0
2017-09-10 21:00:00,266.25,73.9
2017-09-10 22:00:00,227.0,72.0
2017-09-10 23:00:00,224.75,71.1
2017-09-11 00:00:00,210.5,71.1
2017-09-11 01:00:00,214.5,71.1
2017-09-11 02:00:00,205.0,70.0
2017-09-11 03:00:00,206.25,73.0
2017-09-11 04:00:00,225.75,70.0
2017-09-11 05:00:00,309.25,70.0
2017-09-11 06:00:00,366.0,66.0
2017-09-11 07:00:00,394.25,68.0
2017-09-11 08:00:00,395.25,70.0
2017-09-11 09:00:00,419.25,71.1
2017-09-11 10:00:00,423.75,75.9
2017-09-11 11:00:00,427.75,80.1
2017-09-11 12:00:00,433.0,81.0
2017-09-11 13:00:00,456.75,82.0
2017-09-11 14:00:00,459.75,84.0
2017-09-11 15:00:00,466.75,82.9
2017-09-11 16:00:00,443.5,75.0
2017-09-11 17:00:00,432.75,71.1
2017-09-11 18:00:00,399.25,68.0
2017-09-11 19:00:00,373.75,68.0
2017-09-11 20:00:00,329.75,66.9
2017-09-11 21:00:00,264.25,66.0
2017-09-11 22:00:00,224.5,66.0
2017-09-11 23:00:00,195.5,64.9
2017-09-12 00:00:00,192.75,66.9
2017-09-12 01:00:00,190.25,64.9
2017-09-12 02:00:00,179.0,64.9
2017-09-12 03:00:00,192.75,63.0
2017-09-12 04:00:00,212.0,64.0
2017-09-12 05:00:00,295.25,66.0
2017-09-12 06:00:00,332.0,63.0
2017-09-12 07:00:00,371.5,66.9
2017-09-12 08:00:00,384.5,72.0
2017-09-12 09:00:00,432.0,75.9
2017-09-12 10:00:00,447.25,75.0
2017-09-12 11:00:00,452.0,75.9
2017-09-12 12:00:00,533.25,79.0
2017-09-12 13:00:00,523.0,82.9
2017-09-12 14:00:00,498.25,78.1
2017-09-12 15:00:00,449.25,73.9
2017-09-12 16:00:00,386.25,69.1
2017-09-12 17:00:00,390.75,68.0
2017-09-12 18:00:00,362.2,66.0
2017-09-12 19:00:00,373.5,64.0
2017-09-12 20:00:00,310.25,64.9
2017-09-12 21:00:00,260.75,64.9
2017-09-12 22:00:00,225.91,64.9
2017-09-12 23:00:00,196.75,64.9
2017-09-13 00:00:00,179.5,64.9
2017-09-13 01:00:00,168.5,64.0
2017-09-13 02:00:00,164.25,64.9
2017-09-13 03:00:00,165.75,64.9
2017-09-13 04:00:00,187.0,64.9
2017-09-13 05:00:00,253.25,64.0
2017-09-13 06:00:00,361.0,64.0
2017-09-13 07:00:00,380.75,64.9
2017-09-13 08:00:00,384.0,66.9
2017-09-13 09:00:00,389.75,69.1
2017-09-13 10:00:00,410.75,69.1
2017-09-13 11:00:00,424.75,68.0
2017-09-13 12:00:00,398.5,68.0
2017-09-13 13:00:00,406.0,72.0
2017-09-13 14:00:00,444.25,71.1
2017-09-13 15:00:00,433.25,71.1
2017-09-13 16:00:00,412.0,69.1
2017-09-13 17:00:00,377.5,69.1
2017-09-13 18:00:00,362.0,66.0
2017-09-13 19:00:00,378.0,64.9
2017-09-13 20:00:00,299.0,64.9
2017-09-13 21:00:00,235.25,64.9
2017-09-13 22:00:00,198.25,64.0
2017-09-13 23:00:00,176.5,64.0
2017-09-14 00:00:00,156.25,63.0
2017-09-14 01:00:00,156.75,63.0
2017-09-14 02:00:00,151.0,63.0
2017-09-14 03:00:00,160.25,63.0
2017-09-14 04:00:00,171.25,62.1
2017-09-14 05:00:00,230.0,62.1
2017-09-14 06:00:00,337.0,61.0
2017-09-14 07:00:00,357.75,61.0
2017-09-14 08:00:00,312.5,63.0
2017-09-14 09:00:00,318.5,64.0
2017-09-14 10:00:00,324.25,66.0
2017-09-14 11:00:00,346.25,64.9
2017-09-14 12:00:00,378.75,66.9
2017-09-14 13:00:00,398.0,69.1
2017-09-14 14:00:00,379.25,68.0
2017-09-14 15:00:00,362.75,68.0
2017-09-14 16:00:00,374.75,66.9
2017-09-14 17:00:00,336.5,66.0
2017-09-14 18:00:00,295.25,64.0
2017-09-14 19:00:00,286.0,63.0
2017-09-14 20:00:00,255.75,62.1
2017-09-14 21:00:00,228.75,62.1
2017-09-14 22:00:00,178.0,62.1
2017-09-14 23:00:00,176.75,61.0
2017-09-15 00:00:00,152.5,61.0
2017-09-15 01:00:00,173.5,61.0
2017-09-15 02:00:00,157.5,60.1
2017-09-15 03:00:00,143.25,59.0
2017-09-15 04:00:00,164.0,59.0
2017-09-15 05:00:00,220.5,57.9
2017-09-15 06:00:00,297.75,57.0
2017-09-15 07:00:00,304.0,59.0
2017-09-15 08:00:00,333.25,61.0
2017-09-15 09:00:00,336.5,62.1
2017-09-15 10:00:00,341.0,64.0
2017-09-15 11:00:00,358.75,66.0
2017-09-15 12:00:00,367.5,68.0
2017-09-15 13:00:00,395.25,71.1
2017-09-15 14:00:00,385.0,70.0
2017-09-15 15:00:00,392.5,69.1
2017-09-15 16:00:00,380.0,68.0
2017-09-15 17:00:00,358.0,66.0
2017-09-15 18:00:00,312.75,63.0
2017-09-15 19:00:00,290.75,60.1
2017-09-15 20:00:00,238.75,60.1
2017-09-15 21:00:00,203.75,59.0
2017-09-15 22:00:00,193.75,59.0
2017-09-15 23:00:00,187.25,57.9
2017-09-16 00:00:00,181.75,57.0
2017-09-16 01:00:00,150.75,57.0
2017-09-16 02:00:00,156.0,59.0
2017-09-16 03:00:00,144.25,57.0
2017-09-16 04:00:00,157.0,55.9
2017-09-16 05:00:00,217.5,55.0
2017-09-16 06:00:00,278.25,54.0
2017-09-16 07:00:00,258.75,57.9
2017-09-16 08:00:00,281.25,62.1
2017-09-16 09:00:00,262.0,63.0
2017-09-16 10:00:00,295.5,64.9
2017-09-16 11:00:00,292.75,66.9
2017-09-16 12:00:00,309.25,69.1
2017-09-16 13:00:00,303.5,70.0
2017-09-16 14:00:00,305.25,68.0
2017-09-16 15:00:00,340.5,66.0
2017-09-16 16:00:00,368.75,66.9
2017-09-16 17:00:00,350.25,66.0
2017-09-16 18:00:00,340.5,62.1
2017-09-16 19:00:00,333.5,61.0
2017-09-16 20:00:00,302.0,60.1
2017-09-16 21:00:00,289.5,60.1
2017-09-16 22:00:00,261.5,59.0
2017-09-16 23:00:00,276.75,55.9
2017-09-17 00:00:00,200.0,57.0
2017-09-17 01:00:00,187.0,59.0
2017-09-17 02:00:00,161.5,60.1
2017-09-17 03:00:00,160.75,57.9
2017-09-17 04:00:00,165.0,59.0
2017-09-17 05:00:00,223.75,59.0
2017-09-17 06:00:00,292.0,60.1
2017-09-17 07:00:00,297.5,60.1
2017-09-17 08:00:00,292.0,61.0
2017-09-17 09:00:00,303.25,62.1
2017-09-17 10:00:00,351.25,64.0
2017-09-17 11:00:00,335.75,66.0
2017-09-17 12:00:00,373.25,68.0
2017-09-17 13:00:00,355.25,69.1
2017-09-17 14:00:00,355.6,69.1
2017-09-17 15:00:00,378.25,69.1
2017-09-17 16:00:00,400.0,68.0
2017-09-17 17:00:00,364.5,66.9
2017-09-17 18:00:00,325.5,64.0
2017-09-17 19:00:00,318.5,63.0
2017-09-17 20:00:00,283.0,63.0
2017-09-17 21:00:00,227.0,63.0
2017-09-17 22:00:00,210.25,63.0
2017-09-17 23:00:00,172.0,63.0
2017-09-18 00:00:00,155.0,63.0
2017-09-18 01:00:00,156.0,63.0
2017-09-18 02:00:00,151.75,63.0
2017-09-18 03:00:00,169.5,63.0
2017-09-18 04:00:00,171.5,64.0
2017-09-18 05:00:00,229.5,63.0
2017-09-18 06:00:00,339.25,64.0
2017-09-18 07:00:00,375.0,64.0
2017-09-18 08:00:00,368.0,64.0
2017-09-18 09:00:00,367.75,64.9
2017-09-18 10:00:00,401.0,66.9
2017-09-18 11:00:00,396.0,71.1
2017-09-18 12:00:00,444.0,68.0
2017-09-18 13:00:00,437.94,70.0
2017-09-18 14:00:00,427.75,70.0
2017-09-18 15:00:00,420.25,70.0
2017-09-18 16:00:00,398.5,69.1
2017-09-18 17:00:00,370.75,66.0
2017-09-18 18:00:00,358.25,64.0
2017-09-18 19:00:00,334.5,63.0
2017-09-18 20:00:00,288.25,62.1
2017-09-18 21:00:00,214.0,63.0
2017-09-18 22:00:00,174.75,62.1
2017-09-18 23:00:00,173.5,61.0
2017-09-19 00:00:00,163.25,61.0
2017-09-19 01:00:00,153.0,59.0
2017-09-19 02:00:00,156.0,55.9
2017-09-19 03:00:00,142.0,55.9
2017-09-19 04:00:00,163.75,60.1
2017-09-19 05:00:00,201.25,55.0
2017-09-19 06:00:00,265.75,55.0
2017-09-19 07:00:00,318.0,57.9
2017-09-19 08:00:00,318.75,62.1
2017-09-19 09:00:00,318.0,64.9
2017-09-19 10:00:00,345.25,66.9
2017-09-19 11:00:00,367.75,70.0
2017-09-19 12:00:00,382.5,70.0
2017-09-19 13:00:00,407.5,71.1
2017-09-19 14:00:00,393.0,72.0
2017-09-19 15:00:00,402.75,73.0
2017-09-19 16:00:00,374.75,73.0
2017-09-19 17:00:00,362.25,70.0
2017-09-19 18:00:00,356.0,68.0
2017-09-19 19:00:00,344.0,66.0
2017-09-19 20:00:00,294.75,63.0
2017-09-19 21:00:00,221.5,63.0
2017-09-19 22:00:00,179.5,57.9
2017-09-19 23:00:00,180.5,63.0
2017-09-20 00:00:00,183.0,59.0
2017-09-20 01:00:00,161.75,57.9
2017-09-20 02:00:00,145.25,62.1
2017-09-20 03:00:00,147.25,60.1
2017-09-20 04:00:00,169.5,60.1
2017-09-20 05:00:00,217.75,62.1
2017-09-20 06:00:00,333.5,63.0
2017-09-20 07:00:00,341.0,63.0
2017-09-20 08:00:00,360.25,64.0
2017-09-20 09:00:00,382.0,66.0
2017-09-20 10:00:00,386.75,66.0
2017-09-20 11:00:00,391.05,72.0
2017-09-20 12:00:00,426.5,71.1
2017-09-20 13:00:00,404.5,69.1
2017-09-20 14:00:00,407.0,68.0
2017-09-20 15:00:00,407.5,68.0
2017-09-20 16:00:00,369.25,66.9
2017-09-20 17:00:00,370.25,66.0
2017-09-20 18:00:00,355.5,64.0
2017-09-20 19:00:00,353.75,63.0
2017-09-20 20:00:00,282.75,62.1
2017-09-20 21:00:00,230.75,63.0
2017-09-20 22:00:00,192.5,62.1
2017-09-20 23:00:00,173.0,61.0
2017-09-21 00:00:00,156.0,60.1
2017-09-21 01:00:00,149.25,59.0
2017-09-21 02:00:00,153.25,57.9
2017-09-21 03:00:00,159.5,57.9
2017-09-21 04:00:00,157.0,57.9
2017-09-21 05:00:00,203.25,57.9
2017-09-21 06:00:00,267.0,57.0
2017-09-21 07:00:00,264.75,57.9
2017-09-21 08:00:00,306.25,61.0
2017-09-21 09:00:00,311.25,62.1
2017-09-21 10:00:00,331.0,64.0
2017-09-21 11:00:00,324.25,64.9
2017-09-21 12:00:00,335.0,66.0
2017-09-21 13:00:00,373.5,66.9
2017-09-21 14:00:00,369.5,66.9
2017-09-21 15:00:00,363.0,66.9
2017-09-21 16:00:00,338.5,66.0
2017-09-21 17:00:00,343.25,64.0
2017-09-21 18:00:00,298.5,62.1
2017-09-21 19:00:00,292.0,60.1
2017-09-21 20:00:00,250.5,60.1
2017-09-21 21:00:00,187.0,60.1
2017-09-21 22:00:00,182.75,59.0
2017-09-21 23:00:00,177.75,57.9
2017-09-22 00:00:00,151.0,57.9
2017-09-22 01:00:00,163.25,57.0
2017-09-22 02:00:00,154.25,57.0
2017-09-22 03:00:00,146.5,57.0
2017-09-22 04:00:00,170.25,57.0
2017-09-22 05:00:00,217.0,54.0
2017-09-22 06:00:00,267.25,55.9
2017-09-22 07:00:00,297.5,57.9
2017-09-22 08:00:00,299.5,57.9
2017-09-22 09:00:00,340.0,60.1
2017-09-22 10:00:00,329.5,61.0
2017-09-22 11:00:00,327.25,62.1
2017-09-22 12:00:00,343.5,64.0
2017-09-22 13:00:00,362.75,66.0
2017-09-22 14:00:00,343.75,66.9
2017-09-22 15:00:00,322.75,66.9
2017-09-22 16:00:00,357.75,66.0
2017-09-22 17:00:00,322.75,64.9
2017-09-22 18:00:00,284.25,63.0
2017-09-22 19:00:00,288.75,61.0
2017-09-22 20:00:00,252.0,59.0
2017-09-22 21:00:00,217.25,57.9
2017-09-22 22:00:00,207.5,54.0
2017-09-22 23:00:00,167.75,54.0
2017-09-23 00:00:00,163.5,53.1
2017-09-23 01:00:00,148.75,52.0
2017-09-23 02:00:00,158.0,50.0
2017-09-23 03:00:00,153.5,51.1
2017-09-23 04:00:00,146.0,50.0
2017-09-23 05:00:00,224.0,50.0
2017-09-23 06:00:00,276.0,48.9
2017-09-23 07:00:00,274.25,52.0
2017-09-23 08:00:00,289.75,60.1
2017-09-23 09:00:00,330.5,62.1
2017-09-23 10:00:00,356.0,64.9
2017-09-23 11:00:00,340.75,73.0
2017-09-23 12:00:00,340.5,75.9
2017-09-23 13:00:00,355.75,77.0
2017-09-23 14:00:00,333.25,73.9
2017-09-23 15:00:00,344.0,75.0
2017-09-23 16:00:00,340.75,73.0
2017-09-23 17:00:00,335.5,69.1
2017-09-23 18:00:00,291.0,66.0
2017-09-23 19:00:00,275.25,64.0
2017-09-23 20:00:00,240.25,62.1
2017-09-23 21:00:00,200.0,60.1
2017-09-23 22:00:00,184.0,59.0
2017-09-23 23:00:00,179.75,57.0
2017-09-24 00:00:00,174.25,53.1
2017-09-24 01:00:00,159.0,55.0
2017-09-24 02:00:00,158.5,55.0
2017-09-24 03:00:00,157.0,52.0
2017-09-24 04:00:00,158.0,52.0
2017-09-24 05:00:00,214.5,52.0
2017-09-24 06:00:00,275.5,50.0
2017-09-24 07:00:00,255.25,53.1
2017-09-24 08:00:00,259.25,62.1
2017-09-24 09:00:00,302.0,63.0
2017-09-24 10:00:00,298.5,64.9
2017-09-24 11:00:00,318.25,68.0
2017-09-24 12:00:00,341.75,72.0
2017-09-24 13:00:00,353.75,75.0
2017-09-24 14:00:00,326.0,75.9
2017-09-24 15:00:00,336.5,77.0
2017-09-24 16:00:00,357.0,75.9
2017-09-24 17:00:00,349.75,72.0
2017-09-24 18:00:00,330.25,69.1
2017-09-24 19:00:00,276.25,66.9
2017-09-24 20:00:00,251.0,64.9
2017-09-24 21:00:00,214.5,63.0
2017-09-24 22:00:00,192.25,55.9
2017-09-24 23:00:00,179.25,59.0
2017-09-25 00:00:00,160.0,54.0
2017-09-25 01:00:00,164.5,55.0
2017-09-25 02:00:00,156.75,53.1
2017-09-25 03:00:00,148.0,55.9
2017-09-25 04:00:00,171.5,53.1
2017-09-25 05:00:00,230.5,54.0
2017-09-25 06:00:00,304.75,53.1
2017-09-25 07:00:00,341.75,55.9
2017-09-25 08:00:00,313.75,64.0
2017-09-25 09:00:00,358.5,64.9
2017-09-25 10:00:00,423.0,68.0
2017-09-25 11:00:00,397.5,69.1
2017-09-25 12:00:00,406.75,72.0
2017-09-25 13:00:00,410.0,75.9
2017-09-25 14:00:00,414.5,79.0
2017-09-25 15:00:00,403.25,79.0
2017-09-25 16:00:00,395.0,77.0
2017-09-25 17:00:00,385.25,75.0
2017-09-25 18:00:00,391.25,71.1
2017-09-25 19:00:00,349.5,66.0
2017-09-25 20:00:00,283.0,64.0
2017-09-25 21:00:00,226.0,64.0
2017-09-25 22:00:00,199.5,61.0
2017-09-25 23:00:00,174.5,62.1
2017-09-26 00:00:00,154.5,57.0
2017-09-26 01:00:00,163.0,60.1
2017-09-26 02:00:00,156.75,57.9
2017-09-26 03:00:00,155.5,55.0
2017-09-26 04:00:00,174.5,55.9
2017-09-26 05:00:00,243.5,55.9
2017-09-26 06:00:00,314.5,55.0
2017-09-26 07:00:00,343.5,57.9
2017-09-26 08:00:00,347.25,66.9
2017-09-26 09:00:00,411.0,66.9
2017-09-26 10:00:00,392.75,72.0
2017-09-26 11:00:00,407.25,71.1
2017-09-26 12:00:00,423.75,77.0
2017-09-26 13:00:00,415.75,84.0
2017-09-26 14:00:00,418.5,90.0
2017-09-26 15:00:00,413.25,91.0
2017-09-26 16:00:00,421.25,90.0
2017-09-26 17:00:00,402.0,80.1
2017-09-26 18:00:00,382.5,75.0
2017-09-26 19:00:00,373.0,73.9
2017-09-26 20:00:00,335.0,70.0
2017-09-26 21:00:00,245.25,69.1
2017-09-26 22:00:00,183.25,62.1
2017-09-26 23:00:00,165.75,64.0
2017-09-27 00:00:00,166.5,60.1
2017-09-27 01:00:00,180.75,60.1
2017-09-27 02:00:00,174.0,62.1
2017-09-27 03:00:00,167.5,59.0
2017-09-27 04:00:00,178.0,57.0
2017-09-27 05:00:00,283.75,55.0
2017-09-27 06:00:00,345.0,57.0
2017-09-27 07:00:00,362.75,59.0
2017-09-27 08:00:00,397.5,69.1
2017-09-27 09:00:00,386.25,69.1
2017-09-27 10:00:00,405.0,72.0
2017-09-27 11:00:00,430.0,75.0
2017-09-27 12:00:00,435.5,77.0
2017-09-27 13:00:00,433.75,84.0
2017-09-27 14:00:00,452.0,86.0
2017-09-27 15:00:00,447.25,82.0
2017-09-27 16:00:00,439.5,82.0
2017-09-27 17:00:00,395.5,79.0
2017-09-27 18:00:00,378.25,75.9
2017-09-27 19:00:00,355.75,71.1
2017-09-27 20:00:00,312.5,69.1
2017-09-27 21:00:00,230.75,69.1
2017-09-27 22:00:00,196.5,63.0
2017-09-27 23:00:00,172.75,63.0
2017-09-28 00:00:00,151.5,64.0
2017-09-28 01:00:00,172.5,63.0
2017-09-28 02:00:00,158.25,60.1
2017-09-28 03:00:00,150.75,60.1
2017-09-28 04:00:00,182.5,57.9
2017-09-28 05:00:00,261.75,59.0
2017-09-28 06:00:00,319.5,59.0
2017-09-28 07:00:00,352.5,59.0
2017-09-28 08:00:00,342.0,66.9
2017-09-28 09:00:00,411.25,68.0
2017-09-28 10:00:00,409.25,70.0
2017-09-28 11:00:00,441.75,73.0
2017-09-28 12:00:00,440.25,75.9
2017-09-28 13:00:00,433.0,81.0
2017-09-28 14:00:00,438.25,81.0
2017-09-28 15:00:00,433.5,75.0
2017-09-28 16:00:00,368.5,72.0
2017-09-28 17:00:00,386.75,66.9
2017-09-28 18:00:00,330.5,64.0
2017-09-28 19:00:00,313.5,61.0
2017-09-28 20:00:00,287.0,61.0
2017-09-28 21:00:00,230.25,59.0
2017-09-28 22:00:00,185.5,55.9
2017-09-28 23:00:00,174.25,57.9
2017-09-29 00:00:00,165.0,59.0
2017-09-29 01:00:00,149.25,57.0
2017-09-29 02:00:00,141.75,59.0
2017-09-29 03:00:00,142.75,59.0
2017-09-29 04:00:00,164.25,57.0
2017-09-29 05:00:00,253.25,59.0
2017-09-29 06:00:00,344.5,59.0
2017-09-29 07:00:00,350.25,59.0
2017-09-29 08:00:00,352.5,61.0
2017-09-29 09:00:00,367.25,63.0
2017-09-29 10:00:00,364.5,63.0
2017-09-29 11:00:00,368.75,64.9
2017-09-29 12:00:00,357.0,66.0
2017-09-29 13:00:00,370.25,64.9
2017-09-29 14:00:00,380.5,64.9
2017-09-29 15:00:00,352.75,64.9
2017-09-29 16:00:00,353.25,63.0
2017-09-29 17:00:00,339.75,63.0
2017-09-29 18:00:00,300.25,61.0
2017-09-29 19:00:00,290.5,61.0
2017-09-29 20:00:00,265.75,61.0
2017-09-29 21:00:00,223.25,60.1
2017-09-29 22:00:00,174.25,59.0
2017-09-29 23:00:00,183.5,59.0
2017-09-30 00:00:00,169.25,59.0
2017-09-30 01:00:00,172.25,59.0
2017-09-30 02:00:00,179.25,59.0
2017-09-30 03:00:00,173.5,59.0
2017-09-30 04:00:00,165.25,59.0
2017-09-30 05:00:00,247.75,57.9
2017-09-30 06:00:00,269.0,57.9
2017-09-30 07:00:00,287.5,57.9
2017-09-30 08:00:00,284.5,61.0
2017-09-30 09:00:00,289.25,62.1
2017-09-30 10:00:00,277.25,63.0
2017-09-30 11:00:00,299.5,64.0
2017-09-30 12:00:00,273.0,66.9
2017-09-30 13:00:00,277.0,69.1
2017-09-30 14:00:00,298.0,73.0
2017-09-30 15:00:00,297.75,71.1
2017-09-30 16:00:00,302.25,71.1
2017-09-30 17:00:00,288.5,68.0
2017-09-30 18:00:00,257.5,64.9
2017-09-30 19:00:00,262.5,64.0
2017-09-30 20:00:00,225.0,63.0
2017-09-30 21:00:00,184.75,60.1
2017-09-30 22:00:00,173.75,57.9
2017-09-30 23:00:00,174.75,57.0
2017-10-01 00:00:00,162.0,57.0
2017-10-01 01:00:00,151.75,55.0
2017-10-01 02:00:00,143.5,55.0
2017-10-01 03:00:00,146.25,57.0
2017-10-01 04:00:00,157.75,55.0
2017-10-01 05:00:00,228.25,54.0
2017-10-01 06:00:00,270.0,52.0
2017-10-01 07:00:00,267.0,53.1
2017-10-01 08:00:00,261.25,62.1
2017-10-01 09:00:00,257.75,66.0
2017-10-01 10:00:00,281.75,66.9
2017-10-01 11:00:00,300.75,70.0
2017-10-01 12:00:00,334.0,72.0
2017-10-01 13:00:00,348.25,73.0
2017-10-01 14:00:00,356.25,72.0
2017-10-01 15:00:00,334.75,70.0
2017-10-01 16:00:00,346.0,68.0
2017-10-01 17:00:00,334.25,66.0
2017-10-01 18:00:00,315.0,64.0
2017-10-01 19:00:00,305.0,62.1
2017-10-01 20:00:00,259.75,57.9
2017-10-01 21:00:00,215.75,54.0
2017-10-01 22:00:00,185.0,55.0
2017-10-01 23:00:00,167.0,54.0
2017-10-02 00:00:00,155.5,53.1
2017-10-02 01:00:00,150.5,61.0
2017-10-02 02:00:00,148.75,61.0
2017-10-02 03:00:00,148.25,62.1
2017-10-02 04:00:00,181.25,62.1
2017-10-02 05:00:00,240.5,60.1
2017-10-02 06:00:00,327.75,60.1
2017-10-02 07:00:00,338.75,61.0
2017-10-02 08:00:00,341.0,66.0
2017-10-02 09:00:00,346.5,69.1
2017-10-02 10:00:00,382.5,69.1
2017-10-02 11:00:00,383.5,71.1
2017-10-02 12:00:00,403.75,72.0
2017-10-02 13:00:00,406.5,72.0
2017-10-02 14:00:00,415.0,71.1
2017-10-02 15:00:00,417.75,69.1
2017-10-02 16:00:00,438.25,68.0
2017-10-02 17:00:00,381.0,64.0
2017-10-02 18:00:00,391.5,61.0
2017-10-02 19:00:00,343.0,60.1
2017-10-02 20:00:00,275.0,59.0
2017-10-02 21:00:00,230.0,57.9
2017-10-02 22:00:00,180.5,57.0
2017-10-02 23:00:00,154.5,57.0
2017-10-03 00:00:00,146.5,57.9
2017-10-03 01:00:00,147.75,57.0
2017-10-03 02:00:00,152.5,57.0
2017-10-03 03:00:00,132.25,53.1
2017-10-03 04:00:00,158.98,55.0
2017-10-03 05:00:00,204.29,53.1
2017-10-03 06:00:00,274.0,54.0
2017-10-03 07:00:00,284.5,54.0
2017-10-03 08:00:00,290.5,57.0
2017-10-03 09:00:00,330.0,60.1
2017-10-03 10:00:00,330.75,60.1
2017-10-03 11:00:00,348.5,60.1
2017-10-03 12:00:00,349.75,64.0
2017-10-03 13:00:00,378.0,68.0
2017-10-03 14:00:00,383.25,70.0
2017-10-03 15:00:00,390.5,71.1
2017-10-03 16:00:00,388.25,71.1
2017-10-03 17:00:00,373.25,66.9
2017-10-03 18:00:00,375.2,64.0
2017-10-03 19:00:00,350.75,61.0
2017-10-03 20:00:00,273.0,60.1
2017-10-03 21:00:00,216.0,54.0
2017-10-03 22:00:00,203.5,55.0
2017-10-03 23:00:00,168.75,52.0
2017-10-04 00:00:00,162.25,53.1
2017-10-04 01:00:00,153.5,50.0
2017-10-04 02:00:00,154.5,51.1
2017-10-04 03:00:00,141.25,50.0
2017-10-04 04:00:00,161.0,50.0
2017-10-04 05:00:00,203.75,48.9
2017-10-04 06:00:00,260.75,48.9
2017-10-04 07:00:00,281.0,52.0
2017-10-04 08:00:00,284.0,57.0
2017-10-04 09:00:00,340.75,61.0
2017-10-04 10:00:00,334.75,62.1
2017-10-04 11:00:00,354.25,64.0
2017-10-04 12:00:00,396.25,68.0
2017-10-04 13:00:00,420.0,71.1
2017-10-04 14:00:00,430.75,73.9
2017-10-04 15:00:00,424.25,73.9
2017-10-04 16:00:00,381.25,72.0
2017-10-04 17:00:00,381.25,68.0
2017-10-04 18:00:00,341.5,62.1
2017-10-04 19:00:00,343.75,60.1
2017-10-04 20:00:00,281.75,59.0
2017-10-04 21:00:00,206.0,57.9
2017-10-04 22:00:00,178.0,53.1
2017-10-04 23:00:00,172.5,54.0
2017-10-05 00:00:00,159.25,53.1
2017-10-05 01:00:00,152.5,50.0
2017-10-05 02:00:00,145.5,52.0
2017-10-05 03:00:00,146.5,52.0
2017-10-05 04:00:00,158.25,50.0
2017-10-05 05:00:00,212.0,50.0
2017-10-05 06:00:00,261.5,48.0
2017-10-05 07:00:00,287.25,48.9
2017-10-05 08:00:00,302.75,59.0
2017-10-05 09:00:00,330.75,61.0
2017-10-05 10:00:00,340.0,64.0
2017-10-05 11:00:00,377.0,66.0
2017-10-05 12:00:00,394.5,72.0
2017-10-05 13:00:00,388.0,73.0
2017-10-05 14:00:00,408.25,75.9
2017-10-05 15:00:00,383.5,73.0
2017-10-05 16:00:00,361.5,73.0
2017-10-05 17:00:00,351.25,71.1
2017-10-05 18:00:00,317.25,66.9
2017-10-05 19:00:00,282.5,63.0
2017-10-05 20:00:00,253.5,61.0
2017-10-05 21:00:00,209.5,60.1
2017-10-05 22:00:00,180.0,55.9
2017-10-05 23:00:00,173.0,55.0
2017-10-06 00:00:00,158.5,53.1
2017-10-06 01:00:00,150.0,53.1
2017-10-06 02:00:00,143.25,53.1
2017-10-06 03:00:00,147.75,48.9
2017-10-06 04:00:00,166.0,51.1
2017-10-06 05:00:00,244.5,48.0
2017-10-06 06:00:00,317.5,50.0
2017-10-06 07:00:00,326.75,53.1
2017-10-06 08:00:00,330.25,61.0
2017-10-06 09:00:00,337.0,63.0
2017-10-06 10:00:00,394.75,64.9
2017-10-06 11:00:00,403.75,70.0
2017-10-06 12:00:00,389.0,73.0
2017-10-06 13:00:00,396.5,77.0
2017-10-06 14:00:00,411.75,81.0
2017-10-06 15:00:00,383.75,80.1
2017-10-06 16:00:00,339.25,75.9
2017-10-06 17:00:00,318.5,77.0
2017-10-06 18:00:00,291.25,69.1
2017-10-06 19:00:00,290.5,64.9
2017-10-06 20:00:00,252.25,63.0
2017-10-06 21:00:00,203.75,62.1
2017-10-06 22:00:00,175.75,55.0
2017-10-06 23:00:00,179.25,59.0
2017-10-07 00:00:00,187.5,57.9
2017-10-07 01:00:00,161.75,53.1
2017-10-07 02:00:00,171.25,55.9
2017-10-07 03:00:00,165.25,53.1
2017-10-07 04:00:00,174.5,53.1
2017-10-07 05:00:00,229.75,52.0
2017-10-07 06:00:00,271.75,50.0
2017-10-07 07:00:00,267.5,52.0
2017-10-07 08:00:00,240.75,60.1
2017-10-07 09:00:00,273.25,64.9
2017-10-07 10:00:00,273.5,69.1
2017-10-07 11:00:00,285.0,72.0
2017-10-07 12:00:00,293.5,75.0
2017-10-07 13:00:00,293.0,77.0
2017-10-07 14:00:00,310.25,75.0
2017-10-07 15:00:00,307.75,70.0
2017-10-07 16:00:00,314.6,68.0
2017-10-07 17:00:00,311.75,66.0
2017-10-07 18:00:00,267.75,62.1
2017-10-07 19:00:00,252.5,61.0
2017-10-07 20:00:00,225.0,57.9
2017-10-07 21:00:00,184.75,59.0
2017-10-07 22:00:00,174.5,57.9
2017-10-07 23:00:00,174.75,57.0
2017-10-08 00:00:00,160.0,57.0
2017-10-08 01:00:00,147.75,57.9
2017-10-08 02:00:00,146.25,57.0
2017-10-08 03:00:00,146.75,57.0
2017-10-08 04:00:00,154.25,51.1
2017-10-08 05:00:00,231.75,51.1
2017-10-08 06:00:00,256.25,48.9
2017-10-08 07:00:00,258.25,53.1
2017-10-08 08:00:00,284.25,59.0
2017-10-08 09:00:00,281.5,60.1
2017-10-08 10:00:00,294.0,64.0
2017-10-08 11:00:00,306.75,66.9
2017-10-08 12:00:00,368.75,72.0
2017-10-08 13:00:00,344.0,73.9
2017-10-08 14:00:00,329.75,77.0
2017-10-08 15:00:00,364.25,75.0
2017-10-08 16:00:00,365.25,73.0
2017-10-08 17:00:00,378.0,71.1
2017-10-08 18:00:00,367.8,66.0
2017-10-08 19:00:00,360.25,66.9
2017-10-08 20:00:00,309.5,64.0
2017-10-08 21:00:00,233.25,64.9
2017-10-08 22:00:00,188.75,66.0
2017-10-08 23:00:00,172.5,64.9
2017-10-09 00:00:00,163.0,69.1
2017-10-09 01:00:00,168.0,70.0
2017-10-09 02:00:00,164.25,69.1
2017-10-09 03:00:00,150.25,69.1
2017-10-09 04:00:00,175.75,66.9
2017-10-09 05:00:00,255.75,64.9
2017-10-09 06:00:00,319.75,61.0
2017-10-09 07:00:00,341.75,62.1
2017-10-09 08:00:00,337.25,66.0
2017-10-09 09:00:00,373.0,68.0
2017-10-09 10:00:00,384.25,73.9
2017-10-09 11:00:00,374.0,75.0
2017-10-09 12:00:00,374.5,72.0
2017-10-09 13:00:00,399.75,73.0
2017-10-09 14:00:00,429.5,73.9
2017-10-09 15:00:00,410.25,75.0
2017-10-09 16:00:00,411.0,73.0
2017-10-09 17:00:00,375.25,73.0
2017-10-09 18:00:00,380.89,66.9
2017-10-09 19:00:00,336.9,63.0
2017-10-09 20:00:00,275.25,62.1
2017-10-09 21:00:00,230.5,64.0
2017-10-09 22:00:00,187.5,61.0
2017-10-09 23:00:00,174.75,57.9
2017-10-10 00:00:00,160.5,60.1
2017-10-10 01:00:00,154.75,57.0
2017-10-10 02:00:00,147.25,57.9
2017-10-10 03:00:00,156.0,54.0
2017-10-10 04:00:00,170.5,55.0
2017-10-10 05:00:00,228.5,53.1
2017-10-10 06:00:00,298.5,52.0
2017-10-10 07:00:00,330.25,54.0
2017-10-10 08:00:00,327.25,61.0
2017-10-10 09:00:00,338.0,64.9
2017-10-10 10:00:00,350.75,68.0
2017-10-10 11:00:00,382.25,70.0
2017-10-10 12:00:00,393.25,73.9
2017-10-10 13:00:00,425.0,75.0
2017-10-10 14:00:00,405.5,69.1
2017-10-10 15:00:00,421.0,66.0
2017-10-10 16:00:00,382.5,64.9
2017-10-10 17:00:00,376.5,63.0
2017-10-10 18:00:00,364.0,59.0
2017-10-10 19:00:00,332.0,57.9
2017-10-10 20:00:00,257.5,54.0
2017-10-10 21:00:00,202.75,54.0
2017-10-10 22:00:00,181.5,54.0
2017-10-10 23:00:00,165.0,51.1
2017-10-11 00:00:00,154.5,52.0
2017-10-11 01:00:00,145.5,48.9
2017-10-11 02:00:00,144.6,50.0
2017-10-11 03:00:00,143.0,50.0
2017-10-11 04:00:00,164.25,50.0
2017-10-11 05:00:00,207.5,52.0
2017-10-11 06:00:00,263.25,50.0
2017-10-11 07:00:00,288.0,50.0
2017-10-11 08:00:00,286.5,55.0
2017-10-11 09:00:00,304.0,57.0
2017-10-11 10:00:00,322.25,59.0
2017-10-11 11:00:00,331.25,61.0
2017-10-11 12:00:00,340.5,63.0
2017-10-11 13:00:00,363.5,64.9
2017-10-11 14:00:00,389.5,64.9
2017-10-11 15:00:00,391.75,66.0
2017-10-11 16:00:00,409.0,64.0
2017-10-11 17:00:00,401.0,63.0
2017-10-11 18:00:00,346.25,61.0
2017-10-11 19:00:00,299.75,60.1
2017-10-11 20:00:00,264.0,55.0
2017-10-11 21:00:00,218.0,55.0
2017-10-11 22:00:00,180.75,51.1
2017-10-11 23:00:00,178.0,55.0
2017-10-12 00:00:00,150.75,52.0
2017-10-12 01:00:00,152.75,51.1
2017-10-12 02:00:00,154.5,54.0
2017-10-12 03:00:00,146.75,51.1
2017-10-12 04:00:00,167.5,54.0
2017-10-12 05:00:00,241.0,50.0
2017-10-12 06:00:00,318.5,51.1
2017-10-12 07:00:00,336.0,48.9
2017-10-12 08:00:00,327.25,57.0
2017-10-12 09:00:00,334.25,59.0
2017-10-12 10:00:00,341.75,63.0
2017-10-12 11:00:00,332.75,64.0
2017-10-12 12:00:00,356.0,66.0
2017-10-12 13:00:00,358.25,68.0
2017-10-12 14:00:00,355.75,68.0
2017-10-12 15:00:00,374.75,66.9
2017-10-12 16:00:00,333.5,64.0
2017-10-12 17:00:00,318.25,62.1
2017-10-12 18:00:00,296.75,59.0
2017-10-12 19:00:00,270.25,55.9
2017-10-12 20:00:00,262.5,51.1
2017-10-12 21:00:00,201.0,51.1
2017-10-12 22:00:00,172.75,51.1
2017-10-12 23:00:00,169.75,50.0
2017-10-13 00:00:00,167.0,48.9
2017-10-13 01:00:00,155.25,50.0
2017-10-13 02:00:00,161.5,46.9
2017-10-13 03:00:00,161.5,46.9
2017-10-13 04:00:00,168.0,45.0
2017-10-13 05:00:00,228.25,46.0
2017-10-13 06:00:00,280.75,46.0
2017-10-13 07:00:00,264.75,46.0
2017-10-13 08:00:00,271.0,53.1
2017-10-13 09:00:00,328.25,59.0
2017-10-13 10:00:00,329.5,61.0
2017-10-13 11:00:00,329.75,64.0
2017-10-13 12:00:00,331.75,66.9
2017-10-13 13:00:00,338.0,70.0
2017-10-13 14:00:00,359.25,71.1
2017-10-13 15:00:00,366.0,69.1
2017-10-13 16:00:00,378.75,68.0
2017-10-13 17:00:00,370.0,64.9
2017-10-13 18:00:00,353.75,61.0
2017-10-13 19:00:00,355.25,60.1
2017-10-13 20:00:00,312.75,57.9
2017-10-13 21:00:00,279.75,57.0
2017-10-13 22:00:00,278.5,52.0
2017-10-13 23:00:00,272.5,53.1
2017-10-14 00:00:00,207.5,52.0
2017-10-14 01:00:00,190.5,51.1
2017-10-14 02:00:00,175.75,48.0
2017-10-14 03:00:00,173.75,48.0
2017-10-14 04:00:00,173.75,46.9
2017-10-14 05:00:00,253.25,50.0
2017-10-14 06:00:00,287.25,46.0
2017-10-14 07:00:00,294.5,48.0
2017-10-14 08:00:00,279.75,57.0
2017-10-14 09:00:00,291.25,66.9
2017-10-14 10:00:00,301.75,70.0
2017-10-14 11:00:00,312.25,73.0
2017-10-14 12:00:00,332.75,75.9
2017-10-14 13:00:00,340.25,77.0
2017-10-14 14:00:00,314.5,78.1
2017-10-14 15:00:00,330.75,79.0
2017-10-14 16:00:00,318.8,78.1
2017-10-14 17:00:00,315.0,75.0
2017-10-14 18:00:00,274.75,70.0
2017-10-14 19:00:00,262.0,68.0
2017-10-14 20:00:00,232.5,66.0
2017-10-14 21:00:00,187.0,62.1
2017-10-14 22:00:00,178.4,62.1
2017-10-14 23:00:00,161.25,57.0
2017-10-15 00:00:00,147.75,55.0
2017-10-15 01:00:00,144.5,55.9
2017-10-15 02:00:00,147.25,55.9
2017-10-15 03:00:00,148.0,54.0
2017-10-15 04:00:00,173.75,54.0
2017-10-15 05:00:00,235.75,53.1
2017-10-15 06:00:00,273.0,55.9
2017-10-15 07:00:00,281.75,57.9
2017-10-15 08:00:00,276.25,62.1
2017-10-15 09:00:00,298.75,66.9
2017-10-15 10:00:00,320.25,66.0
2017-10-15 11:00:00,322.0,66.0
2017-10-15 12:00:00,354.75,70.0
2017-10-15 13:00:00,363.0,73.0
2017-10-15 14:00:00,396.0,75.0
2017-10-15 15:00:00,408.25,79.0
2017-10-15 16:00:00,381.25,75.0
2017-10-15 17:00:00,378.75,73.9
2017-10-15 18:00:00,327.5,71.1
2017-10-15 19:00:00,294.0,71.1
2017-10-15 20:00:00,249.0,66.0
2017-10-15 21:00:00,196.5,63.0
2017-10-15 22:00:00,172.25,64.0
2017-10-15 23:00:00,164.5,55.9
2017-10-16 00:00:00,152.25,59.0
2017-10-16 01:00:00,147.0,54.0
2017-10-16 02:00:00,153.25,55.9
2017-10-16 03:00:00,164.25,51.1
2017-10-16 04:00:00,175.75,51.1
2017-10-16 05:00:00,240.0,51.1
2017-10-16 06:00:00,317.75,55.0
2017-10-16 07:00:00,329.8,50.0
2017-10-16 08:00:00,337.5,61.0
2017-10-16 09:00:00,378.0,64.0
2017-10-16 10:00:00,380.75,68.0
2017-10-16 11:00:00,392.5,69.1
2017-10-16 12:00:00,399.5,72.0
2017-10-16 13:00:00,415.0,73.9
2017-10-16 14:00:00,416.5,75.9
2017-10-16 15:00:00,425.5,75.9
2017-10-16 16:00:00,410.5,79.0
2017-10-16 17:00:00,368.0,75.0
2017-10-16 18:00:00,366.0,72.0
2017-10-16 19:00:00,347.0,66.0
2017-10-16 20:00:00,300.25,64.0
2017-10-16 21:00:00,231.0,59.0
2017-10-16 22:00:00,219.0,64.0
2017-10-16 23:00:00,184.25,60.1
2017-10-17 00:00:00,160.0,59.0
2017-10-17 01:00:00,152.25,60.1
2017-10-17 02:00:00,143.0,54.0
2017-10-17 03:00:00,152.5,55.9
2017-10-17 04:00:00,189.25,54.0
2017-10-17 05:00:00,256.5,54.0
2017-10-17 06:00:00,296.25,50.0
2017-10-17 07:00:00,331.0,55.0
2017-10-17 08:00:00,321.0,60.1
2017-10-17 09:00:00,338.25,64.0
2017-10-17 10:00:00,358.25,66.9
2017-10-17 11:00:00,378.25,64.9
2017-10-17 12:00:00,385.25,70.0
2017-10-17 13:00:00,416.25,69.1
2017-10-17 14:00:00,399.75,72.0
2017-10-17 15:00:00,418.25,72.0
2017-10-17 16:00:00,395.5,66.9
2017-10-17 17:00:00,385.25,63.0
2017-10-17 18:00:00,359.75,57.9
2017-10-17 19:00:00,323.5,57.9
2017-10-17 20:00:00,296.0,55.0
2017-10-17 21:00:00,227.0,53.1
2017-10-17 22:00:00,197.5,52.0
2017-10-17 23:00:00,182.75,51.1
2017-10-18 00:00:00,151.0,51.1
2017-10-18 01:00:00,148.0,50.0
2017-10-18 02:00:00,137.3,48.0
2017-10-18 03:00:00,141.66,46.0
2017-10-18 04:00:00,160.0,45.0
2017-10-18 05:00:00,213.0,46.0
2017-10-18 06:00:00,260.5,43.0
2017-10-18 07:00:00,284.0,45.0
2017-10-18 08:00:00,277.25,50.0
2017-10-18 09:00:00,284.75,53.1
2017-10-18 10:00:00,311.0,55.0
2017-10-18 11:00:00,338.25,57.0
2017-10-18 12:00:00,346.5,61.0
2017-10-18 13:00:00,370.25,62.1
2017-10-18 14:00:00,351.2,62.1
2017-10-18 15:00:00,347.5,60.1
2017-10-18 16:00:00,347.5,57.0
2017-10-18 17:00:00,333.25,55.0
2017-10-18 18:00:00,323.75,54.0
2017-10-18 19:00:00,309.0,52.0
2017-10-18 20:00:00,278.25,54.0
2017-10-18 21:00:00,237.5,54.0
2017-10-18 22:00:00,207.25,54.0
2017-10-18 23:00:00,181.25,54.0
2017-10-19 00:00:00,161.5,54.0
2017-10-19 01:00:00,140.5,54.0
2017-10-19 02:00:00,145.0,55.0
2017-10-19 03:00:00,138.0,55.9
2017-10-19 04:00:00,163.0,55.0
2017-10-19 05:00:00,211.5,55.9
2017-10-19 06:00:00,285.75,55.9
2017-10-19 07:00:00,302.25,55.0
2017-10-19 08:00:00,305.25,55.9
2017-10-19 09:00:00,307.75,57.0
2017-10-19 10:00:00,299.25,57.9
2017-10-19 11:00:00,333.5,60.1
2017-10-19 12:00:00,338.25,62.1
2017-10-19 13:00:00,321.0,63.0
2017-10-19 14:00:00,325.75,63.0
2017-10-19 15:00:00,316.25,62.1
2017-10-19 16:00:00,329.0,62.1
2017-10-19 17:00:00,317.5,62.1
2017-10-19 18:00:00,290.75,61.0
2017-10-19 19:00:00,282.75,61.0
2017-10-19 20:00:00,286.25,62.1
2017-10-19 21:00:00,242.5,62.1
2017-10-19 22:00:00,217.0,62.1
2017-10-19 23:00:00,204.75,55.0
2017-10-20 00:00:00,164.5,54.0
2017-10-20 01:00:00,164.0,55.0
2017-10-20 02:00:00,171.75,54.0
2017-10-20 03:00:00,167.0,54.0
2017-10-20 04:00:00,177.75,53.1
2017-10-20 05:00:00,239.5,51.1
2017-10-20 06:00:00,278.5,53.1
2017-10-20 07:00:00,289.0,54.0
2017-10-20 08:00:00,289.0,55.0
2017-10-20 09:00:00,297.75,57.0
2017-10-20 10:00:00,309.0,59.0
2017-10-20 11:00:00,320.5,61.0
2017-10-20 12:00:00,317.0,61.0
2017-10-20 13:00:00,335.0,63.0
2017-10-20 14:00:00,335.25,62.1
2017-10-20 15:00:00,313.5,62.1
2017-10-20 16:00:00,319.75,60.1
2017-10-20 17:00:00,283.25,57.9
2017-10-20 18:00:00,276.75,57.0
2017-10-20 19:00:00,275.25,55.9
2017-10-20 20:00:00,269.5,55.9
2017-10-20 21:00:00,234.5,55.9
2017-10-20 22:00:00,229.25,54.0
2017-10-20 23:00:00,214.0,53.1
2017-10-21 00:00:00,181.0,54.0
2017-10-21 01:00:00,173.25,48.9
2017-10-21 02:00:00,159.25,48.0
2017-10-21 03:00:00,152.0,48.0
2017-10-21 04:00:00,159.25,46.0
2017-10-21 05:00:00,208.5,44.1
2017-10-21 06:00:00,246.25,46.0
2017-10-21 07:00:00,271.75,46.0
2017-10-21 08:00:00,256.5,54.0
2017-10-21 09:00:00,269.75,55.9
2017-10-21 10:00:00,278.5,57.9
2017-10-21 11:00:00,284.5,60.1
2017-10-21 12:00:00,305.5,64.0
2017-10-21 13:00:00,321.5,64.0
2017-10-21 14:00:00,325.25,64.9
2017-10-21 15:00:00,350.5,64.9
2017-10-21 16:00:00,330.5,64.9
2017-10-21 17:00:00,320.0,63.0
2017-10-21 18:00:00,319.75,59.0
2017-10-21 19:00:00,306.0,59.0
2017-10-21 20:00:00,293.25,59.0
2017-10-21 21:00:00,301.75,59.0
2017-10-21 22:00:00,272.5,55.0
2017-10-21 23:00:00,224.0,55.0
2017-10-22 00:00:00,199.5,51.1
2017-10-22 01:00:00,185.25,52.0
2017-10-22 02:00:00,175.5,51.1
2017-10-22 03:00:00,176.75,50.0
2017-10-22 04:00:00,186.75,48.0
2017-10-22 05:00:00,227.0,50.0
2017-10-22 06:00:00,253.25,48.9
2017-10-22 07:00:00,261.25,46.9
2017-10-22 08:00:00,280.0,57.0
2017-10-22 09:00:00,302.0,59.0
2017-10-22 10:00:00,302.5,61.0
2017-10-22 11:00:00,340.5,64.9
2017-10-22 12:00:00,339.75,66.9
2017-10-22 13:00:00,370.25,69.1
2017-10-22 14:00:00,367.5,70.0
2017-10-22 15:00:00,368.75,70.0
2017-10-22 16:00:00,396.25,69.1
2017-10-22 17:00:00,366.25,64.9
2017-10-22 18:00:00,318.0,63.0
2017-10-22 19:00:00,287.25,62.1
2017-10-22 20:00:00,246.5,62.1
2017-10-22 21:00:00,218.75,55.9
2017-10-22 22:00:00,183.25,55.9
2017-10-22 23:00:00,177.75,57.0
2017-10-23 00:00:00,173.25,57.0
2017-10-23 01:00:00,182.0,55.0
2017-10-23 02:00:00,183.75,53.1
2017-10-23 03:00:00,187.75,54.0
2017-10-23 04:00:00,199.75,54.0
2017-10-23 05:00:00,234.75,52.0
2017-10-23 06:00:00,287.25,52.0
2017-10-23 07:00:00,306.0,54.0
2017-10-23 08:00:00,316.25,63.0
2017-10-23 09:00:00,347.5,66.9
2017-10-23 10:00:00,394.75,78.1
2017-10-23 11:00:00,416.25,75.0
2017-10-23 12:00:00,430.5,75.9
2017-10-23 13:00:00,435.75,78.1
2017-10-23 14:00:00,456.5,82.0
2017-10-23 15:00:00,464.0,79.0
2017-10-23 16:00:00,447.5,79.0
2017-10-23 17:00:00,436.25,80.1
2017-10-23 18:00:00,392.25,73.9
2017-10-23 19:00:00,365.5,71.1
2017-10-23 20:00:00,301.25,66.9
2017-10-23 21:00:00,245.25,66.0
2017-10-23 22:00:00,221.25,63.0
2017-10-23 23:00:00,213.75,64.0
2017-10-24 00:00:00,207.5,63.0
2017-10-24 01:00:00,216.0,64.0
2017-10-24 02:00:00,196.25,64.0
2017-10-24 03:00:00,196.25,64.9
2017-10-24 04:00:00,222.0,64.9
2017-10-24 05:00:00,310.25,63.0
2017-10-24 06:00:00,326.5,64.9
2017-10-24 07:00:00,366.75,64.9
2017-10-24 08:00:00,373.25,69.1
2017-10-24 09:00:00,365.25,71.1
2017-10-24 10:00:00,378.75,73.9
2017-10-24 11:00:00,380.25,88.0
2017-10-24 12:00:00,427.0,90.0
2017-10-24 13:00:00,461.75,91.9
2017-10-24 14:00:00,464.5,82.0
2017-10-24 15:00:00,436.0,82.0
2017-10-24 16:00:00,451.75,82.0
2017-10-24 17:00:00,423.0,80.1
2017-10-24 18:00:00,405.4,75.0
2017-10-24 19:00:00,378.75,73.9
2017-10-24 20:00:00,379.26,69.1
2017-10-24 21:00:00,379.76,69.1
2017-10-24 22:00:00,380.27,64.0
2017-10-24 23:00:00,380.78,64.0
2017-10-25 00:00:00,381.28,66.0
2017-10-25 01:00:00,381.79,62.1
2017-10-25 02:00:00,398.0,61.0
2017-10-25 03:00:00,398.0,57.9
2017-10-25 04:00:00,398.0,60.1
2017-10-25 05:00:00,398.0,57.9
2017-10-25 06:00:00,398.0,55.9
2017-10-25 07:00:00,398.0,57.9
2017-10-25 08:00:00,398.0,64.0
2017-10-25 09:00:00,398.0,66.0
2017-10-25 10:00:00,398.0,70.0
2017-10-25 11:00:00,398.0,71.1
2017-10-25 12:00:00,398.0,73.9
2017-10-25 13:00:00,398.0,75.9
2017-10-25 14:00:00,398.0,82.0
2017-10-25 15:00:00,398.0,78.1
2017-10-25 16:00:00,398.0,80.1
2017-10-25 17:00:00,398.0,78.1
2017-10-25 18:00:00,398.0,73.0
2017-10-25 19:00:00,398.0,73.0
2017-10-25 20:00:00,398.0,69.1
2017-10-25 21:00:00,398.0,66.9
2017-10-25 22:00:00,398.0,66.0
2017-10-25 23:00:00,398.0,59.0
2017-10-26 00:00:00,398.0,60.1
2017-10-26 01:00:00,398.0,57.0
2017-10-26 02:00:00,398.0,57.9
2017-10-26 03:00:00,398.0,57.0
2017-10-26 04:00:00,398.0,57.9
2017-10-26 05:00:00,398.0,57.0
2017-10-26 06:00:00,398.0,55.0
2017-10-26 07:00:00,398.0,57.0
2017-10-26 08:00:00,398.0,64.0
2017-10-26 09:00:00,398.0,66.0
2017-10-26 10:00:00,375.75,68.0
2017-10-26 11:00:00,403.0,69.1
2017-10-26 12:00:00,393.75,73.0
2017-10-26 13:00:00,422.75,78.1
2017-10-26 14:00:00,448.75,81.0
2017-10-26 15:00:00,448.25,81.0
2017-10-26 16:00:00,430.5,79.0
2017-10-26 17:00:00,426.25,79.0
2017-10-26 18:00:00,390.75,73.9
2017-10-26 19:00:00,317.5,70.0
2017-10-26 20:00:00,273.5,69.1
2017-10-26 21:00:00,252.75,66.9
2017-10-26 22:00:00,210.25,63.0
2017-10-26 23:00:00,206.25,61.0
2017-10-27 00:00:00,177.5,61.0
2017-10-27 01:00:00,185.5,55.0
2017-10-27 02:00:00,186.75,57.9
2017-10-27 03:00:00,175.0,54.0
2017-10-27 04:00:00,214.25,53.1
2017-10-27 05:00:00,272.0,57.0
2017-10-27 06:00:00,333.5,54.0
2017-10-27 07:00:00,367.75,55.0
2017-10-27 08:00:00,376.25,61.0
2017-10-27 09:00:00,372.25,66.9
2017-10-27 10:00:00,417.5,66.9
2017-10-27 11:00:00,430.5,70.0
2017-10-27 12:00:00,417.5,73.0
2017-10-27 13:00:00,424.25,75.0
2017-10-27 14:00:00,409.0,75.9
2017-10-27 15:00:00,404.0,79.0
2017-10-27 16:00:00,391.25,79.0
2017-10-27 17:00:00,361.0,69.1
2017-10-27 18:00:00,333.75,64.9
2017-10-27 19:00:00,321.5,63.0
2017-10-27 20:00:00,273.5,61.0
2017-10-27 21:00:00,223.75,59.0
2017-10-27 22:00:00,209.75,55.9
2017-10-27 23:00:00,215.5,55.0
2017-10-28 00:00:00,173.0,54.0
2017-10-28 01:00:00,157.75,54.0
2017-10-28 02:00:00,160.5,53.1
2017-10-28 03:00:00,171.25,52.0
2017-10-28 04:00:00,169.25,51.1
2017-10-28 05:00:00,216.75,52.0
2017-10-28 06:00:00,242.0,50.0
2017-10-28 07:00:00,263.4,51.1
2017-10-28 08:00:00,246.75,54.0
2017-10-28 09:00:00,250.0,55.9
2017-10-28 10:00:00,257.0,57.9
2017-10-28 11:00:00,262.75,61.0
2017-10-28 12:00:00,274.5,62.1
2017-10-28 13:00:00,291.5,64.9
2017-10-28 14:00:00,290.75,66.0
2017-10-28 15:00:00,284.75,64.9
2017-10-28 16:00:00,262.25,61.0
2017-10-28 17:00:00,243.0,57.9
2017-10-28 18:00:00,262.25,55.9
2017-10-28 19:00:00,263.75,55.0
2017-10-28 20:00:00,265.25,54.0
2017-10-28 21:00:00,246.5,54.0
2017-10-28 22:00:00,245.25,54.0
2017-10-28 23:00:00,202.5,54.0
2017-10-29 00:00:00,158.0,55.0
2017-10-29 01:00:00,148.25,55.0
2017-10-29 02:00:00,157.0,55.0
2017-10-29 03:00:00,147.0,55.0
2017-10-29 04:00:00,177.25,54.0
2017-10-29 05:00:00,223.0,54.0
2017-10-29 06:00:00,236.0,54.0
2017-10-29 07:00:00,261.25,54.0
2017-10-29 08:00:00,263.25,55.0
2017-10-29 09:00:00,278.0,55.9
2017-10-29 10:00:00,286.5,55.9
2017-10-29 11:00:00,289.25,55.9
2017-10-29 12:00:00,324.5,55.9
2017-10-29 13:00:00,355.25,57.0
2017-10-29 14:00:00,324.25,57.9
2017-10-29 15:00:00,329.25,60.1
2017-10-29 16:00:00,355.0,60.1
2017-10-29 17:00:00,339.0,55.9
2017-10-29 18:00:00,304.5,53.1
2017-10-29 19:00:00,276.5,53.1
2017-10-29 20:00:00,250.0,53.1
2017-10-29 21:00:00,212.75,54.0
2017-10-29 22:00:00,188.5,54.0
2017-10-29 23:00:00,182.25,55.0
2017-10-30 00:00:00,162.5,55.0
2017-10-30 01:00:00,172.0,55.0
2017-10-30 02:00:00,164.75,55.0
2017-10-30 03:00:00,155.25,54.0
2017-10-30 04:00:00,188.25,55.0
2017-10-30 05:00:00,225.0,55.0
2017-10-30 06:00:00,260.25,55.0
2017-10-30 07:00:00,312.75,55.0
2017-10-30 08:00:00,297.75,55.9
2017-10-30 09:00:00,293.5,55.9
2017-10-30 10:00:00,305.75,57.0
2017-10-30 11:00:00,324.5,60.1
2017-10-30 12:00:00,337.5,61.0
2017-10-30 13:00:00,331.0,61.0
2017-10-30 14:00:00,339.0,61.0
2017-10-30 15:00:00,363.75,61.0
2017-10-30 16:00:00,338.5,57.9
2017-10-30 17:00:00,319.75,57.0
2017-10-30 18:00:00,310.25,55.9
2017-10-30 19:00:00,317.25,55.9
2017-10-30 20:00:00,282.25,55.9
2017-10-30 21:00:00,221.0,55.9
2017-10-30 22:00:00,211.25,55.9
2017-10-30 23:00:00,190.25,55.9
2017-10-31 00:00:00,164.0,55.9
2017-10-31 01:00:00,175.25,55.9
2017-10-31 02:00:00,168.5,55.9
2017-10-31 03:00:00,170.0,55.0
2017-10-31 04:00:00,190.25,52.0
2017-10-31 05:00:00,222.0,50.0
2017-10-31 06:00:00,258.5,48.9
2017-10-31 07:00:00,268.75,48.9
2017-10-31 08:00:00,292.0,55.0
2017-10-31 09:00:00,291.0,57.9
2017-10-31 10:00:00,302.75,59.0
2017-10-31 11:00:00,340.75,60.1
2017-10-31 12:00:00,344.0,61.0
2017-10-31 13:00:00,346.0,63.0
2017-10-31 14:00:00,359.5,64.0
2017-10-31 15:00:00,344.5,64.0
2017-10-31 16:00:00,343.25,62.1
2017-10-31 17:00:00,319.75,59.0
2017-10-31 18:00:00,317.0,57.0
2017-10-31 19:00:00,314.4,55.9
2017-10-31 20:00:00,282.5,55.9
2017-10-31 21:00:00,235.25,53.1
2017-10-31 22:00:00,212.75,52.0
2017-10-31 23:00:00,200.0,52.0
2017-11-01 00:00:00,175.5,51.1
2017-11-01 01:00:00,175.0,46.9
2017-11-01 02:00:00,177.25,48.0
2017-11-01 03:00:00,177.0,48.0
2017-11-01 04:00:00,181.5,46.9
2017-11-01 05:00:00,227.25,46.9
2017-11-01 06:00:00,273.75,46.9
2017-11-01 07:00:00,275.5,48.0
2017-11-01 08:00:00,279.5,53.1
2017-11-01 09:00:00,299.0,57.0
2017-11-01 10:00:00,301.25,57.0
2017-11-01 11:00:00,325.5,59.0
2017-11-01 12:00:00,341.5,62.1
2017-11-01 13:00:00,356.75,64.0
2017-11-01 14:00:00,378.5,66.0
2017-11-01 15:00:00,365.25,64.9
2017-11-01 16:00:00,329.75,63.0
2017-11-01 17:00:00,326.8,60.1
2017-11-01 18:00:00,337.75,57.0
2017-11-01 19:00:00,296.5,55.9
2017-11-01 20:00:00,264.75,55.9
2017-11-01 21:00:00,247.0,51.1
2017-11-01 22:00:00,220.75,54.0
2017-11-01 23:00:00,196.0,55.0
2017-11-02 00:00:00,160.5,55.0
2017-11-02 01:00:00,160.5,53.1
2017-11-02 02:00:00,154.25,50.0
2017-11-02 03:00:00,159.25,48.9
2017-11-02 04:00:00,167.75,46.9
2017-11-02 05:00:00,230.75,48.9
2017-11-02 06:00:00,265.0,48.0
2017-11-02 07:00:00,274.0,46.9
2017-11-02 08:00:00,291.0,52.0
2017-11-02 09:00:00,305.0,55.9
2017-11-02 10:00:00,314.5,59.0
2017-11-02 11:00:00,334.0,60.1
2017-11-02 12:00:00,346.25,60.1
2017-11-02 13:00:00,336.0,62.1
2017-11-02 14:00:00,338.75,63.0
2017-11-02 15:00:00,327.5,64.0
2017-11-02 16:00:00,312.0,64.9
2017-11-02 17:00:00,314.75,62.1
2017-11-02 18:00:00,306.5,60.1
2017-11-02 19:00:00,285.25,60.1
2017-11-02 20:00:00,254.75,61.0
2017-11-02 21:00:00,219.75,57.0
2017-11-02 22:00:00,196.5,55.0
2017-11-02 23:00:00,197.0,52.0
2017-11-03 00:00:00,168.5,53.1
2017-11-03 01:00:00,162.2,54.0
2017-11-03 02:00:00,165.5,55.0
2017-11-03 03:00:00,160.0,57.0
2017-11-03 04:00:00,192.0,55.0
2017-11-03 05:00:00,244.25,55.0
2017-11-03 06:00:00,300.25,57.0
2017-11-03 07:00:00,303.25,55.9
2017-11-03 08:00:00,319.0,57.0
2017-11-03 09:00:00,331.25,59.0
2017-11-03 10:00:00,320.75,60.1
2017-11-03 11:00:00,324.0,64.0
2017-11-03 12:00:00,341.5,63.0
2017-11-03 13:00:00,325.5,64.0
2017-11-03 14:00:00,328.5,64.0
2017-11-03 15:00:00,319.0,63.0
2017-11-03 16:00:00,337.25,62.1
2017-11-03 17:00:00,336.0,60.1
2017-11-03 18:00:00,305.0,61.0
2017-11-03 19:00:00,304.25,61.0
2017-11-03 20:00:00,265.75,60.1
2017-11-03 21:00:00,249.25,60.1
2017-11-03 22:00:00,214.5,60.1
2017-11-03 23:00:00,206.5,57.9
2017-11-04 00:00:00,182.5,57.9
2017-11-04 01:00:00,161.25,57.9
2017-11-04 02:00:00,162.0,59.0
2017-11-04 03:00:00,166.25,59.0
2017-11-04 04:00:00,173.0,57.9
2017-11-04 05:00:00,215.75,57.0
2017-11-04 06:00:00,254.5,57.0
2017-11-04 07:00:00,255.5,57.0
2017-11-04 08:00:00,249.0,55.9
2017-11-04 09:00:00,285.0,55.9
2017-11-04 10:00:00,291.0,55.9
2017-11-04 11:00:00,328.75,57.0
2017-11-04 12:00:00,324.75,59.0
2017-11-04 13:00:00,324.25,60.1
2017-11-04 14:00:00,330.5,61.0
2017-11-04 15:00:00,311.0,59.0
2017-11-04 16:00:00,307.0,57.0
2017-11-04 17:00:00,317.25,55.0
2017-11-04 18:00:00,290.25,53.1
2017-11-04 19:00:00,242.2,52.0
2017-11-04 20:00:00,212.0,52.0
2017-11-04 21:00:00,203.0,51.1
2017-11-04 22:00:00,191.5,51.1
2017-11-04 23:00:00,175.75,50.0
2017-11-05 00:00:00,154.25,50.0
2017-11-05 01:00:00,161.25,51.1
2017-11-05 02:00:00,150.0,50.0
2017-11-05 03:00:00,151.0,51.1
2017-11-05 04:00:00,166.5,51.1
2017-11-05 05:00:00,192.0,51.1
2017-11-05 06:00:00,217.5,51.1
2017-11-05 07:00:00,209.75,51.1
2017-11-05 08:00:00,239.0,52.0
2017-11-05 09:00:00,256.0,54.0
2017-11-05 10:00:00,265.5,55.9
2017-11-05 11:00:00,287.75,57.0
2017-11-05 12:00:00,316.75,57.0
2017-11-05 13:00:00,327.0,57.9
2017-11-05 14:00:00,304.25,57.0
2017-11-05 15:00:00,302.25,59.0
2017-11-05 16:00:00,326.25,57.0
2017-11-05 17:00:00,353.25,55.9
2017-11-05 18:00:00,278.5,55.0
2017-11-05 19:00:00,247.5,54.0
2017-11-05 20:00:00,238.5,54.0
2017-11-05 21:00:00,207.5,53.1
2017-11-05 22:00:00,184.5,48.0
2017-11-05 23:00:00,185.5,46.9
2017-11-06 00:00:00,165.5,48.0
2017-11-06 01:00:00,162.0,46.9
2017-11-06 02:00:00,152.5,51.1
2017-11-06 03:00:00,155.5,51.1
2017-11-06 04:00:00,167.0,52.0
2017-11-06 05:00:00,219.25,50.0
2017-11-06 06:00:00,255.5,48.0
2017-11-06 07:00:00,269.0,48.9
2017-11-06 08:00:00,299.5,51.1
2017-11-06 09:00:00,289.75,55.0
2017-11-06 10:00:00,287.25,55.9
2017-11-06 11:00:00,316.5,57.9
2017-11-06 12:00:00,371.75,60.1
2017-11-06 13:00:00,337.0,62.1
2017-11-06 14:00:00,335.75,62.1
2017-11-06 15:00:00,332.75,61.0
2017-11-06 16:00:00,305.0,60.1
2017-11-06 17:00:00,303.25,57.9
2017-11-06 18:00:00,268.25,55.9
2017-11-06 19:00:00,257.75,54.0
2017-11-06 20:00:00,253.5,53.1
2017-11-06 21:00:00,207.0,48.9
2017-11-06 22:00:00,189.25,50.0
2017-11-06 23:00:00,180.75,46.0
2017-11-07 00:00:00,156.25,48.9
2017-11-07 01:00:00,149.25,46.0
2017-11-07 02:00:00,148.25,48.0
2017-11-07 03:00:00,146.75,46.0
2017-11-07 04:00:00,160.0,46.0
2017-11-07 05:00:00,206.5,42.1
2017-11-07 06:00:00,271.75,44.1
2017-11-07 07:00:00,255.75,46.0
2017-11-07 08:00:00,274.5,51.1
2017-11-07 09:00:00,290.5,55.0
2017-11-07 10:00:00,310.5,57.9
2017-11-07 11:00:00,320.5,57.0
2017-11-07 12:00:00,342.5,57.9
2017-11-07 13:00:00,337.25,57.9
2017-11-07 14:00:00,334.75,61.0
2017-11-07 15:00:00,328.75,64.0
2017-11-07 16:00:00,333.25,63.0
2017-11-07 17:00:00,316.75,59.0
2017-11-07 18:00:00,287.0,57.9
2017-11-07 19:00:00,261.75,55.0
2017-11-07 20:00:00,242.75,55.9
2017-11-07 21:00:00,207.0,52.0
2017-11-07 22:00:00,194.75,51.1
2017-11-07 23:00:00,180.25,53.1
2017-11-08 00:00:00,167.25,52.0
2017-11-08 01:00:00,153.75,50.0
2017-11-08 02:00:00,148.71,48.9
2017-11-08 03:00:00,152.26,50.0
2017-11-08 04:00:00,164.0,50.0
2017-11-08 05:00:00,213.25,46.9
2017-11-08 06:00:00,271.0,50.0
2017-11-08 07:00:00,295.5,51.1
2017-11-08 08:00:00,304.5,55.0
2017-11-08 09:00:00,291.5,57.0
2017-11-08 10:00:00,320.25,57.0
2017-11-08 11:00:00,321.75,57.9
2017-11-08 12:00:00,344.0,62.1
2017-11-08 13:00:00,370.75,63.0
2017-11-08 14:00:00,360.5,62.1
2017-11-08 15:00:00,352.5,62.1
2017-11-08 16:00:00,349.25,62.1
2017-11-08 17:00:00,356.5,63.0
2017-11-08 18:00:00,333.25,62.1
2017-11-08 19:00:00,297.5,62.1
2017-11-08 20:00:00,272.75,62.1
2017-11-08 21:00:00,239.75,62.1
2017-11-08 22:00:00,208.0,61.0
2017-11-08 23:00:00,205.0,60.1
2017-11-09 00:00:00,184.0,57.9
2017-11-09 01:00:00,168.75,59.0
2017-11-09 02:00:00,174.0,59.0
2017-11-09 03:00:00,161.75,59.0
2017-11-09 04:00:00,180.25,59.0
2017-11-09 05:00:00,228.75,57.9
2017-11-09 06:00:00,283.75,57.9
2017-11-09 07:00:00,287.0,57.9
2017-11-09 08:00:00,321.75,59.0
2017-11-09 09:00:00,314.25,60.1
2017-11-09 10:00:00,319.25,61.0
2017-11-09 11:00:00,312.75,62.1
2017-11-09 12:00:00,326.5,63.0
2017-11-09 13:00:00,345.5,64.0
2017-11-09 14:00:00,350.75,64.9
2017-11-09 15:00:00,338.5,66.0
2017-11-09 16:00:00,307.75,64.0
2017-11-09 17:00:00,317.5,62.1
2017-11-09 18:00:00,276.25,61.0
2017-11-09 19:00:00,277.0,60.1
2017-11-09 20:00:00,248.25,57.0
2017-11-09 21:00:00,214.25,55.0
2017-11-09 22:00:00,190.5,54.0
2017-11-09 23:00:00,178.25,54.0
2017-11-10 00:00:00,168.5,55.9
2017-11-10 01:00:00,164.5,54.0
2017-11-10 02:00:00,162.25,54.0
2017-11-10 03:00:00,161.5,55.0
2017-11-10 04:00:00,186.25,55.0
2017-11-10 05:00:00,266.5,55.0
2017-11-10 06:00:00,305.75,54.0
2017-11-10 07:00:00,340.0,55.0
2017-11-10 08:00:00,298.25,55.0
2017-11-10 09:00:00,312.5,55.9
2017-11-10 10:00:00,316.25,59.0
2017-11-10 11:00:00,297.5,62.1
2017-11-10 12:00:00,306.0,61.0
2017-11-10 13:00:00,314.5,60.1
2017-11-10 14:00:00,287.5,61.0
2017-11-10 15:00:00,271.5,62.1
2017-11-10 16:00:00,264.5,61.0
2017-11-10 17:00:00,241.5,60.1
2017-11-10 18:00:00,232.0,57.9
2017-11-10 19:00:00,216.5,54.0
2017-11-10 20:00:00,217.0,55.9
2017-11-10 21:00:00,180.25,55.9
2017-11-10 22:00:00,171.25,55.0
2017-11-10 23:00:00,168.75,54.0
2017-11-11 00:00:00,141.75,52.0
2017-11-11 01:00:00,146.5,54.0
2017-11-11 02:00:00,150.25,55.0
2017-11-11 03:00:00,154.75,54.0
2017-11-11 04:00:00,171.75,53.1
2017-11-11 05:00:00,195.75,52.0
2017-11-11 06:00:00,215.0,53.1
2017-11-11 07:00:00,205.5,51.1
2017-11-11 08:00:00,208.5,54.0
2017-11-11 09:00:00,224.84,55.9
2017-11-11 10:00:00,234.18,57.0
2017-11-11 11:00:00,246.75,57.9
2017-11-11 12:00:00,264.0,61.0
2017-11-11 13:00:00,265.25,62.1
2017-11-11 14:00:00,261.5,63.0
2017-11-11 15:00:00,269.0,62.1
2017-11-11 16:00:00,270.0,61.0
2017-11-11 17:00:00,265.5,57.9
2017-11-11 18:00:00,236.5,57.0
2017-11-11 19:00:00,209.25,55.0
2017-11-11 20:00:00,202.75,55.9
2017-11-11 21:00:00,169.25,55.9
2017-11-11 22:00:00,169.25,54.0
2017-11-11 23:00:00,167.75,54.0
2017-11-12 00:00:00,148.75,52.0
2017-11-12 01:00:00,144.5,52.0
2017-11-12 02:00:00,143.75,50.0
2017-11-12 03:00:00,141.25,50.0
2017-11-12 04:00:00,155.25,48.9
2017-11-12 05:00:00,194.25,48.9
2017-11-12 06:00:00,213.5,51.1
2017-11-12 07:00:00,222.25,50.0
2017-11-12 08:00:00,237.5,52.0
2017-11-12 09:00:00,241.0,54.0
2017-11-12 10:00:00,256.25,57.0
2017-11-12 11:00:00,287.75,59.0
2017-11-12 12:00:00,287.25,61.0
2017-11-12 13:00:00,295.0,61.0
2017-11-12 14:00:00,295.5,62.1
2017-11-12 15:00:00,305.75,63.0
2017-11-12 16:00:00,304.25,62.1
2017-11-12 17:00:00,308.75,59.0
2017-11-12 18:00:00,257.5,57.9
2017-11-12 19:00:00,237.6,57.9
2017-11-12 20:00:00,231.0,53.1
2017-11-12 21:00:00,199.0,54.0
2017-11-12 22:00:00,191.25,52.0
2017-11-12 23:00:00,192.5,50.0
2017-11-13 00:00:00,178.0,53.1
2017-11-13 01:00:00,171.5,54.0
2017-11-13 02:00:00,175.5,53.1
2017-11-13 03:00:00,187.5,54.0
2017-11-13 04:00:00,192.5,55.0
2017-11-13 05:00:00,245.75,54.0
2017-11-13 06:00:00,278.5,55.0
2017-11-13 07:00:00,307.0,54.0
2017-11-13 08:00:00,299.0,55.9
2017-11-13 09:00:00,314.75,59.0
2017-11-13 10:00:00,311.5,60.1
2017-11-13 11:00:00,348.75,62.1
2017-11-13 12:00:00,348.0,64.9
2017-11-13 13:00:00,357.75,64.9
2017-11-13 14:00:00,381.5,64.0
2017-11-13 15:00:00,347.0,61.0
2017-11-13 16:00:00,332.5,61.0
2017-11-13 17:00:00,354.75,60.1
2017-11-13 18:00:00,312.25,59.0
2017-11-13 19:00:00,312.0,60.1
2017-11-13 20:00:00,273.5,59.0
2017-11-13 21:00:00,237.0,59.0
2017-11-13 22:00:00,206.0,60.1
2017-11-13 23:00:00,187.5,59.0
2017-11-14 00:00:00,178.25,57.9
2017-11-14 01:00:00,150.25,57.9
2017-11-14 02:00:00,156.0,57.0
2017-11-14 03:00:00,156.51,55.0
2017-11-14 04:00:00,176.66,53.1
2017-11-14 05:00:00,220.5,52.0
2017-11-14 06:00:00,260.0,52.0
2017-11-14 07:00:00,287.0,51.1
2017-11-14 08:00:00,294.25,53.1
2017-11-14 09:00:00,302.5,55.0
2017-11-14 10:00:00,308.0,55.9
2017-11-14 11:00:00,355.0,57.9
2017-11-14 12:00:00,340.5,61.0
2017-11-14 13:00:00,346.0,62.1
2017-11-14 14:00:00,348.75,63.0
2017-11-14 15:00:00,359.25,63.0
2017-11-14 16:00:00,335.5,61.0
2017-11-14 17:00:00,319.0,59.0
2017-11-14 18:00:00,324.0,57.9
2017-11-14 19:00:00,296.25,57.0
2017-11-14 20:00:00,282.0,55.0
2017-11-14 21:00:00,234.25,55.0
2017-11-14 22:00:00,212.75,53.1
2017-11-14 23:00:00,185.75,52.0
2017-11-15 00:00:00,149.75,53.1
2017-11-15 01:00:00,151.75,53.1
2017-11-15 02:00:00,151.0,52.0
2017-11-15 03:00:00,148.75,53.1
2017-11-15 04:00:00,165.0,53.1
2017-11-15 05:00:00,232.5,54.0
2017-11-15 06:00:00,286.75,53.1
2017-11-15 07:00:00,278.5,53.1
2017-11-15 08:00:00,282.0,53.1
2017-11-15 09:00:00,290.5,54.0
2017-11-15 10:00:00,302.25,55.0
2017-11-15 11:00:00,317.75,55.9
2017-11-15 12:00:00,342.75,57.0
2017-11-15 13:00:00,337.5,57.9
2017-11-15 14:00:00,347.75,57.9
2017-11-15 15:00:00,342.75,59.0
2017-11-15 16:00:00,346.5,60.1
2017-11-15 17:00:00,329.5,64.0
2017-11-15 18:00:00,329.25,64.0
2017-11-15 19:00:00,294.25,63.0
2017-11-15 20:00:00,276.5,63.0
2017-11-15 21:00:00,232.25,61.0
2017-11-15 22:00:00,206.75,60.1
2017-11-15 23:00:00,190.75,60.1
2017-11-16 00:00:00,168.0,59.0
2017-11-16 01:00:00,163.25,59.0
2017-11-16 02:00:00,176.25,59.0
2017-11-16 03:00:00,172.75,57.0
2017-11-16 04:00:00,181.25,55.9
2017-11-16 05:00:00,245.5,55.0
2017-11-16 06:00:00,270.5,54.0
2017-11-16 07:00:00,298.0,54.0
2017-11-16 08:00:00,286.75,54.0
2017-11-16 09:00:00,287.5,54.0
2017-11-16 10:00:00,284.25,55.0
2017-11-16 11:00:00,294.25,55.0
2017-11-16 12:00:00,296.25,55.0
2017-11-16 13:00:00,294.5,55.0
2017-11-16 14:00:00,311.25,55.9
2017-11-16 15:00:00,321.5,55.9
2017-11-16 16:00:00,310.25,55.9
2017-11-16 17:00:00,307.75,54.0
2017-11-16 18:00:00,277.75,55.0
2017-11-16 19:00:00,256.0,55.0
2017-11-16 20:00:00,264.0,55.0
2017-11-16 21:00:00,209.5,55.9
2017-11-16 22:00:00,189.25,57.0
2017-11-16 23:00:00,192.75,54.0
2017-11-17 00:00:00,159.75,52.0
2017-11-17 01:00:00,155.75,53.1
2017-11-17 02:00:00,140.5,53.1
2017-11-17 03:00:00,134.25,53.1
2017-11-17 04:00:00,145.75,52.0
2017-11-17 05:00:00,230.25,48.9
2017-11-17 06:00:00,279.75,46.9
2017-11-17 07:00:00,290.25,46.0
2017-11-17 08:00:00,292.5,50.0
2017-11-17 09:00:00,302.0,54.0
2017-11-17 10:00:00,298.75,55.9
2017-11-17 11:00:00,306.25,57.9
2017-11-17 12:00:00,310.0,60.1
2017-11-17 13:00:00,301.75,62.1
2017-11-17 14:00:00,302.0,62.1
2017-11-17 15:00:00,312.25,62.1
2017-11-17 16:00:00,303.0,60.1
2017-11-17 17:00:00,279.25,55.9
2017-11-17 18:00:00,246.0,54.0
2017-11-17 19:00:00,237.25,52.0
2017-11-17 20:00:00,222.75,51.1
2017-11-17 21:00:00,195.5,48.0
2017-11-17 22:00:00,172.25,46.9
2017-11-17 23:00:00,175.25,48.9
2017-11-18 00:00:00,158.75,43.0
2017-11-18 01:00:00,160.75,42.1
2017-11-18 02:00:00,159.0,43.0
2017-11-18 03:00:00,159.25,39.9
2017-11-18 04:00:00,155.75,41.0
2017-11-18 05:00:00,174.75,39.9
2017-11-18 06:00:00,201.0,39.0
2017-11-18 07:00:00,187.5,39.0
2017-11-18 08:00:00,197.0,44.1
2017-11-18 09:00:00,211.0,51.1
2017-11-18 10:00:00,223.75,53.1
2017-11-18 11:00:00,246.5,55.0
2017-11-18 12:00:00,265.75,55.9
2017-11-18 13:00:00,270.25,57.0
2017-11-18 14:00:00,260.0,60.1
2017-11-18 15:00:00,267.0,60.1
2017-11-18 16:00:00,256.25,57.9
2017-11-18 17:00:00,246.0,55.9
2017-11-18 18:00:00,227.5,55.0
2017-11-18 19:00:00,200.75,54.0
2017-11-18 20:00:00,185.25,51.1
2017-11-18 21:00:00,172.25,50.0
2017-11-18 22:00:00,173.0,48.9
2017-11-18 23:00:00,176.0,48.0
2017-11-19 00:00:00,156.75,46.9
2017-11-19 01:00:00,147.75,45.0
2017-11-19 02:00:00,149.25,45.0
2017-11-19 03:00:00,143.75,44.1
2017-11-19 04:00:00,154.5,42.1
2017-11-19 05:00:00,181.75,43.0
2017-11-19 06:00:00,203.0,41.0
2017-11-19 07:00:00,199.0,41.0
2017-11-19 08:00:00,219.25,44.1
2017-11-19 09:00:00,230.25,50.0
2017-11-19 10:00:00,229.75,52.0
2017-11-19 11:00:00,257.5,53.1
2017-11-19 12:00:00,287.0,55.0
2017-11-19 13:00:00,304.25,57.0
2017-11-19 14:00:00,294.25,57.9
2017-11-19 15:00:00,312.75,59.0
2017-11-19 16:00:00,322.5,59.0
2017-11-19 17:00:00,294.25,57.0
2017-11-19 18:00:00,289.75,57.0
2017-11-19 19:00:00,252.25,55.9
2017-11-19 20:00:00,248.25,55.0
2017-11-19 21:00:00,196.25,53.1
2017-11-19 22:00:00,180.5,55.0
2017-11-19 23:00:00,181.5,55.0
2017-11-20 00:00:00,151.0,55.0
2017-11-20 01:00:00,152.25,55.9
2017-11-20 02:00:00,154.75,55.0
2017-11-20 03:00:00,161.0,55.0
2017-11-20 04:00:00,168.0,55.9
2017-11-20 05:00:00,211.75,55.0
2017-11-20 06:00:00,282.5,54.0
2017-11-20 07:00:00,302.25,55.9
2017-11-20 08:00:00,290.75,55.9
2017-11-20 09:00:00,301.5,57.9
2017-11-20 10:00:00,312.75,57.9
2017-11-20 11:00:00,312.5,60.1
2017-11-20 12:00:00,334.0,62.1
2017-11-20 13:00:00,330.75,61.0
2017-11-20 14:00:00,339.0,64.0
2017-11-20 15:00:00,351.75,64.9
2017-11-20 16:00:00,332.25,64.0
2017-11-20 17:00:00,347.0,60.1
2017-11-20 18:00:00,307.25,61.0
2017-11-20 19:00:00,291.5,60.1
2017-11-20 20:00:00,259.5,59.0
2017-11-20 21:00:00,229.0,59.0
2017-11-20 22:00:00,208.75,57.9
2017-11-20 23:00:00,192.75,57.0
2017-11-21 00:00:00,160.5,55.9
2017-11-21 01:00:00,154.75,55.9
2017-11-21 02:00:00,161.25,57.0
2017-11-21 03:00:00,156.25,57.0
2017-11-21 04:00:00,181.75,55.0
2017-11-21 05:00:00,233.75,55.0
2017-11-21 06:00:00,275.0,54.0
2017-11-21 07:00:00,261.75,54.0
2017-11-21 08:00:00,274.25,54.0
2017-11-21 09:00:00,296.0,59.0
2017-11-21 10:00:00,315.25,61.0
2017-11-21 11:00:00,334.25,60.1
2017-11-21 12:00:00,349.0,61.0
2017-11-21 13:00:00,364.5,62.1
2017-11-21 14:00:00,390.75,63.0
2017-11-21 15:00:00,373.5,64.0
2017-11-21 16:00:00,360.25,64.0
2017-11-21 17:00:00,334.0,62.1
2017-11-21 18:00:00,344.4,60.1
2017-11-21 19:00:00,310.5,60.1
2017-11-21 20:00:00,267.5,57.9
2017-11-21 21:00:00,196.25,55.9
2017-11-21 22:00:00,187.5,57.9
2017-11-21 23:00:00,190.0,57.9
2017-11-22 00:00:00,165.75,55.0
2017-11-22 01:00:00,167.0,55.9
2017-11-22 02:00:00,160.25,53.1
2017-11-22 03:00:00,160.5,54.0
2017-11-22 04:00:00,190.25,52.0
2017-11-22 05:00:00,226.25,50.0
2017-11-22 06:00:00,272.25,54.0
2017-11-22 07:00:00,269.25,51.1
2017-11-22 08:00:00,277.5,54.0
2017-11-22 09:00:00,296.25,57.9
2017-11-22 10:00:00,310.25,60.1
2017-11-22 11:00:00,362.25,62.1
2017-11-22 12:00:00,345.5,63.0
2017-11-22 13:00:00,380.5,66.0
2017-11-22 14:00:00,387.75,64.9
2017-11-22 15:00:00,400.25,64.0
2017-11-22 16:00:00,381.5,63.0
2017-11-22 17:00:00,343.0,63.0
2017-11-22 18:00:00,290.25,63.0
2017-11-22 19:00:00,267.25,61.0
2017-11-22 20:00:00,245.75,61.0
2017-11-22 21:00:00,189.5,59.0
2017-11-22 22:00:00,187.5,60.1
2017-11-22 23:00:00,172.75,60.1
2017-11-23 00:00:00,153.0,57.9
2017-11-23 01:00:00,165.75,57.9
2017-11-23 02:00:00,164.5,57.9
2017-11-23 03:00:00,156.0,57.0
2017-11-23 04:00:00,176.5,57.9
2017-11-23 05:00:00,254.0,55.0
2017-11-23 06:00:00,300.5,55.0
2017-11-23 07:00:00,283.5,55.9
2017-11-23 08:00:00,320.0,55.9
2017-11-23 09:00:00,322.5,57.9
2017-11-23 10:00:00,318.25,60.1
2017-11-23 11:00:00,309.5,61.0
2017-11-23 12:00:00,297.5,62.1
2017-11-23 13:00:00,296.0,62.1
2017-11-23 14:00:00,271.5,62.1
2017-11-23 15:00:00,281.25,64.0
2017-11-23 16:00:00,275.0,63.0
2017-11-23 17:00:00,255.0,63.0
2017-11-23 18:00:00,243.25,61.0
2017-11-23 19:00:00,250.25,61.0
2017-11-23 20:00:00,230.5,59.0
2017-11-23 21:00:00,191.0,59.0
2017-11-23 22:00:00,182.5,59.0
2017-11-23 23:00:00,167.75,57.9
2017-11-24 00:00:00,157.75,57.9
2017-11-24 01:00:00,156.25,55.9
2017-11-24 02:00:00,165.75,55.0
2017-11-24 03:00:00,169.25,55.9
2017-11-24 04:00:00,174.5,55.0
2017-11-24 05:00:00,222.25,54.0
2017-11-24 06:00:00,265.25,53.1
2017-11-24 07:00:00,247.5,52.0
2017-11-24 08:00:00,254.75,54.0
2017-11-24 09:00:00,272.25,57.0
2017-11-24 10:00:00,263.25,57.9
2017-11-24 11:00:00,275.5,61.0
2017-11-24 12:00:00,292.75,63.0
2017-11-24 13:00:00,310.25,64.0
2017-11-24 14:00:00,323.25,64.0
2017-11-24 15:00:00,312.5,64.9
2017-11-24 16:00:00,298.5,64.0
2017-11-24 17:00:00,268.75,62.1
2017-11-24 18:00:00,220.25,61.0
2017-11-24 19:00:00,225.0,60.1
2017-11-24 20:00:00,217.0,60.1
2017-11-24 21:00:00,181.32,60.1
2017-11-24 22:00:00,181.74,59.0
2017-11-24 23:00:00,169.75,59.0
2017-11-25 00:00:00,154.75,59.0
2017-11-25 01:00:00,151.75,59.0
2017-11-25 02:00:00,160.25,57.9
2017-11-25 03:00:00,163.75,57.0
2017-11-25 04:00:00,176.75,55.9
2017-11-25 05:00:00,212.0,57.0
2017-11-25 06:00:00,228.75,57.9
2017-11-25 07:00:00,221.75,54.0
2017-11-25 08:00:00,215.75,57.0
2017-11-25 09:00:00,236.25,62.1
2017-11-25 10:00:00,234.75,62.1
2017-11-25 11:00:00,264.5,61.0
2017-11-25 12:00:00,297.75,63.0
2017-11-25 13:00:00,284.5,63.0
2017-11-25 14:00:00,305.0,64.9
2017-11-25 15:00:00,296.5,68.0
2017-11-25 16:00:00,301.5,66.0
2017-11-25 17:00:00,275.5,61.0
2017-11-25 18:00:00,259.5,63.0
2017-11-25 19:00:00,224.5,61.0
2017-11-25 20:00:00,220.25,61.0
2017-11-25 21:00:00,191.25,60.1
2017-11-25 22:00:00,192.75,60.1
2017-11-25 23:00:00,181.5,59.0
2017-11-26 00:00:00,154.0,59.0
2017-11-26 01:00:00,173.75,60.1
2017-11-26 02:00:00,177.75,57.0
2017-11-26 03:00:00,164.25,59.0
2017-11-26 04:00:00,181.0,62.1
2017-11-26 05:00:00,212.0,62.1
2017-11-26 06:00:00,243.25,63.0
2017-11-26 07:00:00,248.25,63.0
2017-11-26 08:00:00,254.5,61.0
2017-11-26 09:00:00,258.75,63.0
2017-11-26 10:00:00,255.5,62.1
2017-11-26 11:00:00,257.75,61.0
2017-11-26 12:00:00,266.5,61.0
2017-11-26 13:00:00,266.75,61.0
2017-11-26 14:00:00,262.75,61.0
2017-11-26 15:00:00,278.75,61.0
2017-11-26 16:00:00,268.5,60.1
2017-11-26 17:00:00,274.25,60.1
2017-11-26 18:00:00,255.5,60.1
2017-11-26 19:00:00,240.5,60.1
2017-11-26 20:00:00,228.0,60.1
2017-11-26 21:00:00,194.75,59.0
2017-11-26 22:00:00,182.0,59.0
2017-11-26 23:00:00,183.0,57.9
2017-11-27 00:00:00,153.0,57.9
2017-11-27 01:00:00,147.5,52.0
2017-11-27 02:00:00,149.25,52.0
2017-11-27 03:00:00,155.25,53.1
2017-11-27 04:00:00,164.25,52.0
2017-11-27 05:00:00,216.75,50.0
2017-11-27 06:00:00,239.25,48.9
2017-11-27 07:00:00,269.75,46.0
2017-11-27 08:00:00,289.25,48.9
2017-11-27 09:00:00,302.5,53.1
2017-11-27 10:00:00,295.5,55.0
2017-11-27 11:00:00,298.5,57.0
2017-11-27 12:00:00,343.75,57.0
2017-11-27 13:00:00,338.75,57.9
2017-11-27 14:00:00,330.75,57.9
2017-11-27 15:00:00,314.0,57.9
2017-11-27 16:00:00,343.75,57.0
2017-11-27 17:00:00,284.5,55.0
2017-11-27 18:00:00,266.0,54.0
2017-11-27 19:00:00,238.25,52.0
2017-11-27 20:00:00,221.5,48.9
2017-11-27 21:00:00,195.75,50.0
2017-11-27 22:00:00,176.75,48.0
2017-11-27 23:00:00,180.75,48.0
2017-11-28 00:00:00,158.5,45.0
2017-11-28 01:00:00,150.25,44.1
2017-11-28 02:00:00,138.0,46.0
2017-11-28 03:00:00,138.0,44.1
2017-11-28 04:00:00,149.5,43.0
2017-11-28 05:00:00,201.25,44.1
2017-11-28 06:00:00,239.25,41.0
2017-11-28 07:00:00,246.0,43.0
2017-11-28 08:00:00,263.75,44.1
2017-11-28 09:00:00,275.75,51.1
2017-11-28 10:00:00,275.25,54.0
2017-11-28 11:00:00,301.0,54.0
2017-11-28 12:00:00,335.5,55.9
2017-11-28 13:00:00,326.5,59.0
2017-11-28 14:00:00,339.25,59.0
2017-11-28 15:00:00,324.75,59.0
2017-11-28 16:00:00,307.5,57.9
2017-11-28 17:00:00,301.5,57.0
2017-11-28 18:00:00,261.6,55.0
2017-11-28 19:00:00,258.0,54.0
2017-11-28 20:00:00,253.5,51.1
2017-11-28 21:00:00,214.0,50.0
2017-11-28 22:00:00,189.0,50.0
2017-11-28 23:00:00,171.25,46.9
2017-11-29 00:00:00,147.25,48.9
2017-11-29 01:00:00,149.5,48.0
2017-11-29 02:00:00,143.25,46.0
2017-11-29 03:00:00,140.75,45.0
2017-11-29 04:00:00,149.75,45.0
2017-11-29 05:00:00,203.75,44.1
2017-11-29 06:00:00,259.5,45.0
2017-11-29 07:00:00,241.25,43.0
2017-11-29 08:00:00,269.5,46.0
2017-11-29 09:00:00,277.75,54.0
2017-11-29 10:00:00,287.75,55.9
2017-11-29 11:00:00,320.5,57.0
2017-11-29 12:00:00,327.75,57.9
2017-11-29 13:00:00,330.25,59.0
2017-11-29 14:00:00,323.75,60.1
2017-11-29 15:00:00,326.75,60.1
2017-11-29 16:00:00,322.25,60.1
2017-11-29 17:00:00,292.0,57.0
2017-11-29 18:00:00,254.0,55.9
2017-11-29 19:00:00,231.5,55.0
2017-11-29 20:00:00,228.75,52.0
2017-11-29 21:00:00,202.25,50.0
2017-11-29 22:00:00,184.0,48.0
2017-11-29 23:00:00,186.5,46.9
2017-11-30 00:00:00,148.75,45.0
2017-11-30 01:00:00,159.5,48.0
2017-11-30 02:00:00,160.25,51.1
2017-11-30 03:00:00,141.5,48.0
2017-11-30 04:00:00,161.5,48.9
2017-11-30 05:00:00,204.0,48.9
2017-11-30 06:00:00,254.0,46.9
2017-11-30 07:00:00,267.5,44.1
2017-11-30 08:00:00,270.5,43.0
2017-11-30 09:00:00,282.75,52.0
2017-11-30 10:00:00,302.0,57.0
2017-11-30 11:00:00,313.75,57.0
2017-11-30 12:00:00,289.25,57.0
2017-11-30 13:00:00,299.0,57.9
2017-11-30 14:00:00,292.5,61.0
2017-11-30 15:00:00,300.75,62.1
2017-11-30 16:00:00,292.25,60.1
2017-11-30 17:00:00,256.75,57.0
2017-11-30 18:00:00,240.0,55.0
2017-11-30 19:00:00,245.5,53.1
2017-11-30 20:00:00,238.0,51.1
2017-11-30 21:00:00,208.25,48.9
2017-11-30 22:00:00,191.5,46.9
2017-11-30 23:00:00,178.25,46.0
2017-12-01 00:00:00,155.0,46.0
2017-12-01 01:00:00,153.25,44.1
2017-12-01 02:00:00,155.5,43.0
2017-12-01 03:00:00,160.25,44.1
2017-12-01 04:00:00,161.5,44.1
2017-12-01 05:00:00,226.25,43.0
2017-12-01 06:00:00,268.0,43.0
2017-12-01 07:00:00,271.75,42.1
2017-12-01 08:00:00,286.0,45.0
2017-12-01 09:00:00,304.25,51.1
2017-12-01 10:00:00,298.25,52.0
2017-12-01 11:00:00,298.75,54.0
2017-12-01 12:00:00,294.75,55.0
2017-12-01 13:00:00,299.75,55.0
2017-12-01 14:00:00,300.5,55.9
2017-12-01 15:00:00,299.5,57.0
2017-12-01 16:00:00,286.4,57.0
2017-12-01 17:00:00,267.5,55.9
2017-12-01 18:00:00,243.75,53.1
2017-12-01 19:00:00,232.0,54.0
2017-12-01 20:00:00,223.0,48.0
2017-12-01 21:00:00,184.0,48.0
2017-12-01 22:00:00,187.75,48.0
2017-12-01 23:00:00,190.75,48.0
2017-12-02 00:00:00,156.25,45.0
2017-12-02 01:00:00,143.25,45.0
2017-12-02 02:00:00,144.0,45.0
2017-12-02 03:00:00,141.0,44.1
2017-12-02 04:00:00,147.5,44.1
2017-12-02 05:00:00,182.0,45.0
2017-12-02 06:00:00,217.75,44.1
2017-12-02 07:00:00,207.75,44.1
2017-12-02 08:00:00,208.5,43.0
2017-12-02 09:00:00,214.25,48.9
2017-12-02 10:00:00,223.75,53.1
2017-12-02 11:00:00,253.0,53.1
2017-12-02 12:00:00,275.0,55.0
2017-12-02 13:00:00,268.75,55.9
2017-12-02 14:00:00,262.75,55.9
2017-12-02 15:00:00,257.25,55.9
2017-12-02 16:00:00,267.0,55.9
2017-12-02 17:00:00,258.25,55.0
2017-12-02 18:00:00,249.75,54.0
2017-12-02 19:00:00,261.25,55.0
2017-12-02 20:00:00,236.75,53.1
2017-12-02 21:00:00,197.0,55.0
2017-12-02 22:00:00,178.5,53.1
2017-12-02 23:00:00,185.75,54.0
2017-12-03 00:00:00,160.5,55.0
2017-12-03 01:00:00,159.75,53.1
2017-12-03 02:00:00,147.5,53.1
2017-12-03 03:00:00,147.25,52.0
2017-12-03 04:00:00,160.5,51.1
2017-12-03 05:00:00,185.25,51.1
2017-12-03 06:00:00,203.25,50.0
2017-12-03 07:00:00,213.75,50.0
2017-12-03 08:00:00,235.25,48.9
2017-12-03 09:00:00,233.75,52.0
2017-12-03 10:00:00,234.5,54.0
2017-12-03 11:00:00,252.25,55.0
2017-12-03 12:00:00,257.0,55.9
2017-12-03 13:00:00,265.25,55.9
2017-12-03 14:00:00,270.75,57.0
2017-12-03 15:00:00,265.75,57.9
2017-12-03 16:00:00,246.75,57.9
2017-12-03 17:00:00,238.0,53.1
2017-12-03 18:00:00,242.25,53.1
2017-12-03 19:00:00,230.75,46.9
2017-12-03 20:00:00,218.8,48.9
2017-12-03 21:00:00,184.75,50.0
2017-12-03 22:00:00,156.25,48.9
2017-12-03 23:00:00,161.25,48.9
2017-12-04 00:00:00,152.5,48.9
2017-12-04 01:00:00,153.0,50.0
2017-12-04 02:00:00,140.25,50.0
2017-12-04 03:00:00,142.25,50.0
2017-12-04 04:00:00,163.5,48.0
2017-12-04 05:00:00,223.75,48.0
2017-12-04 06:00:00,284.75,42.1
2017-12-04 07:00:00,285.25,39.0
2017-12-04 08:00:00,299.0,42.1
2017-12-04 09:00:00,296.5,50.0
2017-12-04 10:00:00,307.25,53.1
2017-12-04 11:00:00,320.5,54.0
2017-12-04 12:00:00,304.75,60.1
2017-12-04 13:00:00,306.5,63.0
2017-12-04 14:00:00,313.5,63.0
2017-12-04 15:00:00,306.75,62.1
2017-12-04 16:00:00,285.0,61.0
2017-12-04 17:00:00,296.5,59.0
2017-12-04 18:00:00,256.5,57.0
2017-12-04 19:00:00,244.0,55.9
2017-12-04 20:00:00,211.5,54.0
2017-12-04 21:00:00,179.25,53.1
2017-12-04 22:00:00,174.5,53.1
2017-12-04 23:00:00,169.75,53.1
2017-12-05 00:00:00,159.25,53.1
2017-12-05 01:00:00,149.25,52.0
2017-12-05 02:00:00,133.0,53.1
2017-12-05 03:00:00,136.5,51.1
2017-12-05 04:00:00,156.0,53.1
2017-12-05 05:00:00,221.5,53.1
2017-12-05 06:00:00,257.75,50.0
2017-12-05 07:00:00,267.0,46.0
2017-12-05 08:00:00,292.25,48.9
2017-12-05 09:00:00,304.5,54.0
2017-12-05 10:00:00,310.75,55.9
2017-12-05 11:00:00,311.25,60.1
2017-12-05 12:00:00,303.5,64.9
2017-12-05 13:00:00,300.0,66.0
2017-12-05 14:00:00,299.5,66.0
2017-12-05 15:00:00,306.0,63.0
2017-12-05 16:00:00,314.75,62.1
2017-12-05 17:00:00,273.25,57.9
2017-12-05 18:00:00,259.75,54.0
2017-12-05 19:00:00,246.0,52.0
2017-12-05 20:00:00,236.25,46.9
2017-12-05 21:00:00,185.0,46.9
2017-12-05 22:00:00,178.0,46.9
2017-12-05 23:00:00,168.75,42.1
2017-12-06 00:00:00,151.0,39.0
2017-12-06 01:00:00,155.0,41.0
2017-12-06 02:00:00,148.5,39.0
2017-12-06 03:00:00,143.0,43.0
2017-12-06 04:00:00,167.75,37.0
2017-12-06 05:00:00,224.25,42.1
2017-12-06 06:00:00,274.25,45.0
2017-12-06 07:00:00,277.25,45.0
2017-12-06 08:00:00,282.5,46.0
2017-12-06 09:00:00,284.75,51.1
2017-12-06 10:00:00,285.25,57.0
2017-12-06 11:00:00,303.25,59.0
2017-12-06 12:00:00,321.5,61.0
2017-12-06 13:00:00,312.5,63.0
2017-12-06 14:00:00,309.0,64.0
2017-12-06 15:00:00,317.75,64.0
2017-12-06 16:00:00,288.25,63.0
2017-12-06 17:00:00,302.25,55.9
2017-12-06 18:00:00,263.25,55.0
2017-12-06 19:00:00,249.5,55.0
2017-12-06 20:00:00,243.0,54.0
2017-12-06 21:00:00,196.25,51.1
2017-12-06 22:00:00,182.5,53.1
2017-12-06 23:00:00,172.0,50.0
2017-12-07 00:00:00,154.25,48.9
2017-12-07 01:00:00,161.25,46.9
2017-12-07 02:00:00,160.5,44.1
2017-12-07 03:00:00,143.0,46.0
2017-12-07 04:00:00,171.0,48.0
2017-12-07 05:00:00,224.25,45.0
2017-12-07 06:00:00,295.25,45.0
2017-12-07 07:00:00,289.25,45.0
2017-12-07 08:00:00,289.5,48.0
2017-12-07 09:00:00,335.0,53.1
2017-12-07 10:00:00,330.75,57.0
2017-12-07 11:00:00,311.0,55.0
2017-12-07 12:00:00,323.0,54.0
2017-12-07 13:00:00,303.5,57.0
2017-12-07 14:00:00,301.5,59.0
2017-12-07 15:00:00,308.0,62.1
2017-12-07 16:00:00,313.0,59.0
2017-12-07 17:00:00,292.0,54.0
2017-12-07 18:00:00,267.5,54.0
2017-12-07 19:00:00,249.5,53.1
2017-12-07 20:00:00,218.75,55.0
2017-12-07 21:00:00,182.0,48.9
2017-12-07 22:00:00,178.75,45.0
2017-12-07 23:00:00,187.0,45.0
2017-12-08 00:00:00,153.5,44.1
2017-12-08 01:00:00,145.0,45.0
2017-12-08 02:00:00,154.0,43.0
2017-12-08 03:00:00,145.5,42.1
2017-12-08 04:00:00,162.75,39.0
2017-12-08 05:00:00,223.5,42.1
2017-12-08 06:00:00,281.25,39.0
2017-12-08 07:00:00,278.0,37.9
2017-12-08 08:00:00,283.75,39.9
2017-12-08 09:00:00,316.25,48.0
2017-12-08 10:00:00,313.5,51.1
2017-12-08 11:00:00,302.5,53.1
2017-12-08 12:00:00,330.0,55.9
2017-12-08 13:00:00,307.25,61.0
2017-12-08 14:00:00,304.5,62.1
2017-12-08 15:00:00,316.25,57.9
2017-12-08 16:00:00,310.75,62.1
2017-12-08 17:00:00,303.0,55.0
2017-12-08 18:00:00,294.0,54.0
2017-12-08 19:00:00,273.25,55.9
2017-12-08 20:00:00,236.0,51.1
2017-12-08 21:00:00,192.75,46.9
2017-12-08 22:00:00,165.5,43.0
2017-12-08 23:00:00,166.0,46.0
2017-12-09 00:00:00,150.0,39.9
2017-12-09 01:00:00,150.25,41.0
2017-12-09 02:00:00,146.5,43.0
2017-12-09 03:00:00,147.5,41.0
2017-12-09 04:00:00,150.25,42.1
2017-12-09 05:00:00,153.25,37.9
2017-12-09 06:00:00,220.5,37.9
2017-12-09 07:00:00,246.25,39.9
2017-12-09 08:00:00,254.53,39.9
2017-12-09 09:00:00,255.95,48.0
2017-12-09 10:00:00,266.25,52.0
2017-12-09 11:00:00,290.0,52.0
2017-12-09 12:00:00,294.5,53.1
2017-12-09 13:00:00,292.5,55.0
2017-12-09 14:00:00,295.0,57.0
2017-12-09 15:00:00,294.75,57.9
2017-12-09 16:00:00,290.5,63.0
2017-12-09 17:00:00,281.5,55.9
2017-12-09 18:00:00,274.5,55.0
2017-12-09 19:00:00,278.5,52.0
2017-12-09 20:00:00,249.25,53.1
2017-12-09 21:00:00,208.25,53.1
2017-12-09 22:00:00,164.5,51.1
2017-12-09 23:00:00,196.25,46.9
2017-12-10 00:00:00,174.25,42.1
2017-12-10 01:00:00,151.25,43.0
2017-12-10 02:00:00,155.5,39.0
2017-12-10 03:00:00,139.75,39.0
2017-12-10 04:00:00,143.5,41.0
2017-12-10 05:00:00,175.0,39.9
2017-12-10 06:00:00,220.75,37.0
2017-12-10 07:00:00,254.25,42.1
2017-12-10 08:00:00,264.0,46.0
2017-12-10 09:00:00,267.0,50.0
2017-12-10 10:00:00,296.25,51.1
2017-12-10 11:00:00,294.5,54.0
2017-12-10 12:00:00,311.5,57.0
2017-12-10 13:00:00,289.75,57.0
2017-12-10 14:00:00,320.75,60.1
2017-12-10 15:00:00,292.5,61.0
2017-12-10 16:00:00,305.75,60.1
2017-12-10 17:00:00,311.25,59.0
2017-12-10 18:00:00,295.0,52.0
2017-12-10 19:00:00,289.5,53.1
2017-12-10 20:00:00,270.25,53.1
2017-12-10 21:00:00,215.0,52.0
2017-12-10 22:00:00,179.25,52.0
2017-12-10 23:00:00,170.25,50.0
2017-12-11 00:00:00,173.0,43.0
2017-12-11 01:00:00,177.5,46.0
2017-12-11 02:00:00,154.0,39.0
2017-12-11 03:00:00,156.25,43.0
2017-12-11 04:00:00,180.5,43.0
2017-12-11 05:00:00,230.0,37.9
2017-12-11 06:00:00,271.75,39.9
2017-12-11 07:00:00,299.5,43.0
2017-12-11 08:00:00,310.0,43.0
2017-12-11 09:00:00,322.0,46.0
2017-12-11 10:00:00,322.0,51.1
2017-12-11 11:00:00,354.5,53.1
2017-12-11 12:00:00,331.25,55.9
2017-12-11 13:00:00,308.75,55.9
2017-12-11 14:00:00,321.5,57.0
2017-12-11 15:00:00,330.0,59.0
2017-12-11 16:00:00,315.5,59.0
2017-12-11 17:00:00,276.25,55.9
2017-12-11 18:00:00,279.0,54.0
2017-12-11 19:00:00,266.5,50.0
2017-12-11 20:00:00,238.25,53.1
2017-12-11 21:00:00,197.75,48.9
2017-12-11 22:00:00,177.5,44.1
2017-12-11 23:00:00,181.75,45.0
2017-12-12 00:00:00,170.75,43.0
2017-12-12 01:00:00,151.0,43.0
2017-12-12 02:00:00,142.25,37.9
2017-12-12 03:00:00,155.0,37.0
2017-12-12 04:00:00,183.25,42.1
2017-12-12 05:00:00,215.25,39.9
2017-12-12 06:00:00,262.25,37.9
2017-12-12 07:00:00,262.0,39.9
2017-12-12 08:00:00,311.75,37.9
2017-12-12 09:00:00,307.5,46.9
2017-12-12 10:00:00,298.0,50.0
2017-12-12 11:00:00,325.0,52.0
2017-12-12 12:00:00,319.25,57.9
2017-12-12 13:00:00,312.25,57.9
2017-12-12 14:00:00,315.0,59.0
2017-12-12 15:00:00,335.75,57.9
2017-12-12 16:00:00,300.75,57.9
2017-12-12 17:00:00,260.5,53.1
2017-12-12 18:00:00,272.75,48.9
2017-12-12 19:00:00,284.5,51.1
2017-12-12 20:00:00,236.75,45.0
2017-12-12 21:00:00,197.5,48.9
2017-12-12 22:00:00,170.5,48.0
2017-12-12 23:00:00,170.5,44.1
2017-12-13 00:00:00,143.5,39.9
2017-12-13 01:00:00,140.0,37.0
2017-12-13 02:00:00,151.0,42.1
2017-12-13 03:00:00,154.25,34.0
2017-12-13 04:00:00,160.5,37.9
2017-12-13 05:00:00,237.75,36.0
2017-12-13 06:00:00,282.0,37.9
2017-12-13 07:00:00,298.5,37.0
2017-12-13 08:00:00,298.0,41.0
2017-12-13 09:00:00,315.0,46.0
2017-12-13 10:00:00,312.0,48.9
2017-12-13 11:00:00,309.75,51.1
2017-12-13 12:00:00,319.0,54.0
2017-12-13 13:00:00,335.0,57.9
2017-12-13 14:00:00,308.5,57.0
2017-12-13 15:00:00,324.75,57.9
2017-12-13 16:00:00,306.25,55.9
2017-12-13 17:00:00,271.25,53.1
2017-12-13 18:00:00,253.5,54.0
2017-12-13 19:00:00,265.25,50.0
2017-12-13 20:00:00,235.0,48.9
2017-12-13 21:00:00,211.75,46.0
2017-12-13 22:00:00,191.75,46.0
2017-12-13 23:00:00,186.0,45.0
2017-12-14 00:00:00,176.75,43.0
2017-12-14 01:00:00,159.25,39.0
2017-12-14 02:00:00,143.25,39.9
2017-12-14 03:00:00,145.25,42.1
2017-12-14 04:00:00,168.25,39.9
2017-12-14 05:00:00,219.0,37.9
2017-12-14 06:00:00,266.0,41.0
2017-12-14 07:00:00,286.8,37.0
2017-12-14 08:00:00,289.75,39.9
2017-12-14 09:00:00,300.0,48.0
2017-12-14 10:00:00,299.5,50.0
2017-12-14 11:00:00,321.5,52.0
2017-12-14 12:00:00,326.0,55.0
2017-12-14 13:00:00,302.5,60.1
2017-12-14 14:00:00,310.5,62.1
2017-12-14 15:00:00,315.75,62.1
2017-12-14 16:00:00,308.25,59.0
2017-12-14 17:00:00,292.5,55.0
2017-12-14 18:00:00,273.25,53.1
2017-12-14 19:00:00,265.5,57.0
2017-12-14 20:00:00,234.75,53.1
2017-12-14 21:00:00,202.25,51.1
2017-12-14 22:00:00,161.75,46.0
2017-12-14 23:00:00,169.25,45.0
2017-12-15 00:00:00,172.25,42.1
2017-12-15 01:00:00,161.0,46.9
2017-12-15 02:00:00,156.75,41.0
2017-12-15 03:00:00,156.75,43.0
2017-12-15 04:00:00,148.75,37.9
2017-12-15 05:00:00,208.75,39.9
2017-12-15 06:00:00,252.0,39.9
2017-12-15 07:00:00,257.75,45.0
2017-12-15 08:00:00,283.5,46.0
2017-12-15 09:00:00,297.0,45.0
2017-12-15 10:00:00,308.75,50.0
2017-12-15 11:00:00,299.25,52.0
2017-12-15 12:00:00,295.0,53.1
2017-12-15 13:00:00,303.0,55.0
2017-12-15 14:00:00,299.75,57.0
2017-12-15 15:00:00,307.25,57.0
2017-12-15 16:00:00,293.0,57.0
2017-12-15 17:00:00,279.25,55.0
2017-12-15 18:00:00,256.0,54.0
2017-12-15 19:00:00,237.94,53.1
2017-12-15 20:00:00,218.63,53.1
2017-12-15 21:00:00,174.0,51.1
2017-12-15 22:00:00,146.0,52.0
2017-12-15 23:00:00,154.5,48.9
2017-12-16 00:00:00,174.5,45.0
2017-12-16 01:00:00,165.75,45.0
2017-12-16 02:00:00,144.75,44.1
2017-12-16 03:00:00,152.5,39.9
2017-12-16 04:00:00,146.0,46.0
2017-12-16 05:00:00,177.5,48.9
2017-12-16 06:00:00,216.5,48.9
2017-12-16 07:00:00,244.75,50.0
2017-12-16 08:00:00,247.5,54.0
2017-12-16 09:00:00,278.5,57.0
2017-12-16 10:00:00,288.5,59.0
2017-12-16 11:00:00,267.5,61.0
2017-12-16 12:00:00,280.75,63.0
2017-12-16 13:00:00,272.0,64.0
2017-12-16 14:00:00,276.75,64.0
2017-12-16 15:00:00,267.25,64.0
2017-12-16 16:00:00,274.0,63.0
2017-12-16 17:00:00,267.25,60.1
2017-12-16 18:00:00,263.5,60.1
2017-12-16 19:00:00,261.5,59.0
2017-12-16 20:00:00,243.75,57.9
2017-12-16 21:00:00,186.75,57.0
2017-12-16 22:00:00,161.0,55.9
2017-12-16 23:00:00,144.75,55.9
2017-12-17 00:00:00,151.25,55.9
2017-12-17 01:00:00,148.25,55.0
2017-12-17 02:00:00,163.5,53.1
2017-12-17 03:00:00,160.75,52.0
2017-12-17 04:00:00,149.5,51.1
2017-12-17 05:00:00,185.5,50.0
2017-12-17 06:00:00,214.5,50.0
2017-12-17 07:00:00,238.0,46.0
2017-12-17 08:00:00,249.75,50.0
2017-12-17 09:00:00,238.5,54.0
2017-12-17 10:00:00,253.5,57.0
2017-12-17 11:00:00,245.5,59.0
2017-12-17 12:00:00,255.25,62.1
2017-12-17 13:00:00,279.25,64.0
2017-12-17 14:00:00,259.75,60.1
2017-12-17 15:00:00,257.0,64.0
2017-12-17 16:00:00,263.0,61.0
2017-12-17 17:00:00,260.75,55.9
2017-12-17 18:00:00,251.25,54.0
2017-12-17 19:00:00,253.25,51.1
2017-12-17 20:00:00,236.75,51.1
2017-12-17 21:00:00,186.25,45.0
2017-12-17 22:00:00,145.25,46.9
2017-12-17 23:00:00,151.25,46.9
2017-12-18 00:00:00,157.25,42.1
2017-12-18 01:00:00,144.0,45.0
2017-12-18 02:00:00,141.5,39.9
2017-12-18 03:00:00,157.5,44.1
2017-12-18 04:00:00,159.5,44.1
2017-12-18 05:00:00,197.75,39.0
2017-12-18 06:00:00,237.25,41.0
2017-12-18 07:00:00,246.0,42.1
2017-12-18 08:00:00,244.5,42.1
2017-12-18 09:00:00,279.75,48.0
2017-12-18 10:00:00,264.0,53.1
2017-12-18 11:00:00,271.25,53.1
2017-12-18 12:00:00,278.25,54.0
2017-12-18 13:00:00,289.0,57.0
2017-12-18 14:00:00,307.25,57.9
2017-12-18 15:00:00,306.6,57.9
2017-12-18 16:00:00,287.75,57.0
2017-12-18 17:00:00,252.0,55.0
2017-12-18 18:00:00,243.25,52.0
2017-12-18 19:00:00,241.5,50.0
2017-12-18 20:00:00,213.25,48.0
2017-12-18 21:00:00,171.75,48.9
2017-12-18 22:00:00,158.75,44.1
2017-12-18 23:00:00,164.25,48.0
2017-12-19 00:00:00,150.75,42.1
2017-12-19 01:00:00,143.25,41.0
2017-12-19 02:00:00,134.0,45.0
2017-12-19 03:00:00,143.75,43.0
2017-12-19 04:00:00,163.25,39.9
2017-12-19 05:00:00,195.25,36.0
2017-12-19 06:00:00,235.25,41.0
2017-12-19 07:00:00,254.25,39.9
2017-12-19 08:00:00,256.75,39.0
2017-12-19 09:00:00,257.0,46.9
2017-12-19 10:00:00,272.5,48.0
2017-12-19 11:00:00,277.5,50.0
2017-12-19 12:00:00,284.5,52.0
2017-12-19 13:00:00,296.5,55.9
2017-12-19 14:00:00,279.75,57.9
2017-12-19 15:00:00,282.75,55.9
2017-12-19 16:00:00,273.0,55.0
2017-12-19 17:00:00,253.75,53.1
2017-12-19 18:00:00,245.75,52.0
2017-12-19 19:00:00,228.75,52.0
2017-12-19 20:00:00,196.25,53.1
2017-12-19 21:00:00,166.0,53.1
2017-12-19 22:00:00,151.0,53.1
2017-12-19 23:00:00,144.25,53.1
2017-12-20 00:00:00,147.0,52.0
2017-12-20 01:00:00,137.0,52.0
2017-12-20 02:00:00,140.0,52.0
2017-12-20 03:00:00,151.0,48.0
2017-12-20 04:00:00,166.75,48.9
2017-12-20 05:00:00,197.0,48.9
2017-12-20 06:00:00,242.25,48.0
2017-12-20 07:00:00,268.75,46.9
2017-12-20 08:00:00,253.0,45.0
2017-12-20 09:00:00,272.0,50.0
2017-12-20 10:00:00,261.75,51.1
2017-12-20 11:00:00,268.0,53.1
2017-12-20 12:00:00,282.25,53.1
2017-12-20 13:00:00,273.5,55.0
2017-12-20 14:00:00,262.75,55.0
2017-12-20 15:00:00,268.0,54.0
2017-12-20 16:00:00,257.25,53.1
2017-12-20 17:00:00,249.25,51.1
2017-12-20 18:00:00,218.5,50.0
2017-12-20 19:00:00,217.25,48.9
2017-12-20 20:00:00,181.5,48.0
2017-12-20 21:00:00,147.75,46.9
2017-12-20 22:00:00,136.5,46.0
2017-12-20 23:00:00,141.0,45.0
2017-12-21 00:00:00,133.0,44.1
2017-12-21 01:00:00,140.75,37.9
2017-12-21 02:00:00,136.5,42.1
2017-12-21 03:00:00,136.5,43.0
2017-12-21 04:00:00,149.25,44.1
2017-12-21 05:00:00,181.75,44.1
2017-12-21 06:00:00,214.5,43.0
2017-12-21 07:00:00,228.5,42.1
2017-12-21 08:00:00,227.0,44.1
2017-12-21 09:00:00,232.5,48.9
2017-12-21 10:00:00,238.0,51.1
2017-12-21 11:00:00,224.6,52.0
2017-12-21 12:00:00,241.25,52.0
2017-12-21 13:00:00,241.25,53.1
2017-12-21 14:00:00,247.25,55.0
2017-12-21 15:00:00,242.0,57.9
2017-12-21 16:00:00,239.25,55.9
2017-12-21 17:00:00,229.75,51.1
2017-12-21 18:00:00,202.5,50.0
2017-12-21 19:00:00,203.25,50.0
2017-12-21 20:00:00,179.5,44.1
2017-12-21 21:00:00,147.25,41.0
2017-12-21 22:00:00,146.5,41.0
2017-12-21 23:00:00,164.25,39.0
2017-12-22 00:00:00,141.75,37.0
2017-12-22 01:00:00,126.25,37.0
2017-12-22 02:00:00,136.75,37.9
2017-12-22 03:00:00,134.0,37.9
2017-12-22 04:00:00,132.5,35.1
2017-12-22 05:00:00,156.5,36.0
2017-12-22 06:00:00,210.0,33.1
2017-12-22 07:00:00,219.25,37.9
2017-12-22 08:00:00,217.0,37.0
2017-12-22 09:00:00,222.5,41.0
2017-12-22 10:00:00,223.0,46.0
2017-12-22 11:00:00,220.5,46.9
2017-12-22 12:00:00,223.25,48.9
2017-12-22 13:00:00,246.5,51.1
2017-12-22 14:00:00,240.25,53.1
2017-12-22 15:00:00,235.0,54.0
2017-12-22 16:00:00,242.25,52.0
2017-12-22 17:00:00,239.0,50.0
2017-12-22 18:00:00,224.5,48.9
2017-12-22 19:00:00,224.25,48.0
2017-12-22 20:00:00,203.0,46.9
2017-12-22 21:00:00,169.0,44.1
2017-12-22 22:00:00,131.75,45.0
2017-12-22 23:00:00,129.75,45.0
2017-12-23 00:00:00,134.5,42.1
2017-12-23 01:00:00,134.75,44.1
2017-12-23 02:00:00,129.75,43.0
2017-12-23 03:00:00,135.25,44.1
2017-12-23 04:00:00,129.5,43.0
2017-12-23 05:00:00,149.75,39.9
2017-12-23 06:00:00,192.75,42.1
2017-12-23 07:00:00,218.25,44.1
2017-12-23 08:00:00,215.5,43.0
2017-12-23 09:00:00,219.0,46.0
2017-12-23 10:00:00,226.5,48.9
2017-12-23 11:00:00,232.0,48.9
2017-12-23 12:00:00,233.4,50.0
2017-12-23 13:00:00,210.25,52.0
2017-12-23 14:00:00,218.0,53.1
2017-12-23 15:00:00,225.25,53.1
2017-12-23 16:00:00,223.25,52.0
2017-12-23 17:00:00,211.75,51.1
2017-12-23 18:00:00,213.0,50.0
2017-12-23 19:00:00,217.75,50.0
2017-12-23 20:00:00,190.75,48.9
2017-12-23 21:00:00,154.5,48.0
2017-12-23 22:00:00,133.25,50.0
2017-12-23 23:00:00,138.25,48.9
2017-12-24 00:00:00,134.5,46.9
2017-12-24 01:00:00,134.0,46.0
2017-12-24 02:00:00,133.25,46.9
2017-12-24 03:00:00,132.75,46.0
2017-12-24 04:00:00,131.5,46.0
2017-12-24 05:00:00,157.25,45.0
2017-12-24 06:00:00,196.25,45.0
2017-12-24 07:00:00,217.25,43.0
2017-12-24 08:00:00,212.5,48.0
2017-12-24 09:00:00,216.75,46.9
2017-12-24 10:00:00,220.75,51.1
2017-12-24 11:00:00,217.4,51.1
2017-12-24 12:00:00,219.0,51.1
2017-12-24 13:00:00,224.25,51.1
2017-12-24 14:00:00,216.0,51.1
2017-12-24 15:00:00,231.5,53.1
2017-12-24 16:00:00,232.25,54.0
2017-12-24 17:00:00,222.25,51.1
2017-12-24 18:00:00,234.0,50.0
2017-12-24 19:00:00,229.75,50.0
2017-12-24 20:00:00,212.0,50.0
2017-12-24 21:00:00,165.5,48.9
2017-12-24 22:00:00,139.0,50.0
2017-12-24 23:00:00,128.75,46.9
2017-12-25 00:00:00,132.0,48.0
2017-12-25 01:00:00,136.25,46.9
2017-12-25 02:00:00,131.0,45.0
2017-12-25 03:00:00,135.75,46.9
2017-12-25 04:00:00,143.0,45.0
2017-12-25 05:00:00,172.75,41.0
2017-12-25 06:00:00,216.25,43.0
2017-12-25 07:00:00,217.75,44.1
2017-12-25 08:00:00,213.25,46.9
2017-12-25 09:00:00,230.0,51.1
2017-12-25 10:00:00,226.75,51.1
2017-12-25 11:00:00,229.0,51.1
2017-12-25 12:00:00,229.75,52.0
2017-12-25 13:00:00,228.25,53.1
2017-12-25 14:00:00,216.0,55.9
2017-12-25 15:00:00,227.0,55.9
2017-12-25 16:00:00,224.0,55.0
2017-12-25 17:00:00,209.25,53.1
2017-12-25 18:00:00,184.25,52.0
2017-12-25 19:00:00,190.5,52.0
2017-12-25 20:00:00,175.25,48.9
2017-12-25 21:00:00,136.25,48.9
2017-12-25 22:00:00,136.25,48.0
2017-12-25 23:00:00,141.25,48.0
2017-12-26 00:00:00,128.75,46.9
2017-12-26 01:00:00,129.75,42.1
2017-12-26 02:00:00,129.0,43.0
2017-12-26 03:00:00,133.75,41.0
2017-12-26 04:00:00,142.0,41.0
2017-12-26 05:00:00,172.0,41.0
2017-12-26 06:00:00,214.5,39.9
2017-12-26 07:00:00,220.25,36.0
2017-12-26 08:00:00,214.5,39.9
2017-12-26 09:00:00,214.25,46.9
2017-12-26 10:00:00,215.0,50.0
2017-12-26 11:00:00,227.5,53.1
2017-12-26 12:00:00,226.25,55.0
2017-12-26 13:00:00,242.0,55.9
2017-12-26 14:00:00,246.4,60.1
2017-12-26 15:00:00,240.75,59.0
2017-12-26 16:00:00,247.25,55.9
2017-12-26 17:00:00,229.0,53.1
2017-12-26 18:00:00,201.5,50.0
2017-12-26 19:00:00,194.5,50.0
2017-12-26 20:00:00,179.25,50.0
2017-12-26 21:00:00,149.75,46.9
2017-12-26 22:00:00,135.5,44.1
2017-12-26 23:00:00,146.0,42.1
2017-12-27 00:00:00,132.25,42.1
2017-12-27 01:00:00,136.5,42.1
2017-12-27 02:00:00,135.0,42.1
2017-12-27 03:00:00,138.0,39.0
2017-12-27 04:00:00,145.0,39.0
2017-12-27 05:00:00,179.25,39.9
2017-12-27 06:00:00,214.0,37.0
2017-12-27 07:00:00,224.0,39.0
2017-12-27 08:00:00,222.75,39.9
2017-12-27 09:00:00,229.5,46.0
2017-12-27 10:00:00,213.25,48.0
2017-12-27 11:00:00,225.25,50.0
2017-12-27 12:00:00,230.0,48.9
2017-12-27 13:00:00,227.75,48.9
2017-12-27 14:00:00,228.25,54.0
2017-12-27 15:00:00,237.75,55.0
2017-12-27 16:00:00,240.75,55.0
2017-12-27 17:00:00,237.0,55.0
2017-12-27 18:00:00,199.75,52.0
2017-12-27 19:00:00,192.75,50.0
2017-12-27 20:00:00,181.5,48.9
2017-12-27 21:00:00,143.75,48.9
2017-12-27 22:00:00,129.25,43.0
2017-12-27 23:00:00,140.0,46.0
2017-12-28 00:00:00,127.0,44.1
2017-12-28 01:00:00,132.0,43.0
2017-12-28 02:00:00,138.5,44.1
2017-12-28 03:00:00,136.5,39.9
2017-12-28 04:00:00,142.5,42.1
2017-12-28 05:00:00,173.0,39.0
2017-12-28 06:00:00,218.75,39.0
2017-12-28 07:00:00,221.0,37.0
2017-12-28 08:00:00,211.75,39.0
2017-12-28 09:00:00,225.0,46.0
2017-12-28 10:00:00,246.25,48.9
2017-12-28 11:00:00,232.5,50.0
2017-12-28 12:00:00,246.0,51.1
2017-12-28 13:00:00,232.25,52.0
2017-12-28 14:00:00,245.5,55.9
2017-12-28 15:00:00,239.5,57.0
2017-12-28 16:00:00,253.0,55.0
2017-12-28 17:00:00,213.25,52.0
2017-12-28 18:00:00,191.5,48.9
2017-12-28 19:00:00,207.8,50.0
2017-12-28 20:00:00,179.0,51.1
2017-12-28 21:00:00,135.25,48.9
2017-12-28 22:00:00,146.25,46.0
2017-12-28 23:00:00,140.25,48.0
2017-12-29 00:00:00,131.0,45.0
2017-12-29 01:00:00,130.0,45.0
2017-12-29 02:00:00,130.5,46.9
2017-12-29 03:00:00,128.75,43.0
2017-12-29 04:00:00,131.0,41.0
2017-12-29 05:00:00,152.5,46.9
2017-12-29 06:00:00,211.5,43.0
2017-12-29 07:00:00,225.75,45.0
2017-12-29 08:00:00,213.0,44.1
2017-12-29 09:00:00,219.75,46.9
2017-12-29 10:00:00,236.0,51.1
2017-12-29 11:00:00,240.0,52.0
2017-12-29 12:00:00,246.0,53.1
2017-12-29 13:00:00,249.25,53.1
2017-12-29 14:00:00,248.0,54.0
2017-12-29 15:00:00,244.0,57.0
2017-12-29 16:00:00,250.25,55.9
2017-12-29 17:00:00,228.75,52.0
2017-12-29 18:00:00,232.75,50.0
2017-12-29 19:00:00,215.0,50.0
2017-12-29 20:00:00,203.5,48.0
2017-12-29 21:00:00,149.25,48.0
2017-12-29 22:00:00,133.25,46.9
2017-12-29 23:00:00,131.5,46.9
2017-12-30 00:00:00,130.0,46.9
2017-12-30 01:00:00,135.25,41.0
2017-12-30 02:00:00,135.25,41.0
2017-12-30 03:00:00,136.75,43.0
2017-12-30 04:00:00,137.5,37.0
2017-12-30 05:00:00,147.5,37.0
2017-12-30 06:00:00,191.75,39.9
2017-12-30 07:00:00,207.75,42.1
2017-12-30 08:00:00,218.0,37.9
2017-12-30 09:00:00,216.75,45.0
2017-12-30 10:00:00,215.75,48.9
2017-12-30 11:00:00,223.5,48.9
2017-12-30 12:00:00,223.0,51.1
2017-12-30 13:00:00,233.75,51.1
2017-12-30 14:00:00,248.75,53.1
2017-12-30 15:00:00,235.5,55.9
2017-12-30 16:00:00,229.75,54.0
2017-12-30 17:00:00,253.25,53.1
2017-12-30 18:00:00,241.75,48.0
2017-12-30 19:00:00,249.5,48.9
2017-12-30 20:00:00,222.0,46.9
2017-12-30 21:00:00,161.5,46.9
2017-12-30 22:00:00,149.25,44.1
2017-12-30 23:00:00,135.5,43.0
2017-12-31 00:00:00,131.5,45.0
2017-12-31 01:00:00,132.5,45.0
2017-12-31 02:00:00,133.75,42.1
2017-12-31 03:00:00,136.25,43.0
2017-12-31 04:00:00,137.75,41.0
2017-12-31 05:00:00,162.75,39.9
2017-12-31 06:00:00,203.75,42.1
2017-12-31 07:00:00,209.25,41.0
2017-12-31 08:00:00,216.5,41.0
2017-12-31 09:00:00,223.0,46.9
2017-12-31 10:00:00,222.75,50.0
2017-12-31 11:00:00,222.75,51.1
2017-12-31 12:00:00,234.0,53.1
2017-12-31 13:00:00,220.5,54.0
2017-12-31 14:00:00,226.25,57.0
2017-12-31 15:00:00,228.25,57.9
2017-12-31 16:00:00,242.0,56.8
2017-12-31 17:00:00,230.75,55.9
2017-12-31 18:00:00,231.25,54.0
2017-12-31 19:00:00,226.5,52.0
2017-12-31 20:00:00,223.0,52.0
2017-12-31 21:00:00,163.5,48.9
2017-12-31 22:00:00,134.25,48.9
2017-12-31 23:00:00,136.25,48.0
