timestamp,kWh,air_temp_F
2017-01-01 00:00:00,100.25,46.9
2017-01-01 01:00:00,100.5,51.1
2017-01-01 02:00:00,100.0,52.0
2017-01-01 03:00:00,99.25,52.0
2017-01-01 04:00:00,98.5,51.1
2017-01-01 05:00:00,100.25,51.1
2017-01-01 06:00:00,102.25,51.1
2017-01-01 07:00:00,113.0,50.0
2017-01-01 08:00:00,114.0,50.0
2017-01-01 09:00:00,112.25,50.0
2017-01-01 10:00:00,115.25,52.0
2017-01-01 11:00:00,114.75,51.1
2017-01-01 12:00:00,115.5,52.0
2017-01-01 13:00:00,116.0,52.0
2017-01-01 14:00:00,115.75,55.0
2017-01-01 15:00:00,116.5,55.9
2017-01-01 16:00:00,116.75,54.0
2017-01-01 17:00:00,117.5,51.1
2017-01-01 18:00:00,120.5,50.0
2017-01-01 19:00:00,122.0,50.0
2017-01-01 20:00:00,123.0,50.0
2017-01-01 21:00:00,121.0,48.9
2017-01-01 22:00:00,110.75,48.9
2017-01-01 23:00:00,103.0,50.0
2017-01-02 00:00:00,102.5,46.9
2017-01-02 01:00:00,102.5,46.9
2017-01-02 02:00:00,98.75,46.9
2017-01-02 03:00:00,97.0,45.0
2017-01-02 04:00:00,94.25,46.9
2017-01-02 05:00:00,96.5,46.0
2017-01-02 06:00:00,98.75,45.0
2017-01-02 07:00:00,116.25,46.0
2017-01-02 08:00:00,117.5,46.0
2017-01-02 09:00:00,116.75,46.0
2017-01-02 10:00:00,114.5,48.9
2017-01-02 11:00:00,116.25,50.0
2017-01-02 12:00:00,118.5,51.1
2017-01-02 13:00:00,118.5,51.1
2017-01-02 14:00:00,117.75,52.0
2017-01-02 15:00:00,118.0,53.1
2017-01-02 16:00:00,118.5,52.0
2017-01-02 17:00:00,120.75,51.1
2017-01-02 18:00:00,125.2,51.1
2017-01-02 19:00:00,127.5,51.1
2017-01-02 20:00:00,125.0,50.0
2017-01-02 21:00:00,120.25,50.0
2017-01-02 22:00:00,110.0,48.9
2017-01-02 23:00:00,105.0,50.0
2017-01-03 00:00:00,103.25,50.0
2017-01-03 01:00:00,101.25,48.9
2017-01-03 02:00:00,101.0,48.9
2017-01-03 03:00:00,99.5,48.9
2017-01-03 04:00:00,97.5,48.9
2017-01-03 05:00:00,99.5,50.0
2017-01-03 06:00:00,109.5,50.0
2017-01-03 07:00:00,128.0,50.0
2017-01-03 08:00:00,132.25,50.0
2017-01-03 09:00:00,138.75,51.1
2017-01-03 10:00:00,143.0,52.0
2017-01-03 11:00:00,143.5,53.1
2017-01-03 12:00:00,144.0,53.1
2017-01-03 13:00:00,141.5,53.1
2017-01-03 14:00:00,141.5,53.1
2017-01-03 15:00:00,138.5,53.1
2017-01-03 16:00:00,134.0,53.1
2017-01-03 17:00:00,131.5,54.0
2017-01-03 18:00:00,132.75,54.0
2017-01-03 19:00:00,126.5,54.0
2017-01-03 20:00:00,123.5,54.0
2017-01-03 21:00:00,123.5,55.0
2017-01-03 22:00:00,116.0,55.9
2017-01-03 23:00:00,110.75,54.0
2017-01-04 00:00:00,105.5,54.0
2017-01-04 01:00:00,102.75,55.0
2017-01-04 02:00:00,103.5,55.0
2017-01-04 03:00:00,101.75,55.9
2017-01-04 04:00:00,100.0,55.9
2017-01-04 05:00:00,104.25,55.9
2017-01-04 06:00:00,109.5,55.0
2017-01-04 07:00:00,132.5,54.0
2017-01-04 08:00:00,135.5,54.0
2017-01-04 09:00:00,139.25,54.0
2017-01-04 10:00:00,140.0,54.0
2017-01-04 11:00:00,141.0,53.1
2017-01-04 12:00:00,138.75,54.0
2017-01-04 13:00:00,143.25,54.0
2017-01-04 14:00:00,145.0,54.0
2017-01-04 15:00:00,141.0,54.0
2017-01-04 16:00:00,139.0,52.0
2017-01-04 17:00:00,136.5,51.1
2017-01-04 18:00:00,135.2,48.9
2017-01-04 19:00:00,134.75,48.9
2017-01-04 20:00:00,132.75,48.9
2017-01-04 21:00:00,131.0,48.0
2017-01-04 22:00:00,119.25,48.9
2017-01-04 23:00:00,115.0,48.9
2017-01-05 00:00:00,112.0,48.0
2017-01-05 01:00:00,108.75,48.0
2017-01-05 02:00:00,106.75,46.9
2017-01-05 03:00:00,104.75,46.9
2017-01-05 04:00:00,105.0,46.0
2017-01-05 05:00:00,106.5,46.9
2017-01-05 06:00:00,114.0,46.0
2017-01-05 07:00:00,135.75,43.0
2017-01-05 08:00:00,137.75,45.0
2017-01-05 09:00:00,143.0,46.0
2017-01-05 10:00:00,147.5,48.9
2017-01-05 11:00:00,150.0,50.0
2017-01-05 12:00:00,146.25,51.1
2017-01-05 13:00:00,145.0,51.1
2017-01-05 14:00:00,141.5,51.1
2017-01-05 15:00:00,139.75,51.1
2017-01-05 16:00:00,137.5,51.1
2017-01-05 17:00:00,135.5,48.0
2017-01-05 18:00:00,127.5,48.0
2017-01-05 19:00:00,127.5,44.1
2017-01-05 20:00:00,125.5,41.0
2017-01-05 21:00:00,123.0,42.1
2017-01-05 22:00:00,112.75,39.9
2017-01-05 23:00:00,108.75,39.0
2017-01-06 00:00:00,106.5,41.0
2017-01-06 01:00:00,105.0,39.0
2017-01-06 02:00:00,101.25,36.0
2017-01-06 03:00:00,99.5,35.1
2017-01-06 04:00:00,95.75,39.0
2017-01-06 05:00:00,97.75,39.0
2017-01-06 06:00:00,105.0,39.0
2017-01-06 07:00:00,123.75,37.9
2017-01-06 08:00:00,130.75,39.0
2017-01-06 09:00:00,132.5,42.1
2017-01-06 10:00:00,140.25,44.1
2017-01-06 11:00:00,150.75,46.9
2017-01-06 12:00:00,145.75,50.0
2017-01-06 13:00:00,142.25,52.0
2017-01-06 14:00:00,139.25,48.0
2017-01-06 15:00:00,141.5,48.0
2017-01-06 16:00:00,132.0,48.9
2017-01-06 17:00:00,127.5,48.0
2017-01-06 18:00:00,126.4,46.9
2017-01-06 19:00:00,124.5,46.9
2017-01-06 20:00:00,123.25,46.9
2017-01-06 21:00:00,120.25,46.9
2017-01-06 22:00:00,111.6,46.0
2017-01-06 23:00:00,105.5,46.9
2017-01-07 00:00:00,103.25,46.9
2017-01-07 01:00:00,101.0,46.9
2017-01-07 02:00:00,100.5,46.0
2017-01-07 03:00:00,98.73,44.1
2017-01-07 04:00:00,95.78,45.0
2017-01-07 05:00:00,96.75,46.0
2017-01-07 06:00:00,98.0,46.9
2017-01-07 07:00:00,110.25,48.9
2017-01-07 08:00:00,118.0,52.0
2017-01-07 09:00:00,116.5,54.0
2017-01-07 10:00:00,116.5,57.0
2017-01-07 11:00:00,117.5,55.9
2017-01-07 12:00:00,118.5,60.1
2017-01-07 13:00:00,122.2,59.0
2017-01-07 14:00:00,120.75,61.0
2017-01-07 15:00:00,122.0,60.1
2017-01-07 16:00:00,119.75,60.1
2017-01-07 17:00:00,120.0,59.0
2017-01-07 18:00:00,125.0,57.9
2017-01-07 19:00:00,125.25,59.0
2017-01-07 20:00:00,126.0,57.9
2017-01-07 21:00:00,125.5,57.0
2017-01-07 22:00:00,114.0,57.9
2017-01-07 23:00:00,110.0,57.9
2017-01-08 00:00:00,108.0,57.0
2017-01-08 01:00:00,106.0,57.9
2017-01-08 02:00:00,103.75,57.9
2017-01-08 03:00:00,101.75,59.0
2017-01-08 04:00:00,100.25,57.9
2017-01-08 05:00:00,100.5,59.0
2017-01-08 06:00:00,102.75,57.9
2017-01-08 07:00:00,112.75,59.0
2017-01-08 08:00:00,117.75,59.0
2017-01-08 09:00:00,122.75,57.9
2017-01-08 10:00:00,126.0,59.0
2017-01-08 11:00:00,128.5,59.0
2017-01-08 12:00:00,126.75,60.1
2017-01-08 13:00:00,128.25,60.1
2017-01-08 14:00:00,126.75,60.1
2017-01-08 15:00:00,127.5,60.1
2017-01-08 16:00:00,127.25,59.0
2017-01-08 17:00:00,129.75,59.0
2017-01-08 18:00:00,129.0,60.1
2017-01-08 19:00:00,132.25,57.9
2017-01-08 20:00:00,130.75,59.0
2017-01-08 21:00:00,127.0,57.9
2017-01-08 22:00:00,123.25,60.1
2017-01-08 23:00:00,116.0,61.0
2017-01-09 00:00:00,111.75,60.1
2017-01-09 01:00:00,104.75,55.9
2017-01-09 02:00:00,104.25,55.9
2017-01-09 03:00:00,102.0,55.9
2017-01-09 04:00:00,100.25,54.0
2017-01-09 05:00:00,102.5,55.9
2017-01-09 06:00:00,107.25,54.0
2017-01-09 07:00:00,138.75,54.0
2017-01-09 08:00:00,148.25,54.0
2017-01-09 09:00:00,152.5,54.0
2017-01-09 10:00:00,156.5,55.0
2017-01-09 11:00:00,155.5,57.0
2017-01-09 12:00:00,156.5,59.0
2017-01-09 13:00:00,151.25,57.9
2017-01-09 14:00:00,155.5,57.9
2017-01-09 15:00:00,152.25,57.0
2017-01-09 16:00:00,152.0,55.9
2017-01-09 17:00:00,147.5,55.9
2017-01-09 18:00:00,142.0,55.0
2017-01-09 19:00:00,138.75,54.0
2017-01-09 20:00:00,140.0,55.0
2017-01-09 21:00:00,133.25,55.0
2017-01-09 22:00:00,124.25,55.0
2017-01-09 23:00:00,120.0,55.0
2017-01-10 00:00:00,114.5,55.0
2017-01-10 01:00:00,110.25,57.0
2017-01-10 02:00:00,109.75,55.9
2017-01-10 03:00:00,107.0,55.9
2017-01-10 04:00:00,106.25,55.0
2017-01-10 05:00:00,106.75,55.0
2017-01-10 06:00:00,119.25,55.0
2017-01-10 07:00:00,159.25,55.0
2017-01-10 08:00:00,177.75,55.0
2017-01-10 09:00:00,191.0,55.0
2017-01-10 10:00:00,169.25,55.9
2017-01-10 11:00:00,177.0,55.9
2017-01-10 12:00:00,177.25,57.0
2017-01-10 13:00:00,189.0,57.9
2017-01-10 14:00:00,185.0,57.9
2017-01-10 15:00:00,190.75,59.0
2017-01-10 16:00:00,188.5,59.0
2017-01-10 17:00:00,154.0,59.0
2017-01-10 18:00:00,143.25,59.0
2017-01-10 19:00:00,143.5,59.0
2017-01-10 20:00:00,135.0,55.9
2017-01-10 21:00:00,133.5,55.9
2017-01-10 22:00:00,123.25,55.9
2017-01-10 23:00:00,118.8,55.9
2017-01-11 00:00:00,114.5,57.9
2017-01-11 01:00:00,110.75,55.9
2017-01-11 02:00:00,108.75,55.9
2017-01-11 03:00:00,105.0,55.9
2017-01-11 04:00:00,105.0,55.0
2017-01-11 05:00:00,106.0,55.0
2017-01-11 06:00:00,139.25,53.1
2017-01-11 07:00:00,160.0,52.0
2017-01-11 08:00:00,169.5,52.0
2017-01-11 09:00:00,180.75,53.1
2017-01-11 10:00:00,180.25,54.0
2017-01-11 11:00:00,187.0,55.9
2017-01-11 12:00:00,224.0,55.0
2017-01-11 13:00:00,220.5,55.0
2017-01-11 14:00:00,201.0,55.0
2017-01-11 15:00:00,202.0,55.0
2017-01-11 16:00:00,188.25,54.0
2017-01-11 17:00:00,188.0,54.0
2017-01-11 18:00:00,203.8,53.1
2017-01-11 19:00:00,208.0,53.1
2017-01-11 20:00:00,197.25,52.0
2017-01-11 21:00:00,153.75,52.0
2017-01-11 22:00:00,136.25,50.0
2017-01-11 23:00:00,133.75,50.0
2017-01-12 00:00:00,128.75,48.9
2017-01-12 01:00:00,122.25,50.0
2017-01-12 02:00:00,118.0,50.0
2017-01-12 03:00:00,117.25,48.0
2017-01-12 04:00:00,115.5,46.9
2017-01-12 05:00:00,117.5,46.9
2017-01-12 06:00:00,154.75,46.9
2017-01-12 07:00:00,185.0,46.9
2017-01-12 08:00:00,203.25,46.9
2017-01-12 09:00:00,210.25,48.0
2017-01-12 10:00:00,202.0,48.9
2017-01-12 11:00:00,205.25,50.0
2017-01-12 12:00:00,225.6,51.1
2017-01-12 13:00:00,232.0,52.0
2017-01-12 14:00:00,208.75,53.1
2017-01-12 15:00:00,198.75,52.0
2017-01-12 16:00:00,192.5,50.0
2017-01-12 17:00:00,178.5,50.0
2017-01-12 18:00:00,195.6,50.0
2017-01-12 19:00:00,195.25,48.9
2017-01-12 20:00:00,183.0,48.9
2017-01-12 21:00:00,142.75,48.0
2017-01-12 22:00:00,128.25,48.0
2017-01-12 23:00:00,124.0,46.9
2017-01-13 00:00:00,116.5,45.0
2017-01-13 01:00:00,112.0,44.1
2017-01-13 02:00:00,110.75,44.1
2017-01-13 03:00:00,108.5,44.1
2017-01-13 04:00:00,107.25,43.0
2017-01-13 05:00:00,110.25,42.1
2017-01-13 06:00:00,147.75,43.0
2017-01-13 07:00:00,177.75,41.0
2017-01-13 08:00:00,199.5,39.9
2017-01-13 09:00:00,208.25,45.0
2017-01-13 10:00:00,203.75,48.0
2017-01-13 11:00:00,206.0,48.9
2017-01-13 12:00:00,234.0,51.1
2017-01-13 13:00:00,228.25,52.0
2017-01-13 14:00:00,207.25,54.0
2017-01-13 15:00:00,190.0,54.0
2017-01-13 16:00:00,192.0,55.0
2017-01-13 17:00:00,191.25,55.0
2017-01-13 18:00:00,198.2,52.0
2017-01-13 19:00:00,207.5,51.1
2017-01-13 20:00:00,192.5,48.9
2017-01-13 21:00:00,143.25,50.0
2017-01-13 22:00:00,127.0,48.0
2017-01-13 23:00:00,120.75,45.0
2017-01-14 00:00:00,120.25,46.0
2017-01-14 01:00:00,115.5,44.1
2017-01-14 02:00:00,112.25,43.0
2017-01-14 03:00:00,107.0,42.1
2017-01-14 04:00:00,106.75,42.1
2017-01-14 05:00:00,111.75,39.9
2017-01-14 06:00:00,117.5,39.9
2017-01-14 07:00:00,155.4,41.0
2017-01-14 08:00:00,158.0,39.9
2017-01-14 09:00:00,163.5,46.0
2017-01-14 10:00:00,201.0,48.9
2017-01-14 11:00:00,196.0,51.1
2017-01-14 12:00:00,198.75,52.0
2017-01-14 13:00:00,200.0,53.1
2017-01-14 14:00:00,169.0,54.0
2017-01-14 15:00:00,184.75,55.9
2017-01-14 16:00:00,180.75,55.9
2017-01-14 17:00:00,173.25,54.0
2017-01-14 18:00:00,193.2,51.1
2017-01-14 19:00:00,207.75,51.1
2017-01-14 20:00:00,196.75,51.1
2017-01-14 21:00:00,146.75,46.9
2017-01-14 22:00:00,130.0,45.0
2017-01-14 23:00:00,125.0,45.0
2017-01-15 00:00:00,121.0,43.0
2017-01-15 01:00:00,116.25,43.0
2017-01-15 02:00:00,114.25,42.1
2017-01-15 03:00:00,110.25,42.1
2017-01-15 04:00:00,107.25,42.1
2017-01-15 05:00:00,109.0,41.0
2017-01-15 06:00:00,111.75,41.0
2017-01-15 07:00:00,153.0,39.9
2017-01-15 08:00:00,169.25,41.0
2017-01-15 09:00:00,169.5,44.1
2017-01-15 10:00:00,187.75,45.0
2017-01-15 11:00:00,186.75,51.1
2017-01-15 12:00:00,204.0,50.0
2017-01-15 13:00:00,206.0,53.1
2017-01-15 14:00:00,181.25,53.1
2017-01-15 15:00:00,172.25,53.1
2017-01-15 16:00:00,172.25,53.1
2017-01-15 17:00:00,177.0,51.1
2017-01-15 18:00:00,213.4,48.9
2017-01-15 19:00:00,215.5,48.0
2017-01-15 20:00:00,207.25,46.0
2017-01-15 21:00:00,150.25,46.9
2017-01-15 22:00:00,133.25,45.0
2017-01-15 23:00:00,126.25,43.0
2017-01-16 00:00:00,122.0,42.1
2017-01-16 01:00:00,116.75,43.0
2017-01-16 02:00:00,112.75,43.0
2017-01-16 03:00:00,108.75,44.1
2017-01-16 04:00:00,108.0,44.1
2017-01-16 05:00:00,107.25,41.0
2017-01-16 06:00:00,110.75,39.9
2017-01-16 07:00:00,164.75,41.0
2017-01-16 08:00:00,168.5,39.9
2017-01-16 09:00:00,183.5,45.0
2017-01-16 10:00:00,202.25,48.0
2017-01-16 11:00:00,211.0,48.0
2017-01-16 12:00:00,207.25,48.9
2017-01-16 13:00:00,204.75,51.1
2017-01-16 14:00:00,179.0,51.1
2017-01-16 15:00:00,148.75,52.0
2017-01-16 16:00:00,147.5,53.1
2017-01-16 17:00:00,157.0,51.1
2017-01-16 18:00:00,152.0,50.0
2017-01-16 19:00:00,150.5,50.0
2017-01-16 20:00:00,152.75,46.9
2017-01-16 21:00:00,156.5,48.0
2017-01-16 22:00:00,147.75,46.0
2017-01-16 23:00:00,134.5,43.0
2017-01-17 00:00:00,123.5,44.1
2017-01-17 01:00:00,118.0,44.1
2017-01-17 02:00:00,112.75,42.1
2017-01-17 03:00:00,110.5,41.0
2017-01-17 04:00:00,108.5,39.9
2017-01-17 05:00:00,114.25,41.0
2017-01-17 06:00:00,143.75,39.0
2017-01-17 07:00:00,199.0,39.9
2017-01-17 08:00:00,204.75,42.1
2017-01-17 09:00:00,226.0,44.1
2017-01-17 10:00:00,200.5,48.0
2017-01-17 11:00:00,217.25,48.0
2017-01-17 12:00:00,238.75,48.9
2017-01-17 13:00:00,248.75,54.0
2017-01-17 14:00:00,215.5,53.1
2017-01-17 15:00:00,203.25,52.0
2017-01-17 16:00:00,207.25,53.1
2017-01-17 17:00:00,201.0,51.1
2017-01-17 18:00:00,214.75,50.0
2017-01-17 19:00:00,227.0,50.0
2017-01-17 20:00:00,214.0,48.9
2017-01-17 21:00:00,162.75,48.9
2017-01-17 22:00:00,142.25,50.0
2017-01-17 23:00:00,130.75,50.0
2017-01-18 00:00:00,121.75,50.0
2017-01-18 01:00:00,115.0,48.9
2017-01-18 02:00:00,110.5,50.0
2017-01-18 03:00:00,109.5,50.0
2017-01-18 04:00:00,107.75,50.0
2017-01-18 05:00:00,109.0,50.0
2017-01-18 06:00:00,146.75,50.0
2017-01-18 07:00:00,197.0,50.0
2017-01-18 08:00:00,211.75,51.1
2017-01-18 09:00:00,233.75,52.0
2017-01-18 10:00:00,240.75,52.0
2017-01-18 11:00:00,221.5,52.0
2017-01-18 12:00:00,239.5,52.0
2017-01-18 13:00:00,250.5,53.1
2017-01-18 14:00:00,230.25,52.0
2017-01-18 15:00:00,208.25,52.0
2017-01-18 16:00:00,197.0,52.0
2017-01-18 17:00:00,207.25,53.1
2017-01-18 18:00:00,230.2,53.1
2017-01-18 19:00:00,240.5,53.1
2017-01-18 20:00:00,240.25,53.1
2017-01-18 21:00:00,178.0,53.1
2017-01-18 22:00:00,153.25,53.1
2017-01-18 23:00:00,136.25,53.1
2017-01-19 00:00:00,129.0,54.0
2017-01-19 01:00:00,120.75,53.1
2017-01-19 02:00:00,116.25,53.1
2017-01-19 03:00:00,113.0,55.0
2017-01-19 04:00:00,109.6,54.0
2017-01-19 05:00:00,115.25,52.0
2017-01-19 06:00:00,167.5,52.0
2017-01-19 07:00:00,197.25,52.0
2017-01-19 08:00:00,214.5,53.1
2017-01-19 09:00:00,225.75,55.0
2017-01-19 10:00:00,223.5,54.0
2017-01-19 11:00:00,217.75,55.0
2017-01-19 12:00:00,251.0,55.9
2017-01-19 13:00:00,258.25,55.9
2017-01-19 14:00:00,224.5,57.0
2017-01-19 15:00:00,211.75,57.0
2017-01-19 16:00:00,206.25,55.0
2017-01-19 17:00:00,203.75,54.0
2017-01-19 18:00:00,213.0,53.1
2017-01-19 19:00:00,228.5,53.1
2017-01-19 20:00:00,224.25,53.1
2017-01-19 21:00:00,168.75,53.1
2017-01-19 22:00:00,146.0,53.1
2017-01-19 23:00:00,137.5,52.0
2017-01-20 00:00:00,126.25,52.0
2017-01-20 01:00:00,116.75,51.1
2017-01-20 02:00:00,112.0,51.1
2017-01-20 03:00:00,109.0,50.0
2017-01-20 04:00:00,105.75,50.0
2017-01-20 05:00:00,110.25,48.0
2017-01-20 06:00:00,161.75,50.0
2017-01-20 07:00:00,189.0,51.1
2017-01-20 08:00:00,200.25,51.1
2017-01-20 09:00:00,222.5,53.1
2017-01-20 10:00:00,223.75,51.1
2017-01-20 11:00:00,217.75,54.0
2017-01-20 12:00:00,233.25,53.1
2017-01-20 13:00:00,242.75,55.0
2017-01-20 14:00:00,216.75,52.0
2017-01-20 15:00:00,209.5,52.0
2017-01-20 16:00:00,208.5,53.1
2017-01-20 17:00:00,212.75,52.0
2017-01-20 18:00:00,229.4,51.1
2017-01-20 19:00:00,233.0,51.1
2017-01-20 20:00:00,226.5,51.1
2017-01-20 21:00:00,165.0,52.0
2017-01-20 22:00:00,140.5,52.0
2017-01-20 23:00:00,133.75,51.1
2017-01-21 00:00:00,129.75,51.1
2017-01-21 01:00:00,124.75,52.0
2017-01-21 02:00:00,120.58,52.0
2017-01-21 03:00:00,114.63,52.0
2017-01-21 04:00:00,110.5,51.1
2017-01-21 05:00:00,112.25,52.0
2017-01-21 06:00:00,119.0,52.0
2017-01-21 07:00:00,149.5,51.1
2017-01-21 08:00:00,166.0,51.1
2017-01-21 09:00:00,180.6,53.1
2017-01-21 10:00:00,199.0,53.1
2017-01-21 11:00:00,211.5,55.9
2017-01-21 12:00:00,221.25,55.0
2017-01-21 13:00:00,220.25,55.9
2017-01-21 14:00:00,197.0,55.0
2017-01-21 15:00:00,181.25,55.9
2017-01-21 16:00:00,179.0,55.0
2017-01-21 17:00:00,201.5,54.0
2017-01-21 18:00:00,206.75,53.1
2017-01-21 19:00:00,219.0,51.1
2017-01-21 20:00:00,221.0,51.1
2017-01-21 21:00:00,168.25,51.1
2017-01-21 22:00:00,146.25,51.1
2017-01-21 23:00:00,138.25,52.0
2017-01-22 00:00:00,130.75,53.1
2017-01-22 01:00:00,123.25,52.0
2017-01-22 02:00:00,119.25,51.1
2017-01-22 03:00:00,114.5,51.1
2017-01-22 04:00:00,112.0,51.1
2017-01-22 05:00:00,111.75,51.1
2017-01-22 06:00:00,116.0,52.0
2017-01-22 07:00:00,147.0,52.0
2017-01-22 08:00:00,165.25,53.1
2017-01-22 09:00:00,190.25,51.1
2017-01-22 10:00:00,201.25,53.1
2017-01-22 11:00:00,213.75,55.0
2017-01-22 12:00:00,212.0,55.9
2017-01-22 13:00:00,230.25,55.9
2017-01-22 14:00:00,202.5,55.0
2017-01-22 15:00:00,183.5,52.0
2017-01-22 16:00:00,206.25,50.0
2017-01-22 17:00:00,198.25,48.9
2017-01-22 18:00:00,210.4,48.9
2017-01-22 19:00:00,244.5,48.9
2017-01-22 20:00:00,231.25,48.9
2017-01-22 21:00:00,179.0,50.0
2017-01-22 22:00:00,149.75,51.1
2017-01-22 23:00:00,140.0,50.0
2017-01-23 00:00:00,130.75,48.9
2017-01-23 01:00:00,117.75,48.9
2017-01-23 02:00:00,116.75,48.0
2017-01-23 03:00:00,112.0,46.9
2017-01-23 04:00:00,109.5,48.0
2017-01-23 05:00:00,110.75,46.9
2017-01-23 06:00:00,151.25,46.9
2017-01-23 07:00:00,189.25,46.9
2017-01-23 08:00:00,215.5,46.9
2017-01-23 09:00:00,236.75,46.9
2017-01-23 10:00:00,228.75,50.0
2017-01-23 11:00:00,218.25,50.0
2017-01-23 12:00:00,243.5,48.9
2017-01-23 13:00:00,251.25,51.1
2017-01-23 14:00:00,231.25,52.0
2017-01-23 15:00:00,203.25,52.0
2017-01-23 16:00:00,208.75,51.1
2017-01-23 17:00:00,210.0,50.0
2017-01-23 18:00:00,223.6,50.0
2017-01-23 19:00:00,235.75,50.0
2017-01-23 20:00:00,225.25,48.9
2017-01-23 21:00:00,181.75,48.9
2017-01-23 22:00:00,151.75,48.0
2017-01-23 23:00:00,140.25,46.9
2017-01-24 00:00:00,127.25,46.9
2017-01-24 01:00:00,116.75,46.0
2017-01-24 02:00:00,110.25,45.0
2017-01-24 03:00:00,107.5,45.0
2017-01-24 04:00:00,105.25,45.0
2017-01-24 05:00:00,110.5,43.0
2017-01-24 06:00:00,137.0,41.0
2017-01-24 07:00:00,204.0,43.0
2017-01-24 08:00:00,223.5,44.1
2017-01-24 09:00:00,236.5,46.0
2017-01-24 10:00:00,227.5,46.9
2017-01-24 11:00:00,210.75,50.0
2017-01-24 12:00:00,249.0,52.0
2017-01-24 13:00:00,245.75,54.0
2017-01-24 14:00:00,225.75,55.9
2017-01-24 15:00:00,199.5,55.9
2017-01-24 16:00:00,202.75,55.9
2017-01-24 17:00:00,201.25,54.0
2017-01-24 18:00:00,215.75,50.0
2017-01-24 19:00:00,231.75,51.1
2017-01-24 20:00:00,227.25,46.9
2017-01-24 21:00:00,174.75,46.0
2017-01-24 22:00:00,157.0,45.0
2017-01-24 23:00:00,142.0,43.0
2017-01-25 00:00:00,128.0,41.0
2017-01-25 01:00:00,119.5,41.0
2017-01-25 02:00:00,115.0,41.0
2017-01-25 03:00:00,112.75,43.0
2017-01-25 04:00:00,110.0,43.0
2017-01-25 05:00:00,114.0,42.1
2017-01-25 06:00:00,144.5,44.1
2017-01-25 07:00:00,190.5,44.1
2017-01-25 08:00:00,207.25,45.0
2017-01-25 09:00:00,223.0,46.0
2017-01-25 10:00:00,224.0,48.0
2017-01-25 11:00:00,209.5,51.1
2017-01-25 12:00:00,248.0,52.0
2017-01-25 13:00:00,247.25,54.0
2017-01-25 14:00:00,222.25,54.0
2017-01-25 15:00:00,206.5,55.0
2017-01-25 16:00:00,197.5,55.0
2017-01-25 17:00:00,187.0,54.0
2017-01-25 18:00:00,209.0,52.0
2017-01-25 19:00:00,229.25,50.0
2017-01-25 20:00:00,214.5,48.9
2017-01-25 21:00:00,160.25,48.0
2017-01-25 22:00:00,150.0,46.9
2017-01-25 23:00:00,138.25,45.0
2017-01-26 00:00:00,125.0,46.0
2017-01-26 01:00:00,115.0,45.0
2017-01-26 02:00:00,110.75,46.9
2017-01-26 03:00:00,104.75,46.9
2017-01-26 04:00:00,101.5,45.0
2017-01-26 05:00:00,102.25,44.1
2017-01-26 06:00:00,155.75,45.0
2017-01-26 07:00:00,196.75,44.1
2017-01-26 08:00:00,201.5,45.0
2017-01-26 09:00:00,222.75,48.0
2017-01-26 10:00:00,208.5,52.0
2017-01-26 11:00:00,202.5,55.0
2017-01-26 12:00:00,221.25,53.1
2017-01-26 13:00:00,226.0,53.1
2017-01-26 14:00:00,210.75,55.0
2017-01-26 15:00:00,198.25,55.0
2017-01-26 16:00:00,197.75,55.9
2017-01-26 17:00:00,205.5,55.0
2017-01-26 18:00:00,217.25,53.1
2017-01-26 19:00:00,238.75,52.0
2017-01-26 20:00:00,225.25,48.0
2017-01-26 21:00:00,170.25,48.9
2017-01-26 22:00:00,148.25,46.0
2017-01-26 23:00:00,135.5,45.0
2017-01-27 00:00:00,126.25,45.0
2017-01-27 01:00:00,121.0,42.1
2017-01-27 02:00:00,114.25,42.1
2017-01-27 03:00:00,106.5,46.9
2017-01-27 04:00:00,103.75,48.0
2017-01-27 05:00:00,121.5,42.1
2017-01-27 06:00:00,149.75,42.1
2017-01-27 07:00:00,178.0,44.1
2017-01-27 08:00:00,187.0,48.0
2017-01-27 09:00:00,205.75,51.1
2017-01-27 10:00:00,211.0,53.1
2017-01-27 11:00:00,206.0,55.0
2017-01-27 12:00:00,228.75,55.0
2017-01-27 13:00:00,227.25,55.0
2017-01-27 14:00:00,209.25,55.9
2017-01-27 15:00:00,198.25,55.9
2017-01-27 16:00:00,203.0,57.0
2017-01-27 17:00:00,204.0,55.9
2017-01-27 18:00:00,210.0,53.1
2017-01-27 19:00:00,219.25,51.1
2017-01-27 20:00:00,210.0,51.1
2017-01-27 21:00:00,160.0,46.9
2017-01-27 22:00:00,142.25,48.0
2017-01-27 23:00:00,137.0,45.0
2017-01-28 00:00:00,133.25,45.0
2017-01-28 01:00:00,125.25,45.0
2017-01-28 02:00:00,118.75,44.1
2017-01-28 03:00:00,117.25,45.0
2017-01-28 04:00:00,112.5,42.1
2017-01-28 05:00:00,114.75,39.9
2017-01-28 06:00:00,115.5,43.0
2017-01-28 07:00:00,162.5,44.1
2017-01-28 08:00:00,178.0,46.0
2017-01-28 09:00:00,181.25,48.9
2017-01-28 10:00:00,204.75,54.0
2017-01-28 11:00:00,209.5,51.1
2017-01-28 12:00:00,208.0,52.0
2017-01-28 13:00:00,211.0,53.1
2017-01-28 14:00:00,196.25,55.0
2017-01-28 15:00:00,175.25,57.0
2017-01-28 16:00:00,189.0,57.9
2017-01-28 17:00:00,200.25,57.0
2017-01-28 18:00:00,211.0,55.0
2017-01-28 19:00:00,219.0,54.0
2017-01-28 20:00:00,211.75,53.1
2017-01-28 21:00:00,176.5,51.1
2017-01-28 22:00:00,140.5,51.1
2017-01-28 23:00:00,131.0,48.9
2017-01-29 00:00:00,130.0,48.9
2017-01-29 01:00:00,130.0,45.0
2017-01-29 02:00:00,123.25,44.1
2017-01-29 03:00:00,119.25,43.0
2017-01-29 04:00:00,116.6,44.1
2017-01-29 05:00:00,116.0,44.1
2017-01-29 06:00:00,119.0,44.1
2017-01-29 07:00:00,150.0,42.1
2017-01-29 08:00:00,162.75,45.0
2017-01-29 09:00:00,171.75,48.0
2017-01-29 10:00:00,213.25,50.0
2017-01-29 11:00:00,212.75,52.0
2017-01-29 12:00:00,213.5,53.1
2017-01-29 13:00:00,215.0,54.0
2017-01-29 14:00:00,175.0,55.9
2017-01-29 15:00:00,184.25,57.9
2017-01-29 16:00:00,178.5,61.0
2017-01-29 17:00:00,190.5,57.9
2017-01-29 18:00:00,207.25,55.9
2017-01-29 19:00:00,213.5,57.0
2017-01-29 20:00:00,203.0,55.0
2017-01-29 21:00:00,175.25,54.0
2017-01-29 22:00:00,140.75,51.1
2017-01-29 23:00:00,132.5,48.0
2017-01-30 00:00:00,124.25,48.0
2017-01-30 01:00:00,114.0,46.0
2017-01-30 02:00:00,110.25,44.1
2017-01-30 03:00:00,105.75,43.0
2017-01-30 04:00:00,104.5,43.0
2017-01-30 05:00:00,107.75,41.0
2017-01-30 06:00:00,132.5,42.1
2017-01-30 07:00:00,170.25,41.0
2017-01-30 08:00:00,214.25,42.1
2017-01-30 09:00:00,222.25,46.9
2017-01-30 10:00:00,216.75,51.1
2017-01-30 11:00:00,207.0,52.0
2017-01-30 12:00:00,239.5,53.1
2017-01-30 13:00:00,237.0,57.0
2017-01-30 14:00:00,218.25,57.9
2017-01-30 15:00:00,202.75,62.1
2017-01-30 16:00:00,197.75,57.9
2017-01-30 17:00:00,208.25,55.9
2017-01-30 18:00:00,236.8,55.0
2017-01-30 19:00:00,238.75,53.1
2017-01-30 20:00:00,235.25,50.0
2017-01-30 21:00:00,182.0,50.0
2017-01-30 22:00:00,156.25,51.1
2017-01-30 23:00:00,140.5,48.9
2017-01-31 00:00:00,124.75,48.9
2017-01-31 01:00:00,115.0,48.9
2017-01-31 02:00:00,109.0,44.1
2017-01-31 03:00:00,106.75,45.0
2017-01-31 04:00:00,102.75,43.0
2017-01-31 05:00:00,106.25,42.1
2017-01-31 06:00:00,161.5,44.1
2017-01-31 07:00:00,190.25,39.9
2017-01-31 08:00:00,213.0,43.0
2017-01-31 09:00:00,232.25,48.0
2017-01-31 10:00:00,233.75,50.0
2017-01-31 11:00:00,222.5,51.1
2017-01-31 12:00:00,246.0,54.0
2017-01-31 13:00:00,242.0,55.0
2017-01-31 14:00:00,229.0,55.0
2017-01-31 15:00:00,212.0,55.9
2017-01-31 16:00:00,219.25,57.0
2017-01-31 17:00:00,214.0,55.9
2017-01-31 18:00:00,231.75,55.9
2017-01-31 19:00:00,237.25,54.0
2017-01-31 20:00:00,218.75,53.1
2017-01-31 21:00:00,159.5,50.0
2017-01-31 22:00:00,145.5,52.0
2017-01-31 23:00:00,136.0,51.1
2017-02-01 00:00:00,123.75,52.0
2017-02-01 01:00:00,114.75,48.0
2017-02-01 02:00:00,109.5,48.9
2017-02-01 03:00:00,105.75,48.9
2017-02-01 04:00:00,103.75,48.9
2017-02-01 05:00:00,108.25,46.9
2017-02-01 06:00:00,150.5,48.9
2017-02-01 07:00:00,186.25,48.0
2017-02-01 08:00:00,201.0,50.0
2017-02-01 09:00:00,219.25,51.1
2017-02-01 10:00:00,215.0,52.0
2017-02-01 11:00:00,211.25,54.0
2017-02-01 12:00:00,247.5,53.1
2017-02-01 13:00:00,254.0,54.0
2017-02-01 14:00:00,234.75,57.0
2017-02-01 15:00:00,214.75,61.0
2017-02-01 16:00:00,204.25,55.9
2017-02-01 17:00:00,198.75,55.9
2017-02-01 18:00:00,218.75,57.0
2017-02-01 19:00:00,221.75,55.0
2017-02-01 20:00:00,219.5,53.1
2017-02-01 21:00:00,158.75,53.1
2017-02-01 22:00:00,146.5,53.1
2017-02-01 23:00:00,135.75,52.0
2017-02-02 00:00:00,125.5,51.1
2017-02-02 01:00:00,117.75,53.1
2017-02-02 02:00:00,110.75,52.0
2017-02-02 03:00:00,107.25,52.0
2017-02-02 04:00:00,103.75,53.1
2017-02-02 05:00:00,107.0,54.0
2017-02-02 06:00:00,159.75,54.0
2017-02-02 07:00:00,189.25,54.0
2017-02-02 08:00:00,208.75,55.0
2017-02-02 09:00:00,241.0,55.9
2017-02-02 10:00:00,228.0,57.9
2017-02-02 11:00:00,229.0,60.1
2017-02-02 12:00:00,240.25,62.1
2017-02-02 13:00:00,254.25,62.1
2017-02-02 14:00:00,227.75,63.0
2017-02-02 15:00:00,210.5,61.0
2017-02-02 16:00:00,193.25,59.0
2017-02-02 17:00:00,199.5,59.0
2017-02-02 18:00:00,219.25,60.1
2017-02-02 19:00:00,226.5,59.0
2017-02-02 20:00:00,212.5,60.1
2017-02-02 21:00:00,161.75,59.0
2017-02-02 22:00:00,149.4,59.0
2017-02-02 23:00:00,140.0,59.0
2017-02-03 00:00:00,130.0,59.0
2017-02-03 01:00:00,121.5,59.0
2017-02-03 02:00:00,113.5,59.0
2017-02-03 03:00:00,108.25,59.0
2017-02-03 04:00:00,106.5,57.9
2017-02-03 05:00:00,106.25,57.0
2017-02-03 06:00:00,151.0,57.9
2017-02-03 07:00:00,186.5,57.9
2017-02-03 08:00:00,221.5,57.9
2017-02-03 09:00:00,240.25,57.0
2017-02-03 10:00:00,249.25,59.0
2017-02-03 11:00:00,229.75,59.0
2017-02-03 12:00:00,251.0,60.1
2017-02-03 13:00:00,261.0,61.0
2017-02-03 14:00:00,233.0,60.1
2017-02-03 15:00:00,218.75,59.0
2017-02-03 16:00:00,223.25,59.0
2017-02-03 17:00:00,199.75,59.0
2017-02-03 18:00:00,219.4,57.9
2017-02-03 19:00:00,219.25,57.0
2017-02-03 20:00:00,204.5,57.0
2017-02-03 21:00:00,150.5,57.0
2017-02-03 22:00:00,139.5,57.0
2017-02-03 23:00:00,132.25,55.9
2017-02-04 00:00:00,125.5,57.0
2017-02-04 01:00:00,120.0,55.9
2017-02-04 02:00:00,112.5,55.9
2017-02-04 03:00:00,109.75,57.0
2017-02-04 04:00:00,105.5,55.9
2017-02-04 05:00:00,106.0,55.9
2017-02-04 06:00:00,108.75,55.0
2017-02-04 07:00:00,154.75,55.9
2017-02-04 08:00:00,161.5,55.9
2017-02-04 09:00:00,178.5,57.0
2017-02-04 10:00:00,188.25,59.0
2017-02-04 11:00:00,201.25,59.0
2017-02-04 12:00:00,210.25,57.9
2017-02-04 13:00:00,217.5,57.0
2017-02-04 14:00:00,196.5,57.9
2017-02-04 15:00:00,194.5,60.1
2017-02-04 16:00:00,200.5,59.0
2017-02-04 17:00:00,195.5,57.9
2017-02-04 18:00:00,210.0,57.0
2017-02-04 19:00:00,233.25,55.9
2017-02-04 20:00:00,228.5,54.0
2017-02-04 21:00:00,180.25,54.0
2017-02-04 22:00:00,152.25,53.1
2017-02-04 23:00:00,135.8,52.0
2017-02-05 00:00:00,131.25,52.0
2017-02-05 01:00:00,127.5,52.0
2017-02-05 02:00:00,121.25,52.0
2017-02-05 03:00:00,119.75,50.0
2017-02-05 04:00:00,112.0,52.0
2017-02-05 05:00:00,115.25,50.0
2017-02-05 06:00:00,115.0,50.0
2017-02-05 07:00:00,153.25,50.0
2017-02-05 08:00:00,175.75,51.1
2017-02-05 09:00:00,184.75,53.1
2017-02-05 10:00:00,191.25,55.0
2017-02-05 11:00:00,212.0,55.9
2017-02-05 12:00:00,217.5,57.0
2017-02-05 13:00:00,222.75,57.9
2017-02-05 14:00:00,200.5,63.0
2017-02-05 15:00:00,193.5,59.0
2017-02-05 16:00:00,189.25,59.0
2017-02-05 17:00:00,188.25,57.9
2017-02-05 18:00:00,211.4,57.0
2017-02-05 19:00:00,229.0,55.9
2017-02-05 20:00:00,223.5,57.0
2017-02-05 21:00:00,169.0,57.0
2017-02-05 22:00:00,147.75,55.9
2017-02-05 23:00:00,139.25,55.9
2017-02-06 00:00:00,128.5,55.0
2017-02-06 01:00:00,119.25,55.9
2017-02-06 02:00:00,113.5,57.0
2017-02-06 03:00:00,110.0,57.9
2017-02-06 04:00:00,107.75,57.9
2017-02-06 05:00:00,112.75,57.9
2017-02-06 06:00:00,159.75,57.0
2017-02-06 07:00:00,188.25,57.0
2017-02-06 08:00:00,208.75,57.0
2017-02-06 09:00:00,241.25,57.0
2017-02-06 10:00:00,236.0,57.0
2017-02-06 11:00:00,229.0,57.9
2017-02-06 12:00:00,247.0,57.9
2017-02-06 13:00:00,265.0,59.0
2017-02-06 14:00:00,255.0,59.0
2017-02-06 15:00:00,227.25,59.0
2017-02-06 16:00:00,227.75,59.0
2017-02-06 17:00:00,208.75,59.0
2017-02-06 18:00:00,232.0,57.9
2017-02-06 19:00:00,232.75,57.0
2017-02-06 20:00:00,233.0,57.0
2017-02-06 21:00:00,169.25,57.0
2017-02-06 22:00:00,153.25,57.0
2017-02-06 23:00:00,141.75,57.0
2017-02-07 00:00:00,127.75,57.0
2017-02-07 01:00:00,119.5,57.0
2017-02-07 02:00:00,116.0,57.9
2017-02-07 03:00:00,108.75,59.0
2017-02-07 04:00:00,107.25,61.0
2017-02-07 05:00:00,111.5,62.1
2017-02-07 06:00:00,143.75,62.1
2017-02-07 07:00:00,187.0,62.1
2017-02-07 08:00:00,217.0,61.0
2017-02-07 09:00:00,249.5,60.1
2017-02-07 10:00:00,240.0,60.1
2017-02-07 11:00:00,237.0,60.1
2017-02-07 12:00:00,246.75,60.1
2017-02-07 13:00:00,244.5,60.1
2017-02-07 14:00:00,220.0,60.1
2017-02-07 15:00:00,206.75,60.1
2017-02-07 16:00:00,210.25,59.0
2017-02-07 17:00:00,203.75,59.0
2017-02-07 18:00:00,219.8,57.9
2017-02-07 19:00:00,233.75,59.0
2017-02-07 20:00:00,223.5,57.9
2017-02-07 21:00:00,173.5,59.0
2017-02-07 22:00:00,152.0,59.0
2017-02-07 23:00:00,141.5,59.0
2017-02-08 00:00:00,131.25,57.9
2017-02-08 01:00:00,120.75,59.0
2017-02-08 02:00:00,116.5,59.0
2017-02-08 03:00:00,112.0,60.1
2017-02-08 04:00:00,109.0,59.0
2017-02-08 05:00:00,114.75,60.1
2017-02-08 06:00:00,141.5,60.1
2017-02-08 07:00:00,191.5,60.1
2017-02-08 08:00:00,219.14,61.0
2017-02-08 09:00:00,234.5,61.0
2017-02-08 10:00:00,239.5,61.0
2017-02-08 11:00:00,234.5,62.1
2017-02-08 12:00:00,250.5,62.1
2017-02-08 13:00:00,259.75,63.0
2017-02-08 14:00:00,240.5,62.1
2017-02-08 15:00:00,219.75,62.1
2017-02-08 16:00:00,228.75,64.0
2017-02-08 17:00:00,216.0,63.0
2017-02-08 18:00:00,238.0,63.0
2017-02-08 19:00:00,237.75,64.0
2017-02-08 20:00:00,221.5,62.1
2017-02-08 21:00:00,163.5,62.1
2017-02-08 22:00:00,152.5,62.1
2017-02-08 23:00:00,141.0,62.1
2017-02-09 00:00:00,128.0,62.1
2017-02-09 01:00:00,119.5,62.1
2017-02-09 02:00:00,113.25,61.0
2017-02-09 03:00:00,108.25,63.0
2017-02-09 04:00:00,106.25,62.1
2017-02-09 05:00:00,107.0,62.1
2017-02-09 06:00:00,158.0,61.0
2017-02-09 07:00:00,188.0,62.1
2017-02-09 08:00:00,220.25,61.0
2017-02-09 09:00:00,238.25,62.1
2017-02-09 10:00:00,227.25,60.1
2017-02-09 11:00:00,224.0,60.1
2017-02-09 12:00:00,243.0,61.0
2017-02-09 13:00:00,250.5,60.1
2017-02-09 14:00:00,229.0,60.1
2017-02-09 15:00:00,219.75,61.0
2017-02-09 16:00:00,226.25,60.1
2017-02-09 17:00:00,194.5,60.1
2017-02-09 18:00:00,223.75,61.0
2017-02-09 19:00:00,226.5,59.0
2017-02-09 20:00:00,199.5,59.0
2017-02-09 21:00:00,159.25,57.9
2017-02-09 22:00:00,144.0,57.9
2017-02-09 23:00:00,133.25,57.9
2017-02-10 00:00:00,127.0,57.9
2017-02-10 01:00:00,117.0,57.9
2017-02-10 02:00:00,110.75,57.0
2017-02-10 03:00:00,105.75,57.0
2017-02-10 04:00:00,104.0,57.9
2017-02-10 05:00:00,112.25,57.0
2017-02-10 06:00:00,158.25,57.0
2017-02-10 07:00:00,185.5,57.0
2017-02-10 08:00:00,209.25,57.0
2017-02-10 09:00:00,235.75,57.0
2017-02-10 10:00:00,238.25,57.9
2017-02-10 11:00:00,225.75,59.0
2017-02-10 12:00:00,235.5,59.0
2017-02-10 13:00:00,244.25,61.0
2017-02-10 14:00:00,212.0,62.1
2017-02-10 15:00:00,195.75,62.1
2017-02-10 16:00:00,190.5,60.1
2017-02-10 17:00:00,203.25,59.0
2017-02-10 18:00:00,203.0,57.0
2017-02-10 19:00:00,225.0,57.0
2017-02-10 20:00:00,216.25,55.9
2017-02-10 21:00:00,156.5,55.0
2017-02-10 22:00:00,136.5,54.0
2017-02-10 23:00:00,130.5,54.0
2017-02-11 00:00:00,123.25,52.0
2017-02-11 01:00:00,117.75,51.1
2017-02-11 02:00:00,110.75,51.1
2017-02-11 03:00:00,105.5,50.0
2017-02-11 04:00:00,101.75,48.9
2017-02-11 05:00:00,103.25,48.0
2017-02-11 06:00:00,105.75,46.9
2017-02-11 07:00:00,145.0,46.9
2017-02-11 08:00:00,161.25,48.9
2017-02-11 09:00:00,175.5,51.1
2017-02-11 10:00:00,196.5,54.0
2017-02-11 11:00:00,199.5,55.9
2017-02-11 12:00:00,209.25,57.0
2017-02-11 13:00:00,217.0,59.0
2017-02-11 14:00:00,187.25,60.1
2017-02-11 15:00:00,187.25,60.1
2017-02-11 16:00:00,182.75,60.1
2017-02-11 17:00:00,179.75,60.1
2017-02-11 18:00:00,210.0,57.0
2017-02-11 19:00:00,222.25,55.9
2017-02-11 20:00:00,219.0,54.0
2017-02-11 21:00:00,175.75,53.1
2017-02-11 22:00:00,141.25,51.1
2017-02-11 23:00:00,136.25,51.1
2017-02-12 00:00:00,128.5,48.9
2017-02-12 01:00:00,127.0,46.9
2017-02-12 02:00:00,117.75,46.9
2017-02-12 03:00:00,112.25,45.0
2017-02-12 04:00:00,109.25,45.0
2017-02-12 05:00:00,111.25,44.1
2017-02-12 06:00:00,113.5,44.1
2017-02-12 07:00:00,153.5,43.0
2017-02-12 08:00:00,159.75,46.9
2017-02-12 09:00:00,181.5,52.0
2017-02-12 10:00:00,188.25,55.0
2017-02-12 11:00:00,209.25,57.0
2017-02-12 12:00:00,225.25,57.9
2017-02-12 13:00:00,224.25,59.0
2017-02-12 14:00:00,194.0,61.0
2017-02-12 15:00:00,196.25,64.0
2017-02-12 16:00:00,212.25,62.1
2017-02-12 17:00:00,204.75,60.1
2017-02-12 18:00:00,223.0,57.0
2017-02-12 19:00:00,235.25,55.0
2017-02-12 20:00:00,224.0,53.1
2017-02-12 21:00:00,165.0,51.1
2017-02-12 22:00:00,149.75,52.0
2017-02-12 23:00:00,135.75,50.0
2017-02-13 00:00:00,121.25,48.0
2017-02-13 01:00:00,111.0,46.9
2017-02-13 02:00:00,108.5,46.9
2017-02-13 03:00:00,103.5,48.0
2017-02-13 04:00:00,102.75,46.9
2017-02-13 05:00:00,103.25,45.0
2017-02-13 06:00:00,153.75,48.0
2017-02-13 07:00:00,200.0,46.9
2017-02-13 08:00:00,206.25,51.1
2017-02-13 09:00:00,218.0,51.1
2017-02-13 10:00:00,206.25,52.0
2017-02-13 11:00:00,200.5,54.0
2017-02-13 12:00:00,238.5,55.0
2017-02-13 13:00:00,241.75,55.0
2017-02-13 14:00:00,202.25,57.0
2017-02-13 15:00:00,192.5,57.9
2017-02-13 16:00:00,201.25,59.0
2017-02-13 17:00:00,189.0,59.0
2017-02-13 18:00:00,219.25,57.9
2017-02-13 19:00:00,227.75,57.9
2017-02-13 20:00:00,222.25,57.9
2017-02-13 21:00:00,166.75,57.0
2017-02-13 22:00:00,149.25,57.0
2017-02-13 23:00:00,140.5,57.0
2017-02-14 00:00:00,123.5,55.9
2017-02-14 01:00:00,113.25,54.0
2017-02-14 02:00:00,107.25,51.1
2017-02-14 03:00:00,105.0,50.0
2017-02-14 04:00:00,103.75,48.9
2017-02-14 05:00:00,108.0,46.9
2017-02-14 06:00:00,149.75,48.0
2017-02-14 07:00:00,191.0,46.9
2017-02-14 08:00:00,212.5,51.1
2017-02-14 09:00:00,229.75,57.9
2017-02-14 10:00:00,213.0,57.0
2017-02-14 11:00:00,212.0,57.0
2017-02-14 12:00:00,232.5,59.0
2017-02-14 13:00:00,240.5,62.1
2017-02-14 14:00:00,192.75,63.0
2017-02-14 15:00:00,205.25,64.9
2017-02-14 16:00:00,196.25,64.0
2017-02-14 17:00:00,196.0,64.0
2017-02-14 18:00:00,214.4,61.0
2017-02-14 19:00:00,223.75,57.9
2017-02-14 20:00:00,211.0,57.9
2017-02-14 21:00:00,166.5,55.9
2017-02-14 22:00:00,144.75,57.0
2017-02-14 23:00:00,136.0,55.0
2017-02-15 00:00:00,123.25,54.0
2017-02-15 01:00:00,114.5,55.9
2017-02-15 02:00:00,110.0,55.0
2017-02-15 03:00:00,106.5,55.0
2017-02-15 04:00:00,104.75,54.0
2017-02-15 05:00:00,110.5,52.0
2017-02-15 06:00:00,149.0,53.1
2017-02-15 07:00:00,200.5,55.0
2017-02-15 08:00:00,206.0,55.9
2017-02-15 09:00:00,225.75,57.9
2017-02-15 10:00:00,218.25,60.1
2017-02-15 11:00:00,226.75,62.1
2017-02-15 12:00:00,251.75,60.1
2017-02-15 13:00:00,255.25,59.0
2017-02-15 14:00:00,206.0,63.0
2017-02-15 15:00:00,209.0,64.9
2017-02-15 16:00:00,199.0,62.1
2017-02-15 17:00:00,188.5,63.0
2017-02-15 18:00:00,226.5,61.0
2017-02-15 19:00:00,228.75,60.1
2017-02-15 20:00:00,211.5,59.0
2017-02-15 21:00:00,162.25,60.1
2017-02-15 22:00:00,149.25,61.0
2017-02-15 23:00:00,137.0,61.0
2017-02-16 00:00:00,128.75,61.0
2017-02-16 01:00:00,121.75,60.1
2017-02-16 02:00:00,113.25,60.1
2017-02-16 03:00:00,109.0,61.0
2017-02-16 04:00:00,104.75,59.0
2017-02-16 05:00:00,112.5,57.9
2017-02-16 06:00:00,160.25,57.9
2017-02-16 07:00:00,188.75,59.0
2017-02-16 08:00:00,204.0,59.0
2017-02-16 09:00:00,221.0,59.0
2017-02-16 10:00:00,215.5,61.0
2017-02-16 11:00:00,229.25,62.1
2017-02-16 12:00:00,244.75,63.0
2017-02-16 13:00:00,248.0,63.0
2017-02-16 14:00:00,221.0,64.0
2017-02-16 15:00:00,213.25,64.0
2017-02-16 16:00:00,209.0,62.1
2017-02-16 17:00:00,207.5,61.0
2017-02-16 18:00:00,225.5,57.9
2017-02-16 19:00:00,242.5,57.0
2017-02-16 20:00:00,229.25,57.0
2017-02-16 21:00:00,177.75,55.9
2017-02-16 22:00:00,150.75,55.9
2017-02-16 23:00:00,142.25,54.0
2017-02-17 00:00:00,130.5,55.9
2017-02-17 01:00:00,125.0,55.0
2017-02-17 02:00:00,116.5,55.9
2017-02-17 03:00:00,109.0,55.9
2017-02-17 04:00:00,104.75,55.9
2017-02-17 05:00:00,106.25,55.0
2017-02-17 06:00:00,136.0,55.0
2017-02-17 07:00:00,179.25,55.0
2017-02-17 08:00:00,207.5,55.0
2017-02-17 09:00:00,214.25,57.0
2017-02-17 10:00:00,218.0,61.0
2017-02-17 11:00:00,200.25,59.0
2017-02-17 12:00:00,222.0,59.0
2017-02-17 13:00:00,232.25,59.0
2017-02-17 14:00:00,209.25,60.1
2017-02-17 15:00:00,189.75,59.0
2017-02-17 16:00:00,190.25,57.9
2017-02-17 17:00:00,186.75,57.0
2017-02-17 18:00:00,217.5,55.9
2017-02-17 19:00:00,214.75,55.9
2017-02-17 20:00:00,217.25,57.0
2017-02-17 21:00:00,159.5,55.9
2017-02-17 22:00:00,142.0,55.9
2017-02-17 23:00:00,131.0,55.0
2017-02-18 00:00:00,124.5,55.9
2017-02-18 01:00:00,119.5,55.9
2017-02-18 02:00:00,115.25,55.9
2017-02-18 03:00:00,111.25,54.0
2017-02-18 04:00:00,103.5,54.0
2017-02-18 05:00:00,105.0,53.1
2017-02-18 06:00:00,107.75,53.1
2017-02-18 07:00:00,142.75,54.0
2017-02-18 08:00:00,161.25,53.1
2017-02-18 09:00:00,168.75,55.0
2017-02-18 10:00:00,193.5,55.9
2017-02-18 11:00:00,199.5,57.9
2017-02-18 12:00:00,199.5,57.0
2017-02-18 13:00:00,214.0,59.0
2017-02-18 14:00:00,183.0,59.0
2017-02-18 15:00:00,170.0,57.9
2017-02-18 16:00:00,185.5,57.0
2017-02-18 17:00:00,177.25,55.0
2017-02-18 18:00:00,193.0,53.1
2017-02-18 19:00:00,209.75,53.1
2017-02-18 20:00:00,214.0,53.1
2017-02-18 21:00:00,167.13,53.1
2017-02-18 22:00:00,142.42,53.1
2017-02-18 23:00:00,132.25,53.1
2017-02-19 00:00:00,130.25,53.1
2017-02-19 01:00:00,121.6,53.1
2017-02-19 02:00:00,114.5,53.1
2017-02-19 03:00:00,111.0,52.0
2017-02-19 04:00:00,108.0,51.1
2017-02-19 05:00:00,109.5,51.1
2017-02-19 06:00:00,109.75,51.1
2017-02-19 07:00:00,140.25,51.1
2017-02-19 08:00:00,158.5,51.1
2017-02-19 09:00:00,176.0,53.1
2017-02-19 10:00:00,186.0,55.0
2017-02-19 11:00:00,198.25,54.0
2017-02-19 12:00:00,209.25,54.0
2017-02-19 13:00:00,218.25,55.0
2017-02-19 14:00:00,198.25,57.0
2017-02-19 15:00:00,179.25,57.0
2017-02-19 16:00:00,186.25,57.0
2017-02-19 17:00:00,185.25,57.0
2017-02-19 18:00:00,204.75,55.9
2017-02-19 19:00:00,222.0,55.9
2017-02-19 20:00:00,208.25,57.0
2017-02-19 21:00:00,154.2,57.0
2017-02-19 22:00:00,136.5,57.0
2017-02-19 23:00:00,131.75,55.9
2017-02-20 00:00:00,123.5,55.9
2017-02-20 01:00:00,114.5,55.0
2017-02-20 02:00:00,110.25,55.0
2017-02-20 03:00:00,104.25,55.9
2017-02-20 04:00:00,100.25,55.9
2017-02-20 05:00:00,104.2,55.9
2017-02-20 06:00:00,111.0,55.9
2017-02-20 07:00:00,167.5,57.0
2017-02-20 08:00:00,170.75,57.0
2017-02-20 09:00:00,177.0,57.0
2017-02-20 10:00:00,191.25,57.9
2017-02-20 11:00:00,197.0,57.9
2017-02-20 12:00:00,210.5,57.9
2017-02-20 13:00:00,206.0,57.9
2017-02-20 14:00:00,181.75,57.9
2017-02-20 15:00:00,152.5,57.0
2017-02-20 16:00:00,148.0,55.9
2017-02-20 17:00:00,149.5,55.9
2017-02-20 18:00:00,151.75,55.9
2017-02-20 19:00:00,150.75,57.9
2017-02-20 20:00:00,158.25,61.0
2017-02-20 21:00:00,157.5,60.1
2017-02-20 22:00:00,145.25,61.0
2017-02-20 23:00:00,136.5,60.1
2017-02-21 00:00:00,125.0,59.0
2017-02-21 01:00:00,117.5,59.0
2017-02-21 02:00:00,113.25,57.9
2017-02-21 03:00:00,107.75,57.0
2017-02-21 04:00:00,104.25,57.0
2017-02-21 05:00:00,106.75,55.9
2017-02-21 06:00:00,148.0,55.9
2017-02-21 07:00:00,181.5,55.9
2017-02-21 08:00:00,211.0,55.9
2017-02-21 09:00:00,221.5,55.9
2017-02-21 10:00:00,221.5,59.0
2017-02-21 11:00:00,206.75,57.9
2017-02-21 12:00:00,238.25,60.1
2017-02-21 13:00:00,243.5,60.1
2017-02-21 14:00:00,212.0,57.9
2017-02-21 15:00:00,189.0,55.0
2017-02-21 16:00:00,209.25,54.0
2017-02-21 17:00:00,199.25,54.0
2017-02-21 18:00:00,210.0,55.0
2017-02-21 19:00:00,231.25,54.0
2017-02-21 20:00:00,223.25,53.1
2017-02-21 21:00:00,166.25,53.1
2017-02-21 22:00:00,150.0,53.1
2017-02-21 23:00:00,141.25,52.0
2017-02-22 00:00:00,129.25,52.0
2017-02-22 01:00:00,117.0,51.1
2017-02-22 02:00:00,113.75,50.0
2017-02-22 03:00:00,108.5,46.9
2017-02-22 04:00:00,106.5,45.0
2017-02-22 05:00:00,108.75,45.0
2017-02-22 06:00:00,148.75,44.1
2017-02-22 07:00:00,189.0,43.0
2017-02-22 08:00:00,203.0,50.0
2017-02-22 09:00:00,228.25,52.0
2017-02-22 10:00:00,211.0,53.1
2017-02-22 11:00:00,204.5,55.0
2017-02-22 12:00:00,239.75,55.0
2017-02-22 13:00:00,235.25,55.9
2017-02-22 14:00:00,219.0,57.0
2017-02-22 15:00:00,199.5,57.0
2017-02-22 16:00:00,197.75,55.9
2017-02-22 17:00:00,204.75,52.0
2017-02-22 18:00:00,217.0,51.1
2017-02-22 19:00:00,229.5,50.0
2017-02-22 20:00:00,213.5,48.9
2017-02-22 21:00:00,160.0,48.9
2017-02-22 22:00:00,154.5,48.0
2017-02-22 23:00:00,150.5,48.0
2017-02-23 00:00:00,133.25,48.0
2017-02-23 01:00:00,122.25,46.9
2017-02-23 02:00:00,117.0,46.9
2017-02-23 03:00:00,111.25,46.0
2017-02-23 04:00:00,108.25,46.0
2017-02-23 05:00:00,110.25,45.0
2017-02-23 06:00:00,146.25,42.1
2017-02-23 07:00:00,188.0,44.1
2017-02-23 08:00:00,196.75,45.0
2017-02-23 09:00:00,218.75,48.0
2017-02-23 10:00:00,212.25,50.0
2017-02-23 11:00:00,201.25,51.1
2017-02-23 12:00:00,234.0,53.1
2017-02-23 13:00:00,228.75,53.1
2017-02-23 14:00:00,208.0,54.0
2017-02-23 15:00:00,187.25,54.0
2017-02-23 16:00:00,195.25,54.0
2017-02-23 17:00:00,183.75,54.0
2017-02-23 18:00:00,205.6,52.0
2017-02-23 19:00:00,210.5,51.1
2017-02-23 20:00:00,209.5,48.9
2017-02-23 21:00:00,163.25,46.9
2017-02-23 22:00:00,151.0,46.9
2017-02-23 23:00:00,139.25,43.0
2017-02-24 00:00:00,126.75,44.1
2017-02-24 01:00:00,119.75,42.1
2017-02-24 02:00:00,111.75,41.0
2017-02-24 03:00:00,106.75,39.9
2017-02-24 04:00:00,104.0,37.9
2017-02-24 05:00:00,111.25,39.9
2017-02-24 06:00:00,158.0,37.9
2017-02-24 07:00:00,188.5,39.0
2017-02-24 08:00:00,209.25,43.0
2017-02-24 09:00:00,229.75,46.9
2017-02-24 10:00:00,217.5,48.9
2017-02-24 11:00:00,221.0,51.1
2017-02-24 12:00:00,242.0,53.1
2017-02-24 13:00:00,224.25,53.1
2017-02-24 14:00:00,194.0,54.0
2017-02-24 15:00:00,198.5,55.0
2017-02-24 16:00:00,187.0,55.0
2017-02-24 17:00:00,193.75,54.0
2017-02-24 18:00:00,207.0,52.0
2017-02-24 19:00:00,221.0,50.0
2017-02-24 20:00:00,208.5,50.0
2017-02-24 21:00:00,159.5,50.0
2017-02-24 22:00:00,145.0,48.9
2017-02-24 23:00:00,129.25,48.0
2017-02-25 00:00:00,125.5,46.0
2017-02-25 01:00:00,120.0,46.0
2017-02-25 02:00:00,117.5,46.0
2017-02-25 03:00:00,112.75,46.0
2017-02-25 04:00:00,107.5,46.0
2017-02-25 05:00:00,112.75,45.0
2017-02-25 06:00:00,118.75,42.1
2017-02-25 07:00:00,158.5,39.9
2017-02-25 08:00:00,168.25,46.0
2017-02-25 09:00:00,195.25,48.9
2017-02-25 10:00:00,209.5,50.0
2017-02-25 11:00:00,209.5,51.1
2017-02-25 12:00:00,214.75,53.1
2017-02-25 13:00:00,218.0,54.0
2017-02-25 14:00:00,204.5,55.0
2017-02-25 15:00:00,185.25,55.0
2017-02-25 16:00:00,190.5,54.0
2017-02-25 17:00:00,194.0,54.0
2017-02-25 18:00:00,209.0,53.1
2017-02-25 19:00:00,212.5,52.0
2017-02-25 20:00:00,205.25,50.0
2017-02-25 21:00:00,175.5,50.0
2017-02-25 22:00:00,152.5,52.0
2017-02-25 23:00:00,136.75,50.0
2017-02-26 00:00:00,132.4,50.0
2017-02-26 01:00:00,125.75,46.9
2017-02-26 02:00:00,118.5,46.9
2017-02-26 03:00:00,113.25,45.0
2017-02-26 04:00:00,111.25,43.0
2017-02-26 05:00:00,118.75,42.1
2017-02-26 06:00:00,122.5,39.9
2017-02-26 07:00:00,156.0,41.0
2017-02-26 08:00:00,163.0,44.1
2017-02-26 09:00:00,184.25,48.9
2017-02-26 10:00:00,198.75,52.0
2017-02-26 11:00:00,198.75,53.1
2017-02-26 12:00:00,213.0,54.0
2017-02-26 13:00:00,214.75,55.9
2017-02-26 14:00:00,176.25,57.9
2017-02-26 15:00:00,182.75,57.9
2017-02-26 16:00:00,191.25,55.0
2017-02-26 17:00:00,184.25,53.1
2017-02-26 18:00:00,210.8,52.0
2017-02-26 19:00:00,230.0,52.0
2017-02-26 20:00:00,227.75,52.0
2017-02-26 21:00:00,174.0,51.1
2017-02-26 22:00:00,149.5,48.0
2017-02-26 23:00:00,135.5,50.0
2017-02-27 00:00:00,124.25,50.0
2017-02-27 01:00:00,117.0,46.9
2017-02-27 02:00:00,110.75,46.0
2017-02-27 03:00:00,106.5,46.0
2017-02-27 04:00:00,104.25,45.0
2017-02-27 05:00:00,114.25,43.0
2017-02-27 06:00:00,163.5,42.1
2017-02-27 07:00:00,195.75,43.0
2017-02-27 08:00:00,215.5,46.0
2017-02-27 09:00:00,217.25,48.9
2017-02-27 10:00:00,210.75,50.0
2017-02-27 11:00:00,211.25,52.0
2017-02-27 12:00:00,224.25,54.0
2017-02-27 13:00:00,239.5,55.0
2017-02-27 14:00:00,216.5,55.9
2017-02-27 15:00:00,206.75,55.9
2017-02-27 16:00:00,202.25,55.9
2017-02-27 17:00:00,215.5,55.0
2017-02-27 18:00:00,227.0,53.1
2017-02-27 19:00:00,235.75,52.0
2017-02-27 20:00:00,220.5,50.0
2017-02-27 21:00:00,181.0,48.9
2017-02-27 22:00:00,161.0,48.9
2017-02-27 23:00:00,145.0,48.9
2017-02-28 00:00:00,129.25,46.9
2017-02-28 01:00:00,120.25,46.9
2017-02-28 02:00:00,116.5,46.9
2017-02-28 03:00:00,111.0,44.1
2017-02-28 04:00:00,110.0,41.0
2017-02-28 05:00:00,116.75,41.0
2017-02-28 06:00:00,149.25,43.0
2017-02-28 07:00:00,200.25,44.1
2017-02-28 08:00:00,212.25,46.9
2017-02-28 09:00:00,225.25,48.9
2017-02-28 10:00:00,211.75,51.1
2017-02-28 11:00:00,209.25,53.1
2017-02-28 12:00:00,229.5,55.0
2017-02-28 13:00:00,236.5,57.0
2017-02-28 14:00:00,209.5,59.0
2017-02-28 15:00:00,209.5,57.9
2017-02-28 16:00:00,202.75,59.0
2017-02-28 17:00:00,206.25,57.0
2017-02-28 18:00:00,228.25,55.0
2017-02-28 19:00:00,228.5,53.1
2017-02-28 20:00:00,217.0,51.1
2017-02-28 21:00:00,169.0,50.0
2017-02-28 22:00:00,154.5,50.0
2017-02-28 23:00:00,138.75,45.0
2017-03-01 00:00:00,123.0,44.1
2017-03-01 01:00:00,115.5,43.0
2017-03-01 02:00:00,111.5,42.1
2017-03-01 03:00:00,107.5,42.1
2017-03-01 04:00:00,104.0,41.0
2017-03-01 05:00:00,114.5,41.0
2017-03-01 06:00:00,147.75,41.0
2017-03-01 07:00:00,197.5,42.1
2017-03-01 08:00:00,211.25,46.0
2017-03-01 09:00:00,229.5,50.0
2017-03-01 10:00:00,225.0,51.1
2017-03-01 11:00:00,216.25,53.1
2017-03-01 12:00:00,239.75,54.0
2017-03-01 13:00:00,248.5,57.0
2017-03-01 14:00:00,216.0,59.0
2017-03-01 15:00:00,216.0,62.1
2017-03-01 16:00:00,208.0,61.0
2017-03-01 17:00:00,206.75,60.1
2017-03-01 18:00:00,219.25,57.0
2017-03-01 19:00:00,231.25,55.0
2017-03-01 20:00:00,222.0,55.9
2017-03-01 21:00:00,166.5,53.1
2017-03-01 22:00:00,159.5,48.9
2017-03-01 23:00:00,138.5,48.9
2017-03-02 00:00:00,129.5,46.9
2017-03-02 01:00:00,122.75,45.0
2017-03-02 02:00:00,115.5,45.0
2017-03-02 03:00:00,109.5,43.0
2017-03-02 04:00:00,105.25,43.0
2017-03-02 05:00:00,112.5,44.1
2017-03-02 06:00:00,149.75,42.1
2017-03-02 07:00:00,187.5,42.1
2017-03-02 08:00:00,208.25,46.9
2017-03-02 09:00:00,222.75,51.1
2017-03-02 10:00:00,207.75,52.0
2017-03-02 11:00:00,221.5,54.0
2017-03-02 12:00:00,241.0,57.9
2017-03-02 13:00:00,233.0,61.0
2017-03-02 14:00:00,209.0,64.0
2017-03-02 15:00:00,210.25,64.9
2017-03-02 16:00:00,191.25,64.0
2017-03-02 17:00:00,207.25,63.0
2017-03-02 18:00:00,214.2,57.9
2017-03-02 19:00:00,228.5,57.0
2017-03-02 20:00:00,231.75,55.9
2017-03-02 21:00:00,182.75,57.0
2017-03-02 22:00:00,153.5,52.0
2017-03-02 23:00:00,139.0,50.0
2017-03-03 00:00:00,131.5,50.0
2017-03-03 01:00:00,123.75,46.9
2017-03-03 02:00:00,114.0,46.9
2017-03-03 03:00:00,108.0,45.0
2017-03-03 04:00:00,106.25,44.1
2017-03-03 05:00:00,110.75,45.0
2017-03-03 06:00:00,154.0,44.1
2017-03-03 07:00:00,191.5,44.1
2017-03-03 08:00:00,207.0,48.0
2017-03-03 09:00:00,225.61,52.0
2017-03-03 10:00:00,221.1,54.0
2017-03-03 11:00:00,225.75,55.9
2017-03-03 12:00:00,237.5,57.0
2017-03-03 13:00:00,237.25,60.1
2017-03-03 14:00:00,223.25,64.0
2017-03-03 15:00:00,201.5,62.1
2017-03-03 16:00:00,201.75,61.0
2017-03-03 17:00:00,212.25,59.0
2017-03-03 18:00:00,218.0,55.9
2017-03-03 19:00:00,233.0,54.0
2017-03-03 20:00:00,228.25,54.0
2017-03-03 21:00:00,209.75,53.1
2017-03-03 22:00:00,175.0,53.1
2017-03-03 23:00:00,153.0,53.1
2017-03-04 00:00:00,148.25,54.0
2017-03-04 01:00:00,144.5,54.0
2017-03-04 02:00:00,136.75,54.0
2017-03-04 03:00:00,129.75,54.0
2017-03-04 04:00:00,130.5,53.1
2017-03-04 05:00:00,138.25,53.1
2017-03-04 06:00:00,148.75,53.1
2017-03-04 07:00:00,160.5,54.0
2017-03-04 08:00:00,180.0,54.0
2017-03-04 09:00:00,188.75,54.0
2017-03-04 10:00:00,218.25,54.0
2017-03-04 11:00:00,225.25,57.0
2017-03-04 12:00:00,228.75,57.9
2017-03-04 13:00:00,243.0,59.0
2017-03-04 14:00:00,218.0,59.0
2017-03-04 15:00:00,200.5,61.0
2017-03-04 16:00:00,189.0,59.0
2017-03-04 17:00:00,200.75,59.0
2017-03-04 18:00:00,209.75,57.0
2017-03-04 19:00:00,225.0,55.9
2017-03-04 20:00:00,219.75,55.9
2017-03-04 21:00:00,178.5,55.0
2017-03-04 22:00:00,153.75,52.0
2017-03-04 23:00:00,139.5,53.1
2017-03-05 00:00:00,136.25,54.0
2017-03-05 01:00:00,131.75,53.1
2017-03-05 02:00:00,121.25,53.1
2017-03-05 03:00:00,117.25,53.1
2017-03-05 04:00:00,113.25,48.9
2017-03-05 05:00:00,121.5,50.0
2017-03-05 06:00:00,122.5,48.0
2017-03-05 07:00:00,152.75,46.0
2017-03-05 08:00:00,161.5,48.0
2017-03-05 09:00:00,190.5,51.1
2017-03-05 10:00:00,201.0,54.0
2017-03-05 11:00:00,208.0,51.1
2017-03-05 12:00:00,216.0,50.0
2017-03-05 13:00:00,224.25,46.9
2017-03-05 14:00:00,194.25,51.1
2017-03-05 15:00:00,190.5,53.1
2017-03-05 16:00:00,193.25,54.0
2017-03-05 17:00:00,182.75,52.0
2017-03-05 18:00:00,207.6,50.0
2017-03-05 19:00:00,231.5,48.9
2017-03-05 20:00:00,220.0,48.9
2017-03-05 21:00:00,169.25,48.0
2017-03-05 22:00:00,154.0,48.0
2017-03-05 23:00:00,139.5,46.9
2017-03-06 00:00:00,125.75,48.0
2017-03-06 01:00:00,115.5,46.9
2017-03-06 02:00:00,112.0,45.0
2017-03-06 03:00:00,109.75,45.0
2017-03-06 04:00:00,105.0,46.9
2017-03-06 05:00:00,113.25,46.0
2017-03-06 06:00:00,154.0,46.9
2017-03-06 07:00:00,191.75,46.9
2017-03-06 08:00:00,212.0,46.0
2017-03-06 09:00:00,210.5,48.0
2017-03-06 10:00:00,211.75,51.1
2017-03-06 11:00:00,207.5,53.1
2017-03-06 12:00:00,220.0,55.0
2017-03-06 13:00:00,233.0,52.0
2017-03-06 14:00:00,209.25,54.0
2017-03-06 15:00:00,196.5,53.1
2017-03-06 16:00:00,190.5,55.0
2017-03-06 17:00:00,199.0,53.1
2017-03-06 18:00:00,215.0,53.1
2017-03-06 19:00:00,228.5,53.1
2017-03-06 20:00:00,226.75,53.1
2017-03-06 21:00:00,177.75,52.0
2017-03-06 22:00:00,151.25,50.0
2017-03-06 23:00:00,141.5,46.0
2017-03-07 00:00:00,123.75,46.0
2017-03-07 01:00:00,117.25,45.0
2017-03-07 02:00:00,112.25,45.0
2017-03-07 03:00:00,108.0,45.0
2017-03-07 04:00:00,105.25,43.0
2017-03-07 05:00:00,106.5,43.0
2017-03-07 06:00:00,133.75,43.0
2017-03-07 07:00:00,188.0,43.0
2017-03-07 08:00:00,210.5,48.9
2017-03-07 09:00:00,230.25,50.0
2017-03-07 10:00:00,220.25,52.0
2017-03-07 11:00:00,222.5,54.0
2017-03-07 12:00:00,236.5,54.0
2017-03-07 13:00:00,243.75,55.0
2017-03-07 14:00:00,228.25,57.0
2017-03-07 15:00:00,205.25,60.1
2017-03-07 16:00:00,209.0,59.0
2017-03-07 17:00:00,215.25,57.9
2017-03-07 18:00:00,225.75,57.9
2017-03-07 19:00:00,238.0,55.9
2017-03-07 20:00:00,240.0,54.0
2017-03-07 21:00:00,185.25,53.1
2017-03-07 22:00:00,154.5,53.1
2017-03-07 23:00:00,139.5,53.1
2017-03-08 00:00:00,126.5,51.1
2017-03-08 01:00:00,116.5,50.0
2017-03-08 02:00:00,110.75,46.9
2017-03-08 03:00:00,106.25,48.0
2017-03-08 04:00:00,105.75,46.0
2017-03-08 05:00:00,107.75,48.9
2017-03-08 06:00:00,143.25,45.0
2017-03-08 07:00:00,184.0,46.9
2017-03-08 08:00:00,216.75,51.1
2017-03-08 09:00:00,227.0,54.0
2017-03-08 10:00:00,215.75,55.9
2017-03-08 11:00:00,232.0,57.0
2017-03-08 12:00:00,250.5,59.0
2017-03-08 13:00:00,254.75,62.1
2017-03-08 14:00:00,230.0,66.0
2017-03-08 15:00:00,225.5,64.9
2017-03-08 16:00:00,217.0,64.9
2017-03-08 17:00:00,196.5,63.0
2017-03-08 18:00:00,225.5,60.1
2017-03-08 19:00:00,242.5,57.0
2017-03-08 20:00:00,234.75,55.9
2017-03-08 21:00:00,178.75,55.9
2017-03-08 22:00:00,158.5,55.9
2017-03-08 23:00:00,141.5,55.0
2017-03-09 00:00:00,133.25,54.0
2017-03-09 01:00:00,122.25,54.0
2017-03-09 02:00:00,116.5,54.0
2017-03-09 03:00:00,111.25,52.0
2017-03-09 04:00:00,108.75,50.0
2017-03-09 05:00:00,110.5,51.1
2017-03-09 06:00:00,153.25,48.9
2017-03-09 07:00:00,195.0,52.0
2017-03-09 08:00:00,216.75,54.0
2017-03-09 09:00:00,230.75,54.0
2017-03-09 10:00:00,206.75,55.9
2017-03-09 11:00:00,226.5,59.0
2017-03-09 12:00:00,237.25,62.1
2017-03-09 13:00:00,235.0,66.9
2017-03-09 14:00:00,216.5,68.0
2017-03-09 15:00:00,195.75,66.9
2017-03-09 16:00:00,214.0,64.9
2017-03-09 17:00:00,201.25,63.0
2017-03-09 18:00:00,227.8,62.1
2017-03-09 19:00:00,231.5,59.0
2017-03-09 20:00:00,226.5,59.0
2017-03-09 21:00:00,174.75,57.9
2017-03-09 22:00:00,155.75,57.9
2017-03-09 23:00:00,147.25,57.0
2017-03-10 00:00:00,140.75,55.0
2017-03-10 01:00:00,136.25,55.9
2017-03-10 02:00:00,123.0,55.0
2017-03-10 03:00:00,119.0,55.9
2017-03-10 04:00:00,116.0,55.0
2017-03-10 05:00:00,118.0,53.1
2017-03-10 06:00:00,156.75,55.0
2017-03-10 07:00:00,194.25,53.1
2017-03-10 08:00:00,221.0,55.9
2017-03-10 09:00:00,246.5,57.9
2017-03-10 10:00:00,237.0,59.0
2017-03-10 11:00:00,242.25,59.0
2017-03-10 12:00:00,251.5,61.0
2017-03-10 13:00:00,254.25,62.1
2017-03-10 14:00:00,231.5,66.0
2017-03-10 15:00:00,230.25,66.9
2017-03-10 16:00:00,210.75,66.0
2017-03-10 17:00:00,200.0,66.9
2017-03-10 18:00:00,222.8,64.0
2017-03-10 19:00:00,218.0,62.1
2017-03-10 20:00:00,218.5,63.0
2017-03-10 21:00:00,162.25,62.1
2017-03-10 22:00:00,145.5,59.0
2017-03-10 23:00:00,135.25,57.9
2017-03-11 00:00:00,129.75,55.0
2017-03-11 01:00:00,126.0,55.9
2017-03-11 02:00:00,121.75,55.0
2017-03-11 03:00:00,115.25,53.1
2017-03-11 04:00:00,111.25,55.0
2017-03-11 05:00:00,114.25,53.1
2017-03-11 06:00:00,126.25,53.1
2017-03-11 07:00:00,170.5,52.0
2017-03-11 08:00:00,185.25,57.0
2017-03-11 09:00:00,204.5,59.0
2017-03-11 10:00:00,222.5,60.1
2017-03-11 11:00:00,228.25,61.0
2017-03-11 12:00:00,229.0,63.0
2017-03-11 13:00:00,238.5,64.0
2017-03-11 14:00:00,202.0,66.0
2017-03-11 15:00:00,206.0,66.0
2017-03-11 16:00:00,199.25,64.9
2017-03-11 17:00:00,209.75,64.0
2017-03-11 18:00:00,234.4,61.0
2017-03-11 19:00:00,238.5,57.9
2017-03-11 20:00:00,228.5,55.9
2017-03-11 21:00:00,205.0,55.9
2017-03-11 22:00:00,141.5,55.9
2017-03-11 23:00:00,138.0,54.0
2017-03-12 00:00:00,130.0,54.0
2017-03-12 01:00:00,125.5,52.0
2017-03-12 02:00:00,120.75,51.1
2017-03-12 03:00:00,116.0,55.0
2017-03-12 04:00:00,112.5,52.0
2017-03-12 05:00:00,113.0,50.0
2017-03-12 06:00:00,112.0,48.9
2017-03-12 07:00:00,134.25,48.9
2017-03-12 08:00:00,172.25,55.9
2017-03-12 09:00:00,181.75,57.9
2017-03-12 10:00:00,193.75,60.1
2017-03-12 11:00:00,213.75,62.1
2017-03-12 12:00:00,219.75,64.0
2017-03-12 13:00:00,234.25,68.0
2017-03-12 14:00:00,196.5,66.0
2017-03-12 15:00:00,212.0,69.1
2017-03-12 16:00:00,205.25,66.9
2017-03-12 17:00:00,198.5,64.9
2017-03-12 18:00:00,225.75,62.1
2017-03-12 19:00:00,227.6,60.1
2017-03-12 20:00:00,233.25,57.0
2017-03-12 21:00:00,181.75,57.0
2017-03-12 22:00:00,162.0,55.9
2017-03-12 23:00:00,142.25,55.9
2017-03-13 00:00:00,130.75,55.0
2017-03-13 01:00:00,121.75,52.0
2017-03-13 02:00:00,117.75,51.1
2017-03-13 03:00:00,112.25,51.1
2017-03-13 04:00:00,108.25,48.9
2017-03-13 05:00:00,110.75,48.9
2017-03-13 06:00:00,176.5,48.0
2017-03-13 07:00:00,173.5,50.0
2017-03-13 08:00:00,213.0,55.9
2017-03-13 09:00:00,233.25,57.9
2017-03-13 10:00:00,208.0,60.1
2017-03-13 11:00:00,216.75,62.1
2017-03-13 12:00:00,252.25,64.0
2017-03-13 13:00:00,251.25,66.9
2017-03-13 14:00:00,214.5,71.1
2017-03-13 15:00:00,217.0,71.1
2017-03-13 16:00:00,206.5,72.0
2017-03-13 17:00:00,218.25,72.0
2017-03-13 18:00:00,241.5,69.1
2017-03-13 19:00:00,230.75,66.0
2017-03-13 20:00:00,228.5,64.0
2017-03-13 21:00:00,172.25,62.1
2017-03-13 22:00:00,155.75,62.1
2017-03-13 23:00:00,150.75,60.1
2017-03-14 00:00:00,137.25,59.0
2017-03-14 01:00:00,126.0,61.0
2017-03-14 02:00:00,119.25,59.0
2017-03-14 03:00:00,114.75,55.9
2017-03-14 04:00:00,112.25,55.0
2017-03-14 05:00:00,117.75,55.9
2017-03-14 06:00:00,181.25,55.9
2017-03-14 07:00:00,215.75,55.0
2017-03-14 08:00:00,214.5,60.1
2017-03-14 09:00:00,243.25,63.0
2017-03-14 10:00:00,240.0,64.9
2017-03-14 11:00:00,230.0,68.0
2017-03-14 12:00:00,255.25,72.0
2017-03-14 13:00:00,258.75,75.9
2017-03-14 14:00:00,243.5,75.9
2017-03-14 15:00:00,227.75,73.0
2017-03-14 16:00:00,237.25,75.9
2017-03-14 17:00:00,239.5,71.1
2017-03-14 18:00:00,237.25,68.0
2017-03-14 19:00:00,237.25,64.0
2017-03-14 20:00:00,222.25,62.1
2017-03-14 21:00:00,178.25,62.1
2017-03-14 22:00:00,157.75,62.1
2017-03-14 23:00:00,149.5,59.0
2017-03-15 00:00:00,137.5,57.9
2017-03-15 01:00:00,125.75,57.0
2017-03-15 02:00:00,120.5,55.9
2017-03-15 03:00:00,117.25,55.0
2017-03-15 04:00:00,115.0,54.0
2017-03-15 05:00:00,117.25,54.0
2017-03-15 06:00:00,172.5,55.0
2017-03-15 07:00:00,207.5,54.0
2017-03-15 08:00:00,223.0,55.9
2017-03-15 09:00:00,244.75,57.0
2017-03-15 10:00:00,241.0,59.0
2017-03-15 11:00:00,227.25,60.1
2017-03-15 12:00:00,251.25,60.1
2017-03-15 13:00:00,252.25,60.1
2017-03-15 14:00:00,221.0,61.0
2017-03-15 15:00:00,236.75,61.0
2017-03-15 16:00:00,231.75,60.1
2017-03-15 17:00:00,217.75,60.1
2017-03-15 18:00:00,233.0,59.0
2017-03-15 19:00:00,248.4,59.0
2017-03-15 20:00:00,223.0,57.9
2017-03-15 21:00:00,183.75,57.9
2017-03-15 22:00:00,152.25,55.9
2017-03-15 23:00:00,142.0,57.9
2017-03-16 00:00:00,135.75,59.0
2017-03-16 01:00:00,126.25,59.0
2017-03-16 02:00:00,121.75,57.9
2017-03-16 03:00:00,116.5,57.9
2017-03-16 04:00:00,112.5,57.9
2017-03-16 05:00:00,114.25,57.9
2017-03-16 06:00:00,178.0,59.0
2017-03-16 07:00:00,206.0,59.0
2017-03-16 08:00:00,213.5,59.0
2017-03-16 09:00:00,245.0,60.1
2017-03-16 10:00:00,229.5,61.0
2017-03-16 11:00:00,238.75,64.0
2017-03-16 12:00:00,258.5,64.0
2017-03-16 13:00:00,249.25,64.0
2017-03-16 14:00:00,220.25,64.9
2017-03-16 15:00:00,223.25,64.0
2017-03-16 16:00:00,210.75,64.0
2017-03-16 17:00:00,199.5,64.0
2017-03-16 18:00:00,223.75,62.1
2017-03-16 19:00:00,229.56,60.1
2017-03-16 20:00:00,225.22,59.0
2017-03-16 21:00:00,176.25,57.0
2017-03-16 22:00:00,157.5,57.0
2017-03-16 23:00:00,147.5,55.0
2017-03-17 00:00:00,136.75,54.0
2017-03-17 01:00:00,129.25,52.0
2017-03-17 02:00:00,121.25,51.1
2017-03-17 03:00:00,117.0,51.1
2017-03-17 04:00:00,110.75,50.0
2017-03-17 05:00:00,116.0,48.9
2017-03-17 06:00:00,157.5,48.9
2017-03-17 07:00:00,193.75,51.1
2017-03-17 08:00:00,200.25,57.0
2017-03-17 09:00:00,220.25,59.0
2017-03-17 10:00:00,221.25,60.1
2017-03-17 11:00:00,211.75,64.0
2017-03-17 12:00:00,239.75,64.9
2017-03-17 13:00:00,246.0,66.9
2017-03-17 14:00:00,227.25,70.0
2017-03-17 15:00:00,222.5,72.0
2017-03-17 16:00:00,215.75,73.9
2017-03-17 17:00:00,222.25,70.0
2017-03-17 18:00:00,234.25,66.0
2017-03-17 19:00:00,244.0,63.0
2017-03-17 20:00:00,239.0,62.1
2017-03-17 21:00:00,188.5,61.0
2017-03-17 22:00:00,161.5,60.1
2017-03-17 23:00:00,140.5,59.0
2017-03-18 00:00:00,133.75,57.9
2017-03-18 01:00:00,131.0,55.0
2017-03-18 02:00:00,123.75,59.0
2017-03-18 03:00:00,118.75,55.0
2017-03-18 04:00:00,116.5,54.0
2017-03-18 05:00:00,124.5,57.0
2017-03-18 06:00:00,125.25,57.0
2017-03-18 07:00:00,162.0,54.0
2017-03-18 08:00:00,179.25,57.9
2017-03-18 09:00:00,188.75,60.1
2017-03-18 10:00:00,208.25,61.0
2017-03-18 11:00:00,222.25,62.1
2017-03-18 12:00:00,226.0,62.1
2017-03-18 13:00:00,252.0,66.0
2017-03-18 14:00:00,227.0,66.9
2017-03-18 15:00:00,205.5,66.9
2017-03-18 16:00:00,198.25,66.0
2017-03-18 17:00:00,196.5,64.9
2017-03-18 18:00:00,233.0,62.1
2017-03-18 19:00:00,236.75,57.9
2017-03-18 20:00:00,240.0,57.0
2017-03-18 21:00:00,195.5,57.0
2017-03-18 22:00:00,159.5,55.9
2017-03-18 23:00:00,140.75,57.0
2017-03-19 00:00:00,135.5,57.0
2017-03-19 01:00:00,131.25,57.0
2017-03-19 02:00:00,122.0,57.0
2017-03-19 03:00:00,118.0,55.9
2017-03-19 04:00:00,116.0,55.9
2017-03-19 05:00:00,117.5,55.9
2017-03-19 06:00:00,117.0,57.0
2017-03-19 07:00:00,149.8,57.0
2017-03-19 08:00:00,169.75,57.9
2017-03-19 09:00:00,180.75,60.1
2017-03-19 10:00:00,209.5,61.0
2017-03-19 11:00:00,224.25,61.0
2017-03-19 12:00:00,229.0,63.0
2017-03-19 13:00:00,239.5,64.0
2017-03-19 14:00:00,199.75,62.1
2017-03-19 15:00:00,205.5,61.0
2017-03-19 16:00:00,203.5,61.0
2017-03-19 17:00:00,205.75,59.0
2017-03-19 18:00:00,226.75,57.9
2017-03-19 19:00:00,245.5,57.0
2017-03-19 20:00:00,233.0,57.0
2017-03-19 21:00:00,184.25,57.9
2017-03-19 22:00:00,154.25,57.0
2017-03-19 23:00:00,145.5,55.9
2017-03-20 00:00:00,133.75,57.0
2017-03-20 01:00:00,125.75,55.9
2017-03-20 02:00:00,119.75,55.9
2017-03-20 03:00:00,114.75,57.0
2017-03-20 04:00:00,112.0,57.0
2017-03-20 05:00:00,115.5,57.9
2017-03-20 06:00:00,160.75,55.9
2017-03-20 07:00:00,203.75,57.9
2017-03-20 08:00:00,223.75,59.0
2017-03-20 09:00:00,240.75,60.1
2017-03-20 10:00:00,250.0,61.0
2017-03-20 11:00:00,229.25,63.0
2017-03-20 12:00:00,266.5,61.0
2017-03-20 13:00:00,260.5,62.1
2017-03-20 14:00:00,235.0,64.0
2017-03-20 15:00:00,226.75,62.1
2017-03-20 16:00:00,217.5,61.0
2017-03-20 17:00:00,214.75,61.0
2017-03-20 18:00:00,231.5,61.0
2017-03-20 19:00:00,239.4,61.0
2017-03-20 20:00:00,235.0,60.1
2017-03-20 21:00:00,188.0,60.1
2017-03-20 22:00:00,159.0,60.1
2017-03-20 23:00:00,150.0,60.1
2017-03-21 00:00:00,134.25,60.1
2017-03-21 01:00:00,125.25,61.0
2017-03-21 02:00:00,116.5,61.0
2017-03-21 03:00:00,112.75,60.1
2017-03-21 04:00:00,112.25,60.1
2017-03-21 05:00:00,114.5,62.1
2017-03-21 06:00:00,149.25,60.1
2017-03-21 07:00:00,205.0,60.1
2017-03-21 08:00:00,221.75,61.0
2017-03-21 09:00:00,225.0,61.0
2017-03-21 10:00:00,231.25,62.1
2017-03-21 11:00:00,228.5,64.0
2017-03-21 12:00:00,250.0,64.9
2017-03-21 13:00:00,249.75,66.0
2017-03-21 14:00:00,225.25,66.0
2017-03-21 15:00:00,213.75,66.0
2017-03-21 16:00:00,216.75,64.9
2017-03-21 17:00:00,219.75,64.0
2017-03-21 18:00:00,224.75,62.1
2017-03-21 19:00:00,241.25,62.1
2017-03-21 20:00:00,232.25,61.0
2017-03-21 21:00:00,173.5,61.0
2017-03-21 22:00:00,156.0,61.0
2017-03-21 23:00:00,147.75,60.1
2017-03-22 00:00:00,135.0,60.1
2017-03-22 01:00:00,124.5,57.9
2017-03-22 02:00:00,117.75,55.0
2017-03-22 03:00:00,113.0,55.0
2017-03-22 04:00:00,111.75,55.0
2017-03-22 05:00:00,113.75,57.0
2017-03-22 06:00:00,147.25,55.9
2017-03-22 07:00:00,200.5,55.0
2017-03-22 08:00:00,206.25,57.0
2017-03-22 09:00:00,227.75,57.9
2017-03-22 10:00:00,231.0,59.0
2017-03-22 11:00:00,215.0,61.0
2017-03-22 12:00:00,237.75,62.1
2017-03-22 13:00:00,245.0,62.1
2017-03-22 14:00:00,235.75,63.0
2017-03-22 15:00:00,211.25,61.0
2017-03-22 16:00:00,219.5,60.1
2017-03-22 17:00:00,207.25,59.0
2017-03-22 18:00:00,220.75,57.0
2017-03-22 19:00:00,225.75,55.0
2017-03-22 20:00:00,228.75,54.0
2017-03-22 21:00:00,169.5,54.0
2017-03-22 22:00:00,157.75,53.1
2017-03-22 23:00:00,142.75,54.0
2017-03-23 00:00:00,132.25,52.0
2017-03-23 01:00:00,122.75,52.0
2017-03-23 02:00:00,118.0,52.0
2017-03-23 03:00:00,114.25,52.0
2017-03-23 04:00:00,113.0,51.1
2017-03-23 05:00:00,114.5,46.9
2017-03-23 06:00:00,161.25,46.0
2017-03-23 07:00:00,188.25,46.9
2017-03-23 08:00:00,201.25,54.0
2017-03-23 09:00:00,224.25,55.9
2017-03-23 10:00:00,202.75,57.9
2017-03-23 11:00:00,198.75,59.0
2017-03-23 12:00:00,226.5,59.0
2017-03-23 13:00:00,231.5,60.1
2017-03-23 14:00:00,205.0,61.0
2017-03-23 15:00:00,205.5,61.0
2017-03-23 16:00:00,216.75,60.1
2017-03-23 17:00:00,203.0,57.9
2017-03-23 18:00:00,223.5,57.0
2017-03-23 19:00:00,220.25,55.9
2017-03-23 20:00:00,216.5,55.9
2017-03-23 21:00:00,163.75,55.9
2017-03-23 22:00:00,148.75,55.9
2017-03-23 23:00:00,139.0,55.9
2017-03-24 00:00:00,131.75,55.9
2017-03-24 01:00:00,125.0,55.9
2017-03-24 02:00:00,119.75,57.0
2017-03-24 03:00:00,114.75,55.0
2017-03-24 04:00:00,111.25,55.9
2017-03-24 05:00:00,111.25,53.1
2017-03-24 06:00:00,166.25,54.0
2017-03-24 07:00:00,190.75,55.0
2017-03-24 08:00:00,203.5,55.9
2017-03-24 09:00:00,212.25,57.0
2017-03-24 10:00:00,216.75,55.9
2017-03-24 11:00:00,202.0,55.9
2017-03-24 12:00:00,223.75,55.9
2017-03-24 13:00:00,229.0,55.0
2017-03-24 14:00:00,214.5,55.0
2017-03-24 15:00:00,195.5,55.9
2017-03-24 16:00:00,211.0,55.9
2017-03-24 17:00:00,204.5,57.0
2017-03-24 18:00:00,223.5,57.0
2017-03-24 19:00:00,223.25,57.0
2017-03-24 20:00:00,209.25,55.9
2017-03-24 21:00:00,166.5,55.0
2017-03-24 22:00:00,145.25,55.0
2017-03-24 23:00:00,140.25,55.9
2017-03-25 00:00:00,134.0,55.9
2017-03-25 01:00:00,130.0,55.9
2017-03-25 02:00:00,123.25,55.9
2017-03-25 03:00:00,120.0,55.0
2017-03-25 04:00:00,116.25,55.0
2017-03-25 05:00:00,117.25,54.0
2017-03-25 06:00:00,119.0,52.0
2017-03-25 07:00:00,163.0,53.1
2017-03-25 08:00:00,166.25,55.9
2017-03-25 09:00:00,177.0,57.9
2017-03-25 10:00:00,206.08,59.0
2017-03-25 11:00:00,201.99,61.0
2017-03-25 12:00:00,200.5,61.0
2017-03-25 13:00:00,206.25,63.0
2017-03-25 14:00:00,179.0,63.0
2017-03-25 15:00:00,171.25,63.0
2017-03-25 16:00:00,183.75,62.1
2017-03-25 17:00:00,171.25,61.0
2017-03-25 18:00:00,184.0,59.0
2017-03-25 19:00:00,202.25,57.9
2017-03-25 20:00:00,191.25,55.9
2017-03-25 21:00:00,142.25,55.0
2017-03-25 22:00:00,128.75,55.0
2017-03-25 23:00:00,126.0,54.0
2017-03-26 00:00:00,124.25,55.0
2017-03-26 01:00:00,120.5,55.0
2017-03-26 02:00:00,115.25,55.0
2017-03-26 03:00:00,113.5,54.0
2017-03-26 04:00:00,112.75,55.0
2017-03-26 05:00:00,112.75,55.0
2017-03-26 06:00:00,115.49,55.0
2017-03-26 07:00:00,155.49,55.0
2017-03-26 08:00:00,160.5,55.9
2017-03-26 09:00:00,174.75,57.0
2017-03-26 10:00:00,188.75,57.9
2017-03-26 11:00:00,190.5,61.0
2017-03-26 12:00:00,188.25,60.1
2017-03-26 13:00:00,201.5,63.0
2017-03-26 14:00:00,175.25,64.0
2017-03-26 15:00:00,177.25,62.1
2017-03-26 16:00:00,185.0,61.0
2017-03-26 17:00:00,175.0,62.1
2017-03-26 18:00:00,200.0,60.1
2017-03-26 19:00:00,211.5,57.9
2017-03-26 20:00:00,203.25,57.9
2017-03-26 21:00:00,147.5,57.0
2017-03-26 22:00:00,130.75,57.0
2017-03-26 23:00:00,124.75,55.9
2017-03-27 00:00:00,121.25,55.0
2017-03-27 01:00:00,116.75,55.0
2017-03-27 02:00:00,112.25,54.0
2017-03-27 03:00:00,110.5,54.0
2017-03-27 04:00:00,109.5,54.0
2017-03-27 05:00:00,111.75,54.0
2017-03-27 06:00:00,154.0,53.1
2017-03-27 07:00:00,188.0,54.0
2017-03-27 08:00:00,194.75,55.9
2017-03-27 09:00:00,215.75,57.9
2017-03-27 10:00:00,214.5,61.0
2017-03-27 11:00:00,202.5,62.1
2017-03-27 12:00:00,229.25,63.0
2017-03-27 13:00:00,228.5,64.0
2017-03-27 14:00:00,192.0,64.9
2017-03-27 15:00:00,191.5,64.9
2017-03-27 16:00:00,183.5,63.0
2017-03-27 17:00:00,176.0,63.0
2017-03-27 18:00:00,211.0,61.0
2017-03-27 19:00:00,203.25,57.9
2017-03-27 20:00:00,194.75,57.0
2017-03-27 21:00:00,143.25,55.9
2017-03-27 22:00:00,128.25,55.9
2017-03-27 23:00:00,119.5,55.9
2017-03-28 00:00:00,116.0,55.0
2017-03-28 01:00:00,114.25,54.0
2017-03-28 02:00:00,112.25,52.0
2017-03-28 03:00:00,110.5,53.1
2017-03-28 04:00:00,110.0,53.1
2017-03-28 05:00:00,112.0,48.9
2017-03-28 06:00:00,148.75,50.0
2017-03-28 07:00:00,200.5,54.0
2017-03-28 08:00:00,205.75,57.9
2017-03-28 09:00:00,227.75,60.1
2017-03-28 10:00:00,214.5,63.0
2017-03-28 11:00:00,217.5,64.9
2017-03-28 12:00:00,239.0,70.0
2017-03-28 13:00:00,240.75,72.0
2017-03-28 14:00:00,214.75,73.0
2017-03-28 15:00:00,202.75,69.1
2017-03-28 16:00:00,202.5,69.1
2017-03-28 17:00:00,193.5,68.0
2017-03-28 18:00:00,219.5,64.9
2017-03-28 19:00:00,222.5,62.1
2017-03-28 20:00:00,204.5,63.0
2017-03-28 21:00:00,168.5,61.0
2017-03-28 22:00:00,137.25,62.1
2017-03-28 23:00:00,134.25,59.0
2017-03-29 00:00:00,128.0,57.0
2017-03-29 01:00:00,123.75,55.0
2017-03-29 02:00:00,125.5,54.0
2017-03-29 03:00:00,120.5,54.0
2017-03-29 04:00:00,121.75,52.0
2017-03-29 05:00:00,127.25,51.1
2017-03-29 06:00:00,159.0,51.1
2017-03-29 07:00:00,194.5,54.0
2017-03-29 08:00:00,211.0,59.0
2017-03-29 09:00:00,224.75,61.0
2017-03-29 10:00:00,215.0,62.1
2017-03-29 11:00:00,209.0,64.9
2017-03-29 12:00:00,233.75,66.9
2017-03-29 13:00:00,229.25,66.9
2017-03-29 14:00:00,198.5,66.9
2017-03-29 15:00:00,208.5,64.9
2017-03-29 16:00:00,213.0,64.9
2017-03-29 17:00:00,196.5,63.0
2017-03-29 18:00:00,199.6,62.1
2017-03-29 19:00:00,220.5,60.1
2017-03-29 20:00:00,203.75,57.9
2017-03-29 21:00:00,161.0,57.9
2017-03-29 22:00:00,140.75,57.0
2017-03-29 23:00:00,135.75,57.0
2017-03-30 00:00:00,129.0,57.9
2017-03-30 01:00:00,126.25,57.9
2017-03-30 02:00:00,124.25,59.0
2017-03-30 03:00:00,125.25,57.9
2017-03-30 04:00:00,120.5,57.9
2017-03-30 05:00:00,123.75,55.9
2017-03-30 06:00:00,144.5,55.0
2017-03-30 07:00:00,189.5,55.0
2017-03-30 08:00:00,196.25,57.0
2017-03-30 09:00:00,221.5,59.0
2017-03-30 10:00:00,228.0,62.1
2017-03-30 11:00:00,206.75,64.0
2017-03-30 12:00:00,229.25,64.9
2017-03-30 13:00:00,234.75,64.9
2017-03-30 14:00:00,223.0,66.0
2017-03-30 15:00:00,204.75,64.9
2017-03-30 16:00:00,196.75,64.0
2017-03-30 17:00:00,190.5,63.0
2017-03-30 18:00:00,219.46,61.0
2017-03-30 19:00:00,221.03,57.9
2017-03-30 20:00:00,206.25,57.0
2017-03-30 21:00:00,160.5,55.9
2017-03-30 22:00:00,138.25,57.0
2017-03-30 23:00:00,133.5,55.9
2017-03-31 00:00:00,133.0,55.0
2017-03-31 01:00:00,127.5,54.0
2017-03-31 02:00:00,123.25,55.0
2017-03-31 03:00:00,122.0,54.0
2017-03-31 04:00:00,119.5,54.0
2017-03-31 05:00:00,120.5,54.0
2017-03-31 06:00:00,122.75,54.0
2017-03-31 07:00:00,152.0,55.9
2017-03-31 08:00:00,174.75,59.0
2017-03-31 09:00:00,179.25,62.1
2017-03-31 10:00:00,191.0,64.0
2017-03-31 11:00:00,201.0,68.0
2017-03-31 12:00:00,201.0,70.0
2017-03-31 13:00:00,199.0,73.0
2017-03-31 14:00:00,190.5,75.0
2017-03-31 15:00:00,158.5,75.0
2017-03-31 16:00:00,146.75,75.0
2017-03-31 17:00:00,144.75,75.0
2017-03-31 18:00:00,145.2,66.9
2017-03-31 19:00:00,139.5,63.0
2017-03-31 20:00:00,138.75,61.0
2017-03-31 21:00:00,138.25,61.0
2017-03-31 22:00:00,130.75,60.1
2017-03-31 23:00:00,125.25,59.0
2017-04-01 00:00:00,121.0,57.9
2017-04-01 01:00:00,118.0,60.1
2017-04-01 02:00:00,113.5,54.0
2017-04-01 03:00:00,110.0,57.0
2017-04-01 04:00:00,108.75,53.1
2017-04-01 05:00:00,113.5,52.0
2017-04-01 06:00:00,115.0,50.0
2017-04-01 07:00:00,151.75,54.0
2017-04-01 08:00:00,161.75,62.1
2017-04-01 09:00:00,183.8,64.0
2017-04-01 10:00:00,191.25,64.9
2017-04-01 11:00:00,198.25,68.0
2017-04-01 12:00:00,203.5,71.1
2017-04-01 13:00:00,215.25,72.0
2017-04-01 14:00:00,183.0,73.9
2017-04-01 15:00:00,189.5,73.9
2017-04-01 16:00:00,191.0,75.9
2017-04-01 17:00:00,184.75,68.0
2017-04-01 18:00:00,195.25,68.0
2017-04-01 19:00:00,205.75,61.0
2017-04-01 20:00:00,212.25,57.9
2017-04-01 21:00:00,166.25,57.0
2017-04-01 22:00:00,139.25,57.0
2017-04-01 23:00:00,133.0,55.9
2017-04-02 00:00:00,132.0,55.0
2017-04-02 01:00:00,127.0,54.0
2017-04-02 02:00:00,120.5,55.0
2017-04-02 03:00:00,117.0,53.1
2017-04-02 04:00:00,114.5,54.0
2017-04-02 05:00:00,117.0,55.0
2017-04-02 06:00:00,121.25,55.0
2017-04-02 07:00:00,142.25,55.9
2017-04-02 08:00:00,153.25,57.0
2017-04-02 09:00:00,181.75,57.9
2017-04-02 10:00:00,186.75,59.0
2017-04-02 11:00:00,198.75,61.0
2017-04-02 12:00:00,210.25,64.0
2017-04-02 13:00:00,214.75,66.9
2017-04-02 14:00:00,190.0,70.0
2017-04-02 15:00:00,184.0,73.9
2017-04-02 16:00:00,194.5,73.0
2017-04-02 17:00:00,180.5,73.9
2017-04-02 18:00:00,204.8,69.1
2017-04-02 19:00:00,222.5,62.1
2017-04-02 20:00:00,217.75,60.1
2017-04-02 21:00:00,158.25,60.1
2017-04-02 22:00:00,136.75,60.1
2017-04-02 23:00:00,132.0,57.9
2017-04-03 00:00:00,126.75,57.0
2017-04-03 01:00:00,119.0,55.9
2017-04-03 02:00:00,116.25,55.9
2017-04-03 03:00:00,110.75,51.1
2017-04-03 04:00:00,110.25,50.0
2017-04-03 05:00:00,114.75,50.0
2017-04-03 06:00:00,156.25,48.0
2017-04-03 07:00:00,198.75,53.1
2017-04-03 08:00:00,215.75,57.9
2017-04-03 09:00:00,229.5,61.0
2017-04-03 10:00:00,221.75,62.1
2017-04-03 11:00:00,210.75,64.0
2017-04-03 12:00:00,243.5,64.9
2017-04-03 13:00:00,239.75,66.9
2017-04-03 14:00:00,214.25,69.1
2017-04-03 15:00:00,204.25,68.0
2017-04-03 16:00:00,205.75,66.9
2017-04-03 17:00:00,195.5,64.0
2017-04-03 18:00:00,236.5,60.1
2017-04-03 19:00:00,236.25,59.0
2017-04-03 20:00:00,232.25,57.0
2017-04-03 21:00:00,172.0,55.9
2017-04-03 22:00:00,153.75,55.9
2017-04-03 23:00:00,141.5,55.0
2017-04-04 00:00:00,126.75,54.0
2017-04-04 01:00:00,120.75,54.0
2017-04-04 02:00:00,115.5,54.0
2017-04-04 03:00:00,112.5,51.1
2017-04-04 04:00:00,111.75,54.0
2017-04-04 05:00:00,115.5,54.0
2017-04-04 06:00:00,151.75,54.0
2017-04-04 07:00:00,204.25,55.0
2017-04-04 08:00:00,216.5,55.9
2017-04-04 09:00:00,233.25,57.0
2017-04-04 10:00:00,220.75,59.0
2017-04-04 11:00:00,217.5,61.0
2017-04-04 12:00:00,242.0,63.0
2017-04-04 13:00:00,243.25,66.0
2017-04-04 14:00:00,217.75,70.0
2017-04-04 15:00:00,201.5,66.9
2017-04-04 16:00:00,199.75,64.0
2017-04-04 17:00:00,211.25,62.1
2017-04-04 18:00:00,230.8,62.1
2017-04-04 19:00:00,235.0,60.1
2017-04-04 20:00:00,225.75,59.0
2017-04-04 21:00:00,170.0,57.9
2017-04-04 22:00:00,151.0,57.0
2017-04-04 23:00:00,142.0,57.0
2017-04-05 00:00:00,133.5,55.9
2017-04-05 01:00:00,123.25,55.9
2017-04-05 02:00:00,116.75,55.0
2017-04-05 03:00:00,114.5,54.0
2017-04-05 04:00:00,111.75,53.1
2017-04-05 05:00:00,114.75,55.0
2017-04-05 06:00:00,152.5,54.0
2017-04-05 07:00:00,204.25,55.9
2017-04-05 08:00:00,203.75,60.1
2017-04-05 09:00:00,234.75,62.1
2017-04-05 10:00:00,238.75,66.0
2017-04-05 11:00:00,224.5,66.0
2017-04-05 12:00:00,246.0,66.9
2017-04-05 13:00:00,252.0,72.0
2017-04-05 14:00:00,231.75,72.0
2017-04-05 15:00:00,204.0,72.0
2017-04-05 16:00:00,203.75,68.0
2017-04-05 17:00:00,202.25,64.9
2017-04-05 18:00:00,212.0,64.0
2017-04-05 19:00:00,233.0,61.0
2017-04-05 20:00:00,221.0,61.0
2017-04-05 21:00:00,171.0,57.9
2017-04-05 22:00:00,157.0,59.0
2017-04-05 23:00:00,151.25,60.1
2017-04-06 00:00:00,140.75,60.1
2017-04-06 01:00:00,135.0,59.0
2017-04-06 02:00:00,129.0,57.9
2017-04-06 03:00:00,128.25,59.0
2017-04-06 04:00:00,121.25,55.9
2017-04-06 05:00:00,125.0,59.0
2017-04-06 06:00:00,166.25,61.0
2017-04-06 07:00:00,192.5,59.0
2017-04-06 08:00:00,219.5,60.1
2017-04-06 09:00:00,236.25,60.1
2017-04-06 10:00:00,227.0,62.1
2017-04-06 11:00:00,211.0,64.0
2017-04-06 12:00:00,233.0,64.9
2017-04-06 13:00:00,243.25,62.1
2017-04-06 14:00:00,221.25,64.9
2017-04-06 15:00:00,211.75,66.0
2017-04-06 16:00:00,212.5,66.0
2017-04-06 17:00:00,211.25,61.0
2017-04-06 18:00:00,242.0,55.9
2017-04-06 19:00:00,232.75,55.0
2017-04-06 20:00:00,222.75,54.0
2017-04-06 21:00:00,175.75,55.0
2017-04-06 22:00:00,153.5,53.1
2017-04-06 23:00:00,137.25,54.0
2017-04-07 00:00:00,131.5,54.0
2017-04-07 01:00:00,125.8,55.9
2017-04-07 02:00:00,120.5,55.9
2017-04-07 03:00:00,115.75,57.0
2017-04-07 04:00:00,110.5,59.0
2017-04-07 05:00:00,120.25,59.0
2017-04-07 06:00:00,168.75,59.0
2017-04-07 07:00:00,205.25,57.9
2017-04-07 08:00:00,218.75,59.0
2017-04-07 09:00:00,224.0,61.0
2017-04-07 10:00:00,217.5,61.0
2017-04-07 11:00:00,208.75,62.1
2017-04-07 12:00:00,231.75,57.9
2017-04-07 13:00:00,234.75,61.0
2017-04-07 14:00:00,209.25,64.0
2017-04-07 15:00:00,227.0,64.0
2017-04-07 16:00:00,222.5,64.0
2017-04-07 17:00:00,222.5,62.1
2017-04-07 18:00:00,238.5,61.0
2017-04-07 19:00:00,240.5,60.1
2017-04-07 20:00:00,231.0,60.1
2017-04-07 21:00:00,168.5,60.1
2017-04-07 22:00:00,152.25,52.0
2017-04-07 23:00:00,143.25,50.0
2017-04-08 00:00:00,131.25,50.0
2017-04-08 01:00:00,124.75,53.1
2017-04-08 02:00:00,121.0,52.0
2017-04-08 03:00:00,114.5,52.0
2017-04-08 04:00:00,110.75,52.0
2017-04-08 05:00:00,114.75,52.0
2017-04-08 06:00:00,118.25,52.0
2017-04-08 07:00:00,163.0,53.1
2017-04-08 08:00:00,169.0,50.0
2017-04-08 09:00:00,192.0,50.0
2017-04-08 10:00:00,211.75,54.0
2017-04-08 11:00:00,215.75,55.9
2017-04-08 12:00:00,225.8,57.0
2017-04-08 13:00:00,233.5,57.0
2017-04-08 14:00:00,207.0,57.0
2017-04-08 15:00:00,196.5,57.9
2017-04-08 16:00:00,192.75,57.0
2017-04-08 17:00:00,214.0,57.0
2017-04-08 18:00:00,230.2,55.0
2017-04-08 19:00:00,233.0,53.1
2017-04-08 20:00:00,231.25,53.1
2017-04-08 21:00:00,201.0,52.0
2017-04-08 22:00:00,178.0,50.0
2017-04-08 23:00:00,138.5,48.9
2017-04-09 00:00:00,130.25,46.0
2017-04-09 01:00:00,126.0,46.0
2017-04-09 02:00:00,117.75,44.1
2017-04-09 03:00:00,113.5,44.1
2017-04-09 04:00:00,111.0,43.0
2017-04-09 05:00:00,113.25,43.0
2017-04-09 06:00:00,114.75,44.1
2017-04-09 07:00:00,141.25,46.9
2017-04-09 08:00:00,171.5,52.0
2017-04-09 09:00:00,173.75,54.0
2017-04-09 10:00:00,207.5,54.0
2017-04-09 11:00:00,216.0,55.9
2017-04-09 12:00:00,219.25,57.9
2017-04-09 13:00:00,209.5,60.1
2017-04-09 14:00:00,171.75,62.1
2017-04-09 15:00:00,184.75,62.1
2017-04-09 16:00:00,190.0,61.0
2017-04-09 17:00:00,187.5,60.1
2017-04-09 18:00:00,203.0,57.0
2017-04-09 19:00:00,231.5,55.0
2017-04-09 20:00:00,216.0,53.1
2017-04-09 21:00:00,173.75,52.0
2017-04-09 22:00:00,149.25,52.0
2017-04-09 23:00:00,141.75,51.1
2017-04-10 00:00:00,133.5,48.0
2017-04-10 01:00:00,123.75,48.9
2017-04-10 02:00:00,118.0,46.9
2017-04-10 03:00:00,110.75,48.0
2017-04-10 04:00:00,106.25,48.0
2017-04-10 05:00:00,113.0,48.0
2017-04-10 06:00:00,150.0,48.0
2017-04-10 07:00:00,177.75,52.0
2017-04-10 08:00:00,206.75,53.1
2017-04-10 09:00:00,238.0,55.0
2017-04-10 10:00:00,215.25,57.9
2017-04-10 11:00:00,199.5,60.1
2017-04-10 12:00:00,225.5,63.0
2017-04-10 13:00:00,234.75,64.0
2017-04-10 14:00:00,213.25,66.0
2017-04-10 15:00:00,197.25,64.9
2017-04-10 16:00:00,195.5,64.9
2017-04-10 17:00:00,188.5,63.0
2017-04-10 18:00:00,222.0,59.0
2017-04-10 19:00:00,228.5,57.9
2017-04-10 20:00:00,230.25,57.9
2017-04-10 21:00:00,173.25,57.9
2017-04-10 22:00:00,153.0,57.0
2017-04-10 23:00:00,143.0,57.0
2017-04-11 00:00:00,128.25,57.0
2017-04-11 01:00:00,119.75,57.0
2017-04-11 02:00:00,114.0,55.9
2017-04-11 03:00:00,111.25,55.9
2017-04-11 04:00:00,110.5,55.9
2017-04-11 05:00:00,118.75,55.9
2017-04-11 06:00:00,167.0,57.0
2017-04-11 07:00:00,201.2,57.0
2017-04-11 08:00:00,213.75,59.0
2017-04-11 09:00:00,230.75,60.1
2017-04-11 10:00:00,219.5,62.1
2017-04-11 11:00:00,223.5,63.0
2017-04-11 12:00:00,240.5,64.9
2017-04-11 13:00:00,249.0,64.9
2017-04-11 14:00:00,211.25,66.0
2017-04-11 15:00:00,210.25,66.0
2017-04-11 16:00:00,215.0,64.9
2017-04-11 17:00:00,200.75,64.0
2017-04-11 18:00:00,232.4,63.0
2017-04-11 19:00:00,234.0,62.1
2017-04-11 20:00:00,232.5,63.0
2017-04-11 21:00:00,177.75,61.0
2017-04-11 22:00:00,158.75,60.1
2017-04-11 23:00:00,145.25,60.1
2017-04-12 00:00:00,130.25,60.1
2017-04-12 01:00:00,122.75,57.9
2017-04-12 02:00:00,114.25,57.9
2017-04-12 03:00:00,109.75,57.9
2017-04-12 04:00:00,109.5,57.9
2017-04-12 05:00:00,113.75,57.9
2017-04-12 06:00:00,165.5,57.0
2017-04-12 07:00:00,195.75,55.9
2017-04-12 08:00:00,215.25,55.9
2017-04-12 09:00:00,234.75,55.9
2017-04-12 10:00:00,225.25,59.0
2017-04-12 11:00:00,226.75,60.1
2017-04-12 12:00:00,248.0,64.0
2017-04-12 13:00:00,251.25,64.9
2017-04-12 14:00:00,220.25,64.9
2017-04-12 15:00:00,195.0,66.0
2017-04-12 16:00:00,201.25,64.0
2017-04-12 17:00:00,218.0,64.9
2017-04-12 18:00:00,222.75,62.1
2017-04-12 19:00:00,233.0,62.1
2017-04-12 20:00:00,221.0,62.1
2017-04-12 21:00:00,167.0,61.0
2017-04-12 22:00:00,156.21,59.0
2017-04-12 23:00:00,146.34,59.0
2017-04-13 00:00:00,139.25,57.9
2017-04-13 01:00:00,130.75,55.9
2017-04-13 02:00:00,122.5,55.9
2017-04-13 03:00:00,119.0,55.0
2017-04-13 04:00:00,112.75,55.9
2017-04-13 05:00:00,111.2,55.9
2017-04-13 06:00:00,155.5,55.9
2017-04-13 07:00:00,189.75,55.9
2017-04-13 08:00:00,211.5,57.0
2017-04-13 09:00:00,226.53,60.1
2017-04-13 10:00:00,230.69,59.0
2017-04-13 11:00:00,217.5,59.0
2017-04-13 12:00:00,246.0,61.0
2017-04-13 13:00:00,244.0,60.1
2017-04-13 14:00:00,228.25,61.0
2017-04-13 15:00:00,213.75,59.0
2017-04-13 16:00:00,212.75,59.0
2017-04-13 17:00:00,198.75,59.0
2017-04-13 18:00:00,215.75,57.9
2017-04-13 19:00:00,237.25,55.9
2017-04-13 20:00:00,232.75,55.0
2017-04-13 21:00:00,210.0,54.0
2017-04-13 22:00:00,167.75,52.0
2017-04-13 23:00:00,140.25,52.0
2017-04-14 00:00:00,134.5,52.0
2017-04-14 01:00:00,128.0,52.0
2017-04-14 02:00:00,118.5,50.0
2017-04-14 03:00:00,116.25,48.9
2017-04-14 04:00:00,108.5,48.0
2017-04-14 05:00:00,109.25,46.0
2017-04-14 06:00:00,157.0,46.9
2017-04-14 07:00:00,185.25,50.0
2017-04-14 08:00:00,196.25,53.1
2017-04-14 09:00:00,223.0,55.9
2017-04-14 10:00:00,226.5,57.9
2017-04-14 11:00:00,213.0,59.0
2017-04-14 12:00:00,232.75,61.0
2017-04-14 13:00:00,243.25,64.0
2017-04-14 14:00:00,217.0,63.0
2017-04-14 15:00:00,210.5,64.0
2017-04-14 16:00:00,212.0,64.0
2017-04-14 17:00:00,197.25,62.1
2017-04-14 18:00:00,206.75,60.1
2017-04-14 19:00:00,222.25,57.0
2017-04-14 20:00:00,213.25,55.9
2017-04-14 21:00:00,164.5,55.0
2017-04-14 22:00:00,143.0,55.0
2017-04-14 23:00:00,136.75,53.1
2017-04-15 00:00:00,131.5,51.1
2017-04-15 01:00:00,127.75,48.9
2017-04-15 02:00:00,118.75,48.9
2017-04-15 03:00:00,112.75,48.0
2017-04-15 04:00:00,108.0,46.9
2017-04-15 05:00:00,109.0,46.0
2017-04-15 06:00:00,109.75,46.0
2017-04-15 07:00:00,156.0,50.0
2017-04-15 08:00:00,200.5,55.0
2017-04-15 09:00:00,208.5,55.9
2017-04-15 10:00:00,208.0,57.0
2017-04-15 11:00:00,217.5,59.0
2017-04-15 12:00:00,226.75,62.1
2017-04-15 13:00:00,228.25,64.0
2017-04-15 14:00:00,186.75,66.9
2017-04-15 15:00:00,181.5,66.0
2017-04-15 16:00:00,183.25,64.9
2017-04-15 17:00:00,178.75,64.9
2017-04-15 18:00:00,201.5,64.0
2017-04-15 19:00:00,215.75,61.0
2017-04-15 20:00:00,223.2,59.0
2017-04-15 21:00:00,157.25,60.1
2017-04-15 22:00:00,138.0,57.9
2017-04-15 23:00:00,131.0,57.0
2017-04-16 00:00:00,130.25,57.0
2017-04-16 01:00:00,122.75,54.0
2017-04-16 02:00:00,117.0,54.0
2017-04-16 03:00:00,113.75,52.0
2017-04-16 04:00:00,106.0,54.0
2017-04-16 05:00:00,106.5,52.0
2017-04-16 06:00:00,108.0,54.0
2017-04-16 07:00:00,127.75,57.0
2017-04-16 08:00:00,158.0,57.9
2017-04-16 09:00:00,182.25,59.0
2017-04-16 10:00:00,209.5,57.9
2017-04-16 11:00:00,216.0,61.0
2017-04-16 12:00:00,218.25,57.9
2017-04-16 13:00:00,230.75,55.9
2017-04-16 14:00:00,199.25,55.9
2017-04-16 15:00:00,191.5,54.0
2017-04-16 16:00:00,201.25,55.9
2017-04-16 17:00:00,202.75,57.0
2017-04-16 18:00:00,206.0,57.9
2017-04-16 19:00:00,220.25,59.0
2017-04-16 20:00:00,209.75,59.0
2017-04-16 21:00:00,164.0,59.0
2017-04-16 22:00:00,147.5,60.1
2017-04-16 23:00:00,139.25,59.0
2017-04-17 00:00:00,131.0,59.0
2017-04-17 01:00:00,122.5,59.0
2017-04-17 02:00:00,118.75,57.9
2017-04-17 03:00:00,113.0,57.9
2017-04-17 04:00:00,109.75,57.9
2017-04-17 05:00:00,112.0,57.9
2017-04-17 06:00:00,161.0,57.9
2017-04-17 07:00:00,200.25,57.9
2017-04-17 08:00:00,215.25,59.0
2017-04-17 09:00:00,233.5,60.1
2017-04-17 10:00:00,227.0,64.9
2017-04-17 11:00:00,209.5,64.9
2017-04-17 12:00:00,238.5,64.9
2017-04-17 13:00:00,233.75,64.0
2017-04-17 14:00:00,210.75,64.0
2017-04-17 15:00:00,202.75,63.0
2017-04-17 16:00:00,200.0,61.0
2017-04-17 17:00:00,202.25,59.0
2017-04-17 18:00:00,214.0,57.9
2017-04-17 19:00:00,223.0,57.9
2017-04-17 20:00:00,234.75,57.0
2017-04-17 21:00:00,176.25,57.0
2017-04-17 22:00:00,154.75,57.0
2017-04-17 23:00:00,143.75,55.9
2017-04-18 00:00:00,133.75,55.9
2017-04-18 01:00:00,125.0,55.9
2017-04-18 02:00:00,118.25,55.9
2017-04-18 03:00:00,114.75,55.9
2017-04-18 04:00:00,111.75,55.9
2017-04-18 05:00:00,120.0,55.9
2017-04-18 06:00:00,154.5,57.0
2017-04-18 07:00:00,189.0,57.0
2017-04-18 08:00:00,206.5,57.9
2017-04-18 09:00:00,224.25,59.0
2017-04-18 10:00:00,231.0,61.0
2017-04-18 11:00:00,212.83,62.1
2017-04-18 12:00:00,240.99,64.0
2017-04-18 13:00:00,244.25,64.0
2017-04-18 14:00:00,210.75,64.9
2017-04-18 15:00:00,203.25,68.0
2017-04-18 16:00:00,200.75,64.9
2017-04-18 17:00:00,206.75,63.0
2017-04-18 18:00:00,235.5,62.1
2017-04-18 19:00:00,239.75,61.0
2017-04-18 20:00:00,227.0,60.1
2017-04-18 21:00:00,176.75,59.0
2017-04-18 22:00:00,151.75,57.9
2017-04-18 23:00:00,145.25,57.0
2017-04-19 00:00:00,135.25,57.0
2017-04-19 01:00:00,126.0,57.0
2017-04-19 02:00:00,120.0,55.9
2017-04-19 03:00:00,113.75,55.9
2017-04-19 04:00:00,110.0,55.9
2017-04-19 05:00:00,113.7,55.0
2017-04-19 06:00:00,140.63,55.0
2017-04-19 07:00:00,190.75,57.0
2017-04-19 08:00:00,207.0,57.9
2017-04-19 09:00:00,231.75,59.0
2017-04-19 10:00:00,235.5,61.0
2017-04-19 11:00:00,217.0,64.0
2017-04-19 12:00:00,242.0,64.9
2017-04-19 13:00:00,250.75,66.9
2017-04-19 14:00:00,211.0,68.0
2017-04-19 15:00:00,213.75,68.0
2017-04-19 16:00:00,202.25,66.9
2017-04-19 17:00:00,207.5,66.9
2017-04-19 18:00:00,216.0,64.9
2017-04-19 19:00:00,229.5,63.0
2017-04-19 20:00:00,228.5,62.1
2017-04-19 21:00:00,172.75,61.0
2017-04-19 22:00:00,159.0,61.0
2017-04-19 23:00:00,141.0,60.1
2017-04-20 00:00:00,133.5,59.0
2017-04-20 01:00:00,122.75,59.0
2017-04-20 02:00:00,118.5,59.0
2017-04-20 03:00:00,113.25,57.9
2017-04-20 04:00:00,108.75,57.9
2017-04-20 05:00:00,113.75,55.9
2017-04-20 06:00:00,154.5,54.0
2017-04-20 07:00:00,195.5,57.9
2017-04-20 08:00:00,226.0,61.0
2017-04-20 09:00:00,240.0,61.0
2017-04-20 10:00:00,237.75,63.0
2017-04-20 11:00:00,218.75,66.0
2017-04-20 12:00:00,245.75,66.9
2017-04-20 13:00:00,258.5,68.0
2017-04-20 14:00:00,232.75,68.0
2017-04-20 15:00:00,235.59,66.9
2017-04-20 16:00:00,221.01,66.9
2017-04-20 17:00:00,222.0,66.0
2017-04-20 18:00:00,230.75,64.0
2017-04-20 19:00:00,238.25,62.1
2017-04-20 20:00:00,222.5,61.0
2017-04-20 21:00:00,172.75,59.0
2017-04-20 22:00:00,150.5,59.0
2017-04-20 23:00:00,138.0,57.9
2017-04-21 00:00:00,129.5,59.0
2017-04-21 01:00:00,126.0,55.9
2017-04-21 02:00:00,120.5,55.9
2017-04-21 03:00:00,113.75,54.0
2017-04-21 04:00:00,107.5,52.0
2017-04-21 05:00:00,111.5,51.1
2017-04-21 06:00:00,160.75,54.0
2017-04-21 07:00:00,197.0,57.0
2017-04-21 08:00:00,223.0,61.0
2017-04-21 09:00:00,236.25,61.0
2017-04-21 10:00:00,232.8,64.0
2017-04-21 11:00:00,238.25,66.0
2017-04-21 12:00:00,242.5,68.0
2017-04-21 13:00:00,258.25,71.1
2017-04-21 14:00:00,228.25,73.0
2017-04-21 15:00:00,249.75,73.9
2017-04-21 16:00:00,232.5,73.9
2017-04-21 17:00:00,213.25,71.1
2017-04-21 18:00:00,234.0,66.9
2017-04-21 19:00:00,226.25,64.9
2017-04-21 20:00:00,218.25,62.1
2017-04-21 21:00:00,165.5,57.9
2017-04-21 22:00:00,143.75,57.0
2017-04-21 23:00:00,135.75,59.0
2017-04-22 00:00:00,131.25,57.9
2017-04-22 01:00:00,124.75,57.9
2017-04-22 02:00:00,115.0,54.0
2017-04-22 03:00:00,112.75,52.0
2017-04-22 04:00:00,110.0,53.1
2017-04-22 05:00:00,111.25,51.1
2017-04-22 06:00:00,120.75,51.1
2017-04-22 07:00:00,178.5,57.9
2017-04-22 08:00:00,187.5,61.0
2017-04-22 09:00:00,191.75,62.1
2017-04-22 10:00:00,218.75,64.0
2017-04-22 11:00:00,218.5,64.0
2017-04-22 12:00:00,228.25,66.0
2017-04-22 13:00:00,234.25,66.0
2017-04-22 14:00:00,191.5,64.9
2017-04-22 15:00:00,185.25,64.9
2017-04-22 16:00:00,185.0,64.0
2017-04-22 17:00:00,195.0,62.1
2017-04-22 18:00:00,210.75,63.0
2017-04-22 19:00:00,213.5,61.0
2017-04-22 20:00:00,220.75,60.1
2017-04-22 21:00:00,168.5,57.9
2017-04-22 22:00:00,143.08,57.0
2017-04-22 23:00:00,133.89,53.1
2017-04-23 00:00:00,130.4,55.9
2017-04-23 01:00:00,124.25,55.0
2017-04-23 02:00:00,115.5,57.0
2017-04-23 03:00:00,112.0,57.0
2017-04-23 04:00:00,112.75,57.0
2017-04-23 05:00:00,121.0,57.0
2017-04-23 06:00:00,124.25,57.0
2017-04-23 07:00:00,158.0,57.9
2017-04-23 08:00:00,170.0,60.1
2017-04-23 09:00:00,182.5,62.1
2017-04-23 10:00:00,214.0,63.0
2017-04-23 11:00:00,223.0,64.9
2017-04-23 12:00:00,243.25,64.9
2017-04-23 13:00:00,235.0,66.0
2017-04-23 14:00:00,213.25,64.9
2017-04-23 15:00:00,197.75,64.9
2017-04-23 16:00:00,222.0,64.0
2017-04-23 17:00:00,203.25,63.0
2017-04-23 18:00:00,225.2,61.0
2017-04-23 19:00:00,226.75,57.9
2017-04-23 20:00:00,223.0,57.0
2017-04-23 21:00:00,194.25,55.9
2017-04-23 22:00:00,146.5,55.9
2017-04-23 23:00:00,135.75,55.0
2017-04-24 00:00:00,127.25,55.0
2017-04-24 01:00:00,122.25,55.0
2017-04-24 02:00:00,119.0,55.0
2017-04-24 03:00:00,116.0,55.9
2017-04-24 04:00:00,110.5,55.9
2017-04-24 05:00:00,116.5,55.9
2017-04-24 06:00:00,151.75,55.9
2017-04-24 07:00:00,194.25,57.0
2017-04-24 08:00:00,220.75,57.0
2017-04-24 09:00:00,235.0,57.9
2017-04-24 10:00:00,211.5,60.1
2017-04-24 11:00:00,219.25,62.1
2017-04-24 12:00:00,243.0,61.0
2017-04-24 13:00:00,243.75,62.1
2017-04-24 14:00:00,207.75,62.1
2017-04-24 15:00:00,206.25,63.0
2017-04-24 16:00:00,200.0,63.0
2017-04-24 17:00:00,196.75,62.1
2017-04-24 18:00:00,223.75,61.0
2017-04-24 19:00:00,227.0,59.0
2017-04-24 20:00:00,222.75,57.9
2017-04-24 21:00:00,169.25,57.0
2017-04-24 22:00:00,150.25,55.9
2017-04-24 23:00:00,142.0,55.9
2017-04-25 00:00:00,126.25,55.9
2017-04-25 01:00:00,117.25,55.9
2017-04-25 02:00:00,111.75,55.9
2017-04-25 03:00:00,109.0,55.9
2017-04-25 04:00:00,106.5,55.9
2017-04-25 05:00:00,117.75,55.9
2017-04-25 06:00:00,164.75,57.0
2017-04-25 07:00:00,200.75,57.9
2017-04-25 08:00:00,213.0,59.0
2017-04-25 09:00:00,233.5,60.1
2017-04-25 10:00:00,229.0,62.1
2017-04-25 11:00:00,229.0,63.0
2017-04-25 12:00:00,252.25,64.0
2017-04-25 13:00:00,255.75,64.0
2017-04-25 14:00:00,215.25,64.9
2017-04-25 15:00:00,214.25,63.0
2017-04-25 16:00:00,206.0,63.0
2017-04-25 17:00:00,200.75,64.0
2017-04-25 18:00:00,233.75,62.1
2017-04-25 19:00:00,232.5,61.0
2017-04-25 20:00:00,222.5,60.1
2017-04-25 21:00:00,172.25,57.9
2017-04-25 22:00:00,152.25,60.1
2017-04-25 23:00:00,138.5,59.0
2017-04-26 00:00:00,129.75,59.0
2017-04-26 01:00:00,119.25,59.0
2017-04-26 02:00:00,112.25,59.0
2017-04-26 03:00:00,109.5,60.1
2017-04-26 04:00:00,109.5,60.1
2017-04-26 05:00:00,121.0,59.0
2017-04-26 06:00:00,158.25,59.0
2017-04-26 07:00:00,213.0,60.1
2017-04-26 08:00:00,220.25,60.1
2017-04-26 09:00:00,230.75,60.1
2017-04-26 10:00:00,228.25,61.0
2017-04-26 11:00:00,222.5,62.1
2017-04-26 12:00:00,239.5,64.9
2017-04-26 13:00:00,237.75,64.9
2017-04-26 14:00:00,228.5,66.0
2017-04-26 15:00:00,212.75,64.0
2017-04-26 16:00:00,217.0,62.1
2017-04-26 17:00:00,218.25,62.1
2017-04-26 18:00:00,234.0,62.1
2017-04-26 19:00:00,239.25,60.1
2017-04-26 20:00:00,233.75,60.1
2017-04-26 21:00:00,179.5,59.0
2017-04-26 22:00:00,152.25,60.1
2017-04-26 23:00:00,144.0,57.0
2017-04-27 00:00:00,135.25,55.9
2017-04-27 01:00:00,133.5,55.9
2017-04-27 02:00:00,129.0,55.9
2017-04-27 03:00:00,125.75,55.0
2017-04-27 04:00:00,119.5,52.0
2017-04-27 05:00:00,123.0,52.0
2017-04-27 06:00:00,160.0,52.0
2017-04-27 07:00:00,188.75,57.0
2017-04-27 08:00:00,212.25,60.1
2017-04-27 09:00:00,222.5,61.0
2017-04-27 10:00:00,230.0,63.0
2017-04-27 11:00:00,213.5,64.0
2017-04-27 12:00:00,245.25,66.0
2017-04-27 13:00:00,244.5,68.0
2017-04-27 14:00:00,219.25,66.9
2017-04-27 15:00:00,218.75,66.9
2017-04-27 16:00:00,210.25,68.0
2017-04-27 17:00:00,197.75,66.0
2017-04-27 18:00:00,234.0,64.0
2017-04-27 19:00:00,244.5,63.0
2017-04-27 20:00:00,236.0,60.1
2017-04-27 21:00:00,211.25,60.1
2017-04-27 22:00:00,160.0,59.0
2017-04-27 23:00:00,140.25,55.9
2017-04-28 00:00:00,134.5,57.0
2017-04-28 01:00:00,128.25,55.9
2017-04-28 02:00:00,123.75,55.9
2017-04-28 03:00:00,117.75,53.1
2017-04-28 04:00:00,111.75,50.0
2017-04-28 05:00:00,116.75,48.9
2017-04-28 06:00:00,159.5,51.1
2017-04-28 07:00:00,195.75,57.9
2017-04-28 08:00:00,206.0,60.1
2017-04-28 09:00:00,226.25,63.0
2017-04-28 10:00:00,242.0,64.9
2017-04-28 11:00:00,228.0,68.0
2017-04-28 12:00:00,252.25,70.0
2017-04-28 13:00:00,262.75,70.0
2017-04-28 14:00:00,228.5,69.1
2017-04-28 15:00:00,223.0,70.0
2017-04-28 16:00:00,220.0,70.0
2017-04-28 17:00:00,227.75,68.0
2017-04-28 18:00:00,211.0,66.9
2017-04-28 19:00:00,212.0,64.9
2017-04-28 20:00:00,208.75,63.0
2017-04-28 21:00:00,155.75,62.1
2017-04-28 22:00:00,141.0,61.0
2017-04-28 23:00:00,139.25,62.1
2017-04-29 00:00:00,136.75,63.0
2017-04-29 01:00:00,127.5,62.1
2017-04-29 02:00:00,121.25,62.1
2017-04-29 03:00:00,115.0,61.0
2017-04-29 04:00:00,112.5,59.0
2017-04-29 05:00:00,116.75,57.0
2017-04-29 06:00:00,119.5,62.1
2017-04-29 07:00:00,191.75,66.9
2017-04-29 08:00:00,194.25,69.1
2017-04-29 09:00:00,195.75,75.0
2017-04-29 10:00:00,207.2,73.9
2017-04-29 11:00:00,224.75,75.0
2017-04-29 12:00:00,246.2,78.1
2017-04-29 13:00:00,247.25,79.0
2017-04-29 14:00:00,215.75,77.0
2017-04-29 15:00:00,219.0,73.0
2017-04-29 16:00:00,217.0,71.1
2017-04-29 17:00:00,210.0,71.1
2017-04-29 18:00:00,218.75,68.0
2017-04-29 19:00:00,229.5,63.0
2017-04-29 20:00:00,230.0,61.0
2017-04-29 21:00:00,193.25,60.1
2017-04-29 22:00:00,160.75,57.9
2017-04-29 23:00:00,147.25,57.0
2017-04-30 00:00:00,142.25,55.0
2017-04-30 01:00:00,136.5,54.0
2017-04-30 02:00:00,128.75,54.0
2017-04-30 03:00:00,122.0,54.0
2017-04-30 04:00:00,122.25,54.0
2017-04-30 05:00:00,125.25,54.0
2017-04-30 06:00:00,127.0,53.1
2017-04-30 07:00:00,164.75,60.1
2017-04-30 08:00:00,171.25,61.0
2017-04-30 09:00:00,197.5,63.0
2017-04-30 10:00:00,215.5,66.0
2017-04-30 11:00:00,230.25,71.1
2017-04-30 12:00:00,236.75,75.0
2017-04-30 13:00:00,240.0,73.9
2017-04-30 14:00:00,208.75,73.9
2017-04-30 15:00:00,211.5,73.9
2017-04-30 16:00:00,212.25,69.1
2017-04-30 17:00:00,211.25,69.1
2017-04-30 18:00:00,220.75,66.0
2017-04-30 19:00:00,244.25,63.0
2017-04-30 20:00:00,232.0,62.1
2017-04-30 21:00:00,177.5,61.0
2017-04-30 22:00:00,153.75,60.1
2017-04-30 23:00:00,142.75,57.9
2017-05-01 00:00:00,134.75,57.9
2017-05-01 01:00:00,127.5,57.9
2017-05-01 02:00:00,124.25,57.9
2017-05-01 03:00:00,122.0,57.0
2017-05-01 04:00:00,115.25,55.0
2017-05-01 05:00:00,120.75,55.0
2017-05-01 06:00:00,147.25,55.9
2017-05-01 07:00:00,203.0,63.0
2017-05-01 08:00:00,206.25,64.9
2017-05-01 09:00:00,223.5,66.9
2017-05-01 10:00:00,234.25,70.0
2017-05-01 11:00:00,222.0,75.0
2017-05-01 12:00:00,246.75,79.0
2017-05-01 13:00:00,254.0,84.9
2017-05-01 14:00:00,226.75,81.0
2017-05-01 15:00:00,209.0,79.0
2017-05-01 16:00:00,216.5,78.1
2017-05-01 17:00:00,220.5,75.0
2017-05-01 18:00:00,250.75,73.0
2017-05-01 19:00:00,249.0,70.0
2017-05-01 20:00:00,245.25,66.9
2017-05-01 21:00:00,197.5,64.9
2017-05-01 22:00:00,162.5,64.9
2017-05-01 23:00:00,150.25,66.0
2017-05-02 00:00:00,140.75,64.0
2017-05-02 01:00:00,132.0,64.0
2017-05-02 02:00:00,127.0,62.1
2017-05-02 03:00:00,125.0,62.1
2017-05-02 04:00:00,117.75,60.1
2017-05-02 05:00:00,119.25,59.0
2017-05-02 06:00:00,162.75,60.1
2017-05-02 07:00:00,198.0,66.0
2017-05-02 08:00:00,210.75,68.0
2017-05-02 09:00:00,233.0,70.0
2017-05-02 10:00:00,228.75,73.0
2017-05-02 11:00:00,212.5,77.0
2017-05-02 12:00:00,249.25,78.1
2017-05-02 13:00:00,267.0,80.1
2017-05-02 14:00:00,232.5,82.9
2017-05-02 15:00:00,229.75,81.0
2017-05-02 16:00:00,220.0,78.1
2017-05-02 17:00:00,207.25,75.9
2017-05-02 18:00:00,222.5,72.0
2017-05-02 19:00:00,221.0,69.1
2017-05-02 20:00:00,217.75,64.9
2017-05-02 21:00:00,168.5,64.0
2017-05-02 22:00:00,154.75,66.0
2017-05-02 23:00:00,142.25,64.0
2017-05-03 00:00:00,137.0,63.0
2017-05-03 01:00:00,131.5,63.0
2017-05-03 02:00:00,121.25,63.0
2017-05-03 03:00:00,116.25,62.1
2017-05-03 04:00:00,113.0,62.1
2017-05-03 05:00:00,115.25,61.0
2017-05-03 06:00:00,144.25,62.1
2017-05-03 07:00:00,212.5,68.0
2017-05-03 08:00:00,235.25,70.0
2017-05-03 09:00:00,246.0,73.0
2017-05-03 10:00:00,249.75,75.9
2017-05-03 11:00:00,249.5,81.0
2017-05-03 12:00:00,268.5,82.9
2017-05-03 13:00:00,274.75,87.1
2017-05-03 14:00:00,255.5,88.0
2017-05-03 15:00:00,259.0,86.0
2017-05-03 16:00:00,226.5,78.1
2017-05-03 17:00:00,227.5,73.9
2017-05-03 18:00:00,249.6,70.0
2017-05-03 19:00:00,232.75,64.9
2017-05-03 20:00:00,228.25,62.1
2017-05-03 21:00:00,174.0,61.0
2017-05-03 22:00:00,158.75,59.0
2017-05-03 23:00:00,142.5,59.0
2017-05-04 00:00:00,137.0,59.0
2017-05-04 01:00:00,127.5,57.9
2017-05-04 02:00:00,121.75,57.0
2017-05-04 03:00:00,118.75,57.0
2017-05-04 04:00:00,111.75,55.9
2017-05-04 05:00:00,111.75,55.9
2017-05-04 06:00:00,153.25,57.0
2017-05-04 07:00:00,190.25,59.0
2017-05-04 08:00:00,217.75,61.0
2017-05-04 09:00:00,223.0,64.0
2017-05-04 10:00:00,228.75,64.9
2017-05-04 11:00:00,213.0,66.9
2017-05-04 12:00:00,244.25,68.0
2017-05-04 13:00:00,250.75,66.0
2017-05-04 14:00:00,211.25,64.9
2017-05-04 15:00:00,214.25,64.9
2017-05-04 16:00:00,216.75,62.1
2017-05-04 17:00:00,207.25,61.0
2017-05-04 18:00:00,222.0,60.1
2017-05-04 19:00:00,229.75,57.0
2017-05-04 20:00:00,222.25,57.0
2017-05-04 21:00:00,207.75,55.9
2017-05-04 22:00:00,171.0,55.9
2017-05-04 23:00:00,142.0,57.0
2017-05-05 00:00:00,140.5,55.9
2017-05-05 01:00:00,131.5,55.9
2017-05-05 02:00:00,122.75,55.9
2017-05-05 03:00:00,120.25,55.9
2017-05-05 04:00:00,116.5,57.0
2017-05-05 05:00:00,120.0,55.9
2017-05-05 06:00:00,153.0,55.9
2017-05-05 07:00:00,200.5,57.0
2017-05-05 08:00:00,197.75,57.0
2017-05-05 09:00:00,217.25,59.0
2017-05-05 10:00:00,225.25,62.1
2017-05-05 11:00:00,218.75,64.0
2017-05-05 12:00:00,239.25,66.0
2017-05-05 13:00:00,249.75,69.1
2017-05-05 14:00:00,225.5,68.0
2017-05-05 15:00:00,228.25,66.9
2017-05-05 16:00:00,223.0,66.0
2017-05-05 17:00:00,219.0,62.1
2017-05-05 18:00:00,233.0,59.0
2017-05-05 19:00:00,231.5,57.9
2017-05-05 20:00:00,226.0,57.0
2017-05-05 21:00:00,161.5,57.0
2017-05-05 22:00:00,141.5,55.9
2017-05-05 23:00:00,134.5,55.9
2017-05-06 00:00:00,129.75,54.0
2017-05-06 01:00:00,123.5,54.0
2017-05-06 02:00:00,119.5,54.0
2017-05-06 03:00:00,114.0,54.0
2017-05-06 04:00:00,107.75,53.1
2017-05-06 05:00:00,110.25,53.1
2017-05-06 06:00:00,112.75,53.1
2017-05-06 07:00:00,165.25,55.9
2017-05-06 08:00:00,200.75,57.9
2017-05-06 09:00:00,188.75,57.9
2017-05-06 10:00:00,206.75,59.0
2017-05-06 11:00:00,210.25,60.1
2017-05-06 12:00:00,207.75,63.0
2017-05-06 13:00:00,221.75,64.0
2017-05-06 14:00:00,186.5,64.9
2017-05-06 15:00:00,190.5,64.9
2017-05-06 16:00:00,183.75,64.9
2017-05-06 17:00:00,186.75,64.9
2017-05-06 18:00:00,205.3,64.0
2017-05-06 19:00:00,220.0,62.1
2017-05-06 20:00:00,212.5,59.0
2017-05-06 21:00:00,156.5,57.9
2017-05-06 22:00:00,140.25,57.9
2017-05-06 23:00:00,134.75,59.0
2017-05-07 00:00:00,128.75,59.0
2017-05-07 01:00:00,123.25,57.9
2017-05-07 02:00:00,117.0,55.9
2017-05-07 03:00:00,112.25,55.9
2017-05-07 04:00:00,105.75,55.9
2017-05-07 05:00:00,108.75,55.0
2017-05-07 06:00:00,110.25,55.0
2017-05-07 07:00:00,152.5,57.0
2017-05-07 08:00:00,161.0,57.9
2017-05-07 09:00:00,175.5,60.1
2017-05-07 10:00:00,202.5,62.1
2017-05-07 11:00:00,211.75,64.9
2017-05-07 12:00:00,214.75,70.0
2017-05-07 13:00:00,231.0,71.1
2017-05-07 14:00:00,202.5,71.1
2017-05-07 15:00:00,189.0,71.1
2017-05-07 16:00:00,197.75,69.1
2017-05-07 17:00:00,201.25,66.9
2017-05-07 18:00:00,210.8,64.0
2017-05-07 19:00:00,232.5,61.0
2017-05-07 20:00:00,209.0,57.0
2017-05-07 21:00:00,158.75,57.0
2017-05-07 22:00:00,137.75,55.9
2017-05-07 23:00:00,131.25,55.0
2017-05-08 00:00:00,126.25,55.0
2017-05-08 01:00:00,118.25,53.1
2017-05-08 02:00:00,111.0,53.1
2017-05-08 03:00:00,110.0,52.0
2017-05-08 04:00:00,103.25,52.0
2017-05-08 05:00:00,109.75,52.0
2017-05-08 06:00:00,152.0,53.1
2017-05-08 07:00:00,189.25,57.9
2017-05-08 08:00:00,202.25,61.0
2017-05-08 09:00:00,228.25,61.0
2017-05-08 10:00:00,217.0,62.1
2017-05-08 11:00:00,213.25,64.9
2017-05-08 12:00:00,242.25,70.0
2017-05-08 13:00:00,245.0,69.1
2017-05-08 14:00:00,202.75,70.0
2017-05-08 15:00:00,213.5,69.1
2017-05-08 16:00:00,221.25,68.0
2017-05-08 17:00:00,218.25,64.9
2017-05-08 18:00:00,237.75,63.0
2017-05-08 19:00:00,247.5,60.1
2017-05-08 20:00:00,234.0,57.0
2017-05-08 21:00:00,173.75,55.9
2017-05-08 22:00:00,158.25,55.0
2017-05-08 23:00:00,148.25,55.0
2017-05-09 00:00:00,137.5,55.0
2017-05-09 01:00:00,130.25,55.9
2017-05-09 02:00:00,120.75,54.0
2017-05-09 03:00:00,117.25,55.0
2017-05-09 04:00:00,113.25,53.1
2017-05-09 05:00:00,117.75,52.0
2017-05-09 06:00:00,148.5,54.0
2017-05-09 07:00:00,194.25,57.9
2017-05-09 08:00:00,208.75,62.1
2017-05-09 09:00:00,225.25,63.0
2017-05-09 10:00:00,224.25,64.9
2017-05-09 11:00:00,215.75,70.0
2017-05-09 12:00:00,253.75,75.9
2017-05-09 13:00:00,260.75,75.9
2017-05-09 14:00:00,220.25,73.9
2017-05-09 15:00:00,208.75,72.0
2017-05-09 16:00:00,211.0,68.0
2017-05-09 17:00:00,197.25,64.9
2017-05-09 18:00:00,183.4,61.0
2017-05-09 19:00:00,215.75,59.0
2017-05-09 20:00:00,229.75,57.9
2017-05-09 21:00:00,175.75,57.0
2017-05-09 22:00:00,151.25,57.9
2017-05-09 23:00:00,135.75,55.9
2017-05-10 00:00:00,128.5,57.0
2017-05-10 01:00:00,120.75,57.0
2017-05-10 02:00:00,115.25,57.0
2017-05-10 03:00:00,112.5,57.0
2017-05-10 04:00:00,109.25,57.0
2017-05-10 05:00:00,115.5,57.0
2017-05-10 06:00:00,151.0,57.0
2017-05-10 07:00:00,203.5,57.9
2017-05-10 08:00:00,211.25,59.0
2017-05-10 09:00:00,220.5,60.1
2017-05-10 10:00:00,230.75,62.1
2017-05-10 11:00:00,214.0,64.0
2017-05-10 12:00:00,239.5,64.0
2017-05-10 13:00:00,245.0,64.9
2017-05-10 14:00:00,218.75,66.0
2017-05-10 15:00:00,209.25,64.9
2017-05-10 16:00:00,192.0,64.0
2017-05-10 17:00:00,195.5,62.1
2017-05-10 18:00:00,214.0,61.0
2017-05-10 19:00:00,230.5,57.9
2017-05-10 20:00:00,225.75,57.0
2017-05-10 21:00:00,175.5,55.9
2017-05-10 22:00:00,159.5,55.9
2017-05-10 23:00:00,143.25,55.0
2017-05-11 00:00:00,133.5,55.0
2017-05-11 01:00:00,125.75,54.0
2017-05-11 02:00:00,122.0,55.9
2017-05-11 03:00:00,119.75,57.9
2017-05-11 04:00:00,113.25,57.0
2017-05-11 05:00:00,114.0,57.0
2017-05-11 06:00:00,149.5,55.9
2017-05-11 07:00:00,194.75,55.9
2017-05-11 08:00:00,209.5,57.9
2017-05-11 09:00:00,216.25,61.0
2017-05-11 10:00:00,222.25,64.0
2017-05-11 11:00:00,206.25,66.0
2017-05-11 12:00:00,240.25,66.0
2017-05-11 13:00:00,243.5,68.0
2017-05-11 14:00:00,222.25,66.9
2017-05-11 15:00:00,220.75,66.9
2017-05-11 16:00:00,224.6,66.9
2017-05-11 17:00:00,219.25,63.0
2017-05-11 18:00:00,228.0,61.0
2017-05-11 19:00:00,227.25,59.0
2017-05-11 20:00:00,211.0,59.0
2017-05-11 21:00:00,161.25,57.9
2017-05-11 22:00:00,150.5,57.9
2017-05-11 23:00:00,140.75,57.0
2017-05-12 00:00:00,136.75,55.9
2017-05-12 01:00:00,129.0,55.9
2017-05-12 02:00:00,121.0,55.0
2017-05-12 03:00:00,116.5,54.0
2017-05-12 04:00:00,110.25,55.0
2017-05-12 05:00:00,112.5,55.0
2017-05-12 06:00:00,159.0,55.9
2017-05-12 07:00:00,182.75,57.9
2017-05-12 08:00:00,205.0,59.0
2017-05-12 09:00:00,217.75,62.1
2017-05-12 10:00:00,220.25,64.0
2017-05-12 11:00:00,211.75,64.9
2017-05-12 12:00:00,229.5,66.9
2017-05-12 13:00:00,243.5,66.9
2017-05-12 14:00:00,222.25,66.0
2017-05-12 15:00:00,206.75,66.0
2017-05-12 16:00:00,207.0,64.0
2017-05-12 17:00:00,195.25,63.0
2017-05-12 18:00:00,219.5,60.1
2017-05-12 19:00:00,225.5,57.9
2017-05-12 20:00:00,218.5,57.0
2017-05-12 21:00:00,180.0,55.9
2017-05-12 22:00:00,149.0,55.9
2017-05-12 23:00:00,137.5,55.0
2017-05-13 00:00:00,133.6,55.0
2017-05-13 01:00:00,129.25,54.0
2017-05-13 02:00:00,126.75,54.0
2017-05-13 03:00:00,124.0,53.1
2017-05-13 04:00:00,120.75,53.1
2017-05-13 05:00:00,117.0,52.0
2017-05-13 06:00:00,118.75,52.0
2017-05-13 07:00:00,164.5,55.0
2017-05-13 08:00:00,174.0,57.0
2017-05-13 09:00:00,181.0,60.1
2017-05-13 10:00:00,209.75,62.1
2017-05-13 11:00:00,202.25,64.0
2017-05-13 12:00:00,201.75,64.0
2017-05-13 13:00:00,222.5,66.0
2017-05-13 14:00:00,204.25,66.0
2017-05-13 15:00:00,187.5,66.0
2017-05-13 16:00:00,179.4,64.0
2017-05-13 17:00:00,185.5,62.1
2017-05-13 18:00:00,199.25,60.1
2017-05-13 19:00:00,219.5,57.9
2017-05-13 20:00:00,207.5,57.0
2017-05-13 21:00:00,155.25,55.9
2017-05-13 22:00:00,140.0,55.0
2017-05-13 23:00:00,125.5,52.0
2017-05-14 00:00:00,118.5,54.0
2017-05-14 01:00:00,117.25,54.0
2017-05-14 02:00:00,115.25,50.0
2017-05-14 03:00:00,113.5,48.9
2017-05-14 04:00:00,110.25,48.9
2017-05-14 05:00:00,108.25,50.0
2017-05-14 06:00:00,109.25,52.0
2017-05-14 07:00:00,131.0,55.0
2017-05-14 08:00:00,150.25,55.9
2017-05-14 09:00:00,163.0,57.0
2017-05-14 10:00:00,200.5,57.9
2017-05-14 11:00:00,202.25,60.1
2017-05-14 12:00:00,206.25,63.0
2017-05-14 13:00:00,208.5,64.9
2017-05-14 14:00:00,186.0,63.0
2017-05-14 15:00:00,174.0,64.0
2017-05-14 16:00:00,179.5,62.1
2017-05-14 17:00:00,178.4,61.0
2017-05-14 18:00:00,197.8,60.1
2017-05-14 19:00:00,199.75,57.9
2017-05-14 20:00:00,200.75,57.0
2017-05-14 21:00:00,150.5,55.9
2017-05-14 22:00:00,130.0,55.9
2017-05-14 23:00:00,128.0,55.0
2017-05-15 00:00:00,124.0,54.0
2017-05-15 01:00:00,119.75,54.0
2017-05-15 02:00:00,114.25,53.1
2017-05-15 03:00:00,110.5,53.1
2017-05-15 04:00:00,106.25,54.0
2017-05-15 05:00:00,105.25,53.1
2017-05-15 06:00:00,141.75,53.1
2017-05-15 07:00:00,180.0,55.0
2017-05-15 08:00:00,215.75,55.9
2017-05-15 09:00:00,230.0,57.9
2017-05-15 10:00:00,235.0,59.0
2017-05-15 11:00:00,224.5,62.1
2017-05-15 12:00:00,236.75,64.0
2017-05-15 13:00:00,249.25,64.9
2017-05-15 14:00:00,228.25,64.0
2017-05-15 15:00:00,202.0,64.0
2017-05-15 16:00:00,208.0,63.0
2017-05-15 17:00:00,202.75,62.1
2017-05-15 18:00:00,218.5,60.1
2017-05-15 19:00:00,221.25,57.0
2017-05-15 20:00:00,211.5,55.0
2017-05-15 21:00:00,149.5,54.0
2017-05-15 22:00:00,131.25,54.0
2017-05-15 23:00:00,126.25,54.0
2017-05-16 00:00:00,121.25,54.0
2017-05-16 01:00:00,118.0,54.0
2017-05-16 02:00:00,112.5,54.0
2017-05-16 03:00:00,109.75,54.0
2017-05-16 04:00:00,105.0,54.0
2017-05-16 05:00:00,106.0,54.0
2017-05-16 06:00:00,127.0,55.0
2017-05-16 07:00:00,191.25,55.9
2017-05-16 08:00:00,205.25,57.9
2017-05-16 09:00:00,215.5,57.9
2017-05-16 10:00:00,217.5,60.1
2017-05-16 11:00:00,204.0,62.1
2017-05-16 12:00:00,230.75,64.0
2017-05-16 13:00:00,235.75,62.1
2017-05-16 14:00:00,196.25,64.0
2017-05-16 15:00:00,199.75,64.0
2017-05-16 16:00:00,197.0,62.1
2017-05-16 17:00:00,208.75,61.0
2017-05-16 18:00:00,217.75,59.0
2017-05-16 19:00:00,219.5,57.9
2017-05-16 20:00:00,211.5,57.0
2017-05-16 21:00:00,154.5,57.9
2017-05-16 22:00:00,140.0,57.0
2017-05-16 23:00:00,128.5,57.0
2017-05-17 00:00:00,129.75,55.9
2017-05-17 01:00:00,119.75,55.9
2017-05-17 02:00:00,111.75,55.0
2017-05-17 03:00:00,106.5,55.0
2017-05-17 04:00:00,104.0,55.0
2017-05-17 05:00:00,112.25,53.1
2017-05-17 06:00:00,158.75,55.0
2017-05-17 07:00:00,183.0,55.0
2017-05-17 08:00:00,210.25,57.9
2017-05-17 09:00:00,219.0,60.1
2017-05-17 10:00:00,216.25,62.1
2017-05-17 11:00:00,196.5,64.0
2017-05-17 12:00:00,211.0,66.0
2017-05-17 13:00:00,208.25,68.0
2017-05-17 14:00:00,197.5,69.1
2017-05-17 15:00:00,173.0,68.0
2017-05-17 16:00:00,168.0,68.0
2017-05-17 17:00:00,170.75,64.9
2017-05-17 18:00:00,182.75,63.0
2017-05-17 19:00:00,172.0,60.1
2017-05-17 20:00:00,171.76,57.9
2017-05-17 21:00:00,129.47,57.0
2017-05-17 22:00:00,116.25,55.9
2017-05-17 23:00:00,111.5,55.9
2017-05-18 00:00:00,108.5,53.1
2017-05-18 01:00:00,105.25,53.1
2017-05-18 02:00:00,103.5,53.1
2017-05-18 03:00:00,101.0,54.0
2017-05-18 04:00:00,100.25,54.0
2017-05-18 05:00:00,102.75,52.0
2017-05-18 06:00:00,144.0,53.1
2017-05-18 07:00:00,173.25,59.0
2017-05-18 08:00:00,195.25,60.1
2017-05-18 09:00:00,200.0,61.0
2017-05-18 10:00:00,203.0,62.1
2017-05-18 11:00:00,192.0,68.0
2017-05-18 12:00:00,212.25,73.9
2017-05-18 13:00:00,212.75,73.9
2017-05-18 14:00:00,203.75,73.9
2017-05-18 15:00:00,190.75,73.9
2017-05-18 16:00:00,186.75,71.1
2017-05-18 17:00:00,175.0,69.1
2017-05-18 18:00:00,177.75,66.0
2017-05-18 19:00:00,174.75,63.0
2017-05-18 20:00:00,165.5,61.0
2017-05-18 21:00:00,131.0,61.0
2017-05-18 22:00:00,115.25,59.0
2017-05-18 23:00:00,108.0,59.0
2017-05-19 00:00:00,105.25,57.9
2017-05-19 01:00:00,104.0,59.0
2017-05-19 02:00:00,103.0,55.0
2017-05-19 03:00:00,101.5,57.0
2017-05-19 04:00:00,98.5,57.0
2017-05-19 05:00:00,104.25,55.0
2017-05-19 06:00:00,142.4,57.9
2017-05-19 07:00:00,174.0,63.0
2017-05-19 08:00:00,187.5,64.9
2017-05-19 09:00:00,198.75,66.9
2017-05-19 10:00:00,198.5,70.0
2017-05-19 11:00:00,196.5,75.0
2017-05-19 12:00:00,207.0,78.1
2017-05-19 13:00:00,216.5,80.1
2017-05-19 14:00:00,192.25,80.1
2017-05-19 15:00:00,194.0,79.0
2017-05-19 16:00:00,186.25,73.9
2017-05-19 17:00:00,169.75,73.0
2017-05-19 18:00:00,178.2,72.0
2017-05-19 19:00:00,168.75,66.0
2017-05-19 20:00:00,168.0,63.0
2017-05-19 21:00:00,124.0,61.0
2017-05-19 22:00:00,112.75,60.1
2017-05-19 23:00:00,108.0,57.9
2017-05-20 00:00:00,107.25,57.9
2017-05-20 01:00:00,105.5,57.0
2017-05-20 02:00:00,104.5,55.9
2017-05-20 03:00:00,104.0,57.0
2017-05-20 04:00:00,100.75,57.0
2017-05-20 05:00:00,101.75,57.0
2017-05-20 06:00:00,109.25,57.9
2017-05-20 07:00:00,147.5,63.0
2017-05-20 08:00:00,159.5,64.9
2017-05-20 09:00:00,165.25,68.0
2017-05-20 10:00:00,175.75,70.0
2017-05-20 11:00:00,173.5,73.9
2017-05-20 12:00:00,187.0,80.1
2017-05-20 13:00:00,175.25,82.9
2017-05-20 14:00:00,166.25,84.9
2017-05-20 15:00:00,164.25,82.9
2017-05-20 16:00:00,168.5,79.0
2017-05-20 17:00:00,165.25,78.1
2017-05-20 18:00:00,188.0,75.9
2017-05-20 19:00:00,173.75,70.0
2017-05-20 20:00:00,179.25,64.9
2017-05-20 21:00:00,161.25,63.0
2017-05-20 22:00:00,156.25,62.1
2017-05-20 23:00:00,116.5,60.1
2017-05-21 00:00:00,109.5,60.1
2017-05-21 01:00:00,107.5,60.1
2017-05-21 02:00:00,105.75,59.0
2017-05-21 03:00:00,103.75,57.9
2017-05-21 04:00:00,104.5,57.9
2017-05-21 05:00:00,105.0,55.9
2017-05-21 06:00:00,111.5,57.9
2017-05-21 07:00:00,132.25,62.1
2017-05-21 08:00:00,149.75,64.9
2017-05-21 09:00:00,157.25,68.0
2017-05-21 10:00:00,168.25,73.9
2017-05-21 11:00:00,171.5,78.1
2017-05-21 12:00:00,185.0,79.0
2017-05-21 13:00:00,173.25,80.1
2017-05-21 14:00:00,171.0,78.1
2017-05-21 15:00:00,166.5,73.0
2017-05-21 16:00:00,171.0,73.0
2017-05-21 17:00:00,167.25,69.1
2017-05-21 18:00:00,186.5,66.0
2017-05-21 19:00:00,184.0,61.0
2017-05-21 20:00:00,185.5,57.9
2017-05-21 21:00:00,139.0,57.0
2017-05-21 22:00:00,122.25,57.0
2017-05-21 23:00:00,116.0,55.9
2017-05-22 00:00:00,113.75,55.9
2017-05-22 01:00:00,108.25,55.0
2017-05-22 02:00:00,107.75,55.0
2017-05-22 03:00:00,106.5,55.0
2017-05-22 04:00:00,103.75,55.0
2017-05-22 05:00:00,105.5,54.0
2017-05-22 06:00:00,132.25,55.0
2017-05-22 07:00:00,174.25,55.9
2017-05-22 08:00:00,214.5,57.0
2017-05-22 09:00:00,204.0,60.1
2017-05-22 10:00:00,198.5,64.0
2017-05-22 11:00:00,192.75,66.0
2017-05-22 12:00:00,212.0,71.1
2017-05-22 13:00:00,214.5,71.1
2017-05-22 14:00:00,196.25,71.1
2017-05-22 15:00:00,184.5,72.0
2017-05-22 16:00:00,186.5,69.1
2017-05-22 17:00:00,183.25,68.0
2017-05-22 18:00:00,218.25,64.0
2017-05-22 19:00:00,202.0,60.1
2017-05-22 20:00:00,190.5,57.9
2017-05-22 21:00:00,143.25,57.0
2017-05-22 22:00:00,128.0,57.0
2017-05-22 23:00:00,119.21,57.0
2017-05-23 00:00:00,114.29,57.0
2017-05-23 01:00:00,110.75,55.9
2017-05-23 02:00:00,106.25,57.0
2017-05-23 03:00:00,105.25,57.0
2017-05-23 04:00:00,103.5,57.0
2017-05-23 05:00:00,105.5,55.9
2017-05-23 06:00:00,132.0,57.0
2017-05-23 07:00:00,180.75,57.9
2017-05-23 08:00:00,202.75,59.0
2017-05-23 09:00:00,205.5,61.0
2017-05-23 10:00:00,193.25,62.1
2017-05-23 11:00:00,192.75,64.9
2017-05-23 12:00:00,212.5,68.0
2017-05-23 13:00:00,216.12,70.0
2017-05-23 14:00:00,193.21,66.0
2017-05-23 15:00:00,190.25,66.0
2017-05-23 16:00:00,189.25,64.0
2017-05-23 17:00:00,188.5,62.1
2017-05-23 18:00:00,187.0,61.0
2017-05-23 19:00:00,182.75,57.9
2017-05-23 20:00:00,169.75,57.0
2017-05-23 21:00:00,131.25,55.9
2017-05-23 22:00:00,118.25,55.9
2017-05-23 23:00:00,114.25,55.9
2017-05-24 00:00:00,110.75,55.9
2017-05-24 01:00:00,109.0,55.0
2017-05-24 02:00:00,105.25,55.9
2017-05-24 03:00:00,103.25,55.9
2017-05-24 04:00:00,101.25,55.0
2017-05-24 05:00:00,102.25,55.0
2017-05-24 06:00:00,124.0,55.9
2017-05-24 07:00:00,178.0,55.9
2017-05-24 08:00:00,200.0,57.0
2017-05-24 09:00:00,200.75,57.9
2017-05-24 10:00:00,204.5,62.1
2017-05-24 11:00:00,177.5,63.0
2017-05-24 12:00:00,208.25,64.0
2017-05-24 13:00:00,213.5,66.0
2017-05-24 14:00:00,197.5,66.9
2017-05-24 15:00:00,175.5,66.0
2017-05-24 16:00:00,176.75,66.0
2017-05-24 17:00:00,177.0,64.0
2017-05-24 18:00:00,190.0,63.0
2017-05-24 19:00:00,195.5,61.0
2017-05-24 20:00:00,194.5,60.1
2017-05-24 21:00:00,143.25,57.9
2017-05-24 22:00:00,125.5,57.9
2017-05-24 23:00:00,121.0,57.9
2017-05-25 00:00:00,115.5,57.9
2017-05-25 01:00:00,112.25,57.9
2017-05-25 02:00:00,109.75,57.9
2017-05-25 03:00:00,107.75,57.9
2017-05-25 04:00:00,108.5,57.0
2017-05-25 05:00:00,108.5,57.9
2017-05-25 06:00:00,135.75,57.9
2017-05-25 07:00:00,190.75,59.0
2017-05-25 08:00:00,199.25,60.1
2017-05-25 09:00:00,206.0,62.1
2017-05-25 10:00:00,199.75,64.0
2017-05-25 11:00:00,184.5,64.0
2017-05-25 12:00:00,210.75,64.9
2017-05-25 13:00:00,219.75,66.0
2017-05-25 14:00:00,205.25,66.0
2017-05-25 15:00:00,198.5,66.0
2017-05-25 16:00:00,195.25,64.9
2017-05-25 17:00:00,180.0,64.9
2017-05-25 18:00:00,185.6,63.0
2017-05-25 19:00:00,195.25,61.0
2017-05-25 20:00:00,186.0,60.1
2017-05-25 21:00:00,147.0,59.0
2017-05-25 22:00:00,133.0,60.1
2017-05-25 23:00:00,129.5,59.0
2017-05-26 00:00:00,125.5,59.0
2017-05-26 01:00:00,119.75,59.0
2017-05-26 02:00:00,118.0,59.0
2017-05-26 03:00:00,116.75,59.0
2017-05-26 04:00:00,113.25,57.9
2017-05-26 05:00:00,116.75,57.9
2017-05-26 06:00:00,146.25,59.0
2017-05-26 07:00:00,177.25,59.0
2017-05-26 08:00:00,197.5,60.1
2017-05-26 09:00:00,213.5,61.0
2017-05-26 10:00:00,209.75,61.0
2017-05-26 11:00:00,195.0,63.0
2017-05-26 12:00:00,202.5,63.0
2017-05-26 13:00:00,211.0,64.0
2017-05-26 14:00:00,202.75,66.0
2017-05-26 15:00:00,187.0,66.0
2017-05-26 16:00:00,173.75,64.0
2017-05-26 17:00:00,164.25,64.0
2017-05-26 18:00:00,193.25,62.1
2017-05-26 19:00:00,188.75,60.1
2017-05-26 20:00:00,188.0,57.9
2017-05-26 21:00:00,136.5,57.0
2017-05-26 22:00:00,121.25,57.0
2017-05-26 23:00:00,117.77,57.0
2017-05-27 00:00:00,112.0,57.0
2017-05-27 01:00:00,110.25,57.0
2017-05-27 02:00:00,108.5,57.0
2017-05-27 03:00:00,107.75,57.0
2017-05-27 04:00:00,104.75,57.0
2017-05-27 05:00:00,107.75,57.0
2017-05-27 06:00:00,115.0,57.0
2017-05-27 07:00:00,151.75,57.9
2017-05-27 08:00:00,170.5,59.0
2017-05-27 09:00:00,183.75,60.1
2017-05-27 10:00:00,176.75,62.1
2017-05-27 11:00:00,183.0,64.0
2017-05-27 12:00:00,181.75,64.9
2017-05-27 13:00:00,187.25,66.0
2017-05-27 14:00:00,175.5,66.9
2017-05-27 15:00:00,163.0,68.0
2017-05-27 16:00:00,166.75,66.9
2017-05-27 17:00:00,166.0,64.9
2017-05-27 18:00:00,177.75,63.0
2017-05-27 19:00:00,180.5,61.0
2017-05-27 20:00:00,187.0,59.0
2017-05-27 21:00:00,144.25,57.9
2017-05-27 22:00:00,123.25,57.9
2017-05-27 23:00:00,119.0,57.0
2017-05-28 00:00:00,117.0,57.0
2017-05-28 01:00:00,115.25,57.0
2017-05-28 02:00:00,112.5,57.0
2017-05-28 03:00:00,109.75,57.0
2017-05-28 04:00:00,106.0,55.9
2017-05-28 05:00:00,108.75,55.9
2017-05-28 06:00:00,111.25,55.9
2017-05-28 07:00:00,139.5,55.9
2017-05-28 08:00:00,159.5,57.0
2017-05-28 09:00:00,159.5,57.0
2017-05-28 10:00:00,174.0,57.9
2017-05-28 11:00:00,182.0,59.0
2017-05-28 12:00:00,187.0,61.0
2017-05-28 13:00:00,186.75,63.0
2017-05-28 14:00:00,156.0,64.9
2017-05-28 15:00:00,168.75,64.0
2017-05-28 16:00:00,169.25,64.0
2017-05-28 17:00:00,167.5,62.1
2017-05-28 18:00:00,187.6,60.1
2017-05-28 19:00:00,187.75,57.9
2017-05-28 20:00:00,184.0,57.0
2017-05-28 21:00:00,139.0,57.0
2017-05-28 22:00:00,123.5,57.0
2017-05-28 23:00:00,118.0,57.0
2017-05-29 00:00:00,116.0,55.9
2017-05-29 01:00:00,111.25,55.9
2017-05-29 02:00:00,109.5,55.9
2017-05-29 03:00:00,107.75,55.0
2017-05-29 04:00:00,105.25,55.0
2017-05-29 05:00:00,105.5,55.0
2017-05-29 06:00:00,110.75,55.0
2017-05-29 07:00:00,162.5,55.0
2017-05-29 08:00:00,160.0,55.0
2017-05-29 09:00:00,166.0,55.9
2017-05-29 10:00:00,176.25,57.0
2017-05-29 11:00:00,179.75,59.0
2017-05-29 12:00:00,184.25,59.0
2017-05-29 13:00:00,187.0,59.0
2017-05-29 14:00:00,165.5,62.1
2017-05-29 15:00:00,140.25,63.0
2017-05-29 16:00:00,126.75,62.1
2017-05-29 17:00:00,129.75,60.1
2017-05-29 18:00:00,131.5,57.9
2017-05-29 19:00:00,130.25,57.9
2017-05-29 20:00:00,130.0,57.0
2017-05-29 21:00:00,131.5,55.9
2017-05-29 22:00:00,124.0,57.0
2017-05-29 23:00:00,120.5,55.9
2017-05-30 00:00:00,113.75,55.9
2017-05-30 01:00:00,111.0,55.9
2017-05-30 02:00:00,110.75,55.9
2017-05-30 03:00:00,109.5,55.9
2017-05-30 04:00:00,106.0,55.0
2017-05-30 05:00:00,108.0,55.0
2017-05-30 06:00:00,130.5,55.0
2017-05-30 07:00:00,176.75,55.9
2017-05-30 08:00:00,191.0,57.0
2017-05-30 09:00:00,209.25,57.0
2017-05-30 10:00:00,197.25,59.0
2017-05-30 11:00:00,191.0,60.1
2017-05-30 12:00:00,209.0,60.1
2017-05-30 13:00:00,220.0,61.0
2017-05-30 14:00:00,186.75,61.0
2017-05-30 15:00:00,185.5,61.0
2017-05-30 16:00:00,174.75,63.0
2017-05-30 17:00:00,178.0,60.1
2017-05-30 18:00:00,190.23,59.0
2017-05-30 19:00:00,201.16,57.9
2017-05-30 20:00:00,187.5,57.0
2017-05-30 21:00:00,143.75,57.0
2017-05-30 22:00:00,136.75,57.0
2017-05-30 23:00:00,128.25,57.0
2017-05-31 00:00:00,122.5,57.0
2017-05-31 01:00:00,117.75,57.0
2017-05-31 02:00:00,115.75,57.9
2017-05-31 03:00:00,114.25,57.0
2017-05-31 04:00:00,112.5,57.0
2017-05-31 05:00:00,114.0,55.9
2017-05-31 06:00:00,134.75,55.9
2017-05-31 07:00:00,169.0,57.9
2017-05-31 08:00:00,195.75,61.0
2017-05-31 09:00:00,205.75,63.0
2017-05-31 10:00:00,188.25,64.9
2017-05-31 11:00:00,187.75,66.9
2017-05-31 12:00:00,202.25,69.1
2017-05-31 13:00:00,209.25,69.1
2017-05-31 14:00:00,193.5,71.1
2017-05-31 15:00:00,189.0,69.1
2017-05-31 16:00:00,185.75,68.0
2017-05-31 17:00:00,172.5,64.9
2017-05-31 18:00:00,177.6,63.0
2017-05-31 19:00:00,193.25,61.0
2017-05-31 20:00:00,185.0,61.0
2017-05-31 21:00:00,135.75,60.1
2017-05-31 22:00:00,124.0,59.0
2017-05-31 23:00:00,118.25,59.0
2017-06-01 00:00:00,114.5,59.0
2017-06-01 01:00:00,110.25,59.0
2017-06-01 02:00:00,109.5,57.0
2017-06-01 03:00:00,107.5,57.0
2017-06-01 04:00:00,107.01,57.0
2017-06-01 05:00:00,107.24,57.9
2017-06-01 06:00:00,137.75,59.0
2017-06-01 07:00:00,176.5,59.0
2017-06-01 08:00:00,213.5,60.1
2017-06-01 09:00:00,224.75,61.0
2017-06-01 10:00:00,211.5,64.9
2017-06-01 11:00:00,210.0,66.0
2017-06-01 12:00:00,230.75,69.1
2017-06-01 13:00:00,227.25,69.1
2017-06-01 14:00:00,187.5,68.0
2017-06-01 15:00:00,184.5,66.9
2017-06-01 16:00:00,183.75,66.9
2017-06-01 17:00:00,176.25,64.9
2017-06-01 18:00:00,195.25,64.0
2017-06-01 19:00:00,182.0,62.1
2017-06-01 20:00:00,179.5,60.1
2017-06-01 21:00:00,143.25,60.1
2017-06-01 22:00:00,130.25,57.9
2017-06-01 23:00:00,126.25,57.9
2017-06-02 00:00:00,126.0,57.0
2017-06-02 01:00:00,119.5,57.9
2017-06-02 02:00:00,110.5,57.0
2017-06-02 03:00:00,108.5,57.0
2017-06-02 04:00:00,106.5,55.9
2017-06-02 05:00:00,107.5,55.9
2017-06-02 06:00:00,151.5,57.0
2017-06-02 07:00:00,181.5,59.0
2017-06-02 08:00:00,192.5,60.1
2017-06-02 09:00:00,200.25,61.0
2017-06-02 10:00:00,198.25,64.9
2017-06-02 11:00:00,185.75,68.0
2017-06-02 12:00:00,201.5,72.0
2017-06-02 13:00:00,220.25,73.0
2017-06-02 14:00:00,197.25,73.0
2017-06-02 15:00:00,186.75,70.0
2017-06-02 16:00:00,180.0,69.1
2017-06-02 17:00:00,177.82,68.0
2017-06-02 18:00:00,189.09,66.0
2017-06-02 19:00:00,180.0,63.0
2017-06-02 20:00:00,175.5,60.1
2017-06-02 21:00:00,132.75,59.0
2017-06-02 22:00:00,120.75,57.9
2017-06-02 23:00:00,117.0,57.0
2017-06-03 00:00:00,112.25,59.0
2017-06-03 01:00:00,109.25,57.0
2017-06-03 02:00:00,105.25,57.9
2017-06-03 03:00:00,105.0,57.0
2017-06-03 04:00:00,103.0,57.9
2017-06-03 05:00:00,106.0,57.0
2017-06-03 06:00:00,106.75,57.0
2017-06-03 07:00:00,139.25,57.0
2017-06-03 08:00:00,190.25,59.0
2017-06-03 09:00:00,170.0,60.1
2017-06-03 10:00:00,178.5,61.0
2017-06-03 11:00:00,175.75,64.0
2017-06-03 12:00:00,190.75,66.0
2017-06-03 13:00:00,190.75,66.9
2017-06-03 14:00:00,178.0,66.9
2017-06-03 15:00:00,164.0,66.9
2017-06-03 16:00:00,167.5,66.0
2017-06-03 17:00:00,166.25,64.9
2017-06-03 18:00:00,188.5,63.0
2017-06-03 19:00:00,183.0,60.1
2017-06-03 20:00:00,187.0,57.9
2017-06-03 21:00:00,145.75,57.9
2017-06-03 22:00:00,124.25,57.0
2017-06-03 23:00:00,119.25,57.0
2017-06-04 00:00:00,117.5,57.0
2017-06-04 01:00:00,113.25,57.0
2017-06-04 02:00:00,110.75,55.0
2017-06-04 03:00:00,108.0,55.9
2017-06-04 04:00:00,107.5,55.9
2017-06-04 05:00:00,108.0,54.0
2017-06-04 06:00:00,110.75,55.9
2017-06-04 07:00:00,150.25,59.0
2017-06-04 08:00:00,156.0,60.1
2017-06-04 09:00:00,163.75,62.1
2017-06-04 10:00:00,174.5,64.0
2017-06-04 11:00:00,181.75,64.0
2017-06-04 12:00:00,181.5,66.9
2017-06-04 13:00:00,192.5,66.9
2017-06-04 14:00:00,169.75,68.0
2017-06-04 15:00:00,165.75,66.0
2017-06-04 16:00:00,173.25,64.9
2017-06-04 17:00:00,167.75,64.0
2017-06-04 18:00:00,186.0,64.0
2017-06-04 19:00:00,189.25,61.0
2017-06-04 20:00:00,184.25,57.9
2017-06-04 21:00:00,142.75,57.9
2017-06-04 22:00:00,131.0,55.9
2017-06-04 23:00:00,124.25,55.9
2017-06-05 00:00:00,117.5,54.0
2017-06-05 01:00:00,112.5,55.9
2017-06-05 02:00:00,109.25,57.0
2017-06-05 03:00:00,108.25,55.9
2017-06-05 04:00:00,107.75,53.1
2017-06-05 05:00:00,108.75,54.0
2017-06-05 06:00:00,132.75,55.9
2017-06-05 07:00:00,182.5,57.9
2017-06-05 08:00:00,196.0,60.1
2017-06-05 09:00:00,204.0,61.0
2017-06-05 10:00:00,196.75,64.9
2017-06-05 11:00:00,200.4,66.9
2017-06-05 12:00:00,207.75,72.0
2017-06-05 13:00:00,225.75,73.0
2017-06-05 14:00:00,189.75,72.0
2017-06-05 15:00:00,190.0,72.0
2017-06-05 16:00:00,181.0,70.0
2017-06-05 17:00:00,171.0,69.1
2017-06-05 18:00:00,204.0,64.9
2017-06-05 19:00:00,200.25,63.0
2017-06-05 20:00:00,192.25,60.1
2017-06-05 21:00:00,152.18,57.9
2017-06-05 22:00:00,138.87,57.0
2017-06-05 23:00:00,129.25,57.0
2017-06-06 00:00:00,119.25,57.0
2017-06-06 01:00:00,114.5,55.0
2017-06-06 02:00:00,109.75,54.0
2017-06-06 03:00:00,107.5,55.9
2017-06-06 04:00:00,106.75,57.0
2017-06-06 05:00:00,110.5,55.9
2017-06-06 06:00:00,144.75,57.0
2017-06-06 07:00:00,182.75,57.0
2017-06-06 08:00:00,213.5,59.0
2017-06-06 09:00:00,208.25,62.1
2017-06-06 10:00:00,194.9,61.0
2017-06-06 11:00:00,197.14,63.0
2017-06-06 12:00:00,215.0,64.9
2017-06-06 13:00:00,220.25,64.0
2017-06-06 14:00:00,182.75,66.0
2017-06-06 15:00:00,192.0,64.9
2017-06-06 16:00:00,183.25,64.0
2017-06-06 17:00:00,185.75,63.0
2017-06-06 18:00:00,202.0,62.1
2017-06-06 19:00:00,196.0,60.1
2017-06-06 20:00:00,188.0,57.9
2017-06-06 21:00:00,153.5,57.0
2017-06-06 22:00:00,128.25,57.0
2017-06-06 23:00:00,121.75,57.0
2017-06-07 00:00:00,116.75,57.0
2017-06-07 01:00:00,114.0,57.0
2017-06-07 02:00:00,110.0,57.0
2017-06-07 03:00:00,110.0,57.0
2017-06-07 04:00:00,106.5,57.0
2017-06-07 05:00:00,107.0,57.0
2017-06-07 06:00:00,132.0,57.0
2017-06-07 07:00:00,191.25,57.0
2017-06-07 08:00:00,204.25,59.0
2017-06-07 09:00:00,207.5,61.0
2017-06-07 10:00:00,192.75,61.0
2017-06-07 11:00:00,192.75,62.1
2017-06-07 12:00:00,210.25,64.0
2017-06-07 13:00:00,218.5,64.9
2017-06-07 14:00:00,199.75,64.9
2017-06-07 15:00:00,182.75,64.9
2017-06-07 16:00:00,177.75,64.9
2017-06-07 17:00:00,172.25,63.0
2017-06-07 18:00:00,188.0,63.0
2017-06-07 19:00:00,195.0,61.0
2017-06-07 20:00:00,194.75,62.1
2017-06-07 21:00:00,154.25,62.1
2017-06-07 22:00:00,131.75,62.1
2017-06-07 23:00:00,125.5,63.0
2017-06-08 00:00:00,120.75,63.0
2017-06-08 01:00:00,116.5,64.0
2017-06-08 02:00:00,112.0,63.0
2017-06-08 03:00:00,110.0,62.1
2017-06-08 04:00:00,107.0,62.1
2017-06-08 05:00:00,112.0,63.0
2017-06-08 06:00:00,144.75,62.1
2017-06-08 07:00:00,182.0,63.0
2017-06-08 08:00:00,205.5,61.0
2017-06-08 09:00:00,215.75,63.0
2017-06-08 10:00:00,212.75,66.0
2017-06-08 11:00:00,192.0,63.0
2017-06-08 12:00:00,213.75,66.9
2017-06-08 13:00:00,213.75,66.9
2017-06-08 14:00:00,204.0,66.0
2017-06-08 15:00:00,194.75,66.9
2017-06-08 16:00:00,185.0,66.9
2017-06-08 17:00:00,183.75,66.9
2017-06-08 18:00:00,191.5,66.0
2017-06-08 19:00:00,197.25,64.9
2017-06-08 20:00:00,201.0,64.0
2017-06-08 21:00:00,153.75,64.0
2017-06-08 22:00:00,137.25,63.0
2017-06-08 23:00:00,126.75,63.0
2017-06-09 00:00:00,117.75,63.0
2017-06-09 01:00:00,114.5,63.0
2017-06-09 02:00:00,111.5,62.1
2017-06-09 03:00:00,109.25,61.0
2017-06-09 04:00:00,110.0,61.0
2017-06-09 05:00:00,113.5,61.0
2017-06-09 06:00:00,142.5,61.0
2017-06-09 07:00:00,176.0,61.0
2017-06-09 08:00:00,205.75,60.1
2017-06-09 09:00:00,211.5,61.0
2017-06-09 10:00:00,195.25,66.0
2017-06-09 11:00:00,196.5,66.9
2017-06-09 12:00:00,209.5,66.9
2017-06-09 13:00:00,220.75,68.0
2017-06-09 14:00:00,204.0,68.0
2017-06-09 15:00:00,195.5,66.9
2017-06-09 16:00:00,189.5,64.9
2017-06-09 17:00:00,180.0,64.9
2017-06-09 18:00:00,202.4,63.0
2017-06-09 19:00:00,195.5,61.0
2017-06-09 20:00:00,198.0,60.1
2017-06-09 21:00:00,158.75,59.0
2017-06-09 22:00:00,139.75,59.0
2017-06-09 23:00:00,131.0,57.9
2017-06-10 00:00:00,124.0,57.9
2017-06-10 01:00:00,121.5,57.9
2017-06-10 02:00:00,117.5,57.0
2017-06-10 03:00:00,114.75,57.0
2017-06-10 04:00:00,113.0,57.0
2017-06-10 05:00:00,119.0,57.0
2017-06-10 06:00:00,123.5,57.9
2017-06-10 07:00:00,163.5,60.1
2017-06-10 08:00:00,186.0,63.0
2017-06-10 09:00:00,189.75,64.0
2017-06-10 10:00:00,192.0,66.0
2017-06-10 11:00:00,183.75,68.0
2017-06-10 12:00:00,194.5,68.0
2017-06-10 13:00:00,199.0,70.0
2017-06-10 14:00:00,188.0,69.1
2017-06-10 15:00:00,171.25,69.1
2017-06-10 16:00:00,167.0,68.0
2017-06-10 17:00:00,172.25,66.9
2017-06-10 18:00:00,189.5,64.9
2017-06-10 19:00:00,191.75,62.1
2017-06-10 20:00:00,197.75,60.1
2017-06-10 21:00:00,156.75,59.0
2017-06-10 22:00:00,137.75,59.0
2017-06-10 23:00:00,131.25,57.9
2017-06-11 00:00:00,124.25,57.0
2017-06-11 01:00:00,120.75,57.0
2017-06-11 02:00:00,119.75,57.0
2017-06-11 03:00:00,117.5,55.9
2017-06-11 04:00:00,114.75,55.9
2017-06-11 05:00:00,119.25,55.9
2017-06-11 06:00:00,121.75,57.0
2017-06-11 07:00:00,142.5,59.0
2017-06-11 08:00:00,179.0,61.0
2017-06-11 09:00:00,174.0,63.0
2017-06-11 10:00:00,187.75,64.9
2017-06-11 11:00:00,190.0,64.9
2017-06-11 12:00:00,192.5,66.0
2017-06-11 13:00:00,203.43,66.9
2017-06-11 14:00:00,181.67,66.9
2017-06-11 15:00:00,176.25,66.0
2017-06-11 16:00:00,173.5,64.0
2017-06-11 17:00:00,172.75,62.1
2017-06-11 18:00:00,183.0,62.1
2017-06-11 19:00:00,189.5,62.1
2017-06-11 20:00:00,188.75,60.1
2017-06-11 21:00:00,147.5,57.9
2017-06-11 22:00:00,132.75,57.0
2017-06-11 23:00:00,126.0,55.9
2017-06-12 00:00:00,118.25,57.9
2017-06-12 01:00:00,112.0,55.9
2017-06-12 02:00:00,111.0,54.0
2017-06-12 03:00:00,108.0,53.1
2017-06-12 04:00:00,107.0,57.0
2017-06-12 05:00:00,112.0,55.9
2017-06-12 06:00:00,140.25,57.0
2017-06-12 07:00:00,189.75,57.9
2017-06-12 08:00:00,207.75,61.0
2017-06-12 09:00:00,210.75,63.0
2017-06-12 10:00:00,196.0,64.0
2017-06-12 11:00:00,205.25,64.9
2017-06-12 12:00:00,209.0,66.9
2017-06-12 13:00:00,219.25,68.0
2017-06-12 14:00:00,201.5,66.9
2017-06-12 15:00:00,192.0,68.0
2017-06-12 16:00:00,175.5,66.9
2017-06-12 17:00:00,159.0,64.9
2017-06-12 18:00:00,187.0,64.9
2017-06-12 19:00:00,182.5,63.0
2017-06-12 20:00:00,178.25,60.1
2017-06-12 21:00:00,145.5,59.0
2017-06-12 22:00:00,130.0,57.9
2017-06-12 23:00:00,123.5,57.9
2017-06-13 00:00:00,116.25,57.0
2017-06-13 01:00:00,110.25,57.0
2017-06-13 02:00:00,109.0,54.0
2017-06-13 03:00:00,106.5,55.0
2017-06-13 04:00:00,104.75,55.9
2017-06-13 05:00:00,107.0,53.1
2017-06-13 06:00:00,134.5,57.0
2017-06-13 07:00:00,175.75,59.0
2017-06-13 08:00:00,196.25,61.0
2017-06-13 09:00:00,209.6,62.1
2017-06-13 10:00:00,200.75,64.0
2017-06-13 11:00:00,195.75,66.9
2017-06-13 12:00:00,207.25,70.0
2017-06-13 13:00:00,215.0,72.0
2017-06-13 14:00:00,114.4,71.1
2017-06-13 15:00:00,178.75,71.1
2017-06-13 16:00:00,171.75,69.1
2017-06-13 17:00:00,171.5,68.0
2017-06-13 18:00:00,180.2,66.0
2017-06-13 19:00:00,188.0,64.0
2017-06-13 20:00:00,184.0,61.0
2017-06-13 21:00:00,147.25,59.0
2017-06-13 22:00:00,129.0,60.1
2017-06-13 23:00:00,116.75,57.9
2017-06-14 00:00:00,110.25,55.9
2017-06-14 01:00:00,103.0,57.9
2017-06-14 02:00:00,102.25,57.9
2017-06-14 03:00:00,100.5,57.0
2017-06-14 04:00:00,99.4,54.0
2017-06-14 05:00:00,101.0,53.1
2017-06-14 06:00:00,117.0,59.0
2017-06-14 07:00:00,173.25,60.1
2017-06-14 08:00:00,191.25,62.1
2017-06-14 09:00:00,196.0,64.0
2017-06-14 10:00:00,181.5,69.1
2017-06-14 11:00:00,187.0,70.0
2017-06-14 12:00:00,198.5,72.0
2017-06-14 13:00:00,206.75,75.9
2017-06-14 14:00:00,190.75,73.9
2017-06-14 15:00:00,186.5,72.0
2017-06-14 16:00:00,177.5,70.0
2017-06-14 17:00:00,179.0,68.0
2017-06-14 18:00:00,197.4,66.9
2017-06-14 19:00:00,202.5,64.9
2017-06-14 20:00:00,201.5,61.0
2017-06-14 21:00:00,149.0,60.1
2017-06-14 22:00:00,125.75,60.1
2017-06-14 23:00:00,118.25,59.0
2017-06-15 00:00:00,111.25,57.0
2017-06-15 01:00:00,107.75,55.9
2017-06-15 02:00:00,104.5,57.0
2017-06-15 03:00:00,101.25,57.0
2017-06-15 04:00:00,99.25,57.0
2017-06-15 05:00:00,100.75,57.0
2017-06-15 06:00:00,135.75,57.9
2017-06-15 07:00:00,165.5,62.1
2017-06-15 08:00:00,197.75,62.1
2017-06-15 09:00:00,203.0,64.0
2017-06-15 10:00:00,193.5,66.9
2017-06-15 11:00:00,199.75,68.0
2017-06-15 12:00:00,231.25,71.1
2017-06-15 13:00:00,224.75,72.0
2017-06-15 14:00:00,214.75,73.0
2017-06-15 15:00:00,195.25,75.0
2017-06-15 16:00:00,215.0,75.9
2017-06-15 17:00:00,172.0,73.0
2017-06-15 18:00:00,187.5,73.0
2017-06-15 19:00:00,192.0,71.1
2017-06-15 20:00:00,189.0,68.0
2017-06-15 21:00:00,143.5,66.9
2017-06-15 22:00:00,126.5,66.0
2017-06-15 23:00:00,119.75,64.9
2017-06-16 00:00:00,112.75,64.9
2017-06-16 01:00:00,109.5,63.0
2017-06-16 02:00:00,107.5,62.1
2017-06-16 03:00:00,103.25,62.1
2017-06-16 04:00:00,103.5,60.1
2017-06-16 05:00:00,102.5,62.1
2017-06-16 06:00:00,140.75,64.0
2017-06-16 07:00:00,173.0,66.0
2017-06-16 08:00:00,197.25,66.9
2017-06-16 09:00:00,207.75,70.0
2017-06-16 10:00:00,202.5,73.0
2017-06-16 11:00:00,182.5,75.9
2017-06-16 12:00:00,206.25,75.9
2017-06-16 13:00:00,214.5,75.0
2017-06-16 14:00:00,200.0,75.9
2017-06-16 15:00:00,177.25,75.9
2017-06-16 16:00:00,188.25,75.9
2017-06-16 17:00:00,173.25,75.0
2017-06-16 18:00:00,187.0,73.9
2017-06-16 19:00:00,189.0,72.0
2017-06-16 20:00:00,186.25,70.0
2017-06-16 21:00:00,142.0,69.1
2017-06-16 22:00:00,128.25,66.9
2017-06-16 23:00:00,124.5,66.0
2017-06-17 00:00:00,117.0,64.0
2017-06-17 01:00:00,111.5,64.0
2017-06-17 02:00:00,108.5,62.1
2017-06-17 03:00:00,105.0,63.0
2017-06-17 04:00:00,103.5,63.0
2017-06-17 05:00:00,102.25,61.0
2017-06-17 06:00:00,113.75,63.0
2017-06-17 07:00:00,147.25,64.0
2017-06-17 08:00:00,170.5,68.0
2017-06-17 09:00:00,182.5,69.1
2017-06-17 10:00:00,173.75,73.0
2017-06-17 11:00:00,184.25,78.1
2017-06-17 12:00:00,188.5,79.0
2017-06-17 13:00:00,185.0,81.0
2017-06-17 14:00:00,158.5,82.0
2017-06-17 15:00:00,163.5,80.1
2017-06-17 16:00:00,173.25,78.1
2017-06-17 17:00:00,160.5,77.0
2017-06-17 18:00:00,173.75,75.0
2017-06-17 19:00:00,178.75,73.0
2017-06-17 20:00:00,190.5,70.0
2017-06-17 21:00:00,143.0,71.1
2017-06-17 22:00:00,127.0,71.1
2017-06-17 23:00:00,120.0,69.1
2017-06-18 00:00:00,117.75,69.1
2017-06-18 01:00:00,115.75,70.0
2017-06-18 02:00:00,114.0,69.1
2017-06-18 03:00:00,111.5,69.1
2017-06-18 04:00:00,107.75,68.0
2017-06-18 05:00:00,110.75,69.1
2017-06-18 06:00:00,112.25,70.0
2017-06-18 07:00:00,141.5,73.9
2017-06-18 08:00:00,171.5,78.1
2017-06-18 09:00:00,161.5,80.1
2017-06-18 10:00:00,179.75,82.0
2017-06-18 11:00:00,198.25,88.0
2017-06-18 12:00:00,196.0,91.9
2017-06-18 13:00:00,200.0,96.1
2017-06-18 14:00:00,185.25,95.0
2017-06-18 15:00:00,179.5,87.1
2017-06-18 16:00:00,187.25,87.1
2017-06-18 17:00:00,187.5,84.9
2017-06-18 18:00:00,206.5,84.0
2017-06-18 19:00:00,208.75,81.0
2017-06-18 20:00:00,207.25,75.0
2017-06-18 21:00:00,173.0,71.1
2017-06-18 22:00:00,143.75,68.0
2017-06-18 23:00:00,133.75,66.9
2017-06-19 00:00:00,127.5,66.9
2017-06-19 01:00:00,121.75,66.9
2017-06-19 02:00:00,115.25,66.0
2017-06-19 03:00:00,112.25,64.9
2017-06-19 04:00:00,106.0,64.0
2017-06-19 05:00:00,107.25,64.0
2017-06-19 06:00:00,144.14,64.9
2017-06-19 07:00:00,189.87,69.1
2017-06-19 08:00:00,212.5,71.1
2017-06-19 09:00:00,234.5,73.0
2017-06-19 10:00:00,224.75,73.9
2017-06-19 11:00:00,213.75,77.0
2017-06-19 12:00:00,229.0,79.0
2017-06-19 13:00:00,237.0,75.0
2017-06-19 14:00:00,220.0,78.1
2017-06-19 15:00:00,197.0,75.0
2017-06-19 16:00:00,208.0,75.0
2017-06-19 17:00:00,197.25,72.0
2017-06-19 18:00:00,222.25,68.0
2017-06-19 19:00:00,220.0,64.0
2017-06-19 20:00:00,206.75,62.1
2017-06-19 21:00:00,158.75,61.0
2017-06-19 22:00:00,139.75,61.0
2017-06-19 23:00:00,127.25,62.1
2017-06-20 00:00:00,118.75,61.0
2017-06-20 01:00:00,111.75,61.0
2017-06-20 02:00:00,108.5,61.0
2017-06-20 03:00:00,106.0,61.0
2017-06-20 04:00:00,102.25,61.0
2017-06-20 05:00:00,106.25,60.1
2017-06-20 06:00:00,136.25,61.0
2017-06-20 07:00:00,189.5,64.0
2017-06-20 08:00:00,218.0,66.9
2017-06-20 09:00:00,221.0,69.1
2017-06-20 10:00:00,215.0,72.0
2017-06-20 11:00:00,206.0,73.9
2017-06-20 12:00:00,231.0,75.9
2017-06-20 13:00:00,237.75,75.0
2017-06-20 14:00:00,210.01,75.0
2017-06-20 15:00:00,181.59,73.0
2017-06-20 16:00:00,174.25,70.0
2017-06-20 17:00:00,180.0,68.0
2017-06-20 18:00:00,185.25,66.9
2017-06-20 19:00:00,203.5,64.0
2017-06-20 20:00:00,197.25,63.0
2017-06-20 21:00:00,148.75,62.1
2017-06-20 22:00:00,134.0,62.1
2017-06-20 23:00:00,125.5,61.0
2017-06-21 00:00:00,117.5,59.0
2017-06-21 01:00:00,108.5,60.1
2017-06-21 02:00:00,106.75,59.0
2017-06-21 03:00:00,103.5,59.0
2017-06-21 04:00:00,101.5,57.9
2017-06-21 05:00:00,104.0,57.9
2017-06-21 06:00:00,132.5,59.0
2017-06-21 07:00:00,190.75,61.0
2017-06-21 08:00:00,207.0,64.0
2017-06-21 09:00:00,216.0,64.9
2017-06-21 10:00:00,203.25,68.0
2017-06-21 11:00:00,190.5,70.0
2017-06-21 12:00:00,212.75,75.0
2017-06-21 13:00:00,207.0,77.0
2017-06-21 14:00:00,209.5,77.0
2017-06-21 15:00:00,198.5,75.0
2017-06-21 16:00:00,190.0,77.0
2017-06-21 17:00:00,177.0,73.9
2017-06-21 18:00:00,190.5,71.1
2017-06-21 19:00:00,195.5,69.1
2017-06-21 20:00:00,192.75,66.0
2017-06-21 21:00:00,148.5,64.9
2017-06-21 22:00:00,130.75,64.0
2017-06-21 23:00:00,122.75,64.0
2017-06-22 00:00:00,117.5,64.0
2017-06-22 01:00:00,110.75,64.0
2017-06-22 02:00:00,105.0,64.0
2017-06-22 03:00:00,105.25,64.0
2017-06-22 04:00:00,101.5,64.0
2017-06-22 05:00:00,102.25,63.0
2017-06-22 06:00:00,144.75,64.9
2017-06-22 07:00:00,189.0,70.0
2017-06-22 08:00:00,216.75,72.0
2017-06-22 09:00:00,229.25,75.9
2017-06-22 10:00:00,218.5,80.1
2017-06-22 11:00:00,214.25,84.9
2017-06-22 12:00:00,223.0,82.9
2017-06-22 13:00:00,225.0,84.0
2017-06-22 14:00:00,202.0,81.0
2017-06-22 15:00:00,188.75,77.0
2017-06-22 16:00:00,192.75,75.0
2017-06-22 17:00:00,178.25,73.0
2017-06-22 18:00:00,192.25,71.1
2017-06-22 19:00:00,193.25,68.0
2017-06-22 20:00:00,190.5,64.0
2017-06-22 21:00:00,150.0,63.0
2017-06-22 22:00:00,132.0,63.0
2017-06-22 23:00:00,123.25,62.1
2017-06-23 00:00:00,115.25,61.0
2017-06-23 01:00:00,108.75,60.1
2017-06-23 02:00:00,107.75,60.1
2017-06-23 03:00:00,101.0,59.0
2017-06-23 04:00:00,100.75,59.0
2017-06-23 05:00:00,101.75,59.0
2017-06-23 06:00:00,139.25,60.1
2017-06-23 07:00:00,183.5,63.0
2017-06-23 08:00:00,219.0,64.9
2017-06-23 09:00:00,223.0,69.1
2017-06-23 10:00:00,221.75,71.1
2017-06-23 11:00:00,211.5,70.0
2017-06-23 12:00:00,226.75,71.1
2017-06-23 13:00:00,234.5,72.0
2017-06-23 14:00:00,221.0,71.1
2017-06-23 15:00:00,197.25,70.0
2017-06-23 16:00:00,199.25,70.0
2017-06-23 17:00:00,197.5,68.0
2017-06-23 18:00:00,192.0,66.0
2017-06-23 19:00:00,204.25,64.0
2017-06-23 20:00:00,185.25,61.0
2017-06-23 21:00:00,141.25,61.0
2017-06-23 22:00:00,125.0,61.0
2017-06-23 23:00:00,118.0,60.1
2017-06-24 00:00:00,115.25,60.1
2017-06-24 01:00:00,108.75,60.1
2017-06-24 02:00:00,106.0,61.0
2017-06-24 03:00:00,101.75,61.0
2017-06-24 04:00:00,98.25,60.1
2017-06-24 05:00:00,99.25,61.0
2017-06-24 06:00:00,104.75,61.0
2017-06-24 07:00:00,147.25,62.1
2017-06-24 08:00:00,162.5,63.0
2017-06-24 09:00:00,179.75,64.9
2017-06-24 10:00:00,201.25,66.0
2017-06-24 11:00:00,199.75,69.1
2017-06-24 12:00:00,202.25,70.0
2017-06-24 13:00:00,204.5,70.0
2017-06-24 14:00:00,166.25,70.0
2017-06-24 15:00:00,192.75,70.0
2017-06-24 16:00:00,179.0,70.0
2017-06-24 17:00:00,164.0,64.9
2017-06-24 18:00:00,170.75,63.0
2017-06-24 19:00:00,187.0,62.1
2017-06-24 20:00:00,185.0,61.0
2017-06-24 21:00:00,137.5,61.0
2017-06-24 22:00:00,125.75,60.1
2017-06-24 23:00:00,120.25,60.1
2017-06-25 00:00:00,112.25,60.1
2017-06-25 01:00:00,110.0,60.1
2017-06-25 02:00:00,106.0,60.1
2017-06-25 03:00:00,102.5,60.1
2017-06-25 04:00:00,100.0,60.1
2017-06-25 05:00:00,102.25,60.1
2017-06-25 06:00:00,111.5,60.1
2017-06-25 07:00:00,143.0,60.1
2017-06-25 08:00:00,154.0,61.0
2017-06-25 09:00:00,175.25,61.0
2017-06-25 10:00:00,190.5,63.0
2017-06-25 11:00:00,185.0,64.9
2017-06-25 12:00:00,182.5,68.0
2017-06-25 13:00:00,194.0,68.0
2017-06-25 14:00:00,172.0,70.0
2017-06-25 15:00:00,168.0,70.0
2017-06-25 16:00:00,176.75,68.0
2017-06-25 17:00:00,169.0,66.9
2017-06-25 18:00:00,188.75,66.0
2017-06-25 19:00:00,195.0,64.0
2017-06-25 20:00:00,197.25,62.1
2017-06-25 21:00:00,147.75,62.1
2017-06-25 22:00:00,133.75,62.1
2017-06-25 23:00:00,125.25,61.0
2017-06-26 00:00:00,112.75,62.1
2017-06-26 01:00:00,106.0,62.1
2017-06-26 02:00:00,104.75,62.1
2017-06-26 03:00:00,99.25,62.1
2017-06-26 04:00:00,99.25,63.0
2017-06-26 05:00:00,101.0,62.1
2017-06-26 06:00:00,128.25,62.1
2017-06-26 07:00:00,194.25,64.0
2017-06-26 08:00:00,207.5,66.0
2017-06-26 09:00:00,219.25,66.9
2017-06-26 10:00:00,196.0,69.1
2017-06-26 11:00:00,210.25,71.1
2017-06-26 12:00:00,222.5,73.0
2017-06-26 13:00:00,221.25,73.9
2017-06-26 14:00:00,192.5,75.0
2017-06-26 15:00:00,202.0,73.9
2017-06-26 16:00:00,196.0,71.1
2017-06-26 17:00:00,188.25,71.1
2017-06-26 18:00:00,200.4,68.0
2017-06-26 19:00:00,197.5,66.0
2017-06-26 20:00:00,188.0,64.0
2017-06-26 21:00:00,140.75,63.0
2017-06-26 22:00:00,130.5,63.0
2017-06-26 23:00:00,125.25,63.0
2017-06-27 00:00:00,120.0,62.1
2017-06-27 01:00:00,110.5,62.1
2017-06-27 02:00:00,108.5,60.1
2017-06-27 03:00:00,105.75,60.1
2017-06-27 04:00:00,104.5,60.1
2017-06-27 05:00:00,104.5,60.1
2017-06-27 06:00:00,132.75,60.1
2017-06-27 07:00:00,160.75,60.1
2017-06-27 08:00:00,197.25,62.1
2017-06-27 09:00:00,207.75,62.1
2017-06-27 10:00:00,199.25,63.0
2017-06-27 11:00:00,183.25,64.0
2017-06-27 12:00:00,207.25,64.9
2017-06-27 13:00:00,210.25,66.9
2017-06-27 14:00:00,196.0,66.9
2017-06-27 15:00:00,179.75,66.9
2017-06-27 16:00:00,171.25,66.9
2017-06-27 17:00:00,176.22,64.0
2017-06-27 18:00:00,180.65,63.0
2017-06-27 19:00:00,200.5,62.1
2017-06-27 20:00:00,196.0,61.0
2017-06-27 21:00:00,155.5,60.1
2017-06-27 22:00:00,142.75,60.1
2017-06-27 23:00:00,136.0,60.1
2017-06-28 00:00:00,115.75,60.1
2017-06-28 01:00:00,111.25,60.1
2017-06-28 02:00:00,104.25,59.0
2017-06-28 03:00:00,101.25,59.0
2017-06-28 04:00:00,99.0,59.0
2017-06-28 05:00:00,104.0,59.0
2017-06-28 06:00:00,127.25,59.0
2017-06-28 07:00:00,170.0,60.1
2017-06-28 08:00:00,188.75,60.1
2017-06-28 09:00:00,202.0,62.1
2017-06-28 10:00:00,192.0,63.0
2017-06-28 11:00:00,178.75,63.0
2017-06-28 12:00:00,194.5,64.9
2017-06-28 13:00:00,213.25,66.9
2017-06-28 14:00:00,202.5,66.9
2017-06-28 15:00:00,180.5,66.0
2017-06-28 16:00:00,184.25,64.9
2017-06-28 17:00:00,177.0,64.0
2017-06-28 18:00:00,186.2,63.0
2017-06-28 19:00:00,200.0,62.1
2017-06-28 20:00:00,206.75,60.1
2017-06-28 21:00:00,155.25,60.1
2017-06-28 22:00:00,134.5,60.1
2017-06-28 23:00:00,122.5,59.0
2017-06-29 00:00:00,117.75,60.1
2017-06-29 01:00:00,109.0,59.0
2017-06-29 02:00:00,103.25,59.0
2017-06-29 03:00:00,100.5,59.0
2017-06-29 04:00:00,97.75,59.0
2017-06-29 05:00:00,98.5,59.0
2017-06-29 06:00:00,122.25,57.9
2017-06-29 07:00:00,168.75,57.9
2017-06-29 08:00:00,189.75,59.0
2017-06-29 09:00:00,213.5,61.0
2017-06-29 10:00:00,204.5,63.0
2017-06-29 11:00:00,189.75,63.0
2017-06-29 12:00:00,202.75,66.0
2017-06-29 13:00:00,209.25,66.0
2017-06-29 14:00:00,200.5,66.9
2017-06-29 15:00:00,179.75,66.0
2017-06-29 16:00:00,183.5,64.9
2017-06-29 17:00:00,172.0,63.0
2017-06-29 18:00:00,185.5,61.0
2017-06-29 19:00:00,188.25,60.1
2017-06-29 20:00:00,193.25,59.0
2017-06-29 21:00:00,147.25,59.0
2017-06-29 22:00:00,129.0,57.9
2017-06-29 23:00:00,122.0,59.0
2017-06-30 00:00:00,115.0,57.9
2017-06-30 01:00:00,107.75,57.9
2017-06-30 02:00:00,104.25,57.9
2017-06-30 03:00:00,100.5,57.0
2017-06-30 04:00:00,98.75,55.9
2017-06-30 05:00:00,98.5,55.9
2017-06-30 06:00:00,135.0,57.0
2017-06-30 07:00:00,162.5,57.0
2017-06-30 08:00:00,193.25,57.9
2017-06-30 09:00:00,205.5,59.0
2017-06-30 10:00:00,202.5,61.0
2017-06-30 11:00:00,195.0,62.1
2017-06-30 12:00:00,210.5,64.0
2017-06-30 13:00:00,212.25,64.9
2017-06-30 14:00:00,192.75,66.9
2017-06-30 15:00:00,173.75,66.9
2017-06-30 16:00:00,187.0,66.0
2017-06-30 17:00:00,171.25,66.0
2017-06-30 18:00:00,190.8,63.0
2017-06-30 19:00:00,187.75,61.0
2017-06-30 20:00:00,180.5,60.1
2017-06-30 21:00:00,139.25,59.0
2017-06-30 22:00:00,125.25,57.9
2017-06-30 23:00:00,120.25,57.0
2017-07-01 00:00:00,120.25,57.0
2017-07-01 01:00:00,112.5,57.0
2017-07-01 02:00:00,108.25,57.0
2017-07-01 03:00:00,106.25,57.0
2017-07-01 04:00:00,103.0,57.0
2017-07-01 05:00:00,105.5,57.0
2017-07-01 06:00:00,107.5,57.0
2017-07-01 07:00:00,146.25,57.0
2017-07-01 08:00:00,164.25,57.9
2017-07-01 09:00:00,172.75,57.9
2017-07-01 10:00:00,188.0,60.1
2017-07-01 11:00:00,182.75,62.1
2017-07-01 12:00:00,180.5,64.0
2017-07-01 13:00:00,188.0,66.0
2017-07-01 14:00:00,169.75,66.0
2017-07-01 15:00:00,161.75,66.9
2017-07-01 16:00:00,161.75,68.0
2017-07-01 17:00:00,169.5,64.9
2017-07-01 18:00:00,187.4,64.0
2017-07-01 19:00:00,191.0,61.0
2017-07-01 20:00:00,185.25,60.1
2017-07-01 21:00:00,155.25,60.1
2017-07-01 22:00:00,131.25,59.0
2017-07-01 23:00:00,125.75,57.9
2017-07-02 00:00:00,120.5,57.0
2017-07-02 01:00:00,117.75,57.0
2017-07-02 02:00:00,113.0,57.0
2017-07-02 03:00:00,108.5,57.0
2017-07-02 04:00:00,105.5,57.0
2017-07-02 05:00:00,108.0,57.9
2017-07-02 06:00:00,110.25,57.9
2017-07-02 07:00:00,133.0,60.1
2017-07-02 08:00:00,161.0,61.0
2017-07-02 09:00:00,180.25,63.0
2017-07-02 10:00:00,174.0,64.9
2017-07-02 11:00:00,185.5,66.9
2017-07-02 12:00:00,188.5,70.0
2017-07-02 13:00:00,190.0,69.1
2017-07-02 14:00:00,168.0,70.0
2017-07-02 15:00:00,168.75,68.0
2017-07-02 16:00:00,177.75,68.0
2017-07-02 17:00:00,170.5,66.9
2017-07-02 18:00:00,192.6,64.9
2017-07-02 19:00:00,208.25,62.1
2017-07-02 20:00:00,199.5,60.1
2017-07-02 21:00:00,149.5,59.0
2017-07-02 22:00:00,128.5,59.0
2017-07-02 23:00:00,121.0,57.9
2017-07-03 00:00:00,111.5,57.0
2017-07-03 01:00:00,104.0,59.0
2017-07-03 02:00:00,99.5,59.0
2017-07-03 03:00:00,97.0,59.0
2017-07-03 04:00:00,96.0,57.9
2017-07-03 05:00:00,100.25,57.9
2017-07-03 06:00:00,128.25,59.0
2017-07-03 07:00:00,189.75,60.1
2017-07-03 08:00:00,201.75,61.0
2017-07-03 09:00:00,217.0,63.0
2017-07-03 10:00:00,206.75,66.0
2017-07-03 11:00:00,188.0,70.0
2017-07-03 12:00:00,205.5,72.0
2017-07-03 13:00:00,217.75,70.0
2017-07-03 14:00:00,196.25,69.1
2017-07-03 15:00:00,182.25,68.0
2017-07-03 16:00:00,190.0,66.0
2017-07-03 17:00:00,184.25,64.9
2017-07-03 18:00:00,189.25,62.1
2017-07-03 19:00:00,209.25,60.1
2017-07-03 20:00:00,207.5,59.0
2017-07-03 21:00:00,156.25,59.0
2017-07-03 22:00:00,135.75,59.0
2017-07-03 23:00:00,132.0,59.0
2017-07-04 00:00:00,124.5,59.0
2017-07-04 01:00:00,114.75,59.0
2017-07-04 02:00:00,109.0,59.0
2017-07-04 03:00:00,104.5,59.0
2017-07-04 04:00:00,104.25,59.0
2017-07-04 05:00:00,103.75,59.0
2017-07-04 06:00:00,106.25,59.0
2017-07-04 07:00:00,147.5,60.1
2017-07-04 08:00:00,154.25,61.0
2017-07-04 09:00:00,162.75,63.0
2017-07-04 10:00:00,190.0,64.9
2017-07-04 11:00:00,199.75,66.9
2017-07-04 12:00:00,195.25,66.9
2017-07-04 13:00:00,199.75,70.0
2017-07-04 14:00:00,161.75,69.1
2017-07-04 15:00:00,127.75,68.0
2017-07-04 16:00:00,123.0,66.9
2017-07-04 17:00:00,130.0,66.0
2017-07-04 18:00:00,133.0,64.9
2017-07-04 19:00:00,131.75,62.1
2017-07-04 20:00:00,136.0,59.0
2017-07-04 21:00:00,135.25,59.0
2017-07-04 22:00:00,123.25,57.9
2017-07-04 23:00:00,121.0,57.9
2017-07-05 00:00:00,117.0,57.0
2017-07-05 01:00:00,109.0,57.0
2017-07-05 02:00:00,101.5,57.9
2017-07-05 03:00:00,97.5,57.9
2017-07-05 04:00:00,94.25,57.9
2017-07-05 05:00:00,96.75,57.9
2017-07-05 06:00:00,127.5,57.9
2017-07-05 07:00:00,178.75,59.0
2017-07-05 08:00:00,199.0,59.0
2017-07-05 09:00:00,210.25,60.1
2017-07-05 10:00:00,194.0,62.1
2017-07-05 11:00:00,185.75,66.0
2017-07-05 12:00:00,217.0,66.9
2017-07-05 13:00:00,216.25,70.0
2017-07-05 14:00:00,186.75,70.0
2017-07-05 15:00:00,178.25,70.0
2017-07-05 16:00:00,188.75,70.0
2017-07-05 17:00:00,189.5,69.1
2017-07-05 18:00:00,214.0,66.9
2017-07-05 19:00:00,223.75,64.0
2017-07-05 20:00:00,218.25,61.0
2017-07-05 21:00:00,159.5,59.0
2017-07-05 22:00:00,137.0,57.9
2017-07-05 23:00:00,126.0,57.9
2017-07-06 00:00:00,118.75,57.9
2017-07-06 01:00:00,109.0,57.9
2017-07-06 02:00:00,104.0,57.9
2017-07-06 03:00:00,99.75,57.0
2017-07-06 04:00:00,97.0,55.9
2017-07-06 05:00:00,97.75,57.9
2017-07-06 06:00:00,138.0,59.0
2017-07-06 07:00:00,180.5,60.1
2017-07-06 08:00:00,201.5,62.1
2017-07-06 09:00:00,208.25,64.9
2017-07-06 10:00:00,198.75,66.0
2017-07-06 11:00:00,187.25,68.0
2017-07-06 12:00:00,201.5,72.0
2017-07-06 13:00:00,211.5,71.1
2017-07-06 14:00:00,177.25,73.9
2017-07-06 15:00:00,188.25,73.0
2017-07-06 16:00:00,179.75,73.0
2017-07-06 17:00:00,177.5,73.0
2017-07-06 18:00:00,199.2,70.0
2017-07-06 19:00:00,206.5,66.9
2017-07-06 20:00:00,209.25,63.0
2017-07-06 21:00:00,156.75,63.0
2017-07-06 22:00:00,139.5,62.1
2017-07-06 23:00:00,129.5,62.1
2017-07-07 00:00:00,118.0,61.0
2017-07-07 01:00:00,111.5,59.0
2017-07-07 02:00:00,105.5,59.0
2017-07-07 03:00:00,101.5,57.9
2017-07-07 04:00:00,98.5,59.0
2017-07-07 05:00:00,99.75,60.1
2017-07-07 06:00:00,139.5,61.0
2017-07-07 07:00:00,161.25,64.0
2017-07-07 08:00:00,195.25,66.9
2017-07-07 09:00:00,197.5,69.1
2017-07-07 10:00:00,190.0,71.1
2017-07-07 11:00:00,197.25,73.0
2017-07-07 12:00:00,214.0,81.0
2017-07-07 13:00:00,223.0,79.0
2017-07-07 14:00:00,198.25,79.0
2017-07-07 15:00:00,185.5,79.0
2017-07-07 16:00:00,197.0,79.0
2017-07-07 17:00:00,186.5,78.1
2017-07-07 18:00:00,192.5,75.0
2017-07-07 19:00:00,195.75,72.0
2017-07-07 20:00:00,196.0,68.0
2017-07-07 21:00:00,143.5,66.0
2017-07-07 22:00:00,132.25,64.9
2017-07-07 23:00:00,128.5,64.9
2017-07-08 00:00:00,122.0,64.0
2017-07-08 01:00:00,113.25,62.1
2017-07-08 02:00:00,107.75,64.0
2017-07-08 03:00:00,100.75,61.0
2017-07-08 04:00:00,100.0,60.1
2017-07-08 05:00:00,100.5,63.0
2017-07-08 06:00:00,101.75,64.0
2017-07-08 07:00:00,167.25,71.1
2017-07-08 08:00:00,162.2,72.0
2017-07-08 09:00:00,165.0,73.9
2017-07-08 10:00:00,177.25,77.0
2017-07-08 11:00:00,187.75,78.1
2017-07-08 12:00:00,197.75,75.9
2017-07-08 13:00:00,199.5,75.9
2017-07-08 14:00:00,174.0,75.0
2017-07-08 15:00:00,166.0,73.0
2017-07-08 16:00:00,174.0,71.1
2017-07-08 17:00:00,167.0,68.0
2017-07-08 18:00:00,184.5,66.9
2017-07-08 19:00:00,197.25,66.0
2017-07-08 20:00:00,185.25,63.0
2017-07-08 21:00:00,165.5,63.0
2017-07-08 22:00:00,142.25,61.0
2017-07-08 23:00:00,138.25,59.0
2017-07-09 00:00:00,128.0,57.9
2017-07-09 01:00:00,121.5,57.0
2017-07-09 02:00:00,111.5,57.0
2017-07-09 03:00:00,107.75,57.0
2017-07-09 04:00:00,104.25,55.9
2017-07-09 05:00:00,104.0,57.0
2017-07-09 06:00:00,107.25,57.0
2017-07-09 07:00:00,134.0,57.9
2017-07-09 08:00:00,147.5,60.1
2017-07-09 09:00:00,166.75,62.1
2017-07-09 10:00:00,185.5,64.0
2017-07-09 11:00:00,184.0,66.0
2017-07-09 12:00:00,188.0,68.0
2017-07-09 13:00:00,189.5,70.0
2017-07-09 14:00:00,167.5,73.0
2017-07-09 15:00:00,170.0,71.1
2017-07-09 16:00:00,167.5,69.1
2017-07-09 17:00:00,171.25,68.0
2017-07-09 18:00:00,191.25,66.0
2017-07-09 19:00:00,197.25,64.0
2017-07-09 20:00:00,199.5,62.1
2017-07-09 21:00:00,154.5,60.1
2017-07-09 22:00:00,140.5,60.1
2017-07-09 23:00:00,134.25,59.0
2017-07-10 00:00:00,124.25,57.0
2017-07-10 01:00:00,113.5,57.0
2017-07-10 02:00:00,106.0,57.0
2017-07-10 03:00:00,101.5,55.9
2017-07-10 04:00:00,97.0,55.9
2017-07-10 05:00:00,100.5,55.9
2017-07-10 06:00:00,123.25,60.1
2017-07-10 07:00:00,168.0,61.0
2017-07-10 08:00:00,198.75,64.0
2017-07-10 09:00:00,210.75,64.9
2017-07-10 10:00:00,200.5,68.0
2017-07-10 11:00:00,191.25,70.0
2017-07-10 12:00:00,206.5,70.0
2017-07-10 13:00:00,216.25,70.0
2017-07-10 14:00:00,192.25,68.0
2017-07-10 15:00:00,171.5,66.0
2017-07-10 16:00:00,186.75,66.9
2017-07-10 17:00:00,168.0,66.0
2017-07-10 18:00:00,195.75,64.9
2017-07-10 19:00:00,209.75,63.0
2017-07-10 20:00:00,210.0,61.0
2017-07-10 21:00:00,155.75,60.1
2017-07-10 22:00:00,141.75,60.1
2017-07-10 23:00:00,134.5,60.1
2017-07-11 00:00:00,123.5,59.0
2017-07-11 01:00:00,115.75,59.0
2017-07-11 02:00:00,109.5,60.1
2017-07-11 03:00:00,104.25,55.9
2017-07-11 04:00:00,101.5,55.0
2017-07-11 05:00:00,104.5,59.0
2017-07-11 06:00:00,125.25,59.0
2017-07-11 07:00:00,165.75,61.0
2017-07-11 08:00:00,194.25,63.0
2017-07-11 09:00:00,206.5,64.9
2017-07-11 10:00:00,205.0,66.9
2017-07-11 11:00:00,187.25,69.1
2017-07-11 12:00:00,215.25,70.0
2017-07-11 13:00:00,218.5,71.1
2017-07-11 14:00:00,200.0,73.0
2017-07-11 15:00:00,170.5,72.0
2017-07-11 16:00:00,176.25,68.0
2017-07-11 17:00:00,174.0,68.0
2017-07-11 18:00:00,189.75,64.9
2017-07-11 19:00:00,211.25,62.1
2017-07-11 20:00:00,209.5,60.1
2017-07-11 21:00:00,167.5,60.1
2017-07-11 22:00:00,145.25,60.1
2017-07-11 23:00:00,134.5,59.0
2017-07-12 00:00:00,124.75,57.9
2017-07-12 01:00:00,112.75,57.9
2017-07-12 02:00:00,106.0,57.9
2017-07-12 03:00:00,105.0,60.1
2017-07-12 04:00:00,102.75,57.9
2017-07-12 05:00:00,105.5,57.0
2017-07-12 06:00:00,126.75,57.9
2017-07-12 07:00:00,167.75,63.0
2017-07-12 08:00:00,186.0,64.9
2017-07-12 09:00:00,212.5,66.0
2017-07-12 10:00:00,207.75,66.9
2017-07-12 11:00:00,186.06,69.1
2017-07-12 12:00:00,217.75,69.1
2017-07-12 13:00:00,215.75,70.0
2017-07-12 14:00:00,211.5,68.0
2017-07-12 15:00:00,184.75,68.0
2017-07-12 16:00:00,190.75,66.0
2017-07-12 17:00:00,196.5,64.9
2017-07-12 18:00:00,206.2,63.0
2017-07-12 19:00:00,225.5,61.0
2017-07-12 20:00:00,222.5,59.0
2017-07-12 21:00:00,169.75,57.9
2017-07-12 22:00:00,150.75,57.9
2017-07-12 23:00:00,139.75,57.9
2017-07-13 00:00:00,122.75,57.0
2017-07-13 01:00:00,111.75,57.9
2017-07-13 02:00:00,105.5,57.0
2017-07-13 03:00:00,102.0,57.0
2017-07-13 04:00:00,100.5,57.9
2017-07-13 05:00:00,102.5,59.0
2017-07-13 06:00:00,125.75,59.0
2017-07-13 07:00:00,174.25,60.1
2017-07-13 08:00:00,196.25,62.1
2017-07-13 09:00:00,207.5,63.0
2017-07-13 10:00:00,207.75,68.0
2017-07-13 11:00:00,186.75,72.0
2017-07-13 12:00:00,201.75,69.1
2017-07-13 13:00:00,213.75,68.0
2017-07-13 14:00:00,190.25,68.0
2017-07-13 15:00:00,179.75,66.9
2017-07-13 16:00:00,182.25,70.0
2017-07-13 17:00:00,185.75,66.9
2017-07-13 18:00:00,206.0,64.9
2017-07-13 19:00:00,213.0,62.1
2017-07-13 20:00:00,206.25,60.1
2017-07-13 21:00:00,158.0,60.1
2017-07-13 22:00:00,140.75,59.0
2017-07-13 23:00:00,130.0,57.9
2017-07-14 00:00:00,123.5,57.9
2017-07-14 01:00:00,113.5,59.0
2017-07-14 02:00:00,107.25,59.0
2017-07-14 03:00:00,106.0,59.0
2017-07-14 04:00:00,102.0,59.0
2017-07-14 05:00:00,101.0,60.1
2017-07-14 06:00:00,130.0,60.1
2017-07-14 07:00:00,167.5,61.0
2017-07-14 08:00:00,198.25,63.0
2017-07-14 09:00:00,207.75,66.0
2017-07-14 10:00:00,205.25,68.0
2017-07-14 11:00:00,187.5,72.0
2017-07-14 12:00:00,214.0,75.0
2017-07-14 13:00:00,223.25,73.0
2017-07-14 14:00:00,198.25,72.0
2017-07-14 15:00:00,167.5,71.1
2017-07-14 16:00:00,178.75,69.1
2017-07-14 17:00:00,189.0,66.9
2017-07-14 18:00:00,185.5,64.0
2017-07-14 19:00:00,196.75,62.1
2017-07-14 20:00:00,197.0,60.1
2017-07-14 21:00:00,147.25,59.0
2017-07-14 22:00:00,135.0,59.0
2017-07-14 23:00:00,127.0,59.0
2017-07-15 00:00:00,120.25,59.0
2017-07-15 01:00:00,113.0,57.9
2017-07-15 02:00:00,106.0,57.9
2017-07-15 03:00:00,101.5,57.0
2017-07-15 04:00:00,97.5,57.0
2017-07-15 05:00:00,98.0,57.0
2017-07-15 06:00:00,101.25,59.0
2017-07-15 07:00:00,152.25,64.0
2017-07-15 08:00:00,153.2,64.9
2017-07-15 09:00:00,158.0,66.9
2017-07-15 10:00:00,172.25,71.1
2017-07-15 11:00:00,178.75,73.0
2017-07-15 12:00:00,188.25,80.1
2017-07-15 13:00:00,193.75,82.9
2017-07-15 14:00:00,169.0,84.0
2017-07-15 15:00:00,158.75,82.9
2017-07-15 16:00:00,160.25,79.0
2017-07-15 17:00:00,162.5,75.0
2017-07-15 18:00:00,183.0,73.9
2017-07-15 19:00:00,193.25,70.0
2017-07-15 20:00:00,186.75,66.9
2017-07-15 21:00:00,164.5,64.9
2017-07-15 22:00:00,145.25,64.9
2017-07-15 23:00:00,133.75,64.0
2017-07-16 00:00:00,120.5,63.0
2017-07-16 01:00:00,109.75,64.0
2017-07-16 02:00:00,105.0,63.0
2017-07-16 03:00:00,103.0,62.1
2017-07-16 04:00:00,99.75,63.0
2017-07-16 05:00:00,100.75,60.1
2017-07-16 06:00:00,102.75,64.0
2017-07-16 07:00:00,123.75,70.0
2017-07-16 08:00:00,151.75,72.0
2017-07-16 09:00:00,171.25,73.9
2017-07-16 10:00:00,177.5,78.1
2017-07-16 11:00:00,178.75,82.9
2017-07-16 12:00:00,192.75,82.9
2017-07-16 13:00:00,197.0,82.0
2017-07-16 14:00:00,166.0,82.9
2017-07-16 15:00:00,167.25,84.0
2017-07-16 16:00:00,174.5,81.0
2017-07-16 17:00:00,162.5,75.9
2017-07-16 18:00:00,187.0,73.9
2017-07-16 19:00:00,196.25,71.1
2017-07-16 20:00:00,194.0,68.0
2017-07-16 21:00:00,151.5,66.0
2017-07-16 22:00:00,143.25,64.9
2017-07-16 23:00:00,133.75,66.0
2017-07-17 00:00:00,122.0,63.0
2017-07-17 01:00:00,111.25,62.1
2017-07-17 02:00:00,105.75,60.1
2017-07-17 03:00:00,101.0,61.0
2017-07-17 04:00:00,97.75,60.1
2017-07-17 05:00:00,98.75,60.1
2017-07-17 06:00:00,123.25,61.0
2017-07-17 07:00:00,174.5,64.0
2017-07-17 08:00:00,199.25,66.9
2017-07-17 09:00:00,205.75,69.1
2017-07-17 10:00:00,213.5,70.0
2017-07-17 11:00:00,197.75,70.0
2017-07-17 12:00:00,226.25,71.1
2017-07-17 13:00:00,231.25,73.0
2017-07-17 14:00:00,201.0,73.0
2017-07-17 15:00:00,182.75,73.9
2017-07-17 16:00:00,184.75,72.0
2017-07-17 17:00:00,182.75,70.0
2017-07-17 18:00:00,195.0,68.0
2017-07-17 19:00:00,219.0,64.9
2017-07-17 20:00:00,220.5,63.0
2017-07-17 21:00:00,164.0,62.1
2017-07-17 22:00:00,146.5,62.1
2017-07-17 23:00:00,135.5,60.1
2017-07-18 00:00:00,123.0,60.1
2017-07-18 01:00:00,111.75,59.0
2017-07-18 02:00:00,104.75,57.9
2017-07-18 03:00:00,102.5,57.0
2017-07-18 04:00:00,99.0,57.0
2017-07-18 05:00:00,101.5,57.0
2017-07-18 06:00:00,134.0,57.0
2017-07-18 07:00:00,166.75,57.9
2017-07-18 08:00:00,197.25,60.1
2017-07-18 09:00:00,210.75,61.0
2017-07-18 10:00:00,204.75,63.0
2017-07-18 11:00:00,192.75,63.0
2017-07-18 12:00:00,212.25,64.0
2017-07-18 13:00:00,215.75,66.9
2017-07-18 14:00:00,182.75,68.0
2017-07-18 15:00:00,183.43,68.0
2017-07-18 16:00:00,183.23,69.1
2017-07-18 17:00:00,183.0,66.0
2017-07-18 18:00:00,188.5,64.9
2017-07-18 19:00:00,207.0,63.0
2017-07-18 20:00:00,209.25,62.1
2017-07-18 21:00:00,153.25,60.1
2017-07-18 22:00:00,142.5,60.1
2017-07-18 23:00:00,133.0,60.1
2017-07-19 00:00:00,119.25,60.1
2017-07-19 01:00:00,109.0,60.1
2017-07-19 02:00:00,103.75,59.0
2017-07-19 03:00:00,101.0,57.0
2017-07-19 04:00:00,97.25,57.9
2017-07-19 05:00:00,103.0,59.0
2017-07-19 06:00:00,128.0,59.0
2017-07-19 07:00:00,171.75,60.1
2017-07-19 08:00:00,192.5,61.0
2017-07-19 09:00:00,207.75,64.0
2017-07-19 10:00:00,208.25,64.9
2017-07-19 11:00:00,192.25,66.9
2017-07-19 12:00:00,213.75,69.1
2017-07-19 13:00:00,223.25,71.1
2017-07-19 14:00:00,197.75,71.1
2017-07-19 15:00:00,175.75,71.1
2017-07-19 16:00:00,180.5,70.0
2017-07-19 17:00:00,174.25,68.0
2017-07-19 18:00:00,190.4,64.9
2017-07-19 19:00:00,209.5,63.0
2017-07-19 20:00:00,207.25,61.0
2017-07-19 21:00:00,160.0,60.1
2017-07-19 22:00:00,143.5,61.0
2017-07-19 23:00:00,134.0,57.9
2017-07-20 00:00:00,124.5,57.9
2017-07-20 01:00:00,117.5,61.0
2017-07-20 02:00:00,110.0,60.1
2017-07-20 03:00:00,104.75,60.1
2017-07-20 04:00:00,101.25,60.1
2017-07-20 05:00:00,104.5,60.1
2017-07-20 06:00:00,134.75,60.1
2017-07-20 07:00:00,167.0,60.1
2017-07-20 08:00:00,191.25,61.0
2017-07-20 09:00:00,207.25,63.0
2017-07-20 10:00:00,197.0,64.0
2017-07-20 11:00:00,191.25,64.9
2017-07-20 12:00:00,214.75,66.0
2017-07-20 13:00:00,226.75,69.1
2017-07-20 14:00:00,193.25,70.0
2017-07-20 15:00:00,190.25,69.1
2017-07-20 16:00:00,191.0,69.1
2017-07-20 17:00:00,196.0,68.0
2017-07-20 18:00:00,211.6,66.9
2017-07-20 19:00:00,216.5,64.0
2017-07-20 20:00:00,219.25,61.0
2017-07-20 21:00:00,162.5,61.0
2017-07-20 22:00:00,149.75,60.1
2017-07-20 23:00:00,141.0,61.0
2017-07-21 00:00:00,135.5,57.9
2017-07-21 01:00:00,124.5,57.0
2017-07-21 02:00:00,117.25,57.9
2017-07-21 03:00:00,111.75,59.0
2017-07-21 04:00:00,110.0,59.0
2017-07-21 05:00:00,109.75,57.9
2017-07-21 06:00:00,146.6,60.1
2017-07-21 07:00:00,180.0,60.1
2017-07-21 08:00:00,201.75,62.1
2017-07-21 09:00:00,206.0,64.9
2017-07-21 10:00:00,211.75,64.9
2017-07-21 11:00:00,196.0,68.0
2017-07-21 12:00:00,217.0,70.0
2017-07-21 13:00:00,231.0,72.0
2017-07-21 14:00:00,198.0,73.0
2017-07-21 15:00:00,180.25,72.0
2017-07-21 16:00:00,186.25,70.0
2017-07-21 17:00:00,180.5,68.0
2017-07-21 18:00:00,194.6,66.0
2017-07-21 19:00:00,203.25,63.0
2017-07-21 20:00:00,197.5,62.1
2017-07-21 21:00:00,148.75,62.1
2017-07-21 22:00:00,137.0,59.0
2017-07-21 23:00:00,129.75,61.0
2017-07-22 00:00:00,122.0,61.0
2017-07-22 01:00:00,116.25,60.1
2017-07-22 02:00:00,105.75,57.0
2017-07-22 03:00:00,102.75,57.9
2017-07-22 04:00:00,99.5,57.0
2017-07-22 05:00:00,105.5,57.0
2017-07-22 06:00:00,105.0,57.9
2017-07-22 07:00:00,154.2,64.0
2017-07-22 08:00:00,152.75,66.0
2017-07-22 09:00:00,164.5,68.0
2017-07-22 10:00:00,182.25,69.1
2017-07-22 11:00:00,195.5,72.0
2017-07-22 12:00:00,210.5,77.0
2017-07-22 13:00:00,211.5,80.1
2017-07-22 14:00:00,189.25,79.0
2017-07-22 15:00:00,171.0,81.0
2017-07-22 16:00:00,176.5,80.1
2017-07-22 17:00:00,160.75,82.0
2017-07-22 18:00:00,184.0,75.9
2017-07-22 19:00:00,190.5,71.1
2017-07-22 20:00:00,187.25,68.0
2017-07-22 21:00:00,144.75,66.9
2017-07-22 22:00:00,135.75,64.9
2017-07-22 23:00:00,127.0,64.0
2017-07-23 00:00:00,125.25,64.0
2017-07-23 01:00:00,116.75,62.1
2017-07-23 02:00:00,110.75,62.1
2017-07-23 03:00:00,109.0,62.1
2017-07-23 04:00:00,106.25,60.1
2017-07-23 05:00:00,107.0,60.1
2017-07-23 06:00:00,113.75,61.0
2017-07-23 07:00:00,148.25,64.9
2017-07-23 08:00:00,155.25,66.9
2017-07-23 09:00:00,164.25,69.1
2017-07-23 10:00:00,189.25,69.1
2017-07-23 11:00:00,182.5,71.1
2017-07-23 12:00:00,194.75,72.0
2017-07-23 13:00:00,200.5,72.0
2017-07-23 14:00:00,176.25,71.1
2017-07-23 15:00:00,164.25,70.0
2017-07-23 16:00:00,175.5,70.0
2017-07-23 17:00:00,170.0,66.9
2017-07-23 18:00:00,192.8,64.9
2017-07-23 19:00:00,202.0,61.0
2017-07-23 20:00:00,196.5,60.1
2017-07-23 21:00:00,152.5,60.1
2017-07-23 22:00:00,139.0,59.0
2017-07-23 23:00:00,129.5,59.0
2017-07-24 00:00:00,118.0,59.0
2017-07-24 01:00:00,107.75,57.0
2017-07-24 02:00:00,103.75,57.0
2017-07-24 03:00:00,101.0,57.9
2017-07-24 04:00:00,97.75,60.1
2017-07-24 05:00:00,98.75,60.1
2017-07-24 06:00:00,140.25,60.1
2017-07-24 07:00:00,179.25,62.1
2017-07-24 08:00:00,201.75,64.0
2017-07-24 09:00:00,211.75,64.9
2017-07-24 10:00:00,202.75,69.1
2017-07-24 11:00:00,204.0,72.0
2017-07-24 12:00:00,215.25,73.9
2017-07-24 13:00:00,218.0,73.9
2017-07-24 14:00:00,194.75,73.9
2017-07-24 15:00:00,175.75,73.9
2017-07-24 16:00:00,179.5,72.0
2017-07-24 17:00:00,176.25,71.1
2017-07-24 18:00:00,201.5,66.9
2017-07-24 19:00:00,211.0,66.0
2017-07-24 20:00:00,217.5,63.0
2017-07-24 21:00:00,167.75,62.1
2017-07-24 22:00:00,145.75,61.0
2017-07-24 23:00:00,134.25,61.0
2017-07-25 00:00:00,125.0,60.1
2017-07-25 01:00:00,113.5,60.1
2017-07-25 02:00:00,105.25,59.0
2017-07-25 03:00:00,102.0,57.9
2017-07-25 04:00:00,99.75,61.0
2017-07-25 05:00:00,100.75,62.1
2017-07-25 06:00:00,130.75,63.0
2017-07-25 07:00:00,166.5,64.0
2017-07-25 08:00:00,195.25,66.0
2017-07-25 09:00:00,217.5,66.9
2017-07-25 10:00:00,214.0,72.0
2017-07-25 11:00:00,200.5,70.0
2017-07-25 12:00:00,219.75,70.0
2017-07-25 13:00:00,224.5,71.1
2017-07-25 14:00:00,205.25,71.1
2017-07-25 15:00:00,194.8,71.1
2017-07-25 16:00:00,189.75,69.1
2017-07-25 17:00:00,186.25,66.9
2017-07-25 18:00:00,205.25,64.9
2017-07-25 19:00:00,219.75,63.0
2017-07-25 20:00:00,215.75,61.0
2017-07-25 21:00:00,163.25,60.1
2017-07-25 22:00:00,142.25,59.0
2017-07-25 23:00:00,133.5,59.0
2017-07-26 00:00:00,123.25,57.9
2017-07-26 01:00:00,114.75,57.9
2017-07-26 02:00:00,106.25,57.9
2017-07-26 03:00:00,103.0,57.9
2017-07-26 04:00:00,101.5,59.0
2017-07-26 05:00:00,101.0,60.1
2017-07-26 06:00:00,122.25,59.0
2017-07-26 07:00:00,171.75,59.0
2017-07-26 08:00:00,183.5,59.0
2017-07-26 09:00:00,198.5,61.0
2017-07-26 10:00:00,204.5,62.1
2017-07-26 11:00:00,192.75,64.9
2017-07-26 12:00:00,205.5,66.0
2017-07-26 13:00:00,219.0,69.1
2017-07-26 14:00:00,212.75,70.0
2017-07-26 15:00:00,196.75,69.1
2017-07-26 16:00:00,191.25,68.0
2017-07-26 17:00:00,188.0,66.0
2017-07-26 18:00:00,210.25,64.0
2017-07-26 19:00:00,223.75,62.1
2017-07-26 20:00:00,216.5,59.0
2017-07-26 21:00:00,171.0,57.9
2017-07-26 22:00:00,150.75,57.0
2017-07-26 23:00:00,135.75,57.9
2017-07-27 00:00:00,123.25,57.0
2017-07-27 01:00:00,114.0,55.9
2017-07-27 02:00:00,107.0,55.9
2017-07-27 03:00:00,102.5,57.0
2017-07-27 04:00:00,100.75,55.9
2017-07-27 05:00:00,100.25,55.9
2017-07-27 06:00:00,119.75,55.9
2017-07-27 07:00:00,167.25,57.0
2017-07-27 08:00:00,187.75,57.9
2017-07-27 09:00:00,202.0,61.0
2017-07-27 10:00:00,210.25,63.0
2017-07-27 11:00:00,191.5,66.9
2017-07-27 12:00:00,220.75,71.1
2017-07-27 13:00:00,201.5,75.0
2017-07-27 14:00:00,210.25,73.9
2017-07-27 15:00:00,194.75,72.0
2017-07-27 16:00:00,193.5,70.0
2017-07-27 17:00:00,183.25,68.0
2017-07-27 18:00:00,198.75,66.9
2017-07-27 19:00:00,205.5,64.0
2017-07-27 20:00:00,206.0,62.1
2017-07-27 21:00:00,158.75,61.0
2017-07-27 22:00:00,145.75,61.0
2017-07-27 23:00:00,132.5,60.1
2017-07-28 00:00:00,124.25,57.9
2017-07-28 01:00:00,117.0,57.9
2017-07-28 02:00:00,110.5,57.0
2017-07-28 03:00:00,105.5,57.0
2017-07-28 04:00:00,101.75,57.0
2017-07-28 05:00:00,105.0,57.0
2017-07-28 06:00:00,150.0,55.9
2017-07-28 07:00:00,161.5,57.0
2017-07-28 08:00:00,193.75,57.9
2017-07-28 09:00:00,215.0,60.1
2017-07-28 10:00:00,207.0,63.0
2017-07-28 11:00:00,191.75,64.9
2017-07-28 12:00:00,206.0,64.0
2017-07-28 13:00:00,225.25,66.9
2017-07-28 14:00:00,214.0,64.9
2017-07-28 15:00:00,181.5,64.9
2017-07-28 16:00:00,183.5,64.0
2017-07-28 17:00:00,181.0,63.0
2017-07-28 18:00:00,197.5,61.0
2017-07-28 19:00:00,200.25,59.0
2017-07-28 20:00:00,202.5,59.0
2017-07-28 21:00:00,159.75,57.0
2017-07-28 22:00:00,138.5,57.0
2017-07-28 23:00:00,128.0,57.0
2017-07-29 00:00:00,119.4,55.0
2017-07-29 01:00:00,113.75,55.0
2017-07-29 02:00:00,109.25,57.9
2017-07-29 03:00:00,107.75,55.0
2017-07-29 04:00:00,103.0,55.9
2017-07-29 05:00:00,106.75,57.9
2017-07-29 06:00:00,111.0,57.0
2017-07-29 07:00:00,155.25,59.0
2017-07-29 08:00:00,157.75,60.1
2017-07-29 09:00:00,171.5,61.0
2017-07-29 10:00:00,190.75,63.0
2017-07-29 11:00:00,194.75,63.0
2017-07-29 12:00:00,198.0,64.9
2017-07-29 13:00:00,198.25,64.0
2017-07-29 14:00:00,172.0,66.0
2017-07-29 15:00:00,164.75,64.0
2017-07-29 16:00:00,162.75,63.0
2017-07-29 17:00:00,176.75,63.0
2017-07-29 18:00:00,176.5,59.0
2017-07-29 19:00:00,194.25,57.0
2017-07-29 20:00:00,194.0,55.0
2017-07-29 21:00:00,144.5,55.0
2017-07-29 22:00:00,133.0,55.9
2017-07-29 23:00:00,123.75,55.0
2017-07-30 00:00:00,119.75,55.0
2017-07-30 01:00:00,113.5,55.9
2017-07-30 02:00:00,104.75,55.9
2017-07-30 03:00:00,100.0,55.9
2017-07-30 04:00:00,99.0,57.0
2017-07-30 05:00:00,102.25,57.0
2017-07-30 06:00:00,108.0,57.0
2017-07-30 07:00:00,136.75,57.0
2017-07-30 08:00:00,142.25,57.9
2017-07-30 09:00:00,171.75,60.1
2017-07-30 10:00:00,181.0,62.1
2017-07-30 11:00:00,189.25,66.0
2017-07-30 12:00:00,196.25,69.1
2017-07-30 13:00:00,198.75,66.9
2017-07-30 14:00:00,172.5,69.1
2017-07-30 15:00:00,160.75,70.0
2017-07-30 16:00:00,174.75,68.0
2017-07-30 17:00:00,164.75,66.9
2017-07-30 18:00:00,188.0,64.0
2017-07-30 19:00:00,203.25,61.0
2017-07-30 20:00:00,194.25,59.0
2017-07-30 21:00:00,152.5,57.9
2017-07-30 22:00:00,143.5,57.9
2017-07-30 23:00:00,133.0,57.9
2017-07-31 00:00:00,123.31,57.9
2017-07-31 01:00:00,116.02,57.9
2017-07-31 02:00:00,108.75,57.9
2017-07-31 03:00:00,104.0,57.9
2017-07-31 04:00:00,103.25,57.0
2017-07-31 05:00:00,109.75,57.0
2017-07-31 06:00:00,124.0,57.0
2017-07-31 07:00:00,172.25,57.9
2017-07-31 08:00:00,204.0,59.0
2017-07-31 09:00:00,208.5,62.1
2017-07-31 10:00:00,208.5,64.0
2017-07-31 11:00:00,193.0,64.0
2017-07-31 12:00:00,214.25,68.0
2017-07-31 13:00:00,224.5,69.1
2017-07-31 14:00:00,213.0,69.1
2017-07-31 15:00:00,192.0,69.1
2017-07-31 16:00:00,181.5,68.0
2017-07-31 17:00:00,176.5,66.0
2017-07-31 18:00:00,206.25,62.1
2017-07-31 19:00:00,212.5,60.1
2017-07-31 20:00:00,205.75,57.9
2017-07-31 21:00:00,154.0,57.0
2017-07-31 22:00:00,142.5,57.0
2017-07-31 23:00:00,132.0,57.0
2017-08-01 00:00:00,120.5,55.9
2017-08-01 01:00:00,108.25,55.9
2017-08-01 02:00:00,101.25,55.0
2017-08-01 03:00:00,98.25,55.9
2017-08-01 04:00:00,99.0,55.0
2017-08-01 05:00:00,105.0,54.0
2017-08-01 06:00:00,127.5,55.0
2017-08-01 07:00:00,161.0,59.0
2017-08-01 08:00:00,189.0,60.1
2017-08-01 09:00:00,199.75,62.1
2017-08-01 10:00:00,198.25,64.9
2017-08-01 11:00:00,184.25,68.0
2017-08-01 12:00:00,212.0,73.0
2017-08-01 13:00:00,215.75,73.9
2017-08-01 14:00:00,189.0,73.0
2017-08-01 15:00:00,188.75,73.0
2017-08-01 16:00:00,183.0,71.1
2017-08-01 17:00:00,182.0,69.1
2017-08-01 18:00:00,217.25,66.9
2017-08-01 19:00:00,222.5,64.0
2017-08-01 20:00:00,206.25,62.1
2017-08-01 21:00:00,160.75,62.1
2017-08-01 22:00:00,144.25,61.0
2017-08-01 23:00:00,134.5,61.0
2017-08-02 00:00:00,123.88,60.1
2017-08-02 01:00:00,115.18,60.1
2017-08-02 02:00:00,107.5,60.1
2017-08-02 03:00:00,104.25,59.0
2017-08-02 04:00:00,100.0,57.9
2017-08-02 05:00:00,105.75,59.0
2017-08-02 06:00:00,126.75,59.0
2017-08-02 07:00:00,172.25,61.0
2017-08-02 08:00:00,200.8,64.0
2017-08-02 09:00:00,213.25,68.0
2017-08-02 10:00:00,207.75,70.0
2017-08-02 11:00:00,193.25,73.0
2017-08-02 12:00:00,219.75,73.0
2017-08-02 13:00:00,219.0,75.9
2017-08-02 14:00:00,196.0,81.0
2017-08-02 15:00:00,171.75,82.9
2017-08-02 16:00:00,177.0,75.9
2017-08-02 17:00:00,177.5,72.0
2017-08-02 18:00:00,198.4,72.0
2017-08-02 19:00:00,207.5,66.0
2017-08-02 20:00:00,199.0,64.0
2017-08-02 21:00:00,154.5,62.1
2017-08-02 22:00:00,141.25,63.0
2017-08-02 23:00:00,134.75,63.0
2017-08-03 00:00:00,124.0,63.0
2017-08-03 01:00:00,116.5,64.9
2017-08-03 02:00:00,106.5,64.0
2017-08-03 03:00:00,105.25,64.9
2017-08-03 04:00:00,101.25,64.0
2017-08-03 05:00:00,101.75,64.0
2017-08-03 06:00:00,137.25,64.9
2017-08-03 07:00:00,170.25,66.9
2017-08-03 08:00:00,193.0,69.1
2017-08-03 09:00:00,207.25,72.0
2017-08-03 10:00:00,212.75,73.0
2017-08-03 11:00:00,208.5,73.9
2017-08-03 12:00:00,227.5,75.0
2017-08-03 13:00:00,230.0,70.0
2017-08-03 14:00:00,200.25,71.1
2017-08-03 15:00:00,192.5,72.0
2017-08-03 16:00:00,193.0,73.0
2017-08-03 17:00:00,179.0,72.0
2017-08-03 18:00:00,196.75,70.0
2017-08-03 19:00:00,201.25,68.0
2017-08-03 20:00:00,200.5,66.9
2017-08-03 21:00:00,156.54,70.0
2017-08-03 22:00:00,140.66,70.0
2017-08-03 23:00:00,131.5,71.1
2017-08-04 00:00:00,122.75,71.1
2017-08-04 01:00:00,117.0,71.1
2017-08-04 02:00:00,109.5,70.0
2017-08-04 03:00:00,104.5,70.0
2017-08-04 04:00:00,100.75,66.9
2017-08-04 05:00:00,109.0,69.1
2017-08-04 06:00:00,146.25,68.0
2017-08-04 07:00:00,171.75,66.9
2017-08-04 08:00:00,190.5,66.0
2017-08-04 09:00:00,215.0,66.9
2017-08-04 10:00:00,209.75,69.1
2017-08-04 11:00:00,209.0,69.1
2017-08-04 12:00:00,224.25,68.0
2017-08-04 13:00:00,233.25,68.0
2017-08-04 14:00:00,208.25,66.9
2017-08-04 15:00:00,191.0,66.9
2017-08-04 16:00:00,192.0,66.9
2017-08-04 17:00:00,178.75,73.0
2017-08-04 18:00:00,196.8,70.0
2017-08-04 19:00:00,204.0,66.9
2017-08-04 20:00:00,188.75,64.9
2017-08-04 21:00:00,141.5,64.0
2017-08-04 22:00:00,130.25,63.0
2017-08-04 23:00:00,129.0,62.1
2017-08-05 00:00:00,122.0,61.0
2017-08-05 01:00:00,113.0,61.0
2017-08-05 02:00:00,106.75,60.1
2017-08-05 03:00:00,103.75,60.1
2017-08-05 04:00:00,101.75,60.1
2017-08-05 05:00:00,102.25,60.1
2017-08-05 06:00:00,114.0,61.0
2017-08-05 07:00:00,151.0,62.1
2017-08-05 08:00:00,154.0,62.1
2017-08-05 09:00:00,165.5,63.0
2017-08-05 10:00:00,182.5,64.0
2017-08-05 11:00:00,180.0,66.9
2017-08-05 12:00:00,194.75,70.0
2017-08-05 13:00:00,197.75,71.1
2017-08-05 14:00:00,165.75,71.1
2017-08-05 15:00:00,177.25,70.0
2017-08-05 16:00:00,179.25,70.0
2017-08-05 17:00:00,172.5,66.9
2017-08-05 18:00:00,196.25,64.0
2017-08-05 19:00:00,190.5,62.1
2017-08-05 20:00:00,179.5,62.1
2017-08-05 21:00:00,151.75,62.1
2017-08-05 22:00:00,127.75,62.1
2017-08-05 23:00:00,124.25,61.0
2017-08-06 00:00:00,122.0,61.0
2017-08-06 01:00:00,114.42,61.0
2017-08-06 02:00:00,110.9,62.1
2017-08-06 03:00:00,107.5,61.0
2017-08-06 04:00:00,105.0,60.1
2017-08-06 05:00:00,101.75,60.1
2017-08-06 06:00:00,111.5,60.1
2017-08-06 07:00:00,160.75,62.1
2017-08-06 08:00:00,154.5,62.1
2017-08-06 09:00:00,178.75,63.0
2017-08-06 10:00:00,181.75,62.1
2017-08-06 11:00:00,190.5,64.9
2017-08-06 12:00:00,201.25,66.9
2017-08-06 13:00:00,196.75,69.1
2017-08-06 14:00:00,155.25,69.1
2017-08-06 15:00:00,171.0,69.1
2017-08-06 16:00:00,168.5,68.0
2017-08-06 17:00:00,170.5,66.0
2017-08-06 18:00:00,200.2,64.0
2017-08-06 19:00:00,204.25,63.0
2017-08-06 20:00:00,198.0,62.1
2017-08-06 21:00:00,152.25,61.0
2017-08-06 22:00:00,140.5,62.1
2017-08-06 23:00:00,130.5,62.1
2017-08-07 00:00:00,122.25,62.1
2017-08-07 01:00:00,113.25,62.1
2017-08-07 02:00:00,107.0,62.1
2017-08-07 03:00:00,102.5,62.1
2017-08-07 04:00:00,99.25,62.1
2017-08-07 05:00:00,105.75,61.0
2017-08-07 06:00:00,135.5,61.0
2017-08-07 07:00:00,166.25,62.1
2017-08-07 08:00:00,200.75,62.1
2017-08-07 09:00:00,210.5,63.0
2017-08-07 10:00:00,192.25,63.0
2017-08-07 11:00:00,197.0,64.0
2017-08-07 12:00:00,227.75,66.9
2017-08-07 13:00:00,228.0,66.9
2017-08-07 14:00:00,211.75,69.1
2017-08-07 15:00:00,189.5,69.1
2017-08-07 16:00:00,196.0,66.9
2017-08-07 17:00:00,185.0,66.0
2017-08-07 18:00:00,196.25,64.9
2017-08-07 19:00:00,208.0,63.0
2017-08-07 20:00:00,209.5,62.1
2017-08-07 21:00:00,158.5,62.1
2017-08-07 22:00:00,143.0,61.0
2017-08-07 23:00:00,130.75,61.0
2017-08-08 00:00:00,123.5,61.0
2017-08-08 01:00:00,116.0,61.0
2017-08-08 02:00:00,111.25,60.1
2017-08-08 03:00:00,108.5,59.0
2017-08-08 04:00:00,104.0,59.0
2017-08-08 05:00:00,108.25,59.0
2017-08-08 06:00:00,129.0,59.0
2017-08-08 07:00:00,169.5,59.0
2017-08-08 08:00:00,191.5,60.1
2017-08-08 09:00:00,200.5,61.0
2017-08-08 10:00:00,200.0,62.1
2017-08-08 11:00:00,185.75,64.0
2017-08-08 12:00:00,223.5,66.0
2017-08-08 13:00:00,224.25,66.9
2017-08-08 14:00:00,197.5,68.0
2017-08-08 15:00:00,186.5,66.9
2017-08-08 16:00:00,185.0,66.0
2017-08-08 17:00:00,187.0,64.9
2017-08-08 18:00:00,196.0,63.0
2017-08-08 19:00:00,213.25,61.0
2017-08-08 20:00:00,203.75,61.0
2017-08-08 21:00:00,156.0,60.1
2017-08-08 22:00:00,145.75,60.1
2017-08-08 23:00:00,133.0,60.1
2017-08-09 00:00:00,126.25,59.0
2017-08-09 01:00:00,116.75,59.0
2017-08-09 02:00:00,109.75,59.0
2017-08-09 03:00:00,103.25,57.9
2017-08-09 04:00:00,101.25,57.9
2017-08-09 05:00:00,106.0,57.9
2017-08-09 06:00:00,128.0,57.9
2017-08-09 07:00:00,174.0,57.9
2017-08-09 08:00:00,194.0,59.0
2017-08-09 09:00:00,210.0,59.0
2017-08-09 10:00:00,209.75,60.1
2017-08-09 11:00:00,182.25,61.0
2017-08-09 12:00:00,221.75,62.1
2017-08-09 13:00:00,233.25,63.0
2017-08-09 14:00:00,219.75,64.9
2017-08-09 15:00:00,193.0,64.0
2017-08-09 16:00:00,191.4,64.9
2017-08-09 17:00:00,188.75,63.0
2017-08-09 18:00:00,201.5,62.1
2017-08-09 19:00:00,221.5,62.1
2017-08-09 20:00:00,221.25,61.0
2017-08-09 21:00:00,162.75,61.0
2017-08-09 22:00:00,146.75,61.0
2017-08-09 23:00:00,134.75,60.1
2017-08-10 00:00:00,129.0,60.1
2017-08-10 01:00:00,120.25,60.1
2017-08-10 02:00:00,112.25,60.1
2017-08-10 03:00:00,107.25,59.0
2017-08-10 04:00:00,103.0,59.0
2017-08-10 05:00:00,104.5,59.0
2017-08-10 06:00:00,133.5,59.0
2017-08-10 07:00:00,170.75,59.0
2017-08-10 08:00:00,196.5,59.0
2017-08-10 09:00:00,213.5,60.1
2017-08-10 10:00:00,219.25,61.0
2017-08-10 11:00:00,206.0,63.0
2017-08-10 12:00:00,227.75,64.0
2017-08-10 13:00:00,233.8,64.9
2017-08-10 14:00:00,214.75,66.9
2017-08-10 15:00:00,189.25,66.9
2017-08-10 16:00:00,199.75,66.0
2017-08-10 17:00:00,182.75,64.9
2017-08-10 18:00:00,202.25,62.1
2017-08-10 19:00:00,206.25,60.1
2017-08-10 20:00:00,207.5,60.1
2017-08-10 21:00:00,160.0,60.1
2017-08-10 22:00:00,143.5,60.1
2017-08-10 23:00:00,134.75,59.0
2017-08-11 00:00:00,131.5,59.0
2017-08-11 01:00:00,125.75,59.0
2017-08-11 02:00:00,119.25,59.0
2017-08-11 03:00:00,114.25,57.9
2017-08-11 04:00:00,108.0,57.9
2017-08-11 05:00:00,112.25,57.9
2017-08-11 06:00:00,145.5,57.9
2017-08-11 07:00:00,164.75,57.9
2017-08-11 08:00:00,193.25,59.0
2017-08-11 09:00:00,205.5,59.0
2017-08-11 10:00:00,216.25,61.0
2017-08-11 11:00:00,205.5,63.0
2017-08-11 12:00:00,226.0,66.0
2017-08-11 13:00:00,240.0,68.0
2017-08-11 14:00:00,215.75,68.0
2017-08-11 15:00:00,196.8,66.9
2017-08-11 16:00:00,198.0,66.0
2017-08-11 17:00:00,180.75,66.0
2017-08-11 18:00:00,198.25,64.0
2017-08-11 19:00:00,192.75,62.1
2017-08-11 20:00:00,193.25,61.0
2017-08-11 21:00:00,153.25,60.1
2017-08-11 22:00:00,140.75,60.1
2017-08-11 23:00:00,132.75,60.1
2017-08-12 00:00:00,128.75,60.1
2017-08-12 01:00:00,124.5,60.1
2017-08-12 02:00:00,117.5,60.1
2017-08-12 03:00:00,116.5,59.0
2017-08-12 04:00:00,108.75,57.9
2017-08-12 05:00:00,112.5,57.9
2017-08-12 06:00:00,119.75,57.9
2017-08-12 07:00:00,155.0,57.9
2017-08-12 08:00:00,171.5,60.1
2017-08-12 09:00:00,192.63,57.9
2017-08-12 10:00:00,198.77,59.0
2017-08-12 11:00:00,198.5,60.1
2017-08-12 12:00:00,195.25,62.1
2017-08-12 13:00:00,187.5,64.0
2017-08-12 14:00:00,164.75,64.9
2017-08-12 15:00:00,157.0,64.9
2017-08-12 16:00:00,153.0,63.0
2017-08-12 17:00:00,165.25,62.1
2017-08-12 18:00:00,158.95,61.0
2017-08-12 19:00:00,154.58,60.1
2017-08-12 20:00:00,167.25,60.1
2017-08-12 21:00:00,136.25,59.0
2017-08-12 22:00:00,122.0,57.9
2017-08-12 23:00:00,114.0,59.0
2017-08-13 00:00:00,115.25,59.0
2017-08-13 01:00:00,111.25,59.0
2017-08-13 02:00:00,111.25,57.9
2017-08-13 03:00:00,112.75,57.0
2017-08-13 04:00:00,111.25,57.0
2017-08-13 05:00:00,116.5,57.0
2017-08-13 06:00:00,119.0,57.0
2017-08-13 07:00:00,144.5,57.0
2017-08-13 08:00:00,153.25,59.0
2017-08-13 09:00:00,172.75,60.1
2017-08-13 10:00:00,165.75,61.0
2017-08-13 11:00:00,172.0,63.0
2017-08-13 12:00:00,179.0,64.9
2017-08-13 13:00:00,181.75,66.9
2017-08-13 14:00:00,157.25,66.0
2017-08-13 15:00:00,161.75,66.9
2017-08-13 16:00:00,182.5,66.0
2017-08-13 17:00:00,172.0,64.9
2017-08-13 18:00:00,188.0,64.0
2017-08-13 19:00:00,196.75,63.0
2017-08-13 20:00:00,180.5,63.0
2017-08-13 21:00:00,136.5,62.1
2017-08-13 22:00:00,121.75,61.0
2017-08-13 23:00:00,114.75,61.0
2017-08-14 00:00:00,111.75,61.0
2017-08-14 01:00:00,108.5,60.1
2017-08-14 02:00:00,106.75,60.1
2017-08-14 03:00:00,107.75,60.1
2017-08-14 04:00:00,105.25,60.1
2017-08-14 05:00:00,109.5,59.0
2017-08-14 06:00:00,145.25,57.9
2017-08-14 07:00:00,168.75,57.0
2017-08-14 08:00:00,182.5,57.9
2017-08-14 09:00:00,205.5,59.0
2017-08-14 10:00:00,194.25,60.1
2017-08-14 11:00:00,190.5,61.0
2017-08-14 12:00:00,206.5,62.1
2017-08-14 13:00:00,204.75,62.1
2017-08-14 14:00:00,184.75,62.1
2017-08-14 15:00:00,173.25,63.0
2017-08-14 16:00:00,173.5,62.1
2017-08-14 17:00:00,179.25,61.0
2017-08-14 18:00:00,192.25,61.0
2017-08-14 19:00:00,195.5,60.1
2017-08-14 20:00:00,175.5,60.1
2017-08-14 21:00:00,132.75,60.1
2017-08-14 22:00:00,114.0,60.1
2017-08-14 23:00:00,107.25,60.1
2017-08-15 00:00:00,103.75,59.0
2017-08-15 01:00:00,99.5,59.0
2017-08-15 02:00:00,98.75,59.0
2017-08-15 03:00:00,96.25,60.1
2017-08-15 04:00:00,96.5,59.0
2017-08-15 05:00:00,103.25,57.9
2017-08-15 06:00:00,129.25,59.0
2017-08-15 07:00:00,167.75,60.1
2017-08-15 08:00:00,179.75,61.0
2017-08-15 09:00:00,210.0,63.0
2017-08-15 10:00:00,216.0,63.0
2017-08-15 11:00:00,208.75,64.0
2017-08-15 12:00:00,228.5,64.9
2017-08-15 13:00:00,217.25,64.9
2017-08-15 14:00:00,188.75,64.9
2017-08-15 15:00:00,181.4,66.9
2017-08-15 16:00:00,186.5,63.0
2017-08-15 17:00:00,192.25,63.0
2017-08-15 18:00:00,203.25,61.0
2017-08-15 19:00:00,194.25,59.0
2017-08-15 20:00:00,166.5,59.0
2017-08-15 21:00:00,131.0,59.0
2017-08-15 22:00:00,119.75,59.0
2017-08-15 23:00:00,113.5,60.1
2017-08-16 00:00:00,108.0,59.0
2017-08-16 01:00:00,105.75,60.1
2017-08-16 02:00:00,104.25,61.0
2017-08-16 03:00:00,101.75,61.0
2017-08-16 04:00:00,103.0,61.0
2017-08-16 05:00:00,110.0,60.1
2017-08-16 06:00:00,134.0,61.0
2017-08-16 07:00:00,168.5,62.1
2017-08-16 08:00:00,178.5,63.0
2017-08-16 09:00:00,189.5,64.0
2017-08-16 10:00:00,194.0,66.9
2017-08-16 11:00:00,207.5,66.9
2017-08-16 12:00:00,229.75,68.0
2017-08-16 13:00:00,225.0,71.1
2017-08-16 14:00:00,190.0,71.1
2017-08-16 15:00:00,188.2,70.0
2017-08-16 16:00:00,176.75,69.1
2017-08-16 17:00:00,177.0,66.9
2017-08-16 18:00:00,197.25,64.9
2017-08-16 19:00:00,174.0,62.1
2017-08-16 20:00:00,162.25,61.0
2017-08-16 21:00:00,126.25,61.0
2017-08-16 22:00:00,111.19,61.0
2017-08-16 23:00:00,105.36,60.1
2017-08-17 00:00:00,101.5,60.1
2017-08-17 01:00:00,98.75,61.0
2017-08-17 02:00:00,96.6,61.0
2017-08-17 03:00:00,95.0,61.0
2017-08-17 04:00:00,95.5,61.0
2017-08-17 05:00:00,101.0,61.0
2017-08-17 06:00:00,128.5,62.1
2017-08-17 07:00:00,163.0,62.1
2017-08-17 08:00:00,187.75,63.0
2017-08-17 09:00:00,189.75,64.0
2017-08-17 10:00:00,180.25,64.9
2017-08-17 11:00:00,172.5,66.9
2017-08-17 12:00:00,200.25,69.1
2017-08-17 13:00:00,205.0,70.0
2017-08-17 14:00:00,180.25,71.1
2017-08-17 15:00:00,174.5,70.0
2017-08-17 16:00:00,182.0,69.1
2017-08-17 17:00:00,172.5,66.9
2017-08-17 18:00:00,185.4,64.9
2017-08-17 19:00:00,197.0,63.0
2017-08-17 20:00:00,192.0,62.1
2017-08-17 21:00:00,149.25,61.0
2017-08-17 22:00:00,133.5,61.0
2017-08-17 23:00:00,124.5,60.1
2017-08-18 00:00:00,119.5,60.1
2017-08-18 01:00:00,112.5,60.1
2017-08-18 02:00:00,107.75,60.1
2017-08-18 03:00:00,106.0,60.1
2017-08-18 04:00:00,106.0,60.1
2017-08-18 05:00:00,106.0,60.1
2017-08-18 06:00:00,151.0,61.0
2017-08-18 07:00:00,169.0,61.0
2017-08-18 08:00:00,203.25,62.1
2017-08-18 09:00:00,212.5,63.0
2017-08-18 10:00:00,206.75,64.9
2017-08-18 11:00:00,191.25,68.0
2017-08-18 12:00:00,208.5,69.1
2017-08-18 13:00:00,213.0,70.0
2017-08-18 14:00:00,179.0,70.0
2017-08-18 15:00:00,165.8,69.1
2017-08-18 16:00:00,175.75,66.9
2017-08-18 17:00:00,165.0,64.9
2017-08-18 18:00:00,192.0,63.0
2017-08-18 19:00:00,190.25,62.1
2017-08-18 20:00:00,186.0,61.0
2017-08-18 21:00:00,134.75,60.1
2017-08-18 22:00:00,121.75,62.1
2017-08-18 23:00:00,113.25,60.1
2017-08-19 00:00:00,108.5,60.1
2017-08-19 01:00:00,109.25,60.1
2017-08-19 02:00:00,104.25,60.1
2017-08-19 03:00:00,99.75,60.1
2017-08-19 04:00:00,95.75,61.0
2017-08-19 05:00:00,98.25,61.0
2017-08-19 06:00:00,103.0,61.0
2017-08-19 07:00:00,160.5,61.0
2017-08-19 08:00:00,163.5,61.0
2017-08-19 09:00:00,175.0,61.0
2017-08-19 10:00:00,194.0,62.1
2017-08-19 11:00:00,194.0,64.9
2017-08-19 12:00:00,200.5,68.0
2017-08-19 13:00:00,197.5,69.1
2017-08-19 14:00:00,176.25,68.0
2017-08-19 15:00:00,180.25,69.1
2017-08-19 16:00:00,180.5,68.0
2017-08-19 17:00:00,175.0,66.0
2017-08-19 18:00:00,202.5,64.0
2017-08-19 19:00:00,205.75,63.0
2017-08-19 20:00:00,189.25,62.1
2017-08-19 21:00:00,140.5,62.1
2017-08-19 22:00:00,126.5,61.0
2017-08-19 23:00:00,115.5,60.1
2017-08-20 00:00:00,112.0,61.0
2017-08-20 01:00:00,106.75,62.1
2017-08-20 02:00:00,105.0,62.1
2017-08-20 03:00:00,103.5,62.1
2017-08-20 04:00:00,100.5,62.1
2017-08-20 05:00:00,100.5,62.1
2017-08-20 06:00:00,106.25,61.0
2017-08-20 07:00:00,140.0,62.1
2017-08-20 08:00:00,161.75,63.0
2017-08-20 09:00:00,171.5,64.9
2017-08-20 10:00:00,200.75,66.9
2017-08-20 11:00:00,195.25,69.1
2017-08-20 12:00:00,199.0,72.0
2017-08-20 13:00:00,195.0,72.0
2017-08-20 14:00:00,179.5,73.0
2017-08-20 15:00:00,178.4,71.1
2017-08-20 16:00:00,175.0,71.1
2017-08-20 17:00:00,165.0,68.0
2017-08-20 18:00:00,202.25,66.9
2017-08-20 19:00:00,192.25,63.0
2017-08-20 20:00:00,207.5,63.0
2017-08-20 21:00:00,151.25,62.1
2017-08-20 22:00:00,135.25,62.1
2017-08-20 23:00:00,121.5,63.0
2017-08-21 00:00:00,111.25,62.1
2017-08-21 01:00:00,106.75,63.0
2017-08-21 02:00:00,103.0,63.0
2017-08-21 03:00:00,99.75,63.0
2017-08-21 04:00:00,97.25,63.0
2017-08-21 05:00:00,105.25,63.0
2017-08-21 06:00:00,132.75,63.0
2017-08-21 07:00:00,189.25,63.0
2017-08-21 08:00:00,199.0,64.9
2017-08-21 09:00:00,218.0,64.9
2017-08-21 10:00:00,190.0,66.0
2017-08-21 11:00:00,200.0,68.0
2017-08-21 12:00:00,218.5,69.1
2017-08-21 13:00:00,220.5,71.1
2017-08-21 14:00:00,198.75,72.0
2017-08-21 15:00:00,188.5,71.1
2017-08-21 16:00:00,190.75,70.0
2017-08-21 17:00:00,191.25,66.9
2017-08-21 18:00:00,198.75,66.0
2017-08-21 19:00:00,210.75,64.0
2017-08-21 20:00:00,211.75,64.0
2017-08-21 21:00:00,163.75,63.0
2017-08-21 22:00:00,142.0,64.0
2017-08-21 23:00:00,131.25,61.0
2017-08-22 00:00:00,122.0,60.1
2017-08-22 01:00:00,114.75,59.0
2017-08-22 02:00:00,111.0,60.1
2017-08-22 03:00:00,109.0,62.1
2017-08-22 04:00:00,107.25,61.0
2017-08-22 05:00:00,113.5,61.0
2017-08-22 06:00:00,129.75,61.0
2017-08-22 07:00:00,166.25,62.1
2017-08-22 08:00:00,174.0,62.1
2017-08-22 09:00:00,214.5,63.0
2017-08-22 10:00:00,218.0,64.9
2017-08-22 11:00:00,204.25,68.0
2017-08-22 12:00:00,214.5,70.0
2017-08-22 13:00:00,228.25,71.1
2017-08-22 14:00:00,203.25,72.0
2017-08-22 15:00:00,198.75,71.1
2017-08-22 16:00:00,192.25,70.0
2017-08-22 17:00:00,185.0,68.0
2017-08-22 18:00:00,192.75,66.9
2017-08-22 19:00:00,204.5,63.0
2017-08-22 20:00:00,208.25,62.1
2017-08-22 21:00:00,157.25,61.0
2017-08-22 22:00:00,136.25,61.0
2017-08-22 23:00:00,126.5,60.1
2017-08-23 00:00:00,117.75,60.1
2017-08-23 01:00:00,109.5,59.0
2017-08-23 02:00:00,104.75,59.0
2017-08-23 03:00:00,101.0,60.1
2017-08-23 04:00:00,99.75,59.0
2017-08-23 05:00:00,100.75,59.0
2017-08-23 06:00:00,133.25,59.0
2017-08-23 07:00:00,175.5,60.1
2017-08-23 08:00:00,203.75,60.1
2017-08-23 09:00:00,211.25,61.0
2017-08-23 10:00:00,204.0,62.1
2017-08-23 11:00:00,190.25,64.0
2017-08-23 12:00:00,209.0,66.0
2017-08-23 13:00:00,221.5,68.0
2017-08-23 14:00:00,201.75,68.0
2017-08-23 15:00:00,187.4,66.0
2017-08-23 16:00:00,182.25,66.0
2017-08-23 17:00:00,191.0,64.0
2017-08-23 18:00:00,204.0,59.0
2017-08-23 19:00:00,222.25,60.1
2017-08-23 20:00:00,215.75,60.1
2017-08-23 21:00:00,164.5,61.0
2017-08-23 22:00:00,145.25,61.0
2017-08-23 23:00:00,132.75,60.1
2017-08-24 00:00:00,117.0,60.1
2017-08-24 01:00:00,107.25,59.0
2017-08-24 02:00:00,103.25,59.0
2017-08-24 03:00:00,100.0,60.1
2017-08-24 04:00:00,99.0,60.1
2017-08-24 05:00:00,101.25,60.1
2017-08-24 06:00:00,148.25,59.0
2017-08-24 07:00:00,175.75,59.0
2017-08-24 08:00:00,197.25,60.1
2017-08-24 09:00:00,211.5,60.1
2017-08-24 10:00:00,214.0,61.0
2017-08-24 11:00:00,187.0,63.0
2017-08-24 12:00:00,215.5,64.9
2017-08-24 13:00:00,217.75,64.0
2017-08-24 14:00:00,196.75,66.0
2017-08-24 15:00:00,178.8,64.0
2017-08-24 16:00:00,185.75,64.9
2017-08-24 17:00:00,186.0,63.0
2017-08-24 18:00:00,206.5,62.1
2017-08-24 19:00:00,217.5,60.1
2017-08-24 20:00:00,214.75,57.9
2017-08-24 21:00:00,180.0,60.1
2017-08-24 22:00:00,146.25,60.1
2017-08-24 23:00:00,135.5,57.9
2017-08-25 00:00:00,126.25,59.0
2017-08-25 01:00:00,118.5,57.9
2017-08-25 02:00:00,113.5,55.9
2017-08-25 03:00:00,110.0,55.9
2017-08-25 04:00:00,107.25,55.0
2017-08-25 05:00:00,109.5,57.0
2017-08-25 06:00:00,160.5,57.9
2017-08-25 07:00:00,185.5,57.9
2017-08-25 08:00:00,196.25,59.0
2017-08-25 09:00:00,214.75,60.1
2017-08-25 10:00:00,211.0,63.0
2017-08-25 11:00:00,183.75,64.9
2017-08-25 12:00:00,222.75,68.0
2017-08-25 13:00:00,220.5,69.1
2017-08-25 14:00:00,190.25,71.1
2017-08-25 15:00:00,210.0,69.1
2017-08-25 16:00:00,213.75,68.0
2017-08-25 17:00:00,183.75,64.9
2017-08-25 18:00:00,191.75,63.0
2017-08-25 19:00:00,206.5,60.1
2017-08-25 20:00:00,204.75,59.0
2017-08-25 21:00:00,155.25,57.9
2017-08-25 22:00:00,131.75,57.0
2017-08-25 23:00:00,126.5,57.0
2017-08-26 00:00:00,120.75,57.0
2017-08-26 01:00:00,114.75,55.9
2017-08-26 02:00:00,108.0,55.0
2017-08-26 03:00:00,104.25,52.0
2017-08-26 04:00:00,101.75,54.0
2017-08-26 05:00:00,101.0,55.0
2017-08-26 06:00:00,104.5,55.0
2017-08-26 07:00:00,152.25,57.9
2017-08-26 08:00:00,158.25,61.0
2017-08-26 09:00:00,166.75,66.9
2017-08-26 10:00:00,194.25,70.0
2017-08-26 11:00:00,201.25,73.9
2017-08-26 12:00:00,200.25,80.1
2017-08-26 13:00:00,205.25,82.9
2017-08-26 14:00:00,177.0,79.0
2017-08-26 15:00:00,170.75,78.1
2017-08-26 16:00:00,180.25,79.0
2017-08-26 17:00:00,176.25,75.0
2017-08-26 18:00:00,191.75,72.0
2017-08-26 19:00:00,201.0,69.1
2017-08-26 20:00:00,192.0,64.9
2017-08-26 21:00:00,150.5,64.0
2017-08-26 22:00:00,135.5,64.0
2017-08-26 23:00:00,131.25,63.0
2017-08-27 00:00:00,123.32,62.1
2017-08-27 01:00:00,117.36,61.0
2017-08-27 02:00:00,112.25,61.0
2017-08-27 03:00:00,109.0,61.0
2017-08-27 04:00:00,107.25,57.0
2017-08-27 05:00:00,107.5,61.0
2017-08-27 06:00:00,108.5,60.1
2017-08-27 07:00:00,159.75,64.0
2017-08-27 08:00:00,170.5,66.0
2017-08-27 09:00:00,195.0,69.1
2017-08-27 10:00:00,217.5,73.9
2017-08-27 11:00:00,216.25,77.0
2017-08-27 12:00:00,218.5,79.0
2017-08-27 13:00:00,212.0,79.0
2017-08-27 14:00:00,194.0,79.0
2017-08-27 15:00:00,189.5,78.1
2017-08-27 16:00:00,194.75,75.0
2017-08-27 17:00:00,185.25,72.0
2017-08-27 18:00:00,203.75,69.1
2017-08-27 19:00:00,213.0,66.9
2017-08-27 20:00:00,215.0,64.0
2017-08-27 21:00:00,161.75,63.0
2017-08-27 22:00:00,144.0,62.1
2017-08-27 23:00:00,133.0,61.0
2017-08-28 00:00:00,116.5,61.0
2017-08-28 01:00:00,106.75,61.0
2017-08-28 02:00:00,105.0,61.0
2017-08-28 03:00:00,102.5,60.1
2017-08-28 04:00:00,102.25,60.1
2017-08-28 05:00:00,106.75,59.0
2017-08-28 06:00:00,127.75,59.0
2017-08-28 07:00:00,169.5,61.0
2017-08-28 08:00:00,195.0,63.0
2017-08-28 09:00:00,215.25,64.9
2017-08-28 10:00:00,206.25,66.9
2017-08-28 11:00:00,200.0,71.1
2017-08-28 12:00:00,229.5,72.0
2017-08-28 13:00:00,226.75,73.9
2017-08-28 14:00:00,208.25,73.9
2017-08-28 15:00:00,195.25,72.0
2017-08-28 16:00:00,195.0,70.0
2017-08-28 17:00:00,193.25,68.0
2017-08-28 18:00:00,208.5,64.9
2017-08-28 19:00:00,215.0,62.1
2017-08-28 20:00:00,208.0,60.1
2017-08-28 21:00:00,194.0,60.1
2017-08-28 22:00:00,152.0,60.1
2017-08-28 23:00:00,134.5,59.0
2017-08-29 00:00:00,119.5,59.0
2017-08-29 01:00:00,109.75,59.0
2017-08-29 02:00:00,104.75,60.1
2017-08-29 03:00:00,102.5,60.1
2017-08-29 04:00:00,101.5,59.0
2017-08-29 05:00:00,107.5,59.0
2017-08-29 06:00:00,139.25,57.9
2017-08-29 07:00:00,182.5,59.0
2017-08-29 08:00:00,199.25,59.0
2017-08-29 09:00:00,215.25,60.1
2017-08-29 10:00:00,204.0,61.0
2017-08-29 11:00:00,201.5,63.0
2017-08-29 12:00:00,231.75,64.0
2017-08-29 13:00:00,231.75,64.9
2017-08-29 14:00:00,196.25,66.9
2017-08-29 15:00:00,186.5,66.0
2017-08-29 16:00:00,179.5,66.0
2017-08-29 17:00:00,185.0,64.9
2017-08-29 18:00:00,199.33,64.0
2017-08-29 19:00:00,218.25,62.1
2017-08-29 20:00:00,219.25,60.1
2017-08-29 21:00:00,171.25,59.0
2017-08-29 22:00:00,152.25,59.0
2017-08-29 23:00:00,133.5,59.0
2017-08-30 00:00:00,119.0,59.0
2017-08-30 01:00:00,109.25,59.0
2017-08-30 02:00:00,103.25,59.0
2017-08-30 03:00:00,103.0,57.0
2017-08-30 04:00:00,100.5,57.0
2017-08-30 05:00:00,108.25,57.0
2017-08-30 06:00:00,141.0,55.9
2017-08-30 07:00:00,184.0,57.0
2017-08-30 08:00:00,199.5,57.9
2017-08-30 09:00:00,218.5,59.0
2017-08-30 10:00:00,215.75,61.0
2017-08-30 11:00:00,211.25,64.0
2017-08-30 12:00:00,222.5,64.0
2017-08-30 13:00:00,229.0,66.0
2017-08-30 14:00:00,205.75,68.0
2017-08-30 15:00:00,193.0,68.0
2017-08-30 16:00:00,194.75,68.0
2017-08-30 17:00:00,191.5,66.0
2017-08-30 18:00:00,215.5,64.0
2017-08-30 19:00:00,229.25,62.1
2017-08-30 20:00:00,231.75,61.0
2017-08-30 21:00:00,163.25,59.0
2017-08-30 22:00:00,153.57,57.9
2017-08-30 23:00:00,137.84,57.0
2017-08-31 00:00:00,120.75,57.0
2017-08-31 01:00:00,112.0,60.1
2017-08-31 02:00:00,107.5,55.9
2017-08-31 03:00:00,104.5,55.9
2017-08-31 04:00:00,102.75,54.0
2017-08-31 05:00:00,104.5,54.0
2017-08-31 06:00:00,140.25,54.0
2017-08-31 07:00:00,196.75,60.1
2017-08-31 08:00:00,212.25,64.0
2017-08-31 09:00:00,214.0,64.9
2017-08-31 10:00:00,206.0,66.9
2017-08-31 11:00:00,198.75,71.1
2017-08-31 12:00:00,223.25,78.1
2017-08-31 13:00:00,224.25,81.0
2017-08-31 14:00:00,200.0,84.0
2017-08-31 15:00:00,183.0,88.0
2017-08-31 16:00:00,194.25,89.1
2017-08-31 17:00:00,183.25,82.9
2017-08-31 18:00:00,212.25,82.0
2017-08-31 19:00:00,225.75,79.0
2017-08-31 20:00:00,232.25,73.9
2017-08-31 21:00:00,177.5,73.0
2017-08-31 22:00:00,152.5,70.0
2017-08-31 23:00:00,138.0,70.0
2017-09-01 00:00:00,126.0,66.9
2017-09-01 01:00:00,117.25,70.0
2017-09-01 02:00:00,113.0,64.9
2017-09-01 03:00:00,107.75,66.0
2017-09-01 04:00:00,104.5,64.0
2017-09-01 05:00:00,105.75,66.0
2017-09-01 06:00:00,146.5,63.0
2017-09-01 07:00:00,177.5,66.9
2017-09-01 08:00:00,203.0,75.9
2017-09-01 09:00:00,219.25,79.0
2017-09-01 10:00:00,209.5,80.1
2017-09-01 11:00:00,212.75,86.0
2017-09-01 12:00:00,223.5,93.0
2017-09-01 13:00:00,230.5,97.0
2017-09-01 14:00:00,213.5,98.1
2017-09-01 15:00:00,191.5,100.9
2017-09-01 16:00:00,190.5,98.1
2017-09-01 17:00:00,188.75,95.0
2017-09-01 18:00:00,213.25,90.0
2017-09-01 19:00:00,217.25,90.0
2017-09-01 20:00:00,227.75,82.0
2017-09-01 21:00:00,173.25,79.0
2017-09-01 22:00:00,156.5,78.1
2017-09-01 23:00:00,145.5,75.0
2017-09-02 00:00:00,136.25,75.0
2017-09-02 01:00:00,129.25,75.0
2017-09-02 02:00:00,124.25,75.0
2017-09-02 03:00:00,122.0,69.1
2017-09-02 04:00:00,124.75,66.9
2017-09-02 05:00:00,135.75,66.9
2017-09-02 06:00:00,135.25,70.0
2017-09-02 07:00:00,168.25,73.0
2017-09-02 08:00:00,168.25,78.1
2017-09-02 09:00:00,184.25,82.0
2017-09-02 10:00:00,206.25,84.0
2017-09-02 11:00:00,213.5,84.9
2017-09-02 12:00:00,213.0,93.0
2017-09-02 13:00:00,215.25,95.0
2017-09-02 14:00:00,184.25,97.0
2017-09-02 15:00:00,178.0,99.0
2017-09-02 16:00:00,192.0,98.1
2017-09-02 17:00:00,181.4,89.1
2017-09-02 18:00:00,190.75,91.0
2017-09-02 19:00:00,213.5,84.9
2017-09-02 20:00:00,203.75,82.9
2017-09-02 21:00:00,179.75,79.0
2017-09-02 22:00:00,161.0,77.0
2017-09-02 23:00:00,141.75,77.0
2017-09-03 00:00:00,138.0,77.0
2017-09-03 01:00:00,130.5,75.9
2017-09-03 02:00:00,123.75,73.0
2017-09-03 03:00:00,125.0,71.1
2017-09-03 04:00:00,122.75,73.9
2017-09-03 05:00:00,129.5,73.0
2017-09-03 06:00:00,136.75,73.0
2017-09-03 07:00:00,201.75,73.9
2017-09-03 08:00:00,194.5,78.1
2017-09-03 09:00:00,198.5,77.0
2017-09-03 10:00:00,212.0,82.9
2017-09-03 11:00:00,216.75,86.0
2017-09-03 12:00:00,227.25,82.0
2017-09-03 13:00:00,223.0,79.0
2017-09-03 14:00:00,185.75,84.9
2017-09-03 15:00:00,198.5,87.1
2017-09-03 16:00:00,192.5,84.0
2017-09-03 17:00:00,187.0,79.0
2017-09-03 18:00:00,212.25,73.9
2017-09-03 19:00:00,219.25,71.1
2017-09-03 20:00:00,218.5,72.0
2017-09-03 21:00:00,180.75,70.0
2017-09-03 22:00:00,153.0,68.0
2017-09-03 23:00:00,136.5,68.0
2017-09-04 00:00:00,130.75,66.9
2017-09-04 01:00:00,126.25,68.0
2017-09-04 02:00:00,123.25,66.9
2017-09-04 03:00:00,121.25,66.9
2017-09-04 04:00:00,119.5,66.9
2017-09-04 05:00:00,123.75,66.9
2017-09-04 06:00:00,125.25,64.9
2017-09-04 07:00:00,154.5,69.1
2017-09-04 08:00:00,161.0,72.0
2017-09-04 09:00:00,168.25,73.0
2017-09-04 10:00:00,187.75,75.9
2017-09-04 11:00:00,216.75,75.9
2017-09-04 12:00:00,213.75,77.0
2017-09-04 13:00:00,207.75,75.0
2017-09-04 14:00:00,188.0,78.1
2017-09-04 15:00:00,162.5,81.0
2017-09-04 16:00:00,160.25,78.1
2017-09-04 17:00:00,159.75,78.1
2017-09-04 18:00:00,159.25,73.9
2017-09-04 19:00:00,159.0,73.0
2017-09-04 20:00:00,163.25,71.1
2017-09-04 21:00:00,168.5,70.0
2017-09-04 22:00:00,156.5,70.0
2017-09-04 23:00:00,145.75,70.0
2017-09-05 00:00:00,130.75,69.1
2017-09-05 01:00:00,124.0,68.0
2017-09-05 02:00:00,120.0,68.0
2017-09-05 03:00:00,121.0,68.0
2017-09-05 04:00:00,118.75,68.0
2017-09-05 05:00:00,125.0,66.9
2017-09-05 06:00:00,155.25,66.9
2017-09-05 07:00:00,193.0,69.1
2017-09-05 08:00:00,217.0,73.0
2017-09-05 09:00:00,234.25,75.9
2017-09-05 10:00:00,226.5,78.1
2017-09-05 11:00:00,208.5,78.1
2017-09-05 12:00:00,241.0,80.1
2017-09-05 13:00:00,235.0,80.1
2017-09-05 14:00:00,223.0,78.1
2017-09-05 15:00:00,206.0,77.0
2017-09-05 16:00:00,197.25,73.9
2017-09-05 17:00:00,201.75,70.0
2017-09-05 18:00:00,225.25,68.0
2017-09-05 19:00:00,243.5,66.9
2017-09-05 20:00:00,240.25,66.0
2017-09-05 21:00:00,194.5,64.9
2017-09-05 22:00:00,172.5,64.9
2017-09-05 23:00:00,150.0,64.9
2017-09-06 00:00:00,133.75,64.9
2017-09-06 01:00:00,125.25,64.0
2017-09-06 02:00:00,120.5,64.0
2017-09-06 03:00:00,119.0,63.0
2017-09-06 04:00:00,118.0,63.0
2017-09-06 05:00:00,123.0,62.1
2017-09-06 06:00:00,155.0,61.0
2017-09-06 07:00:00,186.5,63.0
2017-09-06 08:00:00,202.0,66.0
2017-09-06 09:00:00,224.75,68.0
2017-09-06 10:00:00,214.5,66.9
2017-09-06 11:00:00,198.5,70.0
2017-09-06 12:00:00,223.0,71.1
2017-09-06 13:00:00,237.25,75.0
2017-09-06 14:00:00,214.25,75.9
2017-09-06 15:00:00,194.75,75.9
2017-09-06 16:00:00,197.0,73.0
2017-09-06 17:00:00,200.25,73.0
2017-09-06 18:00:00,214.75,69.1
2017-09-06 19:00:00,229.25,69.1
2017-09-06 20:00:00,228.75,66.9
2017-09-06 21:00:00,193.75,66.9
2017-09-06 22:00:00,162.0,68.0
2017-09-06 23:00:00,143.0,68.0
2017-09-07 00:00:00,129.75,66.9
2017-09-07 01:00:00,120.25,66.9
2017-09-07 02:00:00,113.8,66.9
2017-09-07 03:00:00,112.75,66.9
2017-09-07 04:00:00,114.5,66.9
2017-09-07 05:00:00,118.25,66.9
2017-09-07 06:00:00,155.5,66.9
2017-09-07 07:00:00,184.25,66.9
2017-09-07 08:00:00,216.25,66.9
2017-09-07 09:00:00,238.75,68.0
2017-09-07 10:00:00,233.75,68.0
2017-09-07 11:00:00,214.75,69.1
2017-09-07 12:00:00,242.25,70.0
2017-09-07 13:00:00,243.0,71.1
2017-09-07 14:00:00,216.5,72.0
2017-09-07 15:00:00,205.25,72.0
2017-09-07 16:00:00,198.0,71.1
2017-09-07 17:00:00,210.75,69.1
2017-09-07 18:00:00,214.6,68.0
2017-09-07 19:00:00,226.0,66.0
2017-09-07 20:00:00,224.25,64.9
2017-09-07 21:00:00,178.25,64.9
2017-09-07 22:00:00,156.0,64.0
2017-09-07 23:00:00,141.75,63.0
2017-09-08 00:00:00,128.0,62.1
2017-09-08 01:00:00,120.5,63.0
2017-09-08 02:00:00,120.75,63.0
2017-09-08 03:00:00,118.25,62.1
2017-09-08 04:00:00,114.0,61.0
2017-09-08 05:00:00,119.75,62.1
2017-09-08 06:00:00,156.5,61.0
2017-09-08 07:00:00,177.5,61.0
2017-09-08 08:00:00,225.75,62.1
2017-09-08 09:00:00,234.25,63.0
2017-09-08 10:00:00,224.0,63.0
2017-09-08 11:00:00,212.75,64.0
2017-09-08 12:00:00,237.0,66.9
2017-09-08 13:00:00,241.0,70.0
2017-09-08 14:00:00,217.5,69.1
2017-09-08 15:00:00,208.5,68.0
2017-09-08 16:00:00,200.3,68.0
2017-09-08 17:00:00,199.21,64.9
2017-09-08 18:00:00,206.5,63.0
2017-09-08 19:00:00,233.75,62.1
2017-09-08 20:00:00,225.5,61.0
2017-09-08 21:00:00,179.25,62.1
2017-09-08 22:00:00,147.25,62.1
2017-09-08 23:00:00,138.25,62.1
2017-09-09 00:00:00,130.0,62.1
2017-09-09 01:00:00,121.5,62.1
2017-09-09 02:00:00,114.75,61.0
2017-09-09 03:00:00,112.0,62.1
2017-09-09 04:00:00,113.25,63.0
2017-09-09 05:00:00,113.5,63.0
2017-09-09 06:00:00,115.0,64.0
2017-09-09 07:00:00,142.5,63.0
2017-09-09 08:00:00,176.0,64.0
2017-09-09 09:00:00,187.75,64.0
2017-09-09 10:00:00,219.0,66.0
2017-09-09 11:00:00,228.25,69.1
2017-09-09 12:00:00,220.25,70.0
2017-09-09 13:00:00,232.25,72.0
2017-09-09 14:00:00,206.75,73.0
2017-09-09 15:00:00,191.25,73.0
2017-09-09 16:00:00,199.5,71.1
2017-09-09 17:00:00,188.5,69.1
2017-09-09 18:00:00,213.25,66.9
2017-09-09 19:00:00,232.25,64.0
2017-09-09 20:00:00,221.0,63.0
2017-09-09 21:00:00,175.5,62.1
2017-09-09 22:00:00,147.0,61.0
2017-09-09 23:00:00,138.5,62.1
2017-09-10 00:00:00,132.25,62.1
2017-09-10 01:00:00,128.25,61.0
2017-09-10 02:00:00,122.0,59.0
2017-09-10 03:00:00,120.75,57.9
2017-09-10 04:00:00,119.25,59.0
2017-09-10 05:00:00,120.25,59.0
2017-09-10 06:00:00,121.25,61.0
2017-09-10 07:00:00,145.25,64.0
2017-09-10 08:00:00,165.75,66.9
2017-09-10 09:00:00,200.0,70.0
2017-09-10 10:00:00,210.5,73.9
2017-09-10 11:00:00,222.5,77.0
2017-09-10 12:00:00,225.75,82.9
2017-09-10 13:00:00,231.75,84.0
2017-09-10 14:00:00,211.25,88.0
2017-09-10 15:00:00,196.25,91.0
2017-09-10 16:00:00,209.75,86.0
2017-09-10 17:00:00,196.5,81.0
2017-09-10 18:00:00,222.5,77.0
2017-09-10 19:00:00,242.5,73.9
2017-09-10 20:00:00,227.25,73.0
2017-09-10 21:00:00,179.25,73.9
2017-09-10 22:00:00,156.25,72.0
2017-09-10 23:00:00,140.25,71.1
2017-09-11 00:00:00,132.0,71.1
2017-09-11 01:00:00,121.75,71.1
2017-09-11 02:00:00,117.25,70.0
2017-09-11 03:00:00,117.5,73.0
2017-09-11 04:00:00,116.75,70.0
2017-09-11 05:00:00,120.5,70.0
2017-09-11 06:00:00,148.75,66.0
2017-09-11 07:00:00,185.0,68.0
2017-09-11 08:00:00,225.25,70.0
2017-09-11 09:00:00,233.25,71.1
2017-09-11 10:00:00,246.0,75.9
2017-09-11 11:00:00,221.75,80.1
2017-09-11 12:00:00,238.0,81.0
2017-09-11 13:00:00,252.25,82.0
2017-09-11 14:00:00,236.5,84.0
2017-09-11 15:00:00,230.25,82.9
2017-09-11 16:00:00,232.75,75.0
2017-09-11 17:00:00,237.5,71.1
2017-09-11 18:00:00,258.75,68.0
2017-09-11 19:00:00,249.25,68.0
2017-09-11 20:00:00,245.0,66.9
2017-09-11 21:00:00,185.0,66.0
2017-09-11 22:00:00,168.75,66.0
2017-09-11 23:00:00,151.0,64.9
2017-09-12 00:00:00,138.25,66.9
2017-09-12 01:00:00,129.0,64.9
2017-09-12 02:00:00,123.25,64.9
2017-09-12 03:00:00,124.0,63.0
2017-09-12 04:00:00,123.0,64.0
2017-09-12 05:00:00,130.25,66.0
2017-09-12 06:00:00,151.25,63.0
2017-09-12 07:00:00,213.0,66.9
2017-09-12 08:00:00,216.5,72.0
2017-09-12 09:00:00,234.0,75.9
2017-09-12 10:00:00,216.75,75.0
2017-09-12 11:00:00,229.5,75.9
2017-09-12 12:00:00,269.5,79.0
2017-09-12 13:00:00,272.25,82.9
2017-09-12 14:00:00,245.0,78.1
2017-09-12 15:00:00,224.5,73.9
2017-09-12 16:00:00,215.25,69.1
2017-09-12 17:00:00,199.25,68.0
2017-09-12 18:00:00,223.25,66.0
2017-09-12 19:00:00,233.25,64.0
2017-09-12 20:00:00,233.75,64.9
2017-09-12 21:00:00,177.5,64.9
2017-09-12 22:00:00,151.75,64.9
2017-09-12 23:00:00,145.0,64.9
2017-09-13 00:00:00,129.75,64.9
2017-09-13 01:00:00,117.5,64.0
2017-09-13 02:00:00,110.75,64.9
2017-09-13 03:00:00,112.75,64.9
2017-09-13 04:00:00,112.75,64.9
2017-09-13 05:00:00,115.25,64.0
2017-09-13 06:00:00,163.0,64.0
2017-09-13 07:00:00,224.75,64.9
2017-09-13 08:00:00,225.0,66.9
2017-09-13 09:00:00,235.75,69.1
2017-09-13 10:00:00,224.5,69.1
2017-09-13 11:00:00,224.75,68.0
2017-09-13 12:00:00,249.5,68.0
2017-09-13 13:00:00,252.75,72.0
2017-09-13 14:00:00,222.25,71.1
2017-09-13 15:00:00,197.5,71.1
2017-09-13 16:00:00,197.75,69.1
2017-09-13 17:00:00,199.25,69.1
2017-09-13 18:00:00,230.01,66.0
2017-09-13 19:00:00,241.92,64.9
2017-09-13 20:00:00,238.5,64.9
2017-09-13 21:00:00,184.75,64.9
2017-09-13 22:00:00,155.5,64.0
2017-09-13 23:00:00,142.0,64.0
2017-09-14 00:00:00,130.0,63.0
2017-09-14 01:00:00,117.5,63.0
2017-09-14 02:00:00,113.75,63.0
2017-09-14 03:00:00,113.0,63.0
2017-09-14 04:00:00,111.75,62.1
2017-09-14 05:00:00,115.0,62.1
2017-09-14 06:00:00,154.5,61.0
2017-09-14 07:00:00,191.5,61.0
2017-09-14 08:00:00,212.0,63.0
2017-09-14 09:00:00,230.25,64.0
2017-09-14 10:00:00,214.0,66.0
2017-09-14 11:00:00,211.5,64.9
2017-09-14 12:00:00,240.5,66.9
2017-09-14 13:00:00,235.0,69.1
2017-09-14 14:00:00,206.5,68.0
2017-09-14 15:00:00,202.25,68.0
2017-09-14 16:00:00,209.25,66.9
2017-09-14 17:00:00,218.75,66.0
2017-09-14 18:00:00,237.5,64.0
2017-09-14 19:00:00,238.5,63.0
2017-09-14 20:00:00,232.75,62.1
2017-09-14 21:00:00,168.5,62.1
2017-09-14 22:00:00,150.5,62.1
2017-09-14 23:00:00,143.5,61.0
2017-09-15 00:00:00,128.0,61.0
2017-09-15 01:00:00,119.25,61.0
2017-09-15 02:00:00,114.5,60.1
2017-09-15 03:00:00,113.0,59.0
2017-09-15 04:00:00,112.5,59.0
2017-09-15 05:00:00,115.75,57.9
2017-09-15 06:00:00,155.5,57.0
2017-09-15 07:00:00,186.0,59.0
2017-09-15 08:00:00,207.75,61.0
2017-09-15 09:00:00,231.0,62.1
2017-09-15 10:00:00,224.5,64.0
2017-09-15 11:00:00,215.25,66.0
2017-09-15 12:00:00,234.5,68.0
2017-09-15 13:00:00,245.5,71.1
2017-09-15 14:00:00,221.0,70.0
2017-09-15 15:00:00,200.5,69.1
2017-09-15 16:00:00,204.5,68.0
2017-09-15 17:00:00,195.75,66.0
2017-09-15 18:00:00,207.25,63.0
2017-09-15 19:00:00,220.25,60.1
2017-09-15 20:00:00,214.0,60.1
2017-09-15 21:00:00,162.5,59.0
2017-09-15 22:00:00,144.0,59.0
2017-09-15 23:00:00,132.75,57.9
2017-09-16 00:00:00,127.25,57.0
2017-09-16 01:00:00,121.25,57.0
2017-09-16 02:00:00,116.25,59.0
2017-09-16 03:00:00,112.5,57.0
2017-09-16 04:00:00,108.25,55.9
2017-09-16 05:00:00,112.0,55.0
2017-09-16 06:00:00,117.0,54.0
2017-09-16 07:00:00,161.75,57.9
2017-09-16 08:00:00,174.5,62.1
2017-09-16 09:00:00,198.5,63.0
2017-09-16 10:00:00,213.75,64.9
2017-09-16 11:00:00,223.25,66.9
2017-09-16 12:00:00,221.75,69.1
2017-09-16 13:00:00,226.0,70.0
2017-09-16 14:00:00,203.5,68.0
2017-09-16 15:00:00,193.25,66.0
2017-09-16 16:00:00,203.5,66.9
2017-09-16 17:00:00,203.75,66.0
2017-09-16 18:00:00,216.75,62.1
2017-09-16 19:00:00,230.5,61.0
2017-09-16 20:00:00,214.25,60.1
2017-09-16 21:00:00,170.5,60.1
2017-09-16 22:00:00,149.0,59.0
2017-09-16 23:00:00,140.0,55.9
2017-09-17 00:00:00,133.0,57.0
2017-09-17 01:00:00,128.5,59.0
2017-09-17 02:00:00,123.0,60.1
2017-09-17 03:00:00,118.75,57.9
2017-09-17 04:00:00,115.0,59.0
2017-09-17 05:00:00,119.0,59.0
2017-09-17 06:00:00,121.5,60.1
2017-09-17 07:00:00,149.5,60.1
2017-09-17 08:00:00,182.25,61.0
2017-09-17 09:00:00,192.0,62.1
2017-09-17 10:00:00,215.5,64.0
2017-09-17 11:00:00,227.25,66.0
2017-09-17 12:00:00,231.25,68.0
2017-09-17 13:00:00,226.0,69.1
2017-09-17 14:00:00,202.75,69.1
2017-09-17 15:00:00,191.75,69.1
2017-09-17 16:00:00,214.25,68.0
2017-09-17 17:00:00,191.75,66.9
2017-09-17 18:00:00,219.0,64.0
2017-09-17 19:00:00,231.0,63.0
2017-09-17 20:00:00,222.5,63.0
2017-09-17 21:00:00,173.0,63.0
2017-09-17 22:00:00,153.75,63.0
2017-09-17 23:00:00,144.75,63.0
2017-09-18 00:00:00,134.75,63.0
2017-09-18 01:00:00,130.0,63.0
2017-09-18 02:00:00,122.25,63.0
2017-09-18 03:00:00,118.75,63.0
2017-09-18 04:00:00,116.25,64.0
2017-09-18 05:00:00,121.25,63.0
2017-09-18 06:00:00,145.0,64.0
2017-09-18 07:00:00,193.75,64.0
2017-09-18 08:00:00,208.0,64.0
2017-09-18 09:00:00,242.0,64.9
2017-09-18 10:00:00,244.25,66.9
2017-09-18 11:00:00,223.5,71.1
2017-09-18 12:00:00,243.5,68.0
2017-09-18 13:00:00,251.25,70.0
2017-09-18 14:00:00,230.5,70.0
2017-09-18 15:00:00,222.5,70.0
2017-09-18 16:00:00,209.5,69.1
2017-09-18 17:00:00,215.75,66.0
2017-09-18 18:00:00,223.75,64.0
2017-09-18 19:00:00,236.5,63.0
2017-09-18 20:00:00,227.5,62.1
2017-09-18 21:00:00,181.5,63.0
2017-09-18 22:00:00,157.0,62.1
2017-09-18 23:00:00,146.25,61.0
2017-09-19 00:00:00,132.25,61.0
2017-09-19 01:00:00,121.75,59.0
2017-09-19 02:00:00,113.75,55.9
2017-09-19 03:00:00,111.25,55.9
2017-09-19 04:00:00,108.0,60.1
2017-09-19 05:00:00,112.75,55.0
2017-09-19 06:00:00,139.25,55.0
2017-09-19 07:00:00,175.75,57.9
2017-09-19 08:00:00,219.8,62.1
2017-09-19 09:00:00,224.75,64.9
2017-09-19 10:00:00,232.25,66.9
2017-09-19 11:00:00,218.25,70.0
2017-09-19 12:00:00,238.0,70.0
2017-09-19 13:00:00,239.25,71.1
2017-09-19 14:00:00,213.5,72.0
2017-09-19 15:00:00,206.0,73.0
2017-09-19 16:00:00,201.75,73.0
2017-09-19 17:00:00,200.25,70.0
2017-09-19 18:00:00,216.6,68.0
2017-09-19 19:00:00,232.0,66.0
2017-09-19 20:00:00,224.75,63.0
2017-09-19 21:00:00,178.5,63.0
2017-09-19 22:00:00,155.0,57.9
2017-09-19 23:00:00,144.25,63.0
2017-09-20 00:00:00,127.25,59.0
2017-09-20 01:00:00,120.75,57.9
2017-09-20 02:00:00,112.5,62.1
2017-09-20 03:00:00,109.0,60.1
2017-09-20 04:00:00,106.75,60.1
2017-09-20 05:00:00,109.0,62.1
2017-09-20 06:00:00,134.5,63.0
2017-09-20 07:00:00,194.5,63.0
2017-09-20 08:00:00,200.5,64.0
2017-09-20 09:00:00,218.75,66.0
2017-09-20 10:00:00,228.0,66.0
2017-09-20 11:00:00,206.0,72.0
2017-09-20 12:00:00,233.5,71.1
2017-09-20 13:00:00,245.0,69.1
2017-09-20 14:00:00,220.75,68.0
2017-09-20 15:00:00,215.0,68.0
2017-09-20 16:00:00,216.25,66.9
2017-09-20 17:00:00,213.0,66.0
2017-09-20 18:00:00,235.5,64.0
2017-09-20 19:00:00,242.25,63.0
2017-09-20 20:00:00,234.25,62.1
2017-09-20 21:00:00,186.25,63.0
2017-09-20 22:00:00,161.5,62.1
2017-09-20 23:00:00,148.25,61.0
2017-09-21 00:00:00,131.5,60.1
2017-09-21 01:00:00,121.5,59.0
2017-09-21 02:00:00,116.0,57.9
2017-09-21 03:00:00,110.5,57.9
2017-09-21 04:00:00,107.75,57.9
2017-09-21 05:00:00,108.5,57.9
2017-09-21 06:00:00,148.25,57.0
2017-09-21 07:00:00,191.0,57.9
2017-09-21 08:00:00,208.0,61.0
2017-09-21 09:00:00,229.5,62.1
2017-09-21 10:00:00,227.25,64.0
2017-09-21 11:00:00,210.5,64.9
2017-09-21 12:00:00,241.25,66.0
2017-09-21 13:00:00,240.75,66.9
2017-09-21 14:00:00,217.25,66.9
2017-09-21 15:00:00,203.0,66.9
2017-09-21 16:00:00,201.25,66.0
2017-09-21 17:00:00,207.5,64.0
2017-09-21 18:00:00,211.75,62.1
2017-09-21 19:00:00,220.75,60.1
2017-09-21 20:00:00,221.0,60.1
2017-09-21 21:00:00,172.75,60.1
2017-09-21 22:00:00,147.5,59.0
2017-09-21 23:00:00,136.78,57.9
2017-09-22 00:00:00,128.77,57.9
2017-09-22 01:00:00,123.0,57.0
2017-09-22 02:00:00,114.75,57.0
2017-09-22 03:00:00,110.0,57.0
2017-09-22 04:00:00,108.75,57.0
2017-09-22 05:00:00,110.75,54.0
2017-09-22 06:00:00,150.5,55.9
2017-09-22 07:00:00,202.0,57.9
2017-09-22 08:00:00,206.75,57.9
2017-09-22 09:00:00,216.75,60.1
2017-09-22 10:00:00,214.75,61.0
2017-09-22 11:00:00,205.0,62.1
2017-09-22 12:00:00,239.0,64.0
2017-09-22 13:00:00,236.75,66.0
2017-09-22 14:00:00,218.0,66.9
2017-09-22 15:00:00,200.25,66.9
2017-09-22 16:00:00,202.0,66.0
2017-09-22 17:00:00,204.25,64.9
2017-09-22 18:00:00,211.75,63.0
2017-09-22 19:00:00,220.5,61.0
2017-09-22 20:00:00,210.75,59.0
2017-09-22 21:00:00,157.0,57.9
2017-09-22 22:00:00,142.0,54.0
2017-09-22 23:00:00,131.0,54.0
2017-09-23 00:00:00,127.25,53.1
2017-09-23 01:00:00,122.5,52.0
2017-09-23 02:00:00,114.0,50.0
2017-09-23 03:00:00,112.5,51.1
2017-09-23 04:00:00,107.0,50.0
2017-09-23 05:00:00,108.0,50.0
2017-09-23 06:00:00,112.5,48.9
2017-09-23 07:00:00,175.75,52.0
2017-09-23 08:00:00,177.25,60.1
2017-09-23 09:00:00,187.2,62.1
2017-09-23 10:00:00,213.5,64.9
2017-09-23 11:00:00,217.0,73.0
2017-09-23 12:00:00,217.5,75.9
2017-09-23 13:00:00,218.25,77.0
2017-09-23 14:00:00,188.5,73.9
2017-09-23 15:00:00,194.5,75.0
2017-09-23 16:00:00,202.25,73.0
2017-09-23 17:00:00,191.25,69.1
2017-09-23 18:00:00,211.75,66.0
2017-09-23 19:00:00,228.5,64.0
2017-09-23 20:00:00,218.75,62.1
2017-09-23 21:00:00,164.0,60.1
2017-09-23 22:00:00,144.25,59.0
2017-09-23 23:00:00,137.5,57.0
2017-09-24 00:00:00,130.75,53.1
2017-09-24 01:00:00,124.75,55.0
2017-09-24 02:00:00,116.0,55.0
2017-09-24 03:00:00,114.0,52.0
2017-09-24 04:00:00,110.0,52.0
2017-09-24 05:00:00,112.75,52.0
2017-09-24 06:00:00,116.75,50.0
2017-09-24 07:00:00,144.25,53.1
2017-09-24 08:00:00,157.25,62.1
2017-09-24 09:00:00,186.0,63.0
2017-09-24 10:00:00,206.25,64.9
2017-09-24 11:00:00,223.0,68.0
2017-09-24 12:00:00,217.5,72.0
2017-09-24 13:00:00,219.75,75.0
2017-09-24 14:00:00,197.25,75.9
2017-09-24 15:00:00,185.5,77.0
2017-09-24 16:00:00,190.75,75.9
2017-09-24 17:00:00,192.5,72.0
2017-09-24 18:00:00,210.5,69.1
2017-09-24 19:00:00,232.75,66.9
2017-09-24 20:00:00,222.25,64.9
2017-09-24 21:00:00,180.0,63.0
2017-09-24 22:00:00,163.25,55.9
2017-09-24 23:00:00,149.0,59.0
2017-09-25 00:00:00,137.5,54.0
2017-09-25 01:00:00,129.0,55.0
2017-09-25 02:00:00,124.75,53.1
2017-09-25 03:00:00,120.5,55.9
2017-09-25 04:00:00,116.75,53.1
2017-09-25 05:00:00,123.5,54.0
2017-09-25 06:00:00,149.25,53.1
2017-09-25 07:00:00,206.25,55.9
2017-09-25 08:00:00,223.25,64.0
2017-09-25 09:00:00,231.25,64.9
2017-09-25 10:00:00,218.75,68.0
2017-09-25 11:00:00,209.0,69.1
2017-09-25 12:00:00,233.0,72.0
2017-09-25 13:00:00,236.75,75.9
2017-09-25 14:00:00,214.0,79.0
2017-09-25 15:00:00,204.75,79.0
2017-09-25 16:00:00,213.0,77.0
2017-09-25 17:00:00,215.25,75.0
2017-09-25 18:00:00,238.25,71.1
2017-09-25 19:00:00,234.25,66.0
2017-09-25 20:00:00,224.25,64.0
2017-09-25 21:00:00,175.25,64.0
2017-09-25 22:00:00,157.75,61.0
2017-09-25 23:00:00,142.25,62.1
2017-09-26 00:00:00,133.5,57.0
2017-09-26 01:00:00,125.25,60.1
2017-09-26 02:00:00,119.75,57.9
2017-09-26 03:00:00,116.0,55.0
2017-09-26 04:00:00,113.25,55.9
2017-09-26 05:00:00,118.5,55.9
2017-09-26 06:00:00,147.25,55.0
2017-09-26 07:00:00,205.75,57.9
2017-09-26 08:00:00,216.0,66.9
2017-09-26 09:00:00,232.0,66.9
2017-09-26 10:00:00,218.75,72.0
2017-09-26 11:00:00,211.25,71.1
2017-09-26 12:00:00,241.25,77.0
2017-09-26 13:00:00,246.0,84.0
2017-09-26 14:00:00,241.2,90.0
2017-09-26 15:00:00,217.5,91.0
2017-09-26 16:00:00,219.75,90.0
2017-09-26 17:00:00,237.5,80.1
2017-09-26 18:00:00,259.0,75.0
2017-09-26 19:00:00,252.5,73.9
2017-09-26 20:00:00,249.0,70.0
2017-09-26 21:00:00,196.5,69.1
2017-09-26 22:00:00,169.5,62.1
2017-09-26 23:00:00,153.75,64.0
2017-09-27 00:00:00,133.75,60.1
2017-09-27 01:00:00,123.5,60.1
2017-09-27 02:00:00,120.0,62.1
2017-09-27 03:00:00,115.75,59.0
2017-09-27 04:00:00,113.75,57.0
2017-09-27 05:00:00,118.0,55.0
2017-09-27 06:00:00,153.75,57.0
2017-09-27 07:00:00,212.75,59.0
2017-09-27 08:00:00,223.25,69.1
2017-09-27 09:00:00,235.5,69.1
2017-09-27 10:00:00,233.75,72.0
2017-09-27 11:00:00,212.75,75.0
2017-09-27 12:00:00,251.0,77.0
2017-09-27 13:00:00,259.75,84.0
2017-09-27 14:00:00,216.25,86.0
2017-09-27 15:00:00,227.0,82.0
2017-09-27 16:00:00,221.0,82.0
2017-09-27 17:00:00,203.75,79.0
2017-09-27 18:00:00,238.5,75.9
2017-09-27 19:00:00,240.5,71.1
2017-09-27 20:00:00,242.75,69.1
2017-09-27 21:00:00,188.75,69.1
2017-09-27 22:00:00,163.75,63.0
2017-09-27 23:00:00,147.0,63.0
2017-09-28 00:00:00,132.75,64.0
2017-09-28 01:00:00,125.5,63.0
2017-09-28 02:00:00,120.5,60.1
2017-09-28 03:00:00,115.25,60.1
2017-09-28 04:00:00,115.75,57.9
2017-09-28 05:00:00,118.5,59.0
2017-09-28 06:00:00,162.75,59.0
2017-09-28 07:00:00,201.75,59.0
2017-09-28 08:00:00,236.25,66.9
2017-09-28 09:00:00,255.0,68.0
2017-09-28 10:00:00,237.5,70.0
2017-09-28 11:00:00,242.75,73.0
2017-09-28 12:00:00,267.25,75.9
2017-09-28 13:00:00,249.75,81.0
2017-09-28 14:00:00,234.25,81.0
2017-09-28 15:00:00,222.75,75.0
2017-09-28 16:00:00,224.5,72.0
2017-09-28 17:00:00,229.5,66.9
2017-09-28 18:00:00,256.75,64.0
2017-09-28 19:00:00,253.0,61.0
2017-09-28 20:00:00,253.0,61.0
2017-09-28 21:00:00,221.0,59.0
2017-09-28 22:00:00,159.25,55.9
2017-09-28 23:00:00,143.75,57.9
2017-09-29 00:00:00,135.5,59.0
2017-09-29 01:00:00,129.75,57.0
2017-09-29 02:00:00,124.0,59.0
2017-09-29 03:00:00,120.0,59.0
2017-09-29 04:00:00,115.5,57.0
2017-09-29 05:00:00,117.75,59.0
2017-09-29 06:00:00,165.25,59.0
2017-09-29 07:00:00,209.75,59.0
2017-09-29 08:00:00,224.0,61.0
2017-09-29 09:00:00,239.25,63.0
2017-09-29 10:00:00,227.0,63.0
2017-09-29 11:00:00,226.5,64.9
2017-09-29 12:00:00,237.25,66.0
2017-09-29 13:00:00,243.75,64.9
2017-09-29 14:00:00,225.5,64.9
2017-09-29 15:00:00,215.0,64.9
2017-09-29 16:00:00,220.25,63.0
2017-09-29 17:00:00,218.5,63.0
2017-09-29 18:00:00,235.5,61.0
2017-09-29 19:00:00,243.0,61.0
2017-09-29 20:00:00,233.0,61.0
2017-09-29 21:00:00,173.75,60.1
2017-09-29 22:00:00,153.5,59.0
2017-09-29 23:00:00,145.25,59.0
2017-09-30 00:00:00,137.0,59.0
2017-09-30 01:00:00,131.0,59.0
2017-09-30 02:00:00,129.0,59.0
2017-09-30 03:00:00,122.75,59.0
2017-09-30 04:00:00,118.5,59.0
2017-09-30 05:00:00,121.25,57.9
2017-09-30 06:00:00,125.75,57.9
2017-09-30 07:00:00,168.25,57.9
2017-09-30 08:00:00,183.25,61.0
2017-09-30 09:00:00,189.5,62.1
2017-09-30 10:00:00,228.25,63.0
2017-09-30 11:00:00,240.25,64.0
2017-09-30 12:00:00,246.75,66.9
2017-09-30 13:00:00,240.25,69.1
2017-09-30 14:00:00,200.5,73.0
2017-09-30 15:00:00,200.0,71.1
2017-09-30 16:00:00,194.0,71.1
2017-09-30 17:00:00,193.25,68.0
2017-09-30 18:00:00,216.5,64.9
2017-09-30 19:00:00,225.25,64.0
2017-09-30 20:00:00,220.25,63.0
2017-09-30 21:00:00,168.5,60.1
2017-09-30 22:00:00,148.5,57.9
2017-09-30 23:00:00,138.25,57.0
2017-10-01 00:00:00,131.75,57.0
2017-10-01 01:00:00,125.75,55.0
2017-10-01 02:00:00,120.25,55.0
2017-10-01 03:00:00,116.75,57.0
2017-10-01 04:00:00,115.0,55.0
2017-10-01 05:00:00,116.25,54.0
2017-10-01 06:00:00,116.75,52.0
2017-10-01 07:00:00,151.0,53.1
2017-10-01 08:00:00,169.0,62.1
2017-10-01 09:00:00,201.5,66.0
2017-10-01 10:00:00,217.5,66.9
2017-10-01 11:00:00,227.0,70.0
2017-10-01 12:00:00,233.5,72.0
2017-10-01 13:00:00,230.25,73.0
2017-10-01 14:00:00,208.25,72.0
2017-10-01 15:00:00,205.25,70.0
2017-10-01 16:00:00,201.5,68.0
2017-10-01 17:00:00,192.75,66.0
2017-10-01 18:00:00,218.75,64.0
2017-10-01 19:00:00,229.5,62.1
2017-10-01 20:00:00,218.0,57.9
2017-10-01 21:00:00,172.0,54.0
2017-10-01 22:00:00,149.5,55.0
2017-10-01 23:00:00,139.75,54.0
2017-10-02 00:00:00,130.5,53.1
2017-10-02 01:00:00,121.25,61.0
2017-10-02 02:00:00,117.5,61.0
2017-10-02 03:00:00,113.25,62.1
2017-10-02 04:00:00,109.5,62.1
2017-10-02 05:00:00,116.0,60.1
2017-10-02 06:00:00,138.25,60.1
2017-10-02 07:00:00,198.5,61.0
2017-10-02 08:00:00,209.25,66.0
2017-10-02 09:00:00,227.75,69.1
2017-10-02 10:00:00,219.25,69.1
2017-10-02 11:00:00,210.25,71.1
2017-10-02 12:00:00,243.0,72.0
2017-10-02 13:00:00,248.0,72.0
2017-10-02 14:00:00,218.0,71.1
2017-10-02 15:00:00,207.75,69.1
2017-10-02 16:00:00,200.0,68.0
2017-10-02 17:00:00,211.0,64.0
2017-10-02 18:00:00,229.5,61.0
2017-10-02 19:00:00,232.25,60.1
2017-10-02 20:00:00,231.25,59.0
2017-10-02 21:00:00,172.75,57.9
2017-10-02 22:00:00,155.0,57.0
2017-10-02 23:00:00,143.75,57.0
2017-10-03 00:00:00,128.75,57.9
2017-10-03 01:00:00,118.75,57.0
2017-10-03 02:00:00,113.75,57.0
2017-10-03 03:00:00,109.5,53.1
2017-10-03 04:00:00,109.75,55.0
2017-10-03 05:00:00,113.0,53.1
2017-10-03 06:00:00,137.25,54.0
2017-10-03 07:00:00,184.0,54.0
2017-10-03 08:00:00,190.25,57.0
2017-10-03 09:00:00,228.0,60.1
2017-10-03 10:00:00,224.0,60.1
2017-10-03 11:00:00,197.75,60.1
2017-10-03 12:00:00,236.75,64.0
2017-10-03 13:00:00,237.0,68.0
2017-10-03 14:00:00,208.75,70.0
2017-10-03 15:00:00,208.75,71.1
2017-10-03 16:00:00,207.5,71.1
2017-10-03 17:00:00,211.5,66.9
2017-10-03 18:00:00,231.5,64.0
2017-10-03 19:00:00,238.75,61.0
2017-10-03 20:00:00,225.5,60.1
2017-10-03 21:00:00,188.25,54.0
2017-10-03 22:00:00,158.25,55.0
2017-10-03 23:00:00,143.0,52.0
2017-10-04 00:00:00,128.75,53.1
2017-10-04 01:00:00,118.75,50.0
2017-10-04 02:00:00,113.5,51.1
2017-10-04 03:00:00,110.75,50.0
2017-10-04 04:00:00,109.0,50.0
2017-10-04 05:00:00,116.5,48.9
2017-10-04 06:00:00,136.5,48.9
2017-10-04 07:00:00,184.0,52.0
2017-10-04 08:00:00,203.0,57.0
2017-10-04 09:00:00,215.75,61.0
2017-10-04 10:00:00,218.5,62.1
2017-10-04 11:00:00,204.0,64.0
2017-10-04 12:00:00,236.75,68.0
2017-10-04 13:00:00,244.0,71.1
2017-10-04 14:00:00,231.5,73.9
2017-10-04 15:00:00,214.75,73.9
2017-10-04 16:00:00,204.25,72.0
2017-10-04 17:00:00,202.5,68.0
2017-10-04 18:00:00,218.25,62.1
2017-10-04 19:00:00,227.0,60.1
2017-10-04 20:00:00,226.0,59.0
2017-10-04 21:00:00,178.25,57.9
2017-10-04 22:00:00,157.25,53.1
2017-10-04 23:00:00,146.2,54.0
2017-10-05 00:00:00,132.5,53.1
2017-10-05 01:00:00,121.75,50.0
2017-10-05 02:00:00,116.0,52.0
2017-10-05 03:00:00,111.0,52.0
2017-10-05 04:00:00,107.75,50.0
2017-10-05 05:00:00,110.25,50.0
2017-10-05 06:00:00,150.5,48.0
2017-10-05 07:00:00,196.0,48.9
2017-10-05 08:00:00,216.75,59.0
2017-10-05 09:00:00,242.0,61.0
2017-10-05 10:00:00,229.25,64.0
2017-10-05 11:00:00,216.25,66.0
2017-10-05 12:00:00,239.75,72.0
2017-10-05 13:00:00,249.75,73.0
2017-10-05 14:00:00,227.5,75.9
2017-10-05 15:00:00,214.25,73.0
2017-10-05 16:00:00,212.75,73.0
2017-10-05 17:00:00,215.5,71.1
2017-10-05 18:00:00,237.0,66.9
2017-10-05 19:00:00,232.75,63.0
2017-10-05 20:00:00,221.0,61.0
2017-10-05 21:00:00,167.25,60.1
2017-10-05 22:00:00,149.75,55.9
2017-10-05 23:00:00,140.25,55.0
2017-10-06 00:00:00,130.0,53.1
2017-10-06 01:00:00,122.75,53.1
2017-10-06 02:00:00,114.5,53.1
2017-10-06 03:00:00,110.0,48.9
2017-10-06 04:00:00,113.0,51.1
2017-10-06 05:00:00,111.5,48.0
2017-10-06 06:00:00,150.5,50.0
2017-10-06 07:00:00,192.75,53.1
2017-10-06 08:00:00,204.0,61.0
2017-10-06 09:00:00,236.0,63.0
2017-10-06 10:00:00,224.5,64.9
2017-10-06 11:00:00,219.75,70.0
2017-10-06 12:00:00,241.25,73.0
2017-10-06 13:00:00,247.25,77.0
2017-10-06 14:00:00,227.0,81.0
2017-10-06 15:00:00,222.0,80.1
2017-10-06 16:00:00,227.0,75.9
2017-10-06 17:00:00,235.25,77.0
2017-10-06 18:00:00,234.0,69.1
2017-10-06 19:00:00,238.5,64.9
2017-10-06 20:00:00,235.75,63.0
2017-10-06 21:00:00,178.5,62.1
2017-10-06 22:00:00,147.0,55.0
2017-10-06 23:00:00,136.75,59.0
2017-10-07 00:00:00,129.25,57.9
2017-10-07 01:00:00,124.25,53.1
2017-10-07 02:00:00,116.5,55.9
2017-10-07 03:00:00,112.0,53.1
2017-10-07 04:00:00,111.5,53.1
2017-10-07 05:00:00,116.0,52.0
2017-10-07 06:00:00,123.25,50.0
2017-10-07 07:00:00,155.0,52.0
2017-10-07 08:00:00,181.75,60.1
2017-10-07 09:00:00,183.0,64.9
2017-10-07 10:00:00,208.25,69.1
2017-10-07 11:00:00,217.5,72.0
2017-10-07 12:00:00,228.0,75.0
2017-10-07 13:00:00,234.25,77.0
2017-10-07 14:00:00,209.5,75.0
2017-10-07 15:00:00,200.75,70.0
2017-10-07 16:00:00,199.0,68.0
2017-10-07 17:00:00,194.5,66.0
2017-10-07 18:00:00,222.5,62.1
2017-10-07 19:00:00,226.5,61.0
2017-10-07 20:00:00,223.25,57.9
2017-10-07 21:00:00,171.8,59.0
2017-10-07 22:00:00,151.0,57.9
2017-10-07 23:00:00,137.0,57.0
2017-10-08 00:00:00,130.5,57.0
2017-10-08 01:00:00,122.75,57.9
2017-10-08 02:00:00,117.0,57.0
2017-10-08 03:00:00,112.0,57.0
2017-10-08 04:00:00,113.25,51.1
2017-10-08 05:00:00,116.5,51.1
2017-10-08 06:00:00,124.0,48.9
2017-10-08 07:00:00,147.75,53.1
2017-10-08 08:00:00,172.25,59.0
2017-10-08 09:00:00,179.75,60.1
2017-10-08 10:00:00,219.25,64.0
2017-10-08 11:00:00,232.25,66.9
2017-10-08 12:00:00,236.5,72.0
2017-10-08 13:00:00,242.75,73.9
2017-10-08 14:00:00,214.5,77.0
2017-10-08 15:00:00,214.25,75.0
2017-10-08 16:00:00,221.75,73.0
2017-10-08 17:00:00,221.25,71.1
2017-10-08 18:00:00,236.5,66.0
2017-10-08 19:00:00,242.0,66.9
2017-10-08 20:00:00,248.5,64.0
2017-10-08 21:00:00,214.25,64.9
2017-10-08 22:00:00,172.25,66.0
2017-10-08 23:00:00,149.0,64.9
2017-10-09 00:00:00,137.25,69.1
2017-10-09 01:00:00,127.5,70.0
2017-10-09 02:00:00,122.75,69.1
2017-10-09 03:00:00,119.5,69.1
2017-10-09 04:00:00,115.5,66.9
2017-10-09 05:00:00,122.75,64.9
2017-10-09 06:00:00,163.25,61.0
2017-10-09 07:00:00,194.0,62.1
2017-10-09 08:00:00,225.5,66.0
2017-10-09 09:00:00,237.5,68.0
2017-10-09 10:00:00,229.75,73.9
2017-10-09 11:00:00,209.25,75.0
2017-10-09 12:00:00,241.0,72.0
2017-10-09 13:00:00,243.0,73.0
2017-10-09 14:00:00,229.0,73.9
2017-10-09 15:00:00,205.5,75.0
2017-10-09 16:00:00,196.75,73.0
2017-10-09 17:00:00,198.5,73.0
2017-10-09 18:00:00,231.0,66.9
2017-10-09 19:00:00,239.75,63.0
2017-10-09 20:00:00,228.25,62.1
2017-10-09 21:00:00,174.5,64.0
2017-10-09 22:00:00,155.5,61.0
2017-10-09 23:00:00,143.25,57.9
2017-10-10 00:00:00,129.5,60.1
2017-10-10 01:00:00,121.0,57.0
2017-10-10 02:00:00,115.75,57.9
2017-10-10 03:00:00,110.5,54.0
2017-10-10 04:00:00,110.75,55.0
2017-10-10 05:00:00,115.0,53.1
2017-10-10 06:00:00,148.0,52.0
2017-10-10 07:00:00,200.25,54.0
2017-10-10 08:00:00,219.5,61.0
2017-10-10 09:00:00,234.25,64.9
2017-10-10 10:00:00,230.0,68.0
2017-10-10 11:00:00,213.75,70.0
2017-10-10 12:00:00,248.5,73.9
2017-10-10 13:00:00,243.0,75.0
2017-10-10 14:00:00,224.5,69.1
2017-10-10 15:00:00,208.5,66.0
2017-10-10 16:00:00,205.25,64.9
2017-10-10 17:00:00,215.5,63.0
2017-10-10 18:00:00,236.75,59.0
2017-10-10 19:00:00,243.0,57.9
2017-10-10 20:00:00,239.25,54.0
2017-10-10 21:00:00,172.25,54.0
2017-10-10 22:00:00,156.75,54.0
2017-10-10 23:00:00,145.5,51.1
2017-10-11 00:00:00,128.5,52.0
2017-10-11 01:00:00,120.75,48.9
2017-10-11 02:00:00,114.75,50.0
2017-10-11 03:00:00,111.5,50.0
2017-10-11 04:00:00,110.75,50.0
2017-10-11 05:00:00,115.25,52.0
2017-10-11 06:00:00,137.25,50.0
2017-10-11 07:00:00,197.5,50.0
2017-10-11 08:00:00,217.5,55.0
2017-10-11 09:00:00,223.5,57.0
2017-10-11 10:00:00,203.75,59.0
2017-10-11 11:00:00,223.5,61.0
2017-10-11 12:00:00,244.0,63.0
2017-10-11 13:00:00,258.5,64.9
2017-10-11 14:00:00,237.0,64.9
2017-10-11 15:00:00,210.5,66.0
2017-10-11 16:00:00,218.5,64.0
2017-10-11 17:00:00,214.25,63.0
2017-10-11 18:00:00,213.0,61.0
2017-10-11 19:00:00,229.0,60.1
2017-10-11 20:00:00,226.5,55.0
2017-10-11 21:00:00,170.75,55.0
2017-10-11 22:00:00,153.5,51.1
2017-10-11 23:00:00,139.75,55.0
2017-10-12 00:00:00,130.5,52.0
2017-10-12 01:00:00,121.5,51.1
2017-10-12 02:00:00,117.75,54.0
2017-10-12 03:00:00,111.5,51.1
2017-10-12 04:00:00,105.75,54.0
2017-10-12 05:00:00,112.5,50.0
2017-10-12 06:00:00,159.0,51.1
2017-10-12 07:00:00,196.25,48.9
2017-10-12 08:00:00,210.0,57.0
2017-10-12 09:00:00,227.0,59.0
2017-10-12 10:00:00,217.0,63.0
2017-10-12 11:00:00,216.75,64.0
2017-10-12 12:00:00,243.0,66.0
2017-10-12 13:00:00,252.5,68.0
2017-10-12 14:00:00,222.75,68.0
2017-10-12 15:00:00,222.5,66.9
2017-10-12 16:00:00,210.75,64.0
2017-10-12 17:00:00,228.0,62.1
2017-10-12 18:00:00,246.0,59.0
2017-10-12 19:00:00,230.25,55.9
2017-10-12 20:00:00,218.5,51.1
2017-10-12 21:00:00,177.25,51.1
2017-10-12 22:00:00,153.25,51.1
2017-10-12 23:00:00,137.75,50.0
2017-10-13 00:00:00,128.5,48.9
2017-10-13 01:00:00,123.25,50.0
2017-10-13 02:00:00,117.75,46.9
2017-10-13 03:00:00,115.0,46.9
2017-10-13 04:00:00,111.75,45.0
2017-10-13 05:00:00,121.75,46.0
2017-10-13 06:00:00,162.25,46.0
2017-10-13 07:00:00,185.25,46.0
2017-10-13 08:00:00,202.0,53.1
2017-10-13 09:00:00,215.75,59.0
2017-10-13 10:00:00,219.5,61.0
2017-10-13 11:00:00,211.25,64.0
2017-10-13 12:00:00,239.5,66.9
2017-10-13 13:00:00,240.5,70.0
2017-10-13 14:00:00,215.25,71.1
2017-10-13 15:00:00,208.0,69.1
2017-10-13 16:00:00,205.75,68.0
2017-10-13 17:00:00,221.0,64.9
2017-10-13 18:00:00,231.25,61.0
2017-10-13 19:00:00,218.5,60.1
2017-10-13 20:00:00,198.75,57.9
2017-10-13 21:00:00,152.5,57.0
2017-10-13 22:00:00,142.5,52.0
2017-10-13 23:00:00,127.75,53.1
2017-10-14 00:00:00,125.75,52.0
2017-10-14 01:00:00,122.0,51.1
2017-10-14 02:00:00,113.75,48.0
2017-10-14 03:00:00,112.0,48.0
2017-10-14 04:00:00,107.5,46.9
2017-10-14 05:00:00,111.5,50.0
2017-10-14 06:00:00,116.25,46.0
2017-10-14 07:00:00,166.0,48.0
2017-10-14 08:00:00,175.25,57.0
2017-10-14 09:00:00,187.4,66.9
2017-10-14 10:00:00,211.0,70.0
2017-10-14 11:00:00,217.5,73.0
2017-10-14 12:00:00,226.75,75.9
2017-10-14 13:00:00,221.0,77.0
2017-10-14 14:00:00,194.0,78.1
2017-10-14 15:00:00,185.5,79.0
2017-10-14 16:00:00,197.75,78.1
2017-10-14 17:00:00,195.0,75.0
2017-10-14 18:00:00,211.75,70.0
2017-10-14 19:00:00,217.0,68.0
2017-10-14 20:00:00,204.75,66.0
2017-10-14 21:00:00,162.75,62.1
2017-10-14 22:00:00,144.25,62.1
2017-10-14 23:00:00,131.0,57.0
2017-10-15 00:00:00,127.25,55.0
2017-10-15 01:00:00,123.0,55.9
2017-10-15 02:00:00,115.25,55.9
2017-10-15 03:00:00,110.75,54.0
2017-10-15 04:00:00,108.5,54.0
2017-10-15 05:00:00,113.25,53.1
2017-10-15 06:00:00,117.25,55.9
2017-10-15 07:00:00,143.5,57.9
2017-10-15 08:00:00,169.75,62.1
2017-10-15 09:00:00,178.75,66.9
2017-10-15 10:00:00,203.75,66.0
2017-10-15 11:00:00,215.75,66.0
2017-10-15 12:00:00,227.0,70.0
2017-10-15 13:00:00,234.25,73.0
2017-10-15 14:00:00,198.0,75.0
2017-10-15 15:00:00,200.5,79.0
2017-10-15 16:00:00,212.25,75.0
2017-10-15 17:00:00,209.5,73.9
2017-10-15 18:00:00,219.25,71.1
2017-10-15 19:00:00,228.5,71.1
2017-10-15 20:00:00,220.75,66.0
2017-10-15 21:00:00,172.5,63.0
2017-10-15 22:00:00,158.0,64.0
2017-10-15 23:00:00,143.0,55.9
2017-10-16 00:00:00,131.5,59.0
2017-10-16 01:00:00,120.5,54.0
2017-10-16 02:00:00,115.5,55.9
2017-10-16 03:00:00,112.25,51.1
2017-10-16 04:00:00,109.5,51.1
2017-10-16 05:00:00,119.0,51.1
2017-10-16 06:00:00,133.5,55.0
2017-10-16 07:00:00,184.0,50.0
2017-10-16 08:00:00,209.75,61.0
2017-10-16 09:00:00,220.0,64.0
2017-10-16 10:00:00,220.5,68.0
2017-10-16 11:00:00,200.5,69.1
2017-10-16 12:00:00,216.5,72.0
2017-10-16 13:00:00,238.0,73.9
2017-10-16 14:00:00,222.4,75.9
2017-10-16 15:00:00,207.5,75.9
2017-10-16 16:00:00,200.0,79.0
2017-10-16 17:00:00,221.0,75.0
2017-10-16 18:00:00,253.5,72.0
2017-10-16 19:00:00,242.0,66.0
2017-10-16 20:00:00,235.25,64.0
2017-10-16 21:00:00,184.5,59.0
2017-10-16 22:00:00,160.0,64.0
2017-10-16 23:00:00,146.5,60.1
2017-10-17 00:00:00,134.0,59.0
2017-10-17 01:00:00,122.5,60.1
2017-10-17 02:00:00,117.25,54.0
2017-10-17 03:00:00,114.0,55.9
2017-10-17 04:00:00,115.5,54.0
2017-10-17 05:00:00,117.25,54.0
2017-10-17 06:00:00,139.25,50.0
2017-10-17 07:00:00,191.75,55.0
2017-10-17 08:00:00,200.0,60.1
2017-10-17 09:00:00,218.0,64.0
2017-10-17 10:00:00,221.75,66.9
2017-10-17 11:00:00,201.25,64.9
2017-10-17 12:00:00,239.5,70.0
2017-10-17 13:00:00,248.0,69.1
2017-10-17 14:00:00,228.5,72.0
2017-10-17 15:00:00,215.0,72.0
2017-10-17 16:00:00,219.25,66.9
2017-10-17 17:00:00,209.75,63.0
2017-10-17 18:00:00,233.0,57.9
2017-10-17 19:00:00,238.0,57.9
2017-10-17 20:00:00,228.0,55.0
2017-10-17 21:00:00,178.0,53.1
2017-10-17 22:00:00,157.75,52.0
2017-10-17 23:00:00,143.5,51.1
2017-10-18 00:00:00,127.5,51.1
2017-10-18 01:00:00,117.75,50.0
2017-10-18 02:00:00,112.5,48.0
2017-10-18 03:00:00,109.75,46.0
2017-10-18 04:00:00,110.0,45.0
2017-10-18 05:00:00,118.0,46.0
2017-10-18 06:00:00,155.25,43.0
2017-10-18 07:00:00,185.25,45.0
2017-10-18 08:00:00,207.25,50.0
2017-10-18 09:00:00,229.25,53.1
2017-10-18 10:00:00,231.0,55.0
2017-10-18 11:00:00,217.0,57.0
2017-10-18 12:00:00,249.5,61.0
2017-10-18 13:00:00,249.75,62.1
2017-10-18 14:00:00,219.0,62.1
2017-10-18 15:00:00,205.0,60.1
2017-10-18 16:00:00,204.5,57.0
2017-10-18 17:00:00,219.0,55.0
2017-10-18 18:00:00,234.75,54.0
2017-10-18 19:00:00,242.75,52.0
2017-10-18 20:00:00,230.75,54.0
2017-10-18 21:00:00,171.0,54.0
2017-10-18 22:00:00,155.75,54.0
2017-10-18 23:00:00,144.25,54.0
2017-10-19 00:00:00,130.0,54.0
2017-10-19 01:00:00,120.5,54.0
2017-10-19 02:00:00,116.75,55.0
2017-10-19 03:00:00,110.0,55.9
2017-10-19 04:00:00,110.0,55.0
2017-10-19 05:00:00,113.25,55.9
2017-10-19 06:00:00,149.5,55.9
2017-10-19 07:00:00,195.0,55.0
2017-10-19 08:00:00,221.25,55.9
2017-10-19 09:00:00,232.0,57.0
2017-10-19 10:00:00,235.5,57.9
2017-10-19 11:00:00,221.75,60.1
2017-10-19 12:00:00,253.25,62.1
2017-10-19 13:00:00,251.75,63.0
2017-10-19 14:00:00,230.25,63.0
2017-10-19 15:00:00,211.0,62.1
2017-10-19 16:00:00,198.75,62.1
2017-10-19 17:00:00,204.25,62.1
2017-10-19 18:00:00,224.75,61.0
2017-10-19 19:00:00,226.0,61.0
2017-10-19 20:00:00,221.0,62.1
2017-10-19 21:00:00,167.0,62.1
2017-10-19 22:00:00,151.5,62.1
2017-10-19 23:00:00,142.0,55.0
2017-10-20 00:00:00,132.25,54.0
2017-10-20 01:00:00,123.25,55.0
2017-10-20 02:00:00,117.5,54.0
2017-10-20 03:00:00,118.25,54.0
2017-10-20 04:00:00,113.0,53.1
2017-10-20 05:00:00,113.75,51.1
2017-10-20 06:00:00,154.0,53.1
2017-10-20 07:00:00,187.75,54.0
2017-10-20 08:00:00,205.25,55.0
2017-10-20 09:00:00,213.75,57.0
2017-10-20 10:00:00,219.75,59.0
2017-10-20 11:00:00,217.25,61.0
2017-10-20 12:00:00,242.75,61.0
2017-10-20 13:00:00,239.25,63.0
2017-10-20 14:00:00,219.75,62.1
2017-10-20 15:00:00,207.0,62.1
2017-10-20 16:00:00,207.5,60.1
2017-10-20 17:00:00,216.5,57.9
2017-10-20 18:00:00,214.75,57.0
2017-10-20 19:00:00,222.0,55.9
2017-10-20 20:00:00,219.0,55.9
2017-10-20 21:00:00,168.25,55.9
2017-10-20 22:00:00,154.0,54.0
2017-10-20 23:00:00,132.0,53.1
2017-10-21 00:00:00,124.25,54.0
2017-10-21 01:00:00,121.0,48.9
2017-10-21 02:00:00,116.75,48.0
2017-10-21 03:00:00,110.25,48.0
2017-10-21 04:00:00,105.75,46.0
2017-10-21 05:00:00,108.5,44.1
2017-10-21 06:00:00,109.75,46.0
2017-10-21 07:00:00,140.75,46.0
2017-10-21 08:00:00,169.75,54.0
2017-10-21 09:00:00,192.5,55.9
2017-10-21 10:00:00,200.5,57.9
2017-10-21 11:00:00,208.5,60.1
2017-10-21 12:00:00,214.5,64.0
2017-10-21 13:00:00,226.25,64.0
2017-10-21 14:00:00,202.75,64.9
2017-10-21 15:00:00,183.0,64.9
2017-10-21 16:00:00,194.0,64.9
2017-10-21 17:00:00,200.25,63.0
2017-10-21 18:00:00,215.0,59.0
2017-10-21 19:00:00,219.25,59.0
2017-10-21 20:00:00,211.25,59.0
2017-10-21 21:00:00,187.0,59.0
2017-10-21 22:00:00,154.75,55.0
2017-10-21 23:00:00,144.75,55.0
2017-10-22 00:00:00,135.75,51.1
2017-10-22 01:00:00,130.5,52.0
2017-10-22 02:00:00,122.5,51.1
2017-10-22 03:00:00,117.75,50.0
2017-10-22 04:00:00,118.25,48.0
2017-10-22 05:00:00,123.0,50.0
2017-10-22 06:00:00,126.5,48.9
2017-10-22 07:00:00,163.0,46.9
2017-10-22 08:00:00,183.0,57.0
2017-10-22 09:00:00,207.75,59.0
2017-10-22 10:00:00,216.75,61.0
2017-10-22 11:00:00,234.0,64.9
2017-10-22 12:00:00,241.25,66.9
2017-10-22 13:00:00,251.75,69.1
2017-10-22 14:00:00,207.75,70.0
2017-10-22 15:00:00,218.5,70.0
2017-10-22 16:00:00,200.5,69.1
2017-10-22 17:00:00,203.5,64.9
2017-10-22 18:00:00,226.0,63.0
2017-10-22 19:00:00,233.75,62.1
2017-10-22 20:00:00,224.0,62.1
2017-10-22 21:00:00,179.75,55.9
2017-10-22 22:00:00,154.75,55.9
2017-10-22 23:00:00,138.25,57.0
2017-10-23 00:00:00,127.0,57.0
2017-10-23 01:00:00,118.75,55.0
2017-10-23 02:00:00,113.0,53.1
2017-10-23 03:00:00,110.0,54.0
2017-10-23 04:00:00,109.5,54.0
2017-10-23 05:00:00,121.5,52.0
2017-10-23 06:00:00,158.0,52.0
2017-10-23 07:00:00,189.5,54.0
2017-10-23 08:00:00,221.0,63.0
2017-10-23 09:00:00,236.5,66.9
2017-10-23 10:00:00,223.5,78.1
2017-10-23 11:00:00,225.5,75.0
2017-10-23 12:00:00,251.75,75.9
2017-10-23 13:00:00,243.75,78.1
2017-10-23 14:00:00,231.25,82.0
2017-10-23 15:00:00,232.25,79.0
2017-10-23 16:00:00,217.75,79.0
2017-10-23 17:00:00,229.5,80.1
2017-10-23 18:00:00,242.0,73.9
2017-10-23 19:00:00,235.5,71.1
2017-10-23 20:00:00,233.75,66.9
2017-10-23 21:00:00,183.25,66.0
2017-10-23 22:00:00,158.25,63.0
2017-10-23 23:00:00,149.25,64.0
2017-10-24 00:00:00,132.25,63.0
2017-10-24 01:00:00,124.25,64.0
2017-10-24 02:00:00,118.5,64.0
2017-10-24 03:00:00,113.25,64.9
2017-10-24 04:00:00,114.75,64.9
2017-10-24 05:00:00,118.25,63.0
2017-10-24 06:00:00,171.75,64.9
2017-10-24 07:00:00,199.75,64.9
2017-10-24 08:00:00,225.0,69.1
2017-10-24 09:00:00,236.0,71.1
2017-10-24 10:00:00,227.75,73.9
2017-10-24 11:00:00,223.0,88.0
2017-10-24 12:00:00,261.75,90.0
2017-10-24 13:00:00,268.5,91.9
2017-10-24 14:00:00,249.25,82.0
2017-10-24 15:00:00,234.0,82.0
2017-10-24 16:00:00,235.25,82.0
2017-10-24 17:00:00,237.0,80.1
2017-10-24 18:00:00,237.0,75.0
2017-10-24 19:00:00,235.5,73.9
2017-10-24 20:00:00,235.59,69.1
2017-10-24 21:00:00,235.68,69.1
2017-10-24 22:00:00,235.78,64.0
2017-10-24 23:00:00,235.87,64.0
2017-10-25 00:00:00,235.96,66.0
2017-10-25 01:00:00,236.05,62.1
2017-10-25 02:00:00,239.0,61.0
2017-10-25 03:00:00,239.0,57.9
2017-10-25 04:00:00,239.0,60.1
2017-10-25 05:00:00,239.0,57.9
2017-10-25 06:00:00,239.0,55.9
2017-10-25 07:00:00,239.0,57.9
2017-10-25 08:00:00,239.0,64.0
2017-10-25 09:00:00,239.0,66.0
2017-10-25 10:00:00,239.0,70.0
2017-10-25 11:00:00,239.0,71.1
2017-10-25 12:00:00,239.0,73.9
2017-10-25 13:00:00,239.0,75.9
2017-10-25 14:00:00,239.0,82.0
2017-10-25 15:00:00,239.0,78.1
2017-10-25 16:00:00,239.0,80.1
2017-10-25 17:00:00,239.0,78.1
2017-10-25 18:00:00,239.0,73.0
2017-10-25 19:00:00,239.0,73.0
2017-10-25 20:00:00,239.0,69.1
2017-10-25 21:00:00,239.0,66.9
2017-10-25 22:00:00,239.0,66.0
2017-10-25 23:00:00,239.0,59.0
2017-10-26 00:00:00,239.0,60.1
2017-10-26 01:00:00,239.0,57.0
2017-10-26 02:00:00,239.0,57.9
2017-10-26 03:00:00,239.0,57.0
2017-10-26 04:00:00,239.0,57.9
2017-10-26 05:00:00,239.0,57.0
2017-10-26 06:00:00,239.0,55.0
2017-10-26 07:00:00,239.0,57.0
2017-10-26 08:00:00,239.0,64.0
2017-10-26 09:00:00,239.0,66.0
2017-10-26 10:00:00,230.75,68.0
2017-10-26 11:00:00,229.25,69.1
2017-10-26 12:00:00,253.25,73.0
2017-10-26 13:00:00,248.25,78.1
2017-10-26 14:00:00,223.5,81.0
2017-10-26 15:00:00,227.75,81.0
2017-10-26 16:00:00,217.0,79.0
2017-10-26 17:00:00,220.25,79.0
2017-10-26 18:00:00,253.5,73.9
2017-10-26 19:00:00,236.75,70.0
2017-10-26 20:00:00,228.25,69.1
2017-10-26 21:00:00,179.5,66.9
2017-10-26 22:00:00,160.5,63.0
2017-10-26 23:00:00,150.25,61.0
2017-10-27 00:00:00,141.75,61.0
2017-10-27 01:00:00,132.75,55.0
2017-10-27 02:00:00,128.5,57.9
2017-10-27 03:00:00,123.25,54.0
2017-10-27 04:00:00,120.75,53.1
2017-10-27 05:00:00,121.5,57.0
2017-10-27 06:00:00,178.5,54.0
2017-10-27 07:00:00,212.25,55.0
2017-10-27 08:00:00,244.0,61.0
2017-10-27 09:00:00,242.5,66.9
2017-10-27 10:00:00,242.25,66.9
2017-10-27 11:00:00,233.25,70.0
2017-10-27 12:00:00,248.0,73.0
2017-10-27 13:00:00,272.75,75.0
2017-10-27 14:00:00,258.0,75.9
2017-10-27 15:00:00,247.0,79.0
2017-10-27 16:00:00,230.75,79.0
2017-10-27 17:00:00,228.25,69.1
2017-10-27 18:00:00,234.75,64.9
2017-10-27 19:00:00,220.25,63.0
2017-10-27 20:00:00,212.5,61.0
2017-10-27 21:00:00,169.75,59.0
2017-10-27 22:00:00,150.5,55.9
2017-10-27 23:00:00,144.5,55.0
2017-10-28 00:00:00,136.25,54.0
2017-10-28 01:00:00,128.0,54.0
2017-10-28 02:00:00,120.5,53.1
2017-10-28 03:00:00,116.25,52.0
2017-10-28 04:00:00,115.0,51.1
2017-10-28 05:00:00,117.5,52.0
2017-10-28 06:00:00,130.75,50.0
2017-10-28 07:00:00,176.0,51.1
2017-10-28 08:00:00,184.71,54.0
2017-10-28 09:00:00,196.71,55.9
2017-10-28 10:00:00,215.0,57.9
2017-10-28 11:00:00,238.5,61.0
2017-10-28 12:00:00,245.75,62.1
2017-10-28 13:00:00,246.25,64.9
2017-10-28 14:00:00,216.75,66.0
2017-10-28 15:00:00,208.0,64.9
2017-10-28 16:00:00,215.0,61.0
2017-10-28 17:00:00,226.25,57.9
2017-10-28 18:00:00,247.75,55.9
2017-10-28 19:00:00,258.25,55.0
2017-10-28 20:00:00,237.5,54.0
2017-10-28 21:00:00,200.75,54.0
2017-10-28 22:00:00,167.25,54.0
2017-10-28 23:00:00,153.5,54.0
2017-10-29 00:00:00,149.0,55.0
2017-10-29 01:00:00,144.5,55.0
2017-10-29 02:00:00,140.5,55.0
2017-10-29 03:00:00,136.85,55.0
2017-10-29 04:00:00,138.63,54.0
2017-10-29 05:00:00,144.75,54.0
2017-10-29 06:00:00,144.75,54.0
2017-10-29 07:00:00,169.5,54.0
2017-10-29 08:00:00,175.0,55.0
2017-10-29 09:00:00,212.5,55.9
2017-10-29 10:00:00,210.75,55.9
2017-10-29 11:00:00,225.75,55.9
2017-10-29 12:00:00,234.25,55.9
2017-10-29 13:00:00,235.5,57.0
2017-10-29 14:00:00,204.0,57.9
2017-10-29 15:00:00,200.25,60.1
2017-10-29 16:00:00,219.0,60.1
2017-10-29 17:00:00,215.25,55.9
2017-10-29 18:00:00,233.75,53.1
2017-10-29 19:00:00,247.75,53.1
2017-10-29 20:00:00,241.0,53.1
2017-10-29 21:00:00,184.75,54.0
2017-10-29 22:00:00,158.0,54.0
2017-10-29 23:00:00,143.5,55.0
2017-10-30 00:00:00,134.0,55.0
2017-10-30 01:00:00,123.0,55.0
2017-10-30 02:00:00,114.75,55.0
2017-10-30 03:00:00,111.0,54.0
2017-10-30 04:00:00,109.5,55.0
2017-10-30 05:00:00,114.25,55.0
2017-10-30 06:00:00,136.0,55.0
2017-10-30 07:00:00,176.75,55.0
2017-10-30 08:00:00,223.0,55.9
2017-10-30 09:00:00,227.25,55.9
2017-10-30 10:00:00,225.0,57.0
2017-10-30 11:00:00,196.75,60.1
2017-10-30 12:00:00,228.5,61.0
2017-10-30 13:00:00,238.75,61.0
2017-10-30 14:00:00,226.25,61.0
2017-10-30 15:00:00,221.5,61.0
2017-10-30 16:00:00,214.5,57.9
2017-10-30 17:00:00,218.25,57.0
2017-10-30 18:00:00,257.5,55.9
2017-10-30 19:00:00,242.5,55.9
2017-10-30 20:00:00,237.0,55.9
2017-10-30 21:00:00,195.25,55.9
2017-10-30 22:00:00,155.5,55.9
2017-10-30 23:00:00,143.75,55.9
2017-10-31 00:00:00,131.5,55.9
2017-10-31 01:00:00,119.75,55.9
2017-10-31 02:00:00,114.25,55.9
2017-10-31 03:00:00,108.5,55.0
2017-10-31 04:00:00,107.0,52.0
2017-10-31 05:00:00,112.25,50.0
2017-10-31 06:00:00,155.25,48.9
2017-10-31 07:00:00,182.0,48.9
2017-10-31 08:00:00,235.25,55.0
2017-10-31 09:00:00,253.75,57.9
2017-10-31 10:00:00,246.25,59.0
2017-10-31 11:00:00,207.25,60.1
2017-10-31 12:00:00,246.75,61.0
2017-10-31 13:00:00,259.0,63.0
2017-10-31 14:00:00,225.0,64.0
2017-10-31 15:00:00,206.0,64.0
2017-10-31 16:00:00,206.75,62.1
2017-10-31 17:00:00,215.0,59.0
2017-10-31 18:00:00,233.5,57.0
2017-10-31 19:00:00,236.2,55.9
2017-10-31 20:00:00,234.0,55.9
2017-10-31 21:00:00,178.25,53.1
2017-10-31 22:00:00,152.25,52.0
2017-10-31 23:00:00,145.75,52.0
2017-11-01 00:00:00,131.5,51.1
2017-11-01 01:00:00,118.75,46.9
2017-11-01 02:00:00,113.75,48.0
2017-11-01 03:00:00,109.25,48.0
2017-11-01 04:00:00,109.0,46.9
2017-11-01 05:00:00,112.0,46.9
2017-11-01 06:00:00,132.5,46.9
2017-11-01 07:00:00,181.25,48.0
2017-11-01 08:00:00,210.5,53.1
2017-11-01 09:00:00,220.5,57.0
2017-11-01 10:00:00,221.75,57.0
2017-11-01 11:00:00,212.75,59.0
2017-11-01 12:00:00,241.75,62.1
2017-11-01 13:00:00,248.5,64.0
2017-11-01 14:00:00,218.0,66.0
2017-11-01 15:00:00,202.5,64.9
2017-11-01 16:00:00,198.0,63.0
2017-11-01 17:00:00,191.2,60.1
2017-11-01 18:00:00,219.5,57.0
2017-11-01 19:00:00,220.0,55.9
2017-11-01 20:00:00,215.75,55.9
2017-11-01 21:00:00,169.0,51.1
2017-11-01 22:00:00,155.75,54.0
2017-11-01 23:00:00,147.25,55.0
2017-11-02 00:00:00,137.5,55.0
2017-11-02 01:00:00,125.5,53.1
2017-11-02 02:00:00,116.75,50.0
2017-11-02 03:00:00,112.75,48.9
2017-11-02 04:00:00,105.25,46.9
2017-11-02 05:00:00,114.75,48.9
2017-11-02 06:00:00,159.25,48.0
2017-11-02 07:00:00,177.25,46.9
2017-11-02 08:00:00,214.25,52.0
2017-11-02 09:00:00,226.75,55.9
2017-11-02 10:00:00,222.25,59.0
2017-11-02 11:00:00,214.75,60.1
2017-11-02 12:00:00,235.0,60.1
2017-11-02 13:00:00,239.25,62.1
2017-11-02 14:00:00,230.2,63.0
2017-11-02 15:00:00,210.5,64.0
2017-11-02 16:00:00,214.25,64.9
2017-11-02 17:00:00,212.25,62.1
2017-11-02 18:00:00,240.75,60.1
2017-11-02 19:00:00,232.75,60.1
2017-11-02 20:00:00,232.5,61.0
2017-11-02 21:00:00,185.06,57.0
2017-11-02 22:00:00,160.11,55.0
2017-11-02 23:00:00,148.0,52.0
2017-11-03 00:00:00,140.5,53.1
2017-11-03 01:00:00,130.75,54.0
2017-11-03 02:00:00,123.0,55.0
2017-11-03 03:00:00,118.25,57.0
2017-11-03 04:00:00,118.5,55.0
2017-11-03 05:00:00,126.5,55.0
2017-11-03 06:00:00,166.0,57.0
2017-11-03 07:00:00,177.5,55.9
2017-11-03 08:00:00,215.75,57.0
2017-11-03 09:00:00,223.25,59.0
2017-11-03 10:00:00,223.5,60.1
2017-11-03 11:00:00,208.75,64.0
2017-11-03 12:00:00,236.0,63.0
2017-11-03 13:00:00,235.5,64.0
2017-11-03 14:00:00,196.5,64.0
2017-11-03 15:00:00,183.0,63.0
2017-11-03 16:00:00,216.75,62.1
2017-11-03 17:00:00,217.5,60.1
2017-11-03 18:00:00,232.0,61.0
2017-11-03 19:00:00,229.5,61.0
2017-11-03 20:00:00,225.0,60.1
2017-11-03 21:00:00,168.25,60.1
2017-11-03 22:00:00,149.75,60.1
2017-11-03 23:00:00,138.25,57.9
2017-11-04 00:00:00,132.75,57.9
2017-11-04 01:00:00,122.5,57.9
2017-11-04 02:00:00,114.0,59.0
2017-11-04 03:00:00,107.5,59.0
2017-11-04 04:00:00,105.75,57.9
2017-11-04 05:00:00,112.0,57.0
2017-11-04 06:00:00,117.25,57.0
2017-11-04 07:00:00,154.0,57.0
2017-11-04 08:00:00,200.5,55.9
2017-11-04 09:00:00,196.75,55.9
2017-11-04 10:00:00,219.75,55.9
2017-11-04 11:00:00,232.25,57.0
2017-11-04 12:00:00,233.0,59.0
2017-11-04 13:00:00,243.5,60.1
2017-11-04 14:00:00,205.75,61.0
2017-11-04 15:00:00,183.75,59.0
2017-11-04 16:00:00,191.5,57.0
2017-11-04 17:00:00,188.5,55.0
2017-11-04 18:00:00,220.0,53.1
2017-11-04 19:00:00,225.25,52.0
2017-11-04 20:00:00,220.5,52.0
2017-11-04 21:00:00,180.0,51.1
2017-11-04 22:00:00,145.5,51.1
2017-11-04 23:00:00,135.0,50.0
2017-11-05 00:00:00,128.5,50.0
2017-11-05 01:00:00,117.42,51.1
2017-11-05 02:00:00,108.46,50.0
2017-11-05 03:00:00,105.5,51.1
2017-11-05 04:00:00,105.75,51.1
2017-11-05 05:00:00,111.75,51.1
2017-11-05 06:00:00,119.75,51.1
2017-11-05 07:00:00,167.0,51.1
2017-11-05 08:00:00,174.25,52.0
2017-11-05 09:00:00,204.0,54.0
2017-11-05 10:00:00,242.0,55.9
2017-11-05 11:00:00,245.75,57.0
2017-11-05 12:00:00,240.5,57.0
2017-11-05 13:00:00,238.0,57.9
2017-11-05 14:00:00,193.25,57.0
2017-11-05 15:00:00,186.5,59.0
2017-11-05 16:00:00,194.75,57.0
2017-11-05 17:00:00,203.0,55.9
2017-11-05 18:00:00,226.75,55.0
2017-11-05 19:00:00,238.5,54.0
2017-11-05 20:00:00,218.0,54.0
2017-11-05 21:00:00,152.5,53.1
2017-11-05 22:00:00,141.0,48.0
2017-11-05 23:00:00,132.0,46.9
2017-11-06 00:00:00,123.25,48.0
2017-11-06 01:00:00,112.25,46.9
2017-11-06 02:00:00,108.0,51.1
2017-11-06 03:00:00,104.5,51.1
2017-11-06 04:00:00,105.5,52.0
2017-11-06 05:00:00,110.25,50.0
2017-11-06 06:00:00,146.5,48.0
2017-11-06 07:00:00,186.75,48.9
2017-11-06 08:00:00,218.5,51.1
2017-11-06 09:00:00,223.5,55.0
2017-11-06 10:00:00,186.75,55.9
2017-11-06 11:00:00,198.25,57.9
2017-11-06 12:00:00,254.0,60.1
2017-11-06 13:00:00,244.5,62.1
2017-11-06 14:00:00,213.75,62.1
2017-11-06 15:00:00,201.5,61.0
2017-11-06 16:00:00,210.5,60.1
2017-11-06 17:00:00,222.5,57.9
2017-11-06 18:00:00,241.0,55.9
2017-11-06 19:00:00,237.25,54.0
2017-11-06 20:00:00,223.5,53.1
2017-11-06 21:00:00,164.5,48.9
2017-11-06 22:00:00,152.75,50.0
2017-11-06 23:00:00,141.75,46.0
2017-11-07 00:00:00,131.5,48.9
2017-11-07 01:00:00,120.0,46.0
2017-11-07 02:00:00,112.5,48.0
2017-11-07 03:00:00,105.75,46.0
2017-11-07 04:00:00,104.75,46.0
2017-11-07 05:00:00,109.75,42.1
2017-11-07 06:00:00,145.25,44.1
2017-11-07 07:00:00,210.75,46.0
2017-11-07 08:00:00,214.75,51.1
2017-11-07 09:00:00,221.5,55.0
2017-11-07 10:00:00,214.5,57.9
2017-11-07 11:00:00,204.0,57.0
2017-11-07 12:00:00,232.0,57.9
2017-11-07 13:00:00,239.0,57.9
2017-11-07 14:00:00,198.75,61.0
2017-11-07 15:00:00,199.5,64.0
2017-11-07 16:00:00,189.25,63.0
2017-11-07 17:00:00,198.0,59.0
2017-11-07 18:00:00,225.25,57.9
2017-11-07 19:00:00,226.0,55.0
2017-11-07 20:00:00,223.0,55.9
2017-11-07 21:00:00,161.5,52.0
2017-11-07 22:00:00,148.25,51.1
2017-11-07 23:00:00,136.0,53.1
2017-11-08 00:00:00,124.0,52.0
2017-11-08 01:00:00,115.0,50.0
2017-11-08 02:00:00,109.0,48.9
2017-11-08 03:00:00,103.75,50.0
2017-11-08 04:00:00,103.75,50.0
2017-11-08 05:00:00,108.25,46.9
2017-11-08 06:00:00,130.5,50.0
2017-11-08 07:00:00,192.75,51.1
2017-11-08 08:00:00,200.5,55.0
2017-11-08 09:00:00,210.0,57.0
2017-11-08 10:00:00,214.5,57.0
2017-11-08 11:00:00,204.0,57.9
2017-11-08 12:00:00,234.25,62.1
2017-11-08 13:00:00,236.25,63.0
2017-11-08 14:00:00,205.25,62.1
2017-11-08 15:00:00,201.5,62.1
2017-11-08 16:00:00,196.75,62.1
2017-11-08 17:00:00,200.5,63.0
2017-11-08 18:00:00,221.25,62.1
2017-11-08 19:00:00,228.25,62.1
2017-11-08 20:00:00,227.5,62.1
2017-11-08 21:00:00,177.0,62.1
2017-11-08 22:00:00,165.25,61.0
2017-11-08 23:00:00,141.5,60.1
2017-11-09 00:00:00,127.0,57.9
2017-11-09 01:00:00,118.25,59.0
2017-11-09 02:00:00,111.5,59.0
2017-11-09 03:00:00,108.75,59.0
2017-11-09 04:00:00,108.5,59.0
2017-11-09 05:00:00,111.25,57.9
2017-11-09 06:00:00,159.5,57.9
2017-11-09 07:00:00,187.75,57.9
2017-11-09 08:00:00,210.25,59.0
2017-11-09 09:00:00,225.25,60.1
2017-11-09 10:00:00,225.75,61.0
2017-11-09 11:00:00,215.0,62.1
2017-11-09 12:00:00,246.5,63.0
2017-11-09 13:00:00,237.25,64.0
2017-11-09 14:00:00,194.5,64.9
2017-11-09 15:00:00,198.0,66.0
2017-11-09 16:00:00,203.5,64.0
2017-11-09 17:00:00,238.5,62.1
2017-11-09 18:00:00,242.0,61.0
2017-11-09 19:00:00,237.75,60.1
2017-11-09 20:00:00,233.75,57.0
2017-11-09 21:00:00,168.75,55.0
2017-11-09 22:00:00,147.4,54.0
2017-11-09 23:00:00,132.5,54.0
2017-11-10 00:00:00,123.75,55.9
2017-11-10 01:00:00,121.0,54.0
2017-11-10 02:00:00,114.5,54.0
2017-11-10 03:00:00,111.75,55.0
2017-11-10 04:00:00,111.5,55.0
2017-11-10 05:00:00,113.25,55.0
2017-11-10 06:00:00,122.5,54.0
2017-11-10 07:00:00,193.25,55.0
2017-11-10 08:00:00,188.75,55.0
2017-11-10 09:00:00,190.0,55.9
2017-11-10 10:00:00,224.75,59.0
2017-11-10 11:00:00,220.0,62.1
2017-11-10 12:00:00,223.5,61.0
2017-11-10 13:00:00,219.75,60.1
2017-11-10 14:00:00,182.5,61.0
2017-11-10 15:00:00,160.5,62.1
2017-11-10 16:00:00,158.25,61.0
2017-11-10 17:00:00,163.0,60.1
2017-11-10 18:00:00,155.5,57.9
2017-11-10 19:00:00,155.25,54.0
2017-11-10 20:00:00,155.0,55.9
2017-11-10 21:00:00,150.5,55.9
2017-11-10 22:00:00,142.25,55.0
2017-11-10 23:00:00,130.25,54.0
2017-11-11 00:00:00,126.0,52.0
2017-11-11 01:00:00,118.0,54.0
2017-11-11 02:00:00,108.5,55.0
2017-11-11 03:00:00,104.25,54.0
2017-11-11 04:00:00,104.75,53.1
2017-11-11 05:00:00,108.5,52.0
2017-11-11 06:00:00,113.25,53.1
2017-11-11 07:00:00,164.25,51.1
2017-11-11 08:00:00,174.75,54.0
2017-11-11 09:00:00,185.25,55.9
2017-11-11 10:00:00,205.0,57.0
2017-11-11 11:00:00,206.5,57.9
2017-11-11 12:00:00,218.0,61.0
2017-11-11 13:00:00,220.75,62.1
2017-11-11 14:00:00,183.5,63.0
2017-11-11 15:00:00,177.5,62.1
2017-11-11 16:00:00,183.25,61.0
2017-11-11 17:00:00,181.0,57.9
2017-11-11 18:00:00,204.5,57.0
2017-11-11 19:00:00,216.8,55.0
2017-11-11 20:00:00,208.25,55.9
2017-11-11 21:00:00,154.0,55.9
2017-11-11 22:00:00,135.25,54.0
2017-11-11 23:00:00,128.75,54.0
2017-11-12 00:00:00,122.51,52.0
2017-11-12 01:00:00,117.33,52.0
2017-11-12 02:00:00,110.75,50.0
2017-11-12 03:00:00,106.75,50.0
2017-11-12 04:00:00,104.25,48.9
2017-11-12 05:00:00,111.75,48.9
2017-11-12 06:00:00,114.0,51.1
2017-11-12 07:00:00,172.75,50.0
2017-11-12 08:00:00,176.25,52.0
2017-11-12 09:00:00,175.5,54.0
2017-11-12 10:00:00,216.0,57.0
2017-11-12 11:00:00,215.0,59.0
2017-11-12 12:00:00,224.25,61.0
2017-11-12 13:00:00,236.5,61.0
2017-11-12 14:00:00,203.0,62.1
2017-11-12 15:00:00,180.5,63.0
2017-11-12 16:00:00,188.25,62.1
2017-11-12 17:00:00,194.5,59.0
2017-11-12 18:00:00,226.0,57.9
2017-11-12 19:00:00,235.25,57.9
2017-11-12 20:00:00,229.0,53.1
2017-11-12 21:00:00,177.0,54.0
2017-11-12 22:00:00,147.75,52.0
2017-11-12 23:00:00,137.0,50.0
2017-11-13 00:00:00,125.5,53.1
2017-11-13 01:00:00,117.0,54.0
2017-11-13 02:00:00,112.25,53.1
2017-11-13 03:00:00,106.5,54.0
2017-11-13 04:00:00,108.75,55.0
2017-11-13 05:00:00,111.0,54.0
2017-11-13 06:00:00,131.25,55.0
2017-11-13 07:00:00,192.0,54.0
2017-11-13 08:00:00,207.25,55.9
2017-11-13 09:00:00,230.0,59.0
2017-11-13 10:00:00,231.25,60.1
2017-11-13 11:00:00,209.75,62.1
2017-11-13 12:00:00,251.25,64.9
2017-11-13 13:00:00,249.5,64.9
2017-11-13 14:00:00,232.0,64.0
2017-11-13 15:00:00,211.25,61.0
2017-11-13 16:00:00,212.0,61.0
2017-11-13 17:00:00,216.5,60.1
2017-11-13 18:00:00,250.0,59.0
2017-11-13 19:00:00,248.75,60.1
2017-11-13 20:00:00,240.0,59.0
2017-11-13 21:00:00,182.75,59.0
2017-11-13 22:00:00,155.0,60.1
2017-11-13 23:00:00,141.25,59.0
2017-11-14 00:00:00,129.5,57.9
2017-11-14 01:00:00,118.75,57.9
2017-11-14 02:00:00,113.75,57.0
2017-11-14 03:00:00,108.75,55.0
2017-11-14 04:00:00,110.0,53.1
2017-11-14 05:00:00,111.25,52.0
2017-11-14 06:00:00,137.5,52.0
2017-11-14 07:00:00,192.0,51.1
2017-11-14 08:00:00,215.75,53.1
2017-11-14 09:00:00,230.75,55.0
2017-11-14 10:00:00,228.5,55.9
2017-11-14 11:00:00,213.0,57.9
2017-11-14 12:00:00,242.25,61.0
2017-11-14 13:00:00,241.0,62.1
2017-11-14 14:00:00,226.0,63.0
2017-11-14 15:00:00,221.75,63.0
2017-11-14 16:00:00,205.25,61.0
2017-11-14 17:00:00,213.75,59.0
2017-11-14 18:00:00,231.0,57.9
2017-11-14 19:00:00,240.5,57.0
2017-11-14 20:00:00,231.75,55.0
2017-11-14 21:00:00,171.5,55.0
2017-11-14 22:00:00,150.75,53.1
2017-11-14 23:00:00,138.25,52.0
2017-11-15 00:00:00,126.75,53.1
2017-11-15 01:00:00,117.5,53.1
2017-11-15 02:00:00,111.25,52.0
2017-11-15 03:00:00,107.0,53.1
2017-11-15 04:00:00,106.0,53.1
2017-11-15 05:00:00,109.75,54.0
2017-11-15 06:00:00,128.5,53.1
2017-11-15 07:00:00,172.75,53.1
2017-11-15 08:00:00,216.5,53.1
2017-11-15 09:00:00,220.25,54.0
2017-11-15 10:00:00,225.0,55.0
2017-11-15 11:00:00,202.75,55.9
2017-11-15 12:00:00,236.75,57.0
2017-11-15 13:00:00,238.0,57.9
2017-11-15 14:00:00,226.25,57.9
2017-11-15 15:00:00,213.0,59.0
2017-11-15 16:00:00,208.25,60.1
2017-11-15 17:00:00,220.75,64.0
2017-11-15 18:00:00,229.0,64.0
2017-11-15 19:00:00,232.5,63.0
2017-11-15 20:00:00,228.5,63.0
2017-11-15 21:00:00,172.25,61.0
2017-11-15 22:00:00,155.25,60.1
2017-11-15 23:00:00,143.25,60.1
2017-11-16 00:00:00,130.0,59.0
2017-11-16 01:00:00,121.0,59.0
2017-11-16 02:00:00,114.75,59.0
2017-11-16 03:00:00,112.0,57.0
2017-11-16 04:00:00,110.0,55.9
2017-11-16 05:00:00,114.25,55.0
2017-11-16 06:00:00,136.5,54.0
2017-11-16 07:00:00,190.25,54.0
2017-11-16 08:00:00,210.5,54.0
2017-11-16 09:00:00,227.0,54.0
2017-11-16 10:00:00,224.0,55.0
2017-11-16 11:00:00,210.5,55.0
2017-11-16 12:00:00,231.5,55.0
2017-11-16 13:00:00,239.5,55.0
2017-11-16 14:00:00,214.75,55.9
2017-11-16 15:00:00,206.5,55.9
2017-11-16 16:00:00,199.0,55.9
2017-11-16 17:00:00,220.0,54.0
2017-11-16 18:00:00,233.0,55.0
2017-11-16 19:00:00,242.5,55.0
2017-11-16 20:00:00,231.25,55.0
2017-11-16 21:00:00,176.5,55.9
2017-11-16 22:00:00,157.5,57.0
2017-11-16 23:00:00,138.0,54.0
2017-11-17 00:00:00,127.5,52.0
2017-11-17 01:00:00,121.5,53.1
2017-11-17 02:00:00,112.75,53.1
2017-11-17 03:00:00,109.75,53.1
2017-11-17 04:00:00,110.5,52.0
2017-11-17 05:00:00,113.25,48.9
2017-11-17 06:00:00,153.5,46.9
2017-11-17 07:00:00,193.5,46.0
2017-11-17 08:00:00,221.75,50.0
2017-11-17 09:00:00,233.75,54.0
2017-11-17 10:00:00,216.5,55.9
2017-11-17 11:00:00,232.5,57.9
2017-11-17 12:00:00,259.75,60.1
2017-11-17 13:00:00,251.0,62.1
2017-11-17 14:00:00,208.75,62.1
2017-11-17 15:00:00,210.0,62.1
2017-11-17 16:00:00,207.75,60.1
2017-11-17 17:00:00,215.75,55.9
2017-11-17 18:00:00,230.5,54.0
2017-11-17 19:00:00,220.75,52.0
2017-11-17 20:00:00,217.25,51.1
2017-11-17 21:00:00,159.75,48.0
2017-11-17 22:00:00,143.5,46.9
2017-11-17 23:00:00,133.5,48.9
2017-11-18 00:00:00,126.75,43.0
2017-11-18 01:00:00,122.25,42.1
2017-11-18 02:00:00,115.25,43.0
2017-11-18 03:00:00,109.0,39.9
2017-11-18 04:00:00,106.25,41.0
2017-11-18 05:00:00,108.5,39.9
2017-11-18 06:00:00,120.75,39.0
2017-11-18 07:00:00,143.25,39.0
2017-11-18 08:00:00,195.0,44.1
2017-11-18 09:00:00,184.2,51.1
2017-11-18 10:00:00,215.0,53.1
2017-11-18 11:00:00,224.5,55.0
2017-11-18 12:00:00,223.75,55.9
2017-11-18 13:00:00,235.0,57.0
2017-11-18 14:00:00,182.5,60.1
2017-11-18 15:00:00,174.75,60.1
2017-11-18 16:00:00,197.25,57.9
2017-11-18 17:00:00,199.0,55.9
2017-11-18 18:00:00,209.0,55.0
2017-11-18 19:00:00,212.75,54.0
2017-11-18 20:00:00,215.25,51.1
2017-11-18 21:00:00,167.25,50.0
2017-11-18 22:00:00,148.25,48.9
2017-11-18 23:00:00,135.0,48.0
2017-11-19 00:00:00,127.75,46.9
2017-11-19 01:00:00,126.5,45.0
2017-11-19 02:00:00,121.75,45.0
2017-11-19 03:00:00,115.5,44.1
2017-11-19 04:00:00,110.75,42.1
2017-11-19 05:00:00,113.5,43.0
2017-11-19 06:00:00,118.0,41.0
2017-11-19 07:00:00,146.25,41.0
2017-11-19 08:00:00,155.75,44.1
2017-11-19 09:00:00,189.2,50.0
2017-11-19 10:00:00,203.75,52.0
2017-11-19 11:00:00,223.0,53.1
2017-11-19 12:00:00,229.75,55.0
2017-11-19 13:00:00,230.75,57.0
2017-11-19 14:00:00,198.75,57.9
2017-11-19 15:00:00,186.75,59.0
2017-11-19 16:00:00,191.75,59.0
2017-11-19 17:00:00,217.5,57.0
2017-11-19 18:00:00,243.5,57.0
2017-11-19 19:00:00,242.75,55.9
2017-11-19 20:00:00,238.0,55.0
2017-11-19 21:00:00,176.75,53.1
2017-11-19 22:00:00,154.75,55.0
2017-11-19 23:00:00,140.5,55.0
2017-11-20 00:00:00,126.25,55.0
2017-11-20 01:00:00,117.0,55.9
2017-11-20 02:00:00,113.5,55.0
2017-11-20 03:00:00,108.0,55.0
2017-11-20 04:00:00,104.0,55.9
2017-11-20 05:00:00,113.5,55.0
2017-11-20 06:00:00,139.75,54.0
2017-11-20 07:00:00,193.0,55.9
2017-11-20 08:00:00,213.75,55.9
2017-11-20 09:00:00,231.5,57.9
2017-11-20 10:00:00,218.5,57.9
2017-11-20 11:00:00,207.75,60.1
2017-11-20 12:00:00,237.75,62.1
2017-11-20 13:00:00,239.75,61.0
2017-11-20 14:00:00,228.0,64.0
2017-11-20 15:00:00,227.0,64.9
2017-11-20 16:00:00,222.5,64.0
2017-11-20 17:00:00,215.75,60.1
2017-11-20 18:00:00,227.25,61.0
2017-11-20 19:00:00,230.25,60.1
2017-11-20 20:00:00,220.25,59.0
2017-11-20 21:00:00,163.0,59.0
2017-11-20 22:00:00,144.0,57.9
2017-11-20 23:00:00,137.5,57.0
2017-11-21 00:00:00,128.25,55.9
2017-11-21 01:00:00,119.25,55.9
2017-11-21 02:00:00,114.5,57.0
2017-11-21 03:00:00,109.0,57.0
2017-11-21 04:00:00,106.75,55.0
2017-11-21 05:00:00,110.25,55.0
2017-11-21 06:00:00,149.5,54.0
2017-11-21 07:00:00,203.0,54.0
2017-11-21 08:00:00,212.5,54.0
2017-11-21 09:00:00,235.25,59.0
2017-11-21 10:00:00,226.0,61.0
2017-11-21 11:00:00,226.5,60.1
2017-11-21 12:00:00,257.75,61.0
2017-11-21 13:00:00,262.25,62.1
2017-11-21 14:00:00,241.0,63.0
2017-11-21 15:00:00,215.75,64.0
2017-11-21 16:00:00,199.75,64.0
2017-11-21 17:00:00,198.5,62.1
2017-11-21 18:00:00,225.4,60.1
2017-11-21 19:00:00,224.5,60.1
2017-11-21 20:00:00,211.5,57.9
2017-11-21 21:00:00,158.25,55.9
2017-11-21 22:00:00,142.0,57.9
2017-11-21 23:00:00,127.75,57.9
2017-11-22 00:00:00,121.5,55.0
2017-11-22 01:00:00,114.5,55.9
2017-11-22 02:00:00,110.5,53.1
2017-11-22 03:00:00,106.0,54.0
2017-11-22 04:00:00,110.25,52.0
2017-11-22 05:00:00,118.5,50.0
2017-11-22 06:00:00,152.25,54.0
2017-11-22 07:00:00,207.5,51.1
2017-11-22 08:00:00,209.25,54.0
2017-11-22 09:00:00,236.25,57.9
2017-11-22 10:00:00,227.25,60.1
2017-11-22 11:00:00,219.5,62.1
2017-11-22 12:00:00,233.0,63.0
2017-11-22 13:00:00,247.0,66.0
2017-11-22 14:00:00,219.0,64.9
2017-11-22 15:00:00,199.5,64.0
2017-11-22 16:00:00,201.5,63.0
2017-11-22 17:00:00,196.25,63.0
2017-11-22 18:00:00,196.75,63.0
2017-11-22 19:00:00,194.25,61.0
2017-11-22 20:00:00,195.0,61.0
2017-11-22 21:00:00,145.0,59.0
2017-11-22 22:00:00,135.5,60.1
2017-11-22 23:00:00,123.25,60.1
2017-11-23 00:00:00,116.75,57.9
2017-11-23 01:00:00,116.25,57.9
2017-11-23 02:00:00,111.88,57.9
2017-11-23 03:00:00,109.88,57.0
2017-11-23 04:00:00,109.25,57.9
2017-11-23 05:00:00,112.6,55.0
2017-11-23 06:00:00,115.5,55.0
2017-11-23 07:00:00,143.75,55.9
2017-11-23 08:00:00,140.25,55.9
2017-11-23 09:00:00,145.25,57.9
2017-11-23 10:00:00,136.25,60.1
2017-11-23 11:00:00,138.0,61.0
2017-11-23 12:00:00,140.5,62.1
2017-11-23 13:00:00,141.5,62.1
2017-11-23 14:00:00,142.0,62.1
2017-11-23 15:00:00,140.5,64.0
2017-11-23 16:00:00,141.5,63.0
2017-11-23 17:00:00,137.5,63.0
2017-11-23 18:00:00,136.75,61.0
2017-11-23 19:00:00,136.25,61.0
2017-11-23 20:00:00,136.25,59.0
2017-11-23 21:00:00,131.75,59.0
2017-11-23 22:00:00,122.0,59.0
2017-11-23 23:00:00,115.75,57.9
2017-11-24 00:00:00,115.5,57.9
2017-11-24 01:00:00,111.75,55.9
2017-11-24 02:00:00,111.5,55.0
2017-11-24 03:00:00,111.0,55.9
2017-11-24 04:00:00,113.25,55.0
2017-11-24 05:00:00,115.75,54.0
2017-11-24 06:00:00,116.75,53.1
2017-11-24 07:00:00,196.5,52.0
2017-11-24 08:00:00,187.25,54.0
2017-11-24 09:00:00,180.25,57.0
2017-11-24 10:00:00,185.75,57.9
2017-11-24 11:00:00,204.75,61.0
2017-11-24 12:00:00,215.5,63.0
2017-11-24 13:00:00,201.5,64.0
2017-11-24 14:00:00,186.5,64.0
2017-11-24 15:00:00,155.5,64.9
2017-11-24 16:00:00,158.5,64.0
2017-11-24 17:00:00,158.5,62.1
2017-11-24 18:00:00,148.75,61.0
2017-11-24 19:00:00,150.25,60.1
2017-11-24 20:00:00,133.75,60.1
2017-11-24 21:00:00,144.75,60.1
2017-11-24 22:00:00,138.5,59.0
2017-11-24 23:00:00,117.5,59.0
2017-11-25 00:00:00,114.5,59.0
2017-11-25 01:00:00,109.25,59.0
2017-11-25 02:00:00,107.0,57.9
2017-11-25 03:00:00,103.5,57.0
2017-11-25 04:00:00,103.5,55.9
2017-11-25 05:00:00,123.25,57.0
2017-11-25 06:00:00,125.5,57.9
2017-11-25 07:00:00,173.5,54.0
2017-11-25 08:00:00,180.75,57.0
2017-11-25 09:00:00,189.25,62.1
2017-11-25 10:00:00,204.5,62.1
2017-11-25 11:00:00,202.5,61.0
2017-11-25 12:00:00,216.0,63.0
2017-11-25 13:00:00,218.75,63.0
2017-11-25 14:00:00,193.0,64.9
2017-11-25 15:00:00,190.25,68.0
2017-11-25 16:00:00,195.75,66.0
2017-11-25 17:00:00,189.0,61.0
2017-11-25 18:00:00,211.5,63.0
2017-11-25 19:00:00,216.25,61.0
2017-11-25 20:00:00,197.75,61.0
2017-11-25 21:00:00,173.0,60.1
2017-11-25 22:00:00,156.25,60.1
2017-11-25 23:00:00,140.5,59.0
2017-11-26 00:00:00,134.25,59.0
2017-11-26 01:00:00,129.5,60.1
2017-11-26 02:00:00,125.0,57.0
2017-11-26 03:00:00,117.5,59.0
2017-11-26 04:00:00,119.75,62.1
2017-11-26 05:00:00,138.5,62.1
2017-11-26 06:00:00,143.5,63.0
2017-11-26 07:00:00,177.75,63.0
2017-11-26 08:00:00,182.25,61.0
2017-11-26 09:00:00,206.5,63.0
2017-11-26 10:00:00,220.75,62.1
2017-11-26 11:00:00,222.5,61.0
2017-11-26 12:00:00,228.5,61.0
2017-11-26 13:00:00,240.75,61.0
2017-11-26 14:00:00,220.75,61.0
2017-11-26 15:00:00,187.25,61.0
2017-11-26 16:00:00,208.5,60.1
2017-11-26 17:00:00,215.25,60.1
2017-11-26 18:00:00,233.75,60.1
2017-11-26 19:00:00,241.0,60.1
2017-11-26 20:00:00,231.25,60.1
2017-11-26 21:00:00,168.75,59.0
2017-11-26 22:00:00,150.75,59.0
2017-11-26 23:00:00,138.5,57.9
2017-11-27 00:00:00,131.0,57.9
2017-11-27 01:00:00,121.75,52.0
2017-11-27 02:00:00,120.25,52.0
2017-11-27 03:00:00,116.75,53.1
2017-11-27 04:00:00,117.0,52.0
2017-11-27 05:00:00,120.75,50.0
2017-11-27 06:00:00,139.75,48.9
2017-11-27 07:00:00,181.25,46.0
2017-11-27 08:00:00,208.25,48.9
2017-11-27 09:00:00,231.25,53.1
2017-11-27 10:00:00,226.25,55.0
2017-11-27 11:00:00,197.25,57.0
2017-11-27 12:00:00,237.25,57.0
2017-11-27 13:00:00,239.0,57.9
2017-11-27 14:00:00,211.25,57.9
2017-11-27 15:00:00,200.0,57.9
2017-11-27 16:00:00,205.75,57.0
2017-11-27 17:00:00,213.0,55.0
2017-11-27 18:00:00,231.0,54.0
2017-11-27 19:00:00,231.75,52.0
2017-11-27 20:00:00,232.5,48.9
2017-11-27 21:00:00,172.0,50.0
2017-11-27 22:00:00,149.75,48.0
2017-11-27 23:00:00,140.0,48.0
2017-11-28 00:00:00,124.75,45.0
2017-11-28 01:00:00,113.75,44.1
2017-11-28 02:00:00,108.75,46.0
2017-11-28 03:00:00,105.0,44.1
2017-11-28 04:00:00,102.75,43.0
2017-11-28 05:00:00,107.75,44.1
2017-11-28 06:00:00,134.75,41.0
2017-11-28 07:00:00,193.25,43.0
2017-11-28 08:00:00,210.0,44.1
2017-11-28 09:00:00,216.75,51.1
2017-11-28 10:00:00,217.0,54.0
2017-11-28 11:00:00,200.5,54.0
2017-11-28 12:00:00,228.5,55.9
2017-11-28 13:00:00,245.0,59.0
2017-11-28 14:00:00,217.25,59.0
2017-11-28 15:00:00,192.0,59.0
2017-11-28 16:00:00,185.74,57.9
2017-11-28 17:00:00,208.28,57.0
2017-11-28 18:00:00,229.5,55.0
2017-11-28 19:00:00,228.75,54.0
2017-11-28 20:00:00,233.75,51.1
2017-11-28 21:00:00,166.75,50.0
2017-11-28 22:00:00,152.0,50.0
2017-11-28 23:00:00,139.25,46.9
2017-11-29 00:00:00,124.5,48.9
2017-11-29 01:00:00,115.75,48.0
2017-11-29 02:00:00,111.75,46.0
2017-11-29 03:00:00,107.25,45.0
2017-11-29 04:00:00,105.75,45.0
2017-11-29 05:00:00,110.75,44.1
2017-11-29 06:00:00,156.75,45.0
2017-11-29 07:00:00,178.0,43.0
2017-11-29 08:00:00,204.0,46.0
2017-11-29 09:00:00,239.5,54.0
2017-11-29 10:00:00,225.5,55.9
2017-11-29 11:00:00,219.0,57.0
2017-11-29 12:00:00,248.75,57.9
2017-11-29 13:00:00,252.5,59.0
2017-11-29 14:00:00,216.25,60.1
2017-11-29 15:00:00,207.0,60.1
2017-11-29 16:00:00,203.25,60.1
2017-11-29 17:00:00,215.25,57.0
2017-11-29 18:00:00,230.0,55.9
2017-11-29 19:00:00,227.0,55.0
2017-11-29 20:00:00,216.5,52.0
2017-11-29 21:00:00,153.75,50.0
2017-11-29 22:00:00,146.5,48.0
2017-11-29 23:00:00,139.5,46.9
2017-11-30 00:00:00,127.25,45.0
2017-11-30 01:00:00,118.25,48.0
2017-11-30 02:00:00,113.25,51.1
2017-11-30 03:00:00,109.0,48.0
2017-11-30 04:00:00,102.5,48.9
2017-11-30 05:00:00,103.25,48.9
2017-11-30 06:00:00,140.75,46.9
2017-11-30 07:00:00,164.25,44.1
2017-11-30 08:00:00,186.75,43.0
2017-11-30 09:00:00,223.25,52.0
2017-11-30 10:00:00,192.5,57.0
2017-11-30 11:00:00,190.0,57.0
2017-11-30 12:00:00,244.25,57.0
2017-11-30 13:00:00,245.25,57.9
2017-11-30 14:00:00,206.0,61.0
2017-11-30 15:00:00,205.5,62.1
2017-11-30 16:00:00,203.5,60.1
2017-11-30 17:00:00,216.0,57.0
2017-11-30 18:00:00,235.5,55.0
2017-11-30 19:00:00,238.75,53.1
2017-11-30 20:00:00,234.0,51.1
2017-11-30 21:00:00,167.25,48.9
2017-11-30 22:00:00,149.75,46.9
2017-11-30 23:00:00,137.75,46.0
2017-12-01 00:00:00,126.25,46.0
2017-12-01 01:00:00,117.0,44.1
2017-12-01 02:00:00,112.5,43.0
2017-12-01 03:00:00,109.0,44.1
2017-12-01 04:00:00,105.75,44.1
2017-12-01 05:00:00,107.5,43.0
2017-12-01 06:00:00,152.0,43.0
2017-12-01 07:00:00,177.0,42.1
2017-12-01 08:00:00,208.25,45.0
2017-12-01 09:00:00,216.0,51.1
2017-12-01 10:00:00,223.25,52.0
2017-12-01 11:00:00,207.75,54.0
2017-12-01 12:00:00,234.5,55.0
2017-12-01 13:00:00,241.5,55.0
2017-12-01 14:00:00,215.25,55.9
2017-12-01 15:00:00,223.0,57.0
2017-12-01 16:00:00,225.0,57.0
2017-12-01 17:00:00,232.8,55.9
2017-12-01 18:00:00,246.25,53.1
2017-12-01 19:00:00,243.0,54.0
2017-12-01 20:00:00,237.0,48.0
2017-12-01 21:00:00,185.25,48.0
2017-12-01 22:00:00,159.5,48.0
2017-12-01 23:00:00,134.25,48.0
2017-12-02 00:00:00,123.75,45.0
2017-12-02 01:00:00,118.0,45.0
2017-12-02 02:00:00,111.5,45.0
2017-12-02 03:00:00,105.75,44.1
2017-12-02 04:00:00,104.5,44.1
2017-12-02 05:00:00,116.25,45.0
2017-12-02 06:00:00,121.75,44.1
2017-12-02 07:00:00,178.25,44.1
2017-12-02 08:00:00,182.75,43.0
2017-12-02 09:00:00,186.25,48.9
2017-12-02 10:00:00,213.5,53.1
2017-12-02 11:00:00,221.25,53.1
2017-12-02 12:00:00,232.25,55.0
2017-12-02 13:00:00,234.75,55.9
2017-12-02 14:00:00,204.0,55.9
2017-12-02 15:00:00,191.8,55.9
2017-12-02 16:00:00,213.5,55.9
2017-12-02 17:00:00,223.75,55.0
2017-12-02 18:00:00,244.5,54.0
2017-12-02 19:00:00,249.0,55.0
2017-12-02 20:00:00,243.0,53.1
2017-12-02 21:00:00,217.0,55.0
2017-12-02 22:00:00,168.5,53.1
2017-12-02 23:00:00,134.92,54.0
2017-12-03 00:00:00,129.14,55.0
2017-12-03 01:00:00,118.5,53.1
2017-12-03 02:00:00,112.0,53.1
2017-12-03 03:00:00,108.25,52.0
2017-12-03 04:00:00,107.25,51.1
2017-12-03 05:00:00,120.0,51.1
2017-12-03 06:00:00,124.5,50.0
2017-12-03 07:00:00,152.5,50.0
2017-12-03 08:00:00,170.75,48.9
2017-12-03 09:00:00,201.5,52.0
2017-12-03 10:00:00,214.75,54.0
2017-12-03 11:00:00,234.5,55.0
2017-12-03 12:00:00,238.6,55.9
2017-12-03 13:00:00,240.5,55.9
2017-12-03 14:00:00,200.75,57.0
2017-12-03 15:00:00,204.5,57.9
2017-12-03 16:00:00,197.75,57.9
2017-12-03 17:00:00,213.75,53.1
2017-12-03 18:00:00,243.0,53.1
2017-12-03 19:00:00,242.5,46.9
2017-12-03 20:00:00,221.0,48.9
2017-12-03 21:00:00,175.5,50.0
2017-12-03 22:00:00,163.25,48.9
2017-12-03 23:00:00,136.5,48.9
2017-12-04 00:00:00,129.75,48.9
2017-12-04 01:00:00,120.0,50.0
2017-12-04 02:00:00,114.0,50.0
2017-12-04 03:00:00,111.0,50.0
2017-12-04 04:00:00,104.5,48.0
2017-12-04 05:00:00,119.0,48.0
2017-12-04 06:00:00,144.0,42.1
2017-12-04 07:00:00,193.5,39.0
2017-12-04 08:00:00,211.0,42.1
2017-12-04 09:00:00,236.5,50.0
2017-12-04 10:00:00,230.25,53.1
2017-12-04 11:00:00,223.25,54.0
2017-12-04 12:00:00,248.0,60.1
2017-12-04 13:00:00,252.5,63.0
2017-12-04 14:00:00,223.75,63.0
2017-12-04 15:00:00,217.0,62.1
2017-12-04 16:00:00,220.0,61.0
2017-12-04 17:00:00,243.0,59.0
2017-12-04 18:00:00,247.5,57.0
2017-12-04 19:00:00,247.0,55.9
2017-12-04 20:00:00,237.5,54.0
2017-12-04 21:00:00,174.0,53.1
2017-12-04 22:00:00,163.25,53.1
2017-12-04 23:00:00,144.5,53.1
2017-12-05 00:00:00,127.0,53.1
2017-12-05 01:00:00,120.0,52.0
2017-12-05 02:00:00,115.75,53.1
2017-12-05 03:00:00,111.0,51.1
2017-12-05 04:00:00,110.25,53.1
2017-12-05 05:00:00,118.25,53.1
2017-12-05 06:00:00,151.5,50.0
2017-12-05 07:00:00,192.75,46.0
2017-12-05 08:00:00,237.0,48.9
2017-12-05 09:00:00,252.25,54.0
2017-12-05 10:00:00,231.25,55.9
2017-12-05 11:00:00,236.25,60.1
2017-12-05 12:00:00,259.0,64.9
2017-12-05 13:00:00,284.75,66.0
2017-12-05 14:00:00,259.75,66.0
2017-12-05 15:00:00,225.75,63.0
2017-12-05 16:00:00,207.5,62.1
2017-12-05 17:00:00,208.25,57.9
2017-12-05 18:00:00,235.4,54.0
2017-12-05 19:00:00,234.25,52.0
2017-12-05 20:00:00,232.5,46.9
2017-12-05 21:00:00,174.25,46.9
2017-12-05 22:00:00,147.25,46.9
2017-12-05 23:00:00,138.0,42.1
2017-12-06 00:00:00,129.75,39.0
2017-12-06 01:00:00,118.0,41.0
2017-12-06 02:00:00,112.75,39.0
2017-12-06 03:00:00,110.75,43.0
2017-12-06 04:00:00,110.5,37.0
2017-12-06 05:00:00,113.0,42.1
2017-12-06 06:00:00,157.75,45.0
2017-12-06 07:00:00,195.0,45.0
2017-12-06 08:00:00,218.25,46.0
2017-12-06 09:00:00,228.75,51.1
2017-12-06 10:00:00,228.5,57.0
2017-12-06 11:00:00,217.5,59.0
2017-12-06 12:00:00,252.5,61.0
2017-12-06 13:00:00,264.5,63.0
2017-12-06 14:00:00,232.5,64.0
2017-12-06 15:00:00,223.25,64.0
2017-12-06 16:00:00,230.5,63.0
2017-12-06 17:00:00,239.25,55.9
2017-12-06 18:00:00,253.0,55.0
2017-12-06 19:00:00,250.75,55.0
2017-12-06 20:00:00,238.75,54.0
2017-12-06 21:00:00,187.25,51.1
2017-12-06 22:00:00,157.25,53.1
2017-12-06 23:00:00,139.75,50.0
2017-12-07 00:00:00,131.5,48.9
2017-12-07 01:00:00,123.5,46.9
2017-12-07 02:00:00,117.25,44.1
2017-12-07 03:00:00,113.5,46.0
2017-12-07 04:00:00,111.0,48.0
2017-12-07 05:00:00,113.25,45.0
2017-12-07 06:00:00,167.75,45.0
2017-12-07 07:00:00,194.5,45.0
2017-12-07 08:00:00,207.75,48.0
2017-12-07 09:00:00,237.5,53.1
2017-12-07 10:00:00,221.0,57.0
2017-12-07 11:00:00,218.5,55.0
2017-12-07 12:00:00,262.75,54.0
2017-12-07 13:00:00,272.75,57.0
2017-12-07 14:00:00,235.25,59.0
2017-12-07 15:00:00,217.5,62.1
2017-12-07 16:00:00,201.25,59.0
2017-12-07 17:00:00,203.0,54.0
2017-12-07 18:00:00,235.25,54.0
2017-12-07 19:00:00,238.0,53.1
2017-12-07 20:00:00,224.75,55.0
2017-12-07 21:00:00,164.5,48.9
2017-12-07 22:00:00,150.25,45.0
2017-12-07 23:00:00,138.25,45.0
2017-12-08 00:00:00,130.75,44.1
2017-12-08 01:00:00,123.5,45.0
2017-12-08 02:00:00,119.5,43.0
2017-12-08 03:00:00,114.5,42.1
2017-12-08 04:00:00,114.0,39.0
2017-12-08 05:00:00,115.25,42.1
2017-12-08 06:00:00,180.5,39.0
2017-12-08 07:00:00,188.75,37.9
2017-12-08 08:00:00,205.0,39.9
2017-12-08 09:00:00,238.75,48.0
2017-12-08 10:00:00,220.25,51.1
2017-12-08 11:00:00,223.5,53.1
2017-12-08 12:00:00,253.75,55.9
2017-12-08 13:00:00,248.5,61.0
2017-12-08 14:00:00,216.75,62.1
2017-12-08 15:00:00,215.75,57.9
2017-12-08 16:00:00,219.5,62.1
2017-12-08 17:00:00,226.75,55.0
2017-12-08 18:00:00,245.5,54.0
2017-12-08 19:00:00,254.0,55.9
2017-12-08 20:00:00,241.75,51.1
2017-12-08 21:00:00,199.75,46.9
2017-12-08 22:00:00,150.75,43.0
2017-12-08 23:00:00,133.25,46.0
2017-12-09 00:00:00,126.25,39.9
2017-12-09 01:00:00,121.25,41.0
2017-12-09 02:00:00,117.5,43.0
2017-12-09 03:00:00,113.0,41.0
2017-12-09 04:00:00,111.25,42.1
2017-12-09 05:00:00,113.25,37.9
2017-12-09 06:00:00,118.75,37.9
2017-12-09 07:00:00,180.75,39.9
2017-12-09 08:00:00,175.0,39.9
2017-12-09 09:00:00,190.75,48.0
2017-12-09 10:00:00,225.5,52.0
2017-12-09 11:00:00,234.25,52.0
2017-12-09 12:00:00,246.5,53.1
2017-12-09 13:00:00,237.75,55.0
2017-12-09 14:00:00,206.0,57.0
2017-12-09 15:00:00,195.02,57.9
2017-12-09 16:00:00,197.17,63.0
2017-12-09 17:00:00,213.5,55.9
2017-12-09 18:00:00,249.0,55.0
2017-12-09 19:00:00,249.75,52.0
2017-12-09 20:00:00,238.0,53.1
2017-12-09 21:00:00,187.25,53.1
2017-12-09 22:00:00,154.75,51.1
2017-12-09 23:00:00,138.0,46.9
2017-12-10 00:00:00,133.25,42.1
2017-12-10 01:00:00,125.5,43.0
2017-12-10 02:00:00,122.0,39.0
2017-12-10 03:00:00,116.75,39.0
2017-12-10 04:00:00,116.75,41.0
2017-12-10 05:00:00,121.5,39.9
2017-12-10 06:00:00,125.25,37.0
2017-12-10 07:00:00,168.75,42.1
2017-12-10 08:00:00,182.75,46.0
2017-12-10 09:00:00,195.75,50.0
2017-12-10 10:00:00,237.5,51.1
2017-12-10 11:00:00,237.5,54.0
2017-12-10 12:00:00,247.25,57.0
2017-12-10 13:00:00,251.5,57.0
2017-12-10 14:00:00,220.5,60.1
2017-12-10 15:00:00,207.5,61.0
2017-12-10 16:00:00,205.5,60.1
2017-12-10 17:00:00,219.5,59.0
2017-12-10 18:00:00,247.25,52.0
2017-12-10 19:00:00,251.25,53.1
2017-12-10 20:00:00,233.5,53.1
2017-12-10 21:00:00,173.0,52.0
2017-12-10 22:00:00,158.0,52.0
2017-12-10 23:00:00,139.25,50.0
2017-12-11 00:00:00,132.25,43.0
2017-12-11 01:00:00,124.25,46.0
2017-12-11 02:00:00,118.5,39.0
2017-12-11 03:00:00,115.25,43.0
2017-12-11 04:00:00,113.5,43.0
2017-12-11 05:00:00,124.5,37.9
2017-12-11 06:00:00,156.5,39.9
2017-12-11 07:00:00,197.25,43.0
2017-12-11 08:00:00,218.0,43.0
2017-12-11 09:00:00,244.5,46.0
2017-12-11 10:00:00,250.0,51.1
2017-12-11 11:00:00,228.5,53.1
2017-12-11 12:00:00,263.75,55.9
2017-12-11 13:00:00,267.5,55.9
2017-12-11 14:00:00,229.75,57.0
2017-12-11 15:00:00,221.5,59.0
2017-12-11 16:00:00,215.0,59.0
2017-12-11 17:00:00,228.75,55.9
2017-12-11 18:00:00,251.25,54.0
2017-12-11 19:00:00,245.5,50.0
2017-12-11 20:00:00,236.25,53.1
2017-12-11 21:00:00,177.5,48.9
2017-12-11 22:00:00,161.5,44.1
2017-12-11 23:00:00,147.25,45.0
2017-12-12 00:00:00,138.0,43.0
2017-12-12 01:00:00,124.5,43.0
2017-12-12 02:00:00,122.0,37.9
2017-12-12 03:00:00,114.75,37.0
2017-12-12 04:00:00,114.75,42.1
2017-12-12 05:00:00,124.75,39.9
2017-12-12 06:00:00,153.5,37.9
2017-12-12 07:00:00,191.25,39.9
2017-12-12 08:00:00,215.75,37.9
2017-12-12 09:00:00,237.25,46.9
2017-12-12 10:00:00,234.0,50.0
2017-12-12 11:00:00,219.25,52.0
2017-12-12 12:00:00,264.5,57.9
2017-12-12 13:00:00,273.0,57.9
2017-12-12 14:00:00,242.5,59.0
2017-12-12 15:00:00,243.5,57.9
2017-12-12 16:00:00,228.5,57.9
2017-12-12 17:00:00,223.5,53.1
2017-12-12 18:00:00,238.6,48.9
2017-12-12 19:00:00,246.5,51.1
2017-12-12 20:00:00,232.75,45.0
2017-12-12 21:00:00,176.25,48.9
2017-12-12 22:00:00,152.25,48.0
2017-12-12 23:00:00,138.5,44.1
2017-12-13 00:00:00,132.75,39.9
2017-12-13 01:00:00,121.25,37.0
2017-12-13 02:00:00,118.0,42.1
2017-12-13 03:00:00,111.5,34.0
2017-12-13 04:00:00,110.25,37.9
2017-12-13 05:00:00,117.0,36.0
2017-12-13 06:00:00,146.5,37.9
2017-12-13 07:00:00,196.25,37.0
2017-12-13 08:00:00,199.25,41.0
2017-12-13 09:00:00,215.75,46.0
2017-12-13 10:00:00,229.5,48.9
2017-12-13 11:00:00,218.75,51.1
2017-12-13 12:00:00,239.0,54.0
2017-12-13 13:00:00,245.5,57.9
2017-12-13 14:00:00,222.0,57.0
2017-12-13 15:00:00,216.5,57.9
2017-12-13 16:00:00,216.5,55.9
2017-12-13 17:00:00,202.75,53.1
2017-12-13 18:00:00,222.0,54.0
2017-12-13 19:00:00,224.75,50.0
2017-12-13 20:00:00,216.75,48.9
2017-12-13 21:00:00,164.25,46.0
2017-12-13 22:00:00,151.5,46.0
2017-12-13 23:00:00,140.0,45.0
2017-12-14 00:00:00,128.75,43.0
2017-12-14 01:00:00,118.5,39.0
2017-12-14 02:00:00,115.75,39.9
2017-12-14 03:00:00,112.0,42.1
2017-12-14 04:00:00,107.25,39.9
2017-12-14 05:00:00,110.75,37.9
2017-12-14 06:00:00,160.66,41.0
2017-12-14 07:00:00,193.26,37.0
2017-12-14 08:00:00,197.0,39.9
2017-12-14 09:00:00,213.5,48.0
2017-12-14 10:00:00,201.75,50.0
2017-12-14 11:00:00,199.25,52.0
2017-12-14 12:00:00,215.0,55.0
2017-12-14 13:00:00,202.0,60.1
2017-12-14 14:00:00,196.75,62.1
2017-12-14 15:00:00,191.75,62.1
2017-12-14 16:00:00,190.0,59.0
2017-12-14 17:00:00,185.75,55.0
2017-12-14 18:00:00,194.5,53.1
2017-12-14 19:00:00,222.75,57.0
2017-12-14 20:00:00,213.0,53.1
2017-12-14 21:00:00,161.75,51.1
2017-12-14 22:00:00,149.25,46.0
2017-12-14 23:00:00,134.0,45.0
2017-12-15 00:00:00,126.25,42.1
2017-12-15 01:00:00,118.0,46.9
2017-12-15 02:00:00,116.5,41.0
2017-12-15 03:00:00,112.5,43.0
2017-12-15 04:00:00,109.5,37.9
2017-12-15 05:00:00,112.75,39.9
2017-12-15 06:00:00,142.75,39.9
2017-12-15 07:00:00,196.75,45.0
2017-12-15 08:00:00,220.25,46.0
2017-12-15 09:00:00,228.25,45.0
2017-12-15 10:00:00,235.25,50.0
2017-12-15 11:00:00,222.0,52.0
2017-12-15 12:00:00,247.25,53.1
2017-12-15 13:00:00,250.75,55.0
2017-12-15 14:00:00,221.0,57.0
2017-12-15 15:00:00,239.75,57.0
2017-12-15 16:00:00,211.25,57.0
2017-12-15 17:00:00,199.25,55.0
2017-12-15 18:00:00,223.5,54.0
2017-12-15 19:00:00,221.25,53.1
2017-12-15 20:00:00,215.0,53.1
2017-12-15 21:00:00,157.75,51.1
2017-12-15 22:00:00,138.0,52.0
2017-12-15 23:00:00,122.75,48.9
2017-12-16 00:00:00,118.75,45.0
2017-12-16 01:00:00,115.75,45.0
2017-12-16 02:00:00,112.0,44.1
2017-12-16 03:00:00,107.5,39.9
2017-12-16 04:00:00,107.25,46.0
2017-12-16 05:00:00,110.0,48.9
2017-12-16 06:00:00,113.75,48.9
2017-12-16 07:00:00,165.5,50.0
2017-12-16 08:00:00,174.5,54.0
2017-12-16 09:00:00,191.75,57.0
2017-12-16 10:00:00,204.0,59.0
2017-12-16 11:00:00,207.25,61.0
2017-12-16 12:00:00,216.25,63.0
2017-12-16 13:00:00,225.0,64.0
2017-12-16 14:00:00,194.25,64.0
2017-12-16 15:00:00,180.75,64.0
2017-12-16 16:00:00,195.0,63.0
2017-12-16 17:00:00,201.0,60.1
2017-12-16 18:00:00,207.25,60.1
2017-12-16 19:00:00,213.25,59.0
2017-12-16 20:00:00,198.75,57.9
2017-12-16 21:00:00,148.5,57.0
2017-12-16 22:00:00,136.5,55.9
2017-12-16 23:00:00,125.5,55.9
2017-12-17 00:00:00,119.25,55.9
2017-12-17 01:00:00,118.5,55.0
2017-12-17 02:00:00,114.25,53.1
2017-12-17 03:00:00,112.0,52.0
2017-12-17 04:00:00,106.25,51.1
2017-12-17 05:00:00,112.5,50.0
2017-12-17 06:00:00,116.75,50.0
2017-12-17 07:00:00,158.75,46.0
2017-12-17 08:00:00,165.75,50.0
2017-12-17 09:00:00,178.5,54.0
2017-12-17 10:00:00,201.0,57.0
2017-12-17 11:00:00,203.75,59.0
2017-12-17 12:00:00,216.75,62.1
2017-12-17 13:00:00,215.0,64.0
2017-12-17 14:00:00,190.5,60.1
2017-12-17 15:00:00,185.0,64.0
2017-12-17 16:00:00,196.5,61.0
2017-12-17 17:00:00,187.25,55.9
2017-12-17 18:00:00,204.5,54.0
2017-12-17 19:00:00,204.0,51.1
2017-12-17 20:00:00,201.25,51.1
2017-12-17 21:00:00,149.75,45.0
2017-12-17 22:00:00,129.25,46.9
2017-12-17 23:00:00,119.5,46.9
2017-12-18 00:00:00,117.75,42.1
2017-12-18 01:00:00,111.75,45.0
2017-12-18 02:00:00,110.5,39.9
2017-12-18 03:00:00,106.75,44.1
2017-12-18 04:00:00,105.75,44.1
2017-12-18 05:00:00,111.5,39.0
2017-12-18 06:00:00,147.25,41.0
2017-12-18 07:00:00,159.0,42.1
2017-12-18 08:00:00,158.75,42.1
2017-12-18 09:00:00,161.5,48.0
2017-12-18 10:00:00,163.75,53.1
2017-12-18 11:00:00,156.25,53.1
2017-12-18 12:00:00,150.75,54.0
2017-12-18 13:00:00,166.0,57.0
2017-12-18 14:00:00,162.0,57.9
2017-12-18 15:00:00,157.5,57.9
2017-12-18 16:00:00,149.5,57.0
2017-12-18 17:00:00,140.0,55.0
2017-12-18 18:00:00,133.5,52.0
2017-12-18 19:00:00,127.75,50.0
2017-12-18 20:00:00,128.75,48.0
2017-12-18 21:00:00,126.0,48.9
2017-12-18 22:00:00,120.0,44.1
2017-12-18 23:00:00,106.75,48.0
2017-12-19 00:00:00,104.5,42.1
2017-12-19 01:00:00,102.0,41.0
2017-12-19 02:00:00,101.25,45.0
2017-12-19 03:00:00,99.0,43.0
2017-12-19 04:00:00,98.25,39.9
2017-12-19 05:00:00,103.5,36.0
2017-12-19 06:00:00,110.0,41.0
2017-12-19 07:00:00,137.25,39.9
2017-12-19 08:00:00,142.75,39.0
2017-12-19 09:00:00,144.15,46.9
2017-12-19 10:00:00,145.82,48.0
2017-12-19 11:00:00,149.23,50.0
2017-12-19 12:00:00,150.52,52.0
2017-12-19 13:00:00,144.25,55.9
2017-12-19 14:00:00,142.75,57.9
2017-12-19 15:00:00,144.75,55.9
2017-12-19 16:00:00,139.75,55.0
2017-12-19 17:00:00,133.52,53.1
2017-12-19 18:00:00,131.99,52.0
2017-12-19 19:00:00,127.0,52.0
2017-12-19 20:00:00,128.75,53.1
2017-12-19 21:00:00,124.25,53.1
2017-12-19 22:00:00,115.75,53.1
2017-12-19 23:00:00,105.25,53.1
2017-12-20 00:00:00,104.75,52.0
2017-12-20 01:00:00,101.5,52.0
2017-12-20 02:00:00,99.0,52.0
2017-12-20 03:00:00,97.25,48.0
2017-12-20 04:00:00,97.0,48.9
2017-12-20 05:00:00,103.5,48.9
2017-12-20 06:00:00,111.25,48.0
2017-12-20 07:00:00,134.0,46.9
2017-12-20 08:00:00,136.5,45.0
2017-12-20 09:00:00,140.25,50.0
2017-12-20 10:00:00,145.0,51.1
2017-12-20 11:00:00,140.5,53.1
2017-12-20 12:00:00,140.25,53.1
2017-12-20 13:00:00,139.75,55.0
2017-12-20 14:00:00,134.75,55.0
2017-12-20 15:00:00,139.75,54.0
2017-12-20 16:00:00,142.5,53.1
2017-12-20 17:00:00,138.0,51.1
2017-12-20 18:00:00,128.0,50.0
2017-12-20 19:00:00,128.25,48.9
2017-12-20 20:00:00,126.5,48.0
2017-12-20 21:00:00,123.0,46.9
2017-12-20 22:00:00,117.25,46.0
2017-12-20 23:00:00,107.25,45.0
2017-12-21 00:00:00,104.25,44.1
2017-12-21 01:00:00,100.75,37.9
2017-12-21 02:00:00,99.75,42.1
2017-12-21 03:00:00,97.25,43.0
2017-12-21 04:00:00,99.5,44.1
2017-12-21 05:00:00,105.5,44.1
2017-12-21 06:00:00,118.4,43.0
2017-12-21 07:00:00,133.0,42.1
2017-12-21 08:00:00,135.25,44.1
2017-12-21 09:00:00,149.25,48.9
2017-12-21 10:00:00,146.75,51.1
2017-12-21 11:00:00,146.75,52.0
2017-12-21 12:00:00,146.0,52.0
2017-12-21 13:00:00,146.5,53.1
2017-12-21 14:00:00,138.5,55.0
2017-12-21 15:00:00,141.0,57.9
2017-12-21 16:00:00,137.0,55.9
2017-12-21 17:00:00,137.0,51.1
2017-12-21 18:00:00,126.0,50.0
2017-12-21 19:00:00,125.75,50.0
2017-12-21 20:00:00,127.75,44.1
2017-12-21 21:00:00,122.75,41.0
2017-12-21 22:00:00,114.75,41.0
2017-12-21 23:00:00,105.25,39.0
2017-12-22 00:00:00,101.75,37.0
2017-12-22 01:00:00,100.75,37.0
2017-12-22 02:00:00,97.5,37.9
2017-12-22 03:00:00,97.5,37.9
2017-12-22 04:00:00,99.75,35.1
2017-12-22 05:00:00,104.75,36.0
2017-12-22 06:00:00,112.0,33.1
2017-12-22 07:00:00,123.0,37.9
2017-12-22 08:00:00,140.25,37.0
2017-12-22 09:00:00,138.0,41.0
2017-12-22 10:00:00,143.0,46.0
2017-12-22 11:00:00,142.25,46.9
2017-12-22 12:00:00,147.0,48.9
2017-12-22 13:00:00,138.25,51.1
2017-12-22 14:00:00,136.25,53.1
2017-12-22 15:00:00,133.5,54.0
2017-12-22 16:00:00,132.25,52.0
2017-12-22 17:00:00,127.75,50.0
2017-12-22 18:00:00,126.25,48.9
2017-12-22 19:00:00,124.0,48.0
2017-12-22 20:00:00,125.0,46.9
2017-12-22 21:00:00,120.5,44.1
2017-12-22 22:00:00,111.75,45.0
2017-12-22 23:00:00,103.0,45.0
2017-12-23 00:00:00,102.0,42.1
2017-12-23 01:00:00,100.5,44.1
2017-12-23 02:00:00,99.25,43.0
2017-12-23 03:00:00,96.5,44.1
2017-12-23 04:00:00,97.25,43.0
2017-12-23 05:00:00,102.75,39.9
2017-12-23 06:00:00,109.25,42.1
2017-12-23 07:00:00,120.5,44.1
2017-12-23 08:00:00,124.25,43.0
2017-12-23 09:00:00,124.25,46.0
2017-12-23 10:00:00,123.75,48.9
2017-12-23 11:00:00,123.75,48.9
2017-12-23 12:00:00,125.0,50.0
2017-12-23 13:00:00,125.0,52.0
2017-12-23 14:00:00,123.75,53.1
2017-12-23 15:00:00,123.5,53.1
2017-12-23 16:00:00,126.0,52.0
2017-12-23 17:00:00,127.5,51.1
2017-12-23 18:00:00,127.25,50.0
2017-12-23 19:00:00,127.25,50.0
2017-12-23 20:00:00,128.2,48.9
2017-12-23 21:00:00,125.75,48.0
2017-12-23 22:00:00,117.75,50.0
2017-12-23 23:00:00,105.75,48.9
2017-12-24 00:00:00,106.25,46.9
2017-12-24 01:00:00,105.0,46.0
2017-12-24 02:00:00,106.5,46.9
2017-12-24 03:00:00,102.25,46.0
2017-12-24 04:00:00,101.25,46.0
2017-12-24 05:00:00,105.0,45.0
2017-12-24 06:00:00,113.75,45.0
2017-12-24 07:00:00,120.5,43.0
2017-12-24 08:00:00,125.75,48.0
2017-12-24 09:00:00,124.0,46.9
2017-12-24 10:00:00,125.5,51.1
2017-12-24 11:00:00,127.0,51.1
2017-12-24 12:00:00,124.75,51.1
2017-12-24 13:00:00,124.0,51.1
2017-12-24 14:00:00,124.5,51.1
2017-12-24 15:00:00,125.5,53.1
2017-12-24 16:00:00,125.0,54.0
2017-12-24 17:00:00,126.5,51.1
2017-12-24 18:00:00,127.25,50.0
2017-12-24 19:00:00,127.25,50.0
2017-12-24 20:00:00,130.5,50.0
2017-12-24 21:00:00,129.25,48.9
2017-12-24 22:00:00,119.5,50.0
2017-12-24 23:00:00,107.75,46.9
2017-12-25 00:00:00,106.25,48.0
2017-12-25 01:00:00,103.75,46.9
2017-12-25 02:00:00,103.25,45.0
2017-12-25 03:00:00,102.25,46.9
2017-12-25 04:00:00,101.5,45.0
2017-12-25 05:00:00,105.5,41.0
2017-12-25 06:00:00,111.0,43.0
2017-12-25 07:00:00,127.5,44.1
2017-12-25 08:00:00,130.0,46.9
2017-12-25 09:00:00,123.25,51.1
2017-12-25 10:00:00,132.0,51.1
2017-12-25 11:00:00,128.0,51.1
2017-12-25 12:00:00,132.0,52.0
2017-12-25 13:00:00,127.5,53.1
2017-12-25 14:00:00,130.0,55.9
2017-12-25 15:00:00,128.5,55.9
2017-12-25 16:00:00,128.0,55.0
2017-12-25 17:00:00,134.25,53.1
2017-12-25 18:00:00,124.0,52.0
2017-12-25 19:00:00,130.25,52.0
2017-12-25 20:00:00,125.75,48.9
2017-12-25 21:00:00,126.0,48.9
2017-12-25 22:00:00,119.25,48.0
2017-12-25 23:00:00,111.25,48.0
2017-12-26 00:00:00,108.5,46.9
2017-12-26 01:00:00,107.0,42.1
2017-12-26 02:00:00,104.75,43.0
2017-12-26 03:00:00,104.75,41.0
2017-12-26 04:00:00,102.25,41.0
2017-12-26 05:00:00,106.0,41.0
2017-12-26 06:00:00,111.5,39.9
2017-12-26 07:00:00,127.75,36.0
2017-12-26 08:00:00,132.0,39.9
2017-12-26 09:00:00,129.75,46.9
2017-12-26 10:00:00,128.75,50.0
2017-12-26 11:00:00,135.0,53.1
2017-12-26 12:00:00,134.75,55.0
2017-12-26 13:00:00,139.75,55.9
2017-12-26 14:00:00,138.75,60.1
2017-12-26 15:00:00,130.5,59.0
2017-12-26 16:00:00,123.75,55.9
2017-12-26 17:00:00,125.5,53.1
2017-12-26 18:00:00,125.0,50.0
2017-12-26 19:00:00,120.5,50.0
2017-12-26 20:00:00,123.0,50.0
2017-12-26 21:00:00,122.5,46.9
2017-12-26 22:00:00,113.5,44.1
2017-12-26 23:00:00,106.25,42.1
2017-12-27 00:00:00,103.0,42.1
2017-12-27 01:00:00,98.5,42.1
2017-12-27 02:00:00,98.25,42.1
2017-12-27 03:00:00,95.25,39.0
2017-12-27 04:00:00,95.75,39.0
2017-12-27 05:00:00,100.25,39.9
2017-12-27 06:00:00,110.0,37.0
2017-12-27 07:00:00,119.5,39.0
2017-12-27 08:00:00,127.5,39.9
2017-12-27 09:00:00,133.0,46.0
2017-12-27 10:00:00,140.0,48.0
2017-12-27 11:00:00,139.0,50.0
2017-12-27 12:00:00,139.0,48.9
2017-12-27 13:00:00,142.75,48.9
2017-12-27 14:00:00,139.0,54.0
2017-12-27 15:00:00,140.25,55.0
2017-12-27 16:00:00,135.75,55.0
2017-12-27 17:00:00,129.75,55.0
2017-12-27 18:00:00,126.25,52.0
2017-12-27 19:00:00,123.0,50.0
2017-12-27 20:00:00,125.5,48.9
2017-12-27 21:00:00,118.5,48.9
2017-12-27 22:00:00,110.75,43.0
2017-12-27 23:00:00,101.5,46.0
2017-12-28 00:00:00,100.0,44.1
2017-12-28 01:00:00,97.75,43.0
2017-12-28 02:00:00,97.5,44.1
2017-12-28 03:00:00,95.0,39.9
2017-12-28 04:00:00,95.0,42.1
2017-12-28 05:00:00,101.75,39.0
2017-12-28 06:00:00,108.25,39.0
2017-12-28 07:00:00,126.0,37.0
2017-12-28 08:00:00,133.0,39.0
2017-12-28 09:00:00,133.75,46.0
2017-12-28 10:00:00,134.25,48.9
2017-12-28 11:00:00,139.25,50.0
2017-12-28 12:00:00,139.0,51.1
2017-12-28 13:00:00,138.5,52.0
2017-12-28 14:00:00,136.75,55.9
2017-12-28 15:00:00,136.75,57.0
2017-12-28 16:00:00,132.0,55.0
2017-12-28 17:00:00,134.75,52.0
2017-12-28 18:00:00,128.25,48.9
2017-12-28 19:00:00,123.0,50.0
2017-12-28 20:00:00,123.25,51.1
2017-12-28 21:00:00,119.5,48.9
2017-12-28 22:00:00,112.25,46.0
2017-12-28 23:00:00,103.0,48.0
2017-12-29 00:00:00,100.0,45.0
2017-12-29 01:00:00,98.5,45.0
2017-12-29 02:00:00,100.0,46.9
2017-12-29 03:00:00,96.0,43.0
2017-12-29 04:00:00,96.5,41.0
2017-12-29 05:00:00,101.75,46.9
2017-12-29 06:00:00,108.0,43.0
2017-12-29 07:00:00,125.5,45.0
2017-12-29 08:00:00,129.0,44.1
2017-12-29 09:00:00,127.25,46.9
2017-12-29 10:00:00,127.25,51.1
2017-12-29 11:00:00,130.0,52.0
2017-12-29 12:00:00,128.75,53.1
2017-12-29 13:00:00,131.75,53.1
2017-12-29 14:00:00,132.25,54.0
2017-12-29 15:00:00,130.0,57.0
2017-12-29 16:00:00,128.75,55.9
2017-12-29 17:00:00,127.0,52.0
2017-12-29 18:00:00,125.25,50.0
2017-12-29 19:00:00,124.5,50.0
2017-12-29 20:00:00,122.0,48.0
2017-12-29 21:00:00,119.5,48.0
2017-12-29 22:00:00,111.5,46.9
2017-12-29 23:00:00,102.5,46.9
2017-12-30 00:00:00,99.5,46.9
2017-12-30 01:00:00,96.5,41.0
2017-12-30 02:00:00,96.0,41.0
2017-12-30 03:00:00,96.25,43.0
2017-12-30 04:00:00,96.5,37.0
2017-12-30 05:00:00,100.25,37.0
2017-12-30 06:00:00,107.0,39.9
2017-12-30 07:00:00,119.0,42.1
2017-12-30 08:00:00,124.25,37.9
2017-12-30 09:00:00,124.5,45.0
2017-12-30 10:00:00,123.75,48.9
2017-12-30 11:00:00,123.25,48.9
2017-12-30 12:00:00,124.0,51.1
2017-12-30 13:00:00,126.0,51.1
2017-12-30 14:00:00,124.75,53.1
2017-12-30 15:00:00,124.25,55.9
2017-12-30 16:00:00,124.5,54.0
2017-12-30 17:00:00,127.75,53.1
2017-12-30 18:00:00,127.25,48.0
2017-12-30 19:00:00,127.5,48.9
2017-12-30 20:00:00,128.5,46.9
2017-12-30 21:00:00,127.0,46.9
2017-12-30 22:00:00,121.0,44.1
2017-12-30 23:00:00,110.75,43.0
2017-12-31 00:00:00,107.5,45.0
2017-12-31 01:00:00,104.75,45.0
2017-12-31 02:00:00,104.25,42.1
2017-12-31 03:00:00,100.75,43.0
2017-12-31 04:00:00,102.0,41.0
2017-12-31 05:00:00,108.0,39.9
2017-12-31 06:00:00,114.5,42.1
2017-12-31 07:00:00,117.5,41.0
2017-12-31 08:00:00,123.25,41.0
2017-12-31 09:00:00,123.0,46.9
2017-12-31 10:00:00,123.0,50.0
2017-12-31 11:00:00,124.25,51.1
2017-12-31 12:00:00,125.0,53.1
2017-12-31 13:00:00,123.75,54.0
2017-12-31 14:00:00,123.5,57.0
2017-12-31 15:00:00,124.25,57.9
2017-12-31 16:00:00,123.75,56.8
2017-12-31 17:00:00,125.25,55.9
2017-12-31 18:00:00,124.25,54.0
2017-12-31 19:00:00,126.0,52.0
2017-12-31 20:00:00,126.0,52.0
2017-12-31 21:00:00,121.75,48.9
2017-12-31 22:00:00,114.5,48.9
2017-12-31 23:00:00,105.5,48.0
