timestamp,kWh,air_temp_F
2017-01-01 00:00:00,26.47,26.1
2017-01-01 01:00:00,27.71,27.0
2017-01-01 02:00:00,27.4,26.1
2017-01-01 03:00:00,26.26,26.1
2017-01-01 04:00:00,26.51,25.0
2017-01-01 05:00:00,26.5,24.1
2017-01-01 06:00:00,26.26,24.1
2017-01-01 07:00:00,27.44,23.0
2017-01-01 08:00:00,27.93,21.9
2017-01-01 09:00:00,27.3,21.9
2017-01-01 10:00:00,25.66,26.1
2017-01-01 11:00:00,27.38,28.9
2017-01-01 12:00:00,27.67,30.0
2017-01-01 13:00:00,26.79,32.0
2017-01-01 14:00:00,26.77,30.0
2017-01-01 15:00:00,26.89,30.9
2017-01-01 16:00:00,26.05,30.0
2017-01-01 17:00:00,26.36,28.9
2017-01-01 18:00:00,26.53,28.9
2017-01-01 19:00:00,26.82,28.0
2017-01-01 20:00:00,26.63,28.0
2017-01-01 21:00:00,26.44,28.0
2017-01-01 22:00:00,26.52,28.0
2017-01-01 23:00:00,26.27,28.0
2017-01-02 00:00:00,26.45,28.0
2017-01-02 01:00:00,27.6,28.0
2017-01-02 02:00:00,27.51,28.0
2017-01-02 03:00:00,26.5,28.0
2017-01-02 04:00:00,26.38,28.0
2017-01-02 05:00:00,26.44,28.0
2017-01-02 06:00:00,56.52,28.0
2017-01-02 07:00:00,109.54,28.9
2017-01-02 08:00:00,120.35,30.0
2017-01-02 09:00:00,119.92,30.0
2017-01-02 10:00:00,118.4,30.0
2017-01-02 11:00:00,121.04,30.9
2017-01-02 12:00:00,119.82,30.9
2017-01-02 13:00:00,124.08,30.9
2017-01-02 14:00:00,124.84,32.0
2017-01-02 15:00:00,124.72,32.0
2017-01-02 16:00:00,125.28,32.0
2017-01-02 17:00:00,124.33,32.0
2017-01-02 18:00:00,80.72,32.0
2017-01-02 19:00:00,26.59,32.0
2017-01-02 20:00:00,26.18,32.0
2017-01-02 21:00:00,26.65,32.0
2017-01-02 22:00:00,27.72,32.0
2017-01-02 23:00:00,25.68,32.0
2017-01-03 00:00:00,26.16,32.0
2017-01-03 01:00:00,27.59,32.0
2017-01-03 02:00:00,27.82,32.0
2017-01-03 03:00:00,27.18,32.0
2017-01-03 04:00:00,26.41,32.0
2017-01-03 05:00:00,26.28,30.9
2017-01-03 06:00:00,27.34,28.9
2017-01-03 07:00:00,115.99,26.1
2017-01-03 08:00:00,154.07,19.9
2017-01-03 09:00:00,174.63,17.1
2017-01-03 10:00:00,194.5,14.0
2017-01-03 11:00:00,197.55,12.9
2017-01-03 12:00:00,207.63,12.9
2017-01-03 13:00:00,205.08,12.0
2017-01-03 14:00:00,200.6,10.9
2017-01-03 15:00:00,198.77,10.9
2017-01-03 16:00:00,190.75,10.9
2017-01-03 17:00:00,181.82,8.1
2017-01-03 18:00:00,114.3,7.0
2017-01-03 19:00:00,44.03,6.1
2017-01-03 20:00:00,36.05,5.0
2017-01-03 21:00:00,33.12,3.9
2017-01-03 22:00:00,30.65,3.0
2017-01-03 23:00:00,30.32,3.0
2017-01-04 00:00:00,31.2,1.9
2017-01-04 01:00:00,34.04,1.0
2017-01-04 02:00:00,31.21,-0.0
2017-01-04 03:00:00,31.86,-0.9
2017-01-04 04:00:00,30.84,-2.0
2017-01-04 05:00:00,30.62,-2.9
2017-01-04 06:00:00,32.08,-4.0
2017-01-04 07:00:00,122.14,-5.1
2017-01-04 08:00:00,158.93,-6.0
2017-01-04 09:00:00,185.6,-6.0
2017-01-04 10:00:00,203.99,-4.0
2017-01-04 11:00:00,207.84,-2.0
2017-01-04 12:00:00,209.14,-0.0
2017-01-04 13:00:00,206.76,1.9
2017-01-04 14:00:00,203.66,3.0
2017-01-04 15:00:00,203.38,3.9
2017-01-04 16:00:00,196.3,3.0
2017-01-04 17:00:00,179.01,1.9
2017-01-04 18:00:00,114.07,1.9
2017-01-04 19:00:00,45.31,1.0
2017-01-04 20:00:00,37.64,-0.0
2017-01-04 21:00:00,33.7,-0.9
2017-01-04 22:00:00,33.36,-0.0
2017-01-04 23:00:00,32.27,-0.0
2017-01-05 00:00:00,32.89,-0.0
2017-01-05 01:00:00,35.65,-0.0
2017-01-05 02:00:00,34.06,-0.9
2017-01-05 03:00:00,33.44,-2.0
2017-01-05 04:00:00,32.45,-2.9
2017-01-05 05:00:00,31.8,-4.0
2017-01-05 06:00:00,32.75,-5.1
2017-01-05 07:00:00,120.54,-6.0
2017-01-05 08:00:00,156.11,-7.1
2017-01-05 09:00:00,182.65,-6.0
2017-01-05 10:00:00,201.24,-2.9
2017-01-05 11:00:00,206.56,-2.0
2017-01-05 12:00:00,210.92,-0.0
2017-01-05 13:00:00,205.49,1.0
2017-01-05 14:00:00,202.83,1.9
2017-01-05 15:00:00,198.28,1.9
2017-01-05 16:00:00,195.87,1.0
2017-01-05 17:00:00,178.15,1.0
2017-01-05 18:00:00,119.51,-0.9
2017-01-05 19:00:00,47.83,-2.0
2017-01-05 20:00:00,39.95,-2.9
2017-01-05 21:00:00,36.42,-5.1
2017-01-05 22:00:00,37.9,-6.0
2017-01-05 23:00:00,33.65,-7.1
2017-01-06 00:00:00,33.53,-8.0
2017-01-06 01:00:00,36.77,-9.0
2017-01-06 02:00:00,32.81,-9.0
2017-01-06 03:00:00,31.83,-9.0
2017-01-06 04:00:00,31.5,-9.0
2017-01-06 05:00:00,31.85,-9.0
2017-01-06 06:00:00,34.87,-9.0
2017-01-06 07:00:00,123.76,-9.0
2017-01-06 08:00:00,158.68,-9.0
2017-01-06 09:00:00,186.9,-9.0
2017-01-06 10:00:00,197.79,-6.0
2017-01-06 11:00:00,203.49,-2.9
2017-01-06 12:00:00,208.57,-0.9
2017-01-06 13:00:00,201.16,1.9
2017-01-06 14:00:00,195.28,3.9
2017-01-06 15:00:00,194.88,3.9
2017-01-06 16:00:00,189.35,5.0
2017-01-06 17:00:00,170.66,3.9
2017-01-06 18:00:00,109.88,3.9
2017-01-06 19:00:00,41.13,3.9
2017-01-06 20:00:00,35.2,3.0
2017-01-06 21:00:00,32.38,1.9
2017-01-06 22:00:00,32.42,1.9
2017-01-06 23:00:00,31.75,1.0
2017-01-07 00:00:00,32.68,1.0
2017-01-07 01:00:00,33.49,-0.0
2017-01-07 02:00:00,30.8,-0.0
2017-01-07 03:00:00,30.01,-0.0
2017-01-07 04:00:00,29.61,-0.0
2017-01-07 05:00:00,29.33,-0.9
2017-01-07 06:00:00,29.34,-0.9
2017-01-07 07:00:00,31.48,1.0
2017-01-07 08:00:00,32.56,-0.0
2017-01-07 09:00:00,31.99,1.0
2017-01-07 10:00:00,31.12,3.0
2017-01-07 11:00:00,32.14,5.0
2017-01-07 12:00:00,31.08,7.0
2017-01-07 13:00:00,33.17,8.1
2017-01-07 14:00:00,30.93,8.1
2017-01-07 15:00:00,32.85,9.0
2017-01-07 16:00:00,30.14,8.1
2017-01-07 17:00:00,28.95,7.0
2017-01-07 18:00:00,29.58,5.0
2017-01-07 19:00:00,29.69,3.9
2017-01-07 20:00:00,29.34,3.0
2017-01-07 21:00:00,29.01,1.9
2017-01-07 22:00:00,29.24,1.0
2017-01-07 23:00:00,29.28,-0.0
2017-01-08 00:00:00,29.58,-0.0
2017-01-08 01:00:00,30.7,-0.9
2017-01-08 02:00:00,30.33,-0.9
2017-01-08 03:00:00,29.1,-2.9
2017-01-08 04:00:00,29.15,-2.9
2017-01-08 05:00:00,29.01,-4.0
2017-01-08 06:00:00,28.94,-4.0
2017-01-08 07:00:00,30.08,-4.0
2017-01-08 08:00:00,30.46,-4.0
2017-01-08 09:00:00,29.8,-2.0
2017-01-08 10:00:00,28.51,1.0
2017-01-08 11:00:00,28.25,3.9
2017-01-08 12:00:00,29.55,8.1
2017-01-08 13:00:00,30.44,10.9
2017-01-08 14:00:00,31.57,12.0
2017-01-08 15:00:00,31.86,14.0
2017-01-08 16:00:00,33.59,12.9
2017-01-08 17:00:00,33.21,12.9
2017-01-08 18:00:00,31.05,14.0
2017-01-08 19:00:00,29.88,14.0
2017-01-08 20:00:00,29.6,15.1
2017-01-08 21:00:00,29.47,16.0
2017-01-08 22:00:00,31.14,16.0
2017-01-08 23:00:00,32.62,17.1
2017-01-09 00:00:00,31.88,17.1
2017-01-09 01:00:00,34.62,18.0
2017-01-09 02:00:00,34.17,18.0
2017-01-09 03:00:00,32.75,18.0
2017-01-09 04:00:00,32.94,19.0
2017-01-09 05:00:00,33.0,19.0
2017-01-09 06:00:00,66.06,19.0
2017-01-09 07:00:00,129.84,18.0
2017-01-09 08:00:00,158.57,18.0
2017-01-09 09:00:00,185.68,18.0
2017-01-09 10:00:00,199.56,19.0
2017-01-09 11:00:00,204.63,19.9
2017-01-09 12:00:00,202.72,21.0
2017-01-09 13:00:00,200.05,21.0
2017-01-09 14:00:00,200.95,21.9
2017-01-09 15:00:00,199.17,21.9
2017-01-09 16:00:00,184.97,21.9
2017-01-09 17:00:00,173.15,23.0
2017-01-09 18:00:00,112.57,23.0
2017-01-09 19:00:00,47.11,24.1
2017-01-09 20:00:00,38.53,24.1
2017-01-09 21:00:00,35.22,25.0
2017-01-09 22:00:00,35.43,26.1
2017-01-09 23:00:00,34.44,27.0
2017-01-10 00:00:00,32.85,27.0
2017-01-10 01:00:00,34.09,27.0
2017-01-10 02:00:00,31.67,26.1
2017-01-10 03:00:00,31.71,26.1
2017-01-10 04:00:00,30.16,26.1
2017-01-10 05:00:00,30.69,26.1
2017-01-10 06:00:00,33.31,28.0
2017-01-10 07:00:00,119.87,27.0
2017-01-10 08:00:00,155.02,27.0
2017-01-10 09:00:00,175.55,28.0
2017-01-10 10:00:00,189.56,27.0
2017-01-10 11:00:00,193.29,27.0
2017-01-10 12:00:00,196.01,25.0
2017-01-10 13:00:00,196.96,21.9
2017-01-10 14:00:00,195.73,17.1
2017-01-10 15:00:00,191.86,16.0
2017-01-10 16:00:00,184.38,12.9
2017-01-10 17:00:00,170.14,10.9
2017-01-10 18:00:00,109.02,9.0
2017-01-10 19:00:00,47.45,8.1
2017-01-10 20:00:00,40.06,7.0
2017-01-10 21:00:00,35.18,6.1
2017-01-10 22:00:00,34.51,5.0
2017-01-10 23:00:00,35.78,5.0
2017-01-11 00:00:00,35.25,5.0
2017-01-11 01:00:00,35.38,5.0
2017-01-11 02:00:00,33.77,3.9
2017-01-11 03:00:00,33.82,5.0
2017-01-11 04:00:00,33.72,5.0
2017-01-11 05:00:00,32.58,6.1
2017-01-11 06:00:00,33.63,6.1
2017-01-11 07:00:00,117.12,6.1
2017-01-11 08:00:00,152.44,6.1
2017-01-11 09:00:00,178.63,6.1
2017-01-11 10:00:00,196.87,6.1
2017-01-11 11:00:00,201.37,7.0
2017-01-11 12:00:00,198.86,9.0
2017-01-11 13:00:00,195.53,9.0
2017-01-11 14:00:00,193.66,9.0
2017-01-11 15:00:00,194.41,9.0
2017-01-11 16:00:00,187.61,8.1
2017-01-11 17:00:00,176.1,8.1
2017-01-11 18:00:00,116.46,7.0
2017-01-11 19:00:00,45.07,6.1
2017-01-11 20:00:00,35.15,6.1
2017-01-11 21:00:00,34.44,6.1
2017-01-11 22:00:00,33.66,6.1
2017-01-11 23:00:00,34.41,6.1
2017-01-12 00:00:00,35.44,6.1
2017-01-12 01:00:00,35.28,6.1
2017-01-12 02:00:00,32.7,6.1
2017-01-12 03:00:00,32.92,5.0
2017-01-12 04:00:00,31.33,3.9
2017-01-12 05:00:00,31.1,5.0
2017-01-12 06:00:00,31.79,5.0
2017-01-12 07:00:00,120.46,5.0
2017-01-12 08:00:00,156.67,3.9
2017-01-12 09:00:00,178.98,5.0
2017-01-12 10:00:00,197.33,6.1
2017-01-12 11:00:00,200.15,9.0
2017-01-12 12:00:00,199.5,12.9
2017-01-12 13:00:00,202.02,14.0
2017-01-12 14:00:00,197.7,14.0
2017-01-12 15:00:00,192.5,12.0
2017-01-12 16:00:00,185.81,9.0
2017-01-12 17:00:00,172.31,6.1
2017-01-12 18:00:00,117.27,3.0
2017-01-12 19:00:00,58.76,1.0
2017-01-12 20:00:00,45.33,-0.0
2017-01-12 21:00:00,36.48,-2.0
2017-01-12 22:00:00,36.33,-2.9
2017-01-12 23:00:00,35.03,-4.0
2017-01-13 00:00:00,35.42,-6.0
2017-01-13 01:00:00,37.08,-7.1
2017-01-13 02:00:00,35.21,-7.1
2017-01-13 03:00:00,34.68,-7.1
2017-01-13 04:00:00,34.6,-7.1
2017-01-13 05:00:00,33.54,-6.0
2017-01-13 06:00:00,34.29,-5.1
2017-01-13 07:00:00,118.55,-5.1
2017-01-13 08:00:00,158.66,-4.0
2017-01-13 09:00:00,184.49,-4.0
2017-01-13 10:00:00,199.58,-2.9
2017-01-13 11:00:00,203.17,-0.9
2017-01-13 12:00:00,204.68,1.0
2017-01-13 13:00:00,204.99,1.9
2017-01-13 14:00:00,199.54,3.0
2017-01-13 15:00:00,193.13,3.9
2017-01-13 16:00:00,187.2,5.0
2017-01-13 17:00:00,171.18,5.0
2017-01-13 18:00:00,113.16,6.1
2017-01-13 19:00:00,40.88,7.0
2017-01-13 20:00:00,34.83,7.0
2017-01-13 21:00:00,32.74,8.1
2017-01-13 22:00:00,32.64,8.1
2017-01-13 23:00:00,33.39,8.1
2017-01-14 00:00:00,32.77,9.0
2017-01-14 01:00:00,34.61,8.1
2017-01-14 02:00:00,31.82,7.0
2017-01-14 03:00:00,30.82,5.0
2017-01-14 04:00:00,30.58,7.0
2017-01-14 05:00:00,30.59,7.0
2017-01-14 06:00:00,30.7,8.1
2017-01-14 07:00:00,31.74,7.0
2017-01-14 08:00:00,31.82,6.1
2017-01-14 09:00:00,31.89,7.0
2017-01-14 10:00:00,32.27,12.0
2017-01-14 11:00:00,32.69,15.1
2017-01-14 12:00:00,32.83,18.0
2017-01-14 13:00:00,32.81,21.9
2017-01-14 14:00:00,31.78,23.0
2017-01-14 15:00:00,32.24,24.1
2017-01-14 16:00:00,32.57,24.1
2017-01-14 17:00:00,31.42,21.0
2017-01-14 18:00:00,31.85,18.0
2017-01-14 19:00:00,31.73,17.1
2017-01-14 20:00:00,30.22,14.0
2017-01-14 21:00:00,30.14,12.9
2017-01-14 22:00:00,30.3,12.0
2017-01-14 23:00:00,30.03,9.0
2017-01-15 00:00:00,30.2,9.0
2017-01-15 01:00:00,31.38,9.0
2017-01-15 02:00:00,31.21,8.1
2017-01-15 03:00:00,30.24,5.0
2017-01-15 04:00:00,30.91,3.9
2017-01-15 05:00:00,29.99,5.0
2017-01-15 06:00:00,30.15,5.0
2017-01-15 07:00:00,30.99,1.9
2017-01-15 08:00:00,31.32,3.9
2017-01-15 09:00:00,30.75,5.0
2017-01-15 10:00:00,29.25,10.9
2017-01-15 11:00:00,30.85,16.0
2017-01-15 12:00:00,31.97,23.0
2017-01-15 13:00:00,31.97,28.0
2017-01-15 14:00:00,31.95,32.0
2017-01-15 15:00:00,31.94,33.1
2017-01-15 16:00:00,33.28,33.1
2017-01-15 17:00:00,32.83,32.0
2017-01-15 18:00:00,33.63,28.0
2017-01-15 19:00:00,33.04,25.0
2017-01-15 20:00:00,30.22,24.1
2017-01-15 21:00:00,31.17,21.9
2017-01-15 22:00:00,31.52,19.9
2017-01-15 23:00:00,29.71,19.9
2017-01-16 00:00:00,29.93,19.0
2017-01-16 01:00:00,31.45,21.9
2017-01-16 02:00:00,30.91,19.0
2017-01-16 03:00:00,30.32,17.1
2017-01-16 04:00:00,30.0,16.0
2017-01-16 05:00:00,29.89,17.1
2017-01-16 06:00:00,60.2,18.0
2017-01-16 07:00:00,115.24,18.0
2017-01-16 08:00:00,126.57,17.1
2017-01-16 09:00:00,126.18,18.0
2017-01-16 10:00:00,126.31,21.0
2017-01-16 11:00:00,129.01,24.1
2017-01-16 12:00:00,129.12,27.0
2017-01-16 13:00:00,127.87,28.0
2017-01-16 14:00:00,127.33,30.0
2017-01-16 15:00:00,126.44,30.9
2017-01-16 16:00:00,126.29,30.9
2017-01-16 17:00:00,129.12,32.0
2017-01-16 18:00:00,87.73,30.9
2017-01-16 19:00:00,31.19,30.9
2017-01-16 20:00:00,30.18,30.0
2017-01-16 21:00:00,30.44,30.9
2017-01-16 22:00:00,30.65,30.9
2017-01-16 23:00:00,30.02,30.0
2017-01-17 00:00:00,29.74,30.0
2017-01-17 01:00:00,31.04,30.0
2017-01-17 02:00:00,31.34,30.0
2017-01-17 03:00:00,30.77,30.9
2017-01-17 04:00:00,30.0,30.0
2017-01-17 05:00:00,29.54,30.9
2017-01-17 06:00:00,29.18,30.9
2017-01-17 07:00:00,117.46,30.9
2017-01-17 08:00:00,157.82,30.9
2017-01-17 09:00:00,182.86,30.9
2017-01-17 10:00:00,189.99,30.0
2017-01-17 11:00:00,194.61,30.0
2017-01-17 12:00:00,195.46,33.1
2017-01-17 13:00:00,196.91,35.1
2017-01-17 14:00:00,198.09,35.1
2017-01-17 15:00:00,196.92,35.1
2017-01-17 16:00:00,191.96,35.1
2017-01-17 17:00:00,179.84,34.0
2017-01-17 18:00:00,116.56,33.1
2017-01-17 19:00:00,45.8,33.1
2017-01-17 20:00:00,40.57,32.0
2017-01-17 21:00:00,37.09,30.0
2017-01-17 22:00:00,32.76,30.0
2017-01-17 23:00:00,31.96,28.9
2017-01-18 00:00:00,31.82,30.0
2017-01-18 01:00:00,33.01,30.0
2017-01-18 02:00:00,30.14,28.9
2017-01-18 03:00:00,29.47,28.0
2017-01-18 04:00:00,29.26,28.0
2017-01-18 05:00:00,28.52,26.1
2017-01-18 06:00:00,31.14,28.0
2017-01-18 07:00:00,122.48,30.0
2017-01-18 08:00:00,157.81,30.9
2017-01-18 09:00:00,181.47,30.9
2017-01-18 10:00:00,197.46,33.1
2017-01-18 11:00:00,201.65,36.0
2017-01-18 12:00:00,205.41,37.9
2017-01-18 13:00:00,201.12,39.9
2017-01-18 14:00:00,199.69,39.9
2017-01-18 15:00:00,195.94,41.0
2017-01-18 16:00:00,189.66,41.0
2017-01-18 17:00:00,175.2,39.9
2017-01-18 18:00:00,117.32,37.0
2017-01-18 19:00:00,46.29,34.0
2017-01-18 20:00:00,37.19,33.1
2017-01-18 21:00:00,35.8,33.1
2017-01-18 22:00:00,35.0,32.0
2017-01-18 23:00:00,33.17,32.0
2017-01-19 00:00:00,32.24,30.0
2017-01-19 01:00:00,33.03,30.9
2017-01-19 02:00:00,30.9,32.0
2017-01-19 03:00:00,31.2,30.0
2017-01-19 04:00:00,29.77,30.9
2017-01-19 05:00:00,29.57,34.0
2017-01-19 06:00:00,31.18,32.0
2017-01-19 07:00:00,121.89,33.1
2017-01-19 08:00:00,157.9,30.9
2017-01-19 09:00:00,179.71,33.1
2017-01-19 10:00:00,190.81,36.0
2017-01-19 11:00:00,194.29,36.0
2017-01-19 12:00:00,197.87,35.1
2017-01-19 13:00:00,196.85,35.1
2017-01-19 14:00:00,196.11,36.0
2017-01-19 15:00:00,194.78,37.0
2017-01-19 16:00:00,191.0,37.0
2017-01-19 17:00:00,179.93,37.0
2017-01-19 18:00:00,115.27,36.0
2017-01-19 19:00:00,43.45,36.0
2017-01-19 20:00:00,38.18,36.0
2017-01-19 21:00:00,36.05,36.0
2017-01-19 22:00:00,37.8,37.0
2017-01-19 23:00:00,36.86,36.0
2017-01-20 00:00:00,33.7,36.0
2017-01-20 01:00:00,35.49,35.1
2017-01-20 02:00:00,32.75,35.1
2017-01-20 03:00:00,31.39,35.1
2017-01-20 04:00:00,29.85,35.1
2017-01-20 05:00:00,30.67,35.1
2017-01-20 06:00:00,34.0,35.1
2017-01-20 07:00:00,117.9,35.1
2017-01-20 08:00:00,157.28,35.1
2017-01-20 09:00:00,179.9,35.1
2017-01-20 10:00:00,190.44,35.1
2017-01-20 11:00:00,192.65,36.0
2017-01-20 12:00:00,194.13,36.0
2017-01-20 13:00:00,192.7,36.0
2017-01-20 14:00:00,190.12,37.0
2017-01-20 15:00:00,188.67,36.0
2017-01-20 16:00:00,180.69,36.0
2017-01-20 17:00:00,167.51,36.0
2017-01-20 18:00:00,108.93,35.1
2017-01-20 19:00:00,39.45,35.1
2017-01-20 20:00:00,34.51,35.1
2017-01-20 21:00:00,32.2,35.1
2017-01-20 22:00:00,32.3,35.1
2017-01-20 23:00:00,31.09,35.1
2017-01-21 00:00:00,29.96,35.1
2017-01-21 01:00:00,32.38,35.1
2017-01-21 02:00:00,30.22,35.1
2017-01-21 03:00:00,29.26,35.1
2017-01-21 04:00:00,28.86,35.1
2017-01-21 05:00:00,29.11,35.1
2017-01-21 06:00:00,29.4,35.1
2017-01-21 07:00:00,30.97,35.1
2017-01-21 08:00:00,33.36,35.1
2017-01-21 09:00:00,31.56,35.1
2017-01-21 10:00:00,30.27,36.0
2017-01-21 11:00:00,31.62,37.0
2017-01-21 12:00:00,32.55,37.0
2017-01-21 13:00:00,32.99,37.0
2017-01-21 14:00:00,31.72,37.0
2017-01-21 15:00:00,33.7,37.9
2017-01-21 16:00:00,31.05,37.9
2017-01-21 17:00:00,31.24,37.9
2017-01-21 18:00:00,31.7,37.0
2017-01-21 19:00:00,29.65,37.0
2017-01-21 20:00:00,28.79,37.0
2017-01-21 21:00:00,28.07,36.0
2017-01-21 22:00:00,27.84,37.0
2017-01-21 23:00:00,27.85,36.0
2017-01-22 00:00:00,27.7,36.0
2017-01-22 01:00:00,29.3,36.0
2017-01-22 02:00:00,29.01,35.1
2017-01-22 03:00:00,27.47,35.1
2017-01-22 04:00:00,27.73,35.1
2017-01-22 05:00:00,27.59,35.1
2017-01-22 06:00:00,27.76,35.1
2017-01-22 07:00:00,28.96,35.1
2017-01-22 08:00:00,29.38,35.1
2017-01-22 09:00:00,29.09,35.1
2017-01-22 10:00:00,27.04,37.0
2017-01-22 11:00:00,27.23,37.9
2017-01-22 12:00:00,27.42,39.0
2017-01-22 13:00:00,27.94,39.0
2017-01-22 14:00:00,28.43,39.0
2017-01-22 15:00:00,27.17,39.9
2017-01-22 16:00:00,28.54,39.9
2017-01-22 17:00:00,27.86,39.0
2017-01-22 18:00:00,28.68,37.9
2017-01-22 19:00:00,28.01,37.0
2017-01-22 20:00:00,27.84,37.0
2017-01-22 21:00:00,28.08,36.0
2017-01-22 22:00:00,29.35,35.1
2017-01-22 23:00:00,29.76,34.0
2017-01-23 00:00:00,29.82,34.0
2017-01-23 01:00:00,30.9,34.0
2017-01-23 02:00:00,30.92,34.0
2017-01-23 03:00:00,29.81,34.0
2017-01-23 04:00:00,29.34,33.1
2017-01-23 05:00:00,29.14,34.0
2017-01-23 06:00:00,59.67,33.1
2017-01-23 07:00:00,124.72,34.0
2017-01-23 08:00:00,158.32,33.1
2017-01-23 09:00:00,187.59,34.0
2017-01-23 10:00:00,198.94,35.1
2017-01-23 11:00:00,206.62,34.0
2017-01-23 12:00:00,208.11,34.0
2017-01-23 13:00:00,205.84,34.0
2017-01-23 14:00:00,205.18,34.0
2017-01-23 15:00:00,203.9,35.1
2017-01-23 16:00:00,196.89,35.1
2017-01-23 17:00:00,179.3,34.0
2017-01-23 18:00:00,114.7,34.0
2017-01-23 19:00:00,44.51,34.0
2017-01-23 20:00:00,42.18,34.0
2017-01-23 21:00:00,36.49,34.0
2017-01-23 22:00:00,34.63,33.1
2017-01-23 23:00:00,33.8,33.1
2017-01-24 00:00:00,33.24,33.1
2017-01-24 01:00:00,33.93,32.0
2017-01-24 02:00:00,32.57,33.1
2017-01-24 03:00:00,33.65,32.0
2017-01-24 04:00:00,31.64,32.0
2017-01-24 05:00:00,31.57,32.0
2017-01-24 06:00:00,34.02,32.0
2017-01-24 07:00:00,121.66,32.0
2017-01-24 08:00:00,158.35,32.0
2017-01-24 09:00:00,184.65,32.0
2017-01-24 10:00:00,196.08,32.0
2017-01-24 11:00:00,201.39,32.0
2017-01-24 12:00:00,204.18,32.0
2017-01-24 13:00:00,205.2,32.0
2017-01-24 14:00:00,205.33,32.0
2017-01-24 15:00:00,201.96,32.0
2017-01-24 16:00:00,198.02,32.0
2017-01-24 17:00:00,185.5,32.0
2017-01-24 18:00:00,119.11,33.1
2017-01-24 19:00:00,47.5,33.1
2017-01-24 20:00:00,39.19,33.1
2017-01-24 21:00:00,37.51,33.1
2017-01-24 22:00:00,36.19,33.1
2017-01-24 23:00:00,33.08,33.1
2017-01-25 00:00:00,30.77,32.0
2017-01-25 01:00:00,32.36,32.0
2017-01-25 02:00:00,30.64,30.9
2017-01-25 03:00:00,29.94,30.9
2017-01-25 04:00:00,29.45,30.0
2017-01-25 05:00:00,29.74,30.0
2017-01-25 06:00:00,32.88,30.0
2017-01-25 07:00:00,122.13,30.0
2017-01-25 08:00:00,157.73,30.0
2017-01-25 09:00:00,188.52,30.9
2017-01-25 10:00:00,192.11,30.0
2017-01-25 11:00:00,200.22,30.0
2017-01-25 12:00:00,202.64,30.0
2017-01-25 13:00:00,217.4,30.0
2017-01-25 14:00:00,184.95,30.0
2017-01-25 15:00:00,195.91,28.9
2017-01-25 16:00:00,185.25,28.9
2017-01-25 17:00:00,169.86,28.9
2017-01-25 18:00:00,112.84,28.9
2017-01-25 19:00:00,48.78,28.9
2017-01-25 20:00:00,37.92,28.9
2017-01-25 21:00:00,35.21,28.9
2017-01-25 22:00:00,35.58,28.9
2017-01-25 23:00:00,32.58,28.9
2017-01-26 00:00:00,31.76,28.9
2017-01-26 01:00:00,34.41,30.0
2017-01-26 02:00:00,31.41,28.9
2017-01-26 03:00:00,31.2,28.9
2017-01-26 04:00:00,30.65,28.9
2017-01-26 05:00:00,30.63,28.9
2017-01-26 06:00:00,33.26,28.9
2017-01-26 07:00:00,118.84,28.0
2017-01-26 08:00:00,153.75,27.0
2017-01-26 09:00:00,180.22,27.0
2017-01-26 10:00:00,196.88,27.0
2017-01-26 11:00:00,199.56,27.0
2017-01-26 12:00:00,198.23,28.0
2017-01-26 13:00:00,203.13,28.9
2017-01-26 14:00:00,199.75,28.9
2017-01-26 15:00:00,196.77,28.9
2017-01-26 16:00:00,189.87,28.9
2017-01-26 17:00:00,181.66,27.0
2017-01-26 18:00:00,116.06,26.1
2017-01-26 19:00:00,44.23,25.0
2017-01-26 20:00:00,35.72,24.1
2017-01-26 21:00:00,35.11,24.1
2017-01-26 22:00:00,40.26,24.1
2017-01-26 23:00:00,34.1,24.1
2017-01-27 00:00:00,34.51,23.0
2017-01-27 01:00:00,32.84,21.9
2017-01-27 02:00:00,30.21,21.9
2017-01-27 03:00:00,29.2,21.9
2017-01-27 04:00:00,28.99,21.9
2017-01-27 05:00:00,28.7,21.9
2017-01-27 06:00:00,32.17,21.0
2017-01-27 07:00:00,120.68,19.0
2017-01-27 08:00:00,154.56,18.0
2017-01-27 09:00:00,174.34,18.0
2017-01-27 10:00:00,185.78,19.0
2017-01-27 11:00:00,190.6,21.0
2017-01-27 12:00:00,193.67,25.0
2017-01-27 13:00:00,190.7,27.0
2017-01-27 14:00:00,185.04,28.9
2017-01-27 15:00:00,184.62,30.0
2017-01-27 16:00:00,179.59,30.9
2017-01-27 17:00:00,170.36,30.0
2017-01-27 18:00:00,110.91,28.9
2017-01-27 19:00:00,41.44,28.0
2017-01-27 20:00:00,33.38,28.0
2017-01-27 21:00:00,32.55,27.0
2017-01-27 22:00:00,33.7,26.1
2017-01-27 23:00:00,32.35,25.0
2017-01-28 00:00:00,31.24,25.0
2017-01-28 01:00:00,32.86,25.0
2017-01-28 02:00:00,31.17,25.0
2017-01-28 03:00:00,29.46,24.1
2017-01-28 04:00:00,29.59,23.0
2017-01-28 05:00:00,29.59,25.0
2017-01-28 06:00:00,29.26,25.0
2017-01-28 07:00:00,30.56,25.0
2017-01-28 08:00:00,30.99,25.0
2017-01-28 09:00:00,32.69,26.1
2017-01-28 10:00:00,32.01,26.1
2017-01-28 11:00:00,34.54,27.0
2017-01-28 12:00:00,33.02,27.0
2017-01-28 13:00:00,32.22,28.0
2017-01-28 14:00:00,32.44,28.0
2017-01-28 15:00:00,33.14,28.0
2017-01-28 16:00:00,35.1,27.0
2017-01-28 17:00:00,31.26,26.1
2017-01-28 18:00:00,30.34,26.1
2017-01-28 19:00:00,31.18,26.1
2017-01-28 20:00:00,29.44,26.1
2017-01-28 21:00:00,29.43,25.0
2017-01-28 22:00:00,29.46,25.0
2017-01-28 23:00:00,28.9,25.0
2017-01-29 00:00:00,29.84,24.1
2017-01-29 01:00:00,31.01,24.1
2017-01-29 02:00:00,30.85,24.1
2017-01-29 03:00:00,29.26,24.1
2017-01-29 04:00:00,29.17,24.1
2017-01-29 05:00:00,29.08,25.0
2017-01-29 06:00:00,29.14,26.1
2017-01-29 07:00:00,30.26,26.1
2017-01-29 08:00:00,32.71,26.1
2017-01-29 09:00:00,31.73,24.1
2017-01-29 10:00:00,31.33,23.0
2017-01-29 11:00:00,32.74,25.0
2017-01-29 12:00:00,31.98,26.1
2017-01-29 13:00:00,29.94,27.0
2017-01-29 14:00:00,30.77,28.0
2017-01-29 15:00:00,31.04,28.9
2017-01-29 16:00:00,30.81,28.9
2017-01-29 17:00:00,30.88,27.0
2017-01-29 18:00:00,29.91,25.0
2017-01-29 19:00:00,30.62,24.1
2017-01-29 20:00:00,30.22,21.9
2017-01-29 21:00:00,30.72,21.0
2017-01-29 22:00:00,30.36,21.9
2017-01-29 23:00:00,30.9,19.9
2017-01-30 00:00:00,30.1,18.0
2017-01-30 01:00:00,31.42,19.0
2017-01-30 02:00:00,31.3,16.0
2017-01-30 03:00:00,29.8,17.1
2017-01-30 04:00:00,29.64,17.1
2017-01-30 05:00:00,29.51,18.0
2017-01-30 06:00:00,60.04,19.0
2017-01-30 07:00:00,124.85,21.0
2017-01-30 08:00:00,152.25,23.0
2017-01-30 09:00:00,181.39,24.1
2017-01-30 10:00:00,195.71,28.0
2017-01-30 11:00:00,201.6,30.9
2017-01-30 12:00:00,201.74,32.0
2017-01-30 13:00:00,202.62,37.0
2017-01-30 14:00:00,197.92,39.9
2017-01-30 15:00:00,197.22,41.0
2017-01-30 16:00:00,192.25,41.0
2017-01-30 17:00:00,179.33,39.9
2017-01-30 18:00:00,114.1,39.0
2017-01-30 19:00:00,48.35,37.9
2017-01-30 20:00:00,38.54,34.0
2017-01-30 21:00:00,36.81,33.1
2017-01-30 22:00:00,36.32,34.0
2017-01-30 23:00:00,34.9,35.1
2017-01-31 00:00:00,34.1,35.1
2017-01-31 01:00:00,33.75,36.0
2017-01-31 02:00:00,31.88,36.0
2017-01-31 03:00:00,30.9,35.1
2017-01-31 04:00:00,30.36,35.1
2017-01-31 05:00:00,30.88,35.1
2017-01-31 06:00:00,33.22,35.1
2017-01-31 07:00:00,121.18,33.1
2017-01-31 08:00:00,158.29,33.1
2017-01-31 09:00:00,184.21,35.1
2017-01-31 10:00:00,193.35,36.0
2017-01-31 11:00:00,199.32,37.0
2017-01-31 12:00:00,198.54,37.9
2017-01-31 13:00:00,199.54,37.9
2017-01-31 14:00:00,198.22,37.0
2017-01-31 15:00:00,195.88,37.0
2017-01-31 16:00:00,189.85,37.0
2017-01-31 17:00:00,179.35,36.0
2017-01-31 18:00:00,118.0,34.0
2017-01-31 19:00:00,49.08,34.0
2017-01-31 20:00:00,41.69,34.0
2017-01-31 21:00:00,38.52,33.1
2017-01-31 22:00:00,35.16,30.9
2017-01-31 23:00:00,35.23,30.9
2017-02-01 00:00:00,32.28,30.0
2017-02-01 01:00:00,33.77,30.0
2017-02-01 02:00:00,31.26,30.0
2017-02-01 03:00:00,30.36,28.9
2017-02-01 04:00:00,30.0,25.0
2017-02-01 05:00:00,29.95,21.0
2017-02-01 06:00:00,33.93,18.0
2017-02-01 07:00:00,120.67,16.0
2017-02-01 08:00:00,156.32,12.9
2017-02-01 09:00:00,181.06,12.9
2017-02-01 10:00:00,196.39,12.9
2017-02-01 11:00:00,200.51,15.1
2017-02-01 12:00:00,206.24,16.0
2017-02-01 13:00:00,200.34,17.1
2017-02-01 14:00:00,196.72,17.1
2017-02-01 15:00:00,196.31,17.1
2017-02-01 16:00:00,191.54,17.1
2017-02-01 17:00:00,180.95,15.1
2017-02-01 18:00:00,119.28,15.1
2017-02-01 19:00:00,52.78,14.0
2017-02-01 20:00:00,42.12,14.0
2017-02-01 21:00:00,38.88,14.0
2017-02-01 22:00:00,35.47,12.9
2017-02-01 23:00:00,33.56,12.0
2017-02-02 00:00:00,33.21,12.0
2017-02-02 01:00:00,34.17,12.0
2017-02-02 02:00:00,32.05,10.0
2017-02-02 03:00:00,33.09,9.0
2017-02-02 04:00:00,31.71,8.1
2017-02-02 05:00:00,30.83,8.1
2017-02-02 06:00:00,33.92,8.1
2017-02-02 07:00:00,108.85,8.1
2017-02-02 08:00:00,157.25,9.0
2017-02-02 09:00:00,180.64,10.9
2017-02-02 10:00:00,197.47,12.9
2017-02-02 11:00:00,203.78,14.0
2017-02-02 12:00:00,204.93,15.1
2017-02-02 13:00:00,206.84,15.1
2017-02-02 14:00:00,202.6,17.1
2017-02-02 15:00:00,201.14,17.1
2017-02-02 16:00:00,197.75,17.1
2017-02-02 17:00:00,184.77,16.0
2017-02-02 18:00:00,121.31,14.0
2017-02-02 19:00:00,50.87,14.0
2017-02-02 20:00:00,43.6,12.9
2017-02-02 21:00:00,39.08,12.0
2017-02-02 22:00:00,39.77,12.0
2017-02-02 23:00:00,32.19,10.0
2017-02-03 00:00:00,31.43,9.0
2017-02-03 01:00:00,34.3,9.0
2017-02-03 02:00:00,31.02,9.0
2017-02-03 03:00:00,29.6,8.1
2017-02-03 04:00:00,29.66,8.1
2017-02-03 05:00:00,29.71,8.1
2017-02-03 06:00:00,34.06,7.0
2017-02-03 07:00:00,121.56,7.0
2017-02-03 08:00:00,160.4,7.0
2017-02-03 09:00:00,182.49,9.0
2017-02-03 10:00:00,196.3,12.9
2017-02-03 11:00:00,198.33,14.0
2017-02-03 12:00:00,201.29,17.1
2017-02-03 13:00:00,197.57,19.9
2017-02-03 14:00:00,195.18,21.9
2017-02-03 15:00:00,189.82,23.0
2017-02-03 16:00:00,185.02,24.1
2017-02-03 17:00:00,172.97,23.0
2017-02-03 18:00:00,113.75,21.9
2017-02-03 19:00:00,48.28,21.0
2017-02-03 20:00:00,39.26,19.9
2017-02-03 21:00:00,34.2,19.9
2017-02-03 22:00:00,34.35,18.0
2017-02-03 23:00:00,33.63,18.0
2017-02-04 00:00:00,32.57,16.0
2017-02-04 01:00:00,34.15,16.0
2017-02-04 02:00:00,31.21,16.0
2017-02-04 03:00:00,29.9,12.9
2017-02-04 04:00:00,29.86,15.1
2017-02-04 05:00:00,29.77,17.1
2017-02-04 06:00:00,29.88,19.0
2017-02-04 07:00:00,32.37,21.9
2017-02-04 08:00:00,34.16,23.0
2017-02-04 09:00:00,30.94,24.1
2017-02-04 10:00:00,31.06,28.0
2017-02-04 11:00:00,32.37,28.9
2017-02-04 12:00:00,32.01,30.9
2017-02-04 13:00:00,33.79,33.1
2017-02-04 14:00:00,32.49,34.0
2017-02-04 15:00:00,34.14,34.0
2017-02-04 16:00:00,32.9,34.0
2017-02-04 17:00:00,30.8,34.0
2017-02-04 18:00:00,30.18,33.1
2017-02-04 19:00:00,29.97,33.1
2017-02-04 20:00:00,29.84,32.0
2017-02-04 21:00:00,29.78,32.0
2017-02-04 22:00:00,29.77,32.0
2017-02-04 23:00:00,30.09,32.0
2017-02-05 00:00:00,29.53,32.0
2017-02-05 01:00:00,31.22,30.9
2017-02-05 02:00:00,30.72,30.9
2017-02-05 03:00:00,29.57,30.0
2017-02-05 04:00:00,29.33,27.0
2017-02-05 05:00:00,29.44,21.9
2017-02-05 06:00:00,29.45,19.9
2017-02-05 07:00:00,30.15,19.0
2017-02-05 08:00:00,30.92,18.0
2017-02-05 09:00:00,29.85,19.9
2017-02-05 10:00:00,29.57,21.0
2017-02-05 11:00:00,30.37,23.0
2017-02-05 12:00:00,30.27,24.1
2017-02-05 13:00:00,30.49,25.0
2017-02-05 14:00:00,29.86,26.1
2017-02-05 15:00:00,29.32,26.1
2017-02-05 16:00:00,30.42,25.0
2017-02-05 17:00:00,30.08,25.0
2017-02-05 18:00:00,30.57,24.1
2017-02-05 19:00:00,29.92,23.0
2017-02-05 20:00:00,30.02,23.0
2017-02-05 21:00:00,30.83,21.9
2017-02-05 22:00:00,31.18,21.0
2017-02-05 23:00:00,30.64,19.9
2017-02-06 00:00:00,29.64,19.9
2017-02-06 01:00:00,30.99,19.0
2017-02-06 02:00:00,31.25,19.0
2017-02-06 03:00:00,30.37,19.0
2017-02-06 04:00:00,30.59,19.0
2017-02-06 05:00:00,29.4,19.0
2017-02-06 06:00:00,61.69,19.0
2017-02-06 07:00:00,128.32,19.0
2017-02-06 08:00:00,154.72,19.0
2017-02-06 09:00:00,181.16,21.0
2017-02-06 10:00:00,193.67,24.1
2017-02-06 11:00:00,197.56,27.0
2017-02-06 12:00:00,202.19,30.0
2017-02-06 13:00:00,201.2,32.0
2017-02-06 14:00:00,198.36,32.0
2017-02-06 15:00:00,195.42,33.1
2017-02-06 16:00:00,188.52,32.0
2017-02-06 17:00:00,175.6,32.0
2017-02-06 18:00:00,115.04,30.9
2017-02-06 19:00:00,46.48,30.9
2017-02-06 20:00:00,40.59,32.0
2017-02-06 21:00:00,37.92,32.0
2017-02-06 22:00:00,37.01,33.1
2017-02-06 23:00:00,34.72,33.1
2017-02-07 00:00:00,32.46,32.0
2017-02-07 01:00:00,33.78,30.0
2017-02-07 02:00:00,31.51,30.0
2017-02-07 03:00:00,30.66,30.0
2017-02-07 04:00:00,30.14,28.9
2017-02-07 05:00:00,29.78,28.9
2017-02-07 06:00:00,33.04,26.1
2017-02-07 07:00:00,119.72,26.1
2017-02-07 08:00:00,155.71,25.0
2017-02-07 09:00:00,184.09,25.0
2017-02-07 10:00:00,195.07,25.0
2017-02-07 11:00:00,197.52,25.0
2017-02-07 12:00:00,200.74,25.0
2017-02-07 13:00:00,204.81,23.0
2017-02-07 14:00:00,200.12,23.0
2017-02-07 15:00:00,198.08,23.0
2017-02-07 16:00:00,191.38,21.9
2017-02-07 17:00:00,179.42,21.0
2017-02-07 18:00:00,118.06,19.9
2017-02-07 19:00:00,48.08,19.0
2017-02-07 20:00:00,41.97,18.0
2017-02-07 21:00:00,37.96,17.1
2017-02-07 22:00:00,35.17,16.0
2017-02-07 23:00:00,32.23,15.1
2017-02-08 00:00:00,31.08,12.0
2017-02-08 01:00:00,32.59,10.0
2017-02-08 02:00:00,29.91,8.1
2017-02-08 03:00:00,29.61,7.0
2017-02-08 04:00:00,30.15,5.0
2017-02-08 05:00:00,29.1,3.9
2017-02-08 06:00:00,31.84,1.9
2017-02-08 07:00:00,119.42,1.0
2017-02-08 08:00:00,155.48,1.0
2017-02-08 09:00:00,183.35,1.9
2017-02-08 10:00:00,196.81,3.0
2017-02-08 11:00:00,199.24,6.1
2017-02-08 12:00:00,202.06,8.1
2017-02-08 13:00:00,202.31,10.9
2017-02-08 14:00:00,200.44,12.9
2017-02-08 15:00:00,198.84,14.0
2017-02-08 16:00:00,195.4,14.0
2017-02-08 17:00:00,181.11,12.9
2017-02-08 18:00:00,120.18,12.0
2017-02-08 19:00:00,48.37,10.9
2017-02-08 20:00:00,44.64,10.9
2017-02-08 21:00:00,41.43,10.0
2017-02-08 22:00:00,37.74,9.0
2017-02-08 23:00:00,33.37,8.1
2017-02-09 00:00:00,33.71,7.0
2017-02-09 01:00:00,33.07,7.0
2017-02-09 02:00:00,31.28,6.1
2017-02-09 03:00:00,30.59,3.9
2017-02-09 04:00:00,29.58,3.9
2017-02-09 05:00:00,29.11,3.9
2017-02-09 06:00:00,33.7,3.0
2017-02-09 07:00:00,123.33,3.0
2017-02-09 08:00:00,159.13,3.0
2017-02-09 09:00:00,185.47,6.1
2017-02-09 10:00:00,199.98,8.1
2017-02-09 11:00:00,204.53,10.9
2017-02-09 12:00:00,206.73,12.9
2017-02-09 13:00:00,203.76,16.0
2017-02-09 14:00:00,205.97,17.1
2017-02-09 15:00:00,201.91,18.0
2017-02-09 16:00:00,193.98,19.9
2017-02-09 17:00:00,181.8,21.0
2017-02-09 18:00:00,118.51,19.9
2017-02-09 19:00:00,47.17,19.0
2017-02-09 20:00:00,39.16,19.0
2017-02-09 21:00:00,36.52,19.9
2017-02-09 22:00:00,39.86,21.0
2017-02-09 23:00:00,34.54,19.9
2017-02-10 00:00:00,34.44,21.0
2017-02-10 01:00:00,34.29,21.0
2017-02-10 02:00:00,30.84,21.0
2017-02-10 03:00:00,30.57,19.9
2017-02-10 04:00:00,29.78,19.9
2017-02-10 05:00:00,29.92,21.0
2017-02-10 06:00:00,30.33,21.0
2017-02-10 07:00:00,115.48,21.0
2017-02-10 08:00:00,153.79,23.0
2017-02-10 09:00:00,182.91,25.0
2017-02-10 10:00:00,194.26,27.0
2017-02-10 11:00:00,198.5,30.9
2017-02-10 12:00:00,202.59,35.1
2017-02-10 13:00:00,194.98,37.9
2017-02-10 14:00:00,193.16,42.1
2017-02-10 15:00:00,191.48,44.1
2017-02-10 16:00:00,186.1,45.0
2017-02-10 17:00:00,172.94,46.0
2017-02-10 18:00:00,110.48,45.0
2017-02-10 19:00:00,44.02,44.1
2017-02-10 20:00:00,35.88,44.1
2017-02-10 21:00:00,34.22,45.0
2017-02-10 22:00:00,31.59,46.0
2017-02-10 23:00:00,32.76,44.1
2017-02-11 00:00:00,30.82,42.1
2017-02-11 01:00:00,32.0,42.1
2017-02-11 02:00:00,29.59,41.0
2017-02-11 03:00:00,28.4,39.0
2017-02-11 04:00:00,27.9,39.9
2017-02-11 05:00:00,27.76,39.0
2017-02-11 06:00:00,27.72,37.0
2017-02-11 07:00:00,29.03,37.0
2017-02-11 08:00:00,29.27,37.0
2017-02-11 09:00:00,28.31,37.9
2017-02-11 10:00:00,28.78,37.0
2017-02-11 11:00:00,28.97,39.0
2017-02-11 12:00:00,30.94,39.9
2017-02-11 13:00:00,31.53,41.0
2017-02-11 14:00:00,31.6,42.1
2017-02-11 15:00:00,32.84,42.1
2017-02-11 16:00:00,31.77,43.0
2017-02-11 17:00:00,32.98,42.1
2017-02-11 18:00:00,31.06,41.0
2017-02-11 19:00:00,29.92,41.0
2017-02-11 20:00:00,28.9,37.9
2017-02-11 21:00:00,28.35,39.9
2017-02-11 22:00:00,27.77,39.9
2017-02-11 23:00:00,27.99,37.9
2017-02-12 00:00:00,27.76,37.9
2017-02-12 01:00:00,29.33,37.9
2017-02-12 02:00:00,28.79,37.9
2017-02-12 03:00:00,27.67,37.0
2017-02-12 04:00:00,27.52,37.0
2017-02-12 05:00:00,27.67,34.0
2017-02-12 06:00:00,27.52,30.9
2017-02-12 07:00:00,28.64,30.0
2017-02-12 08:00:00,28.84,28.9
2017-02-12 09:00:00,28.49,30.0
2017-02-12 10:00:00,28.3,33.1
2017-02-12 11:00:00,27.91,35.1
2017-02-12 12:00:00,28.27,37.0
2017-02-12 13:00:00,29.56,37.9
2017-02-12 14:00:00,28.04,39.0
2017-02-12 15:00:00,27.82,39.0
2017-02-12 16:00:00,27.77,39.0
2017-02-12 17:00:00,28.59,37.9
2017-02-12 18:00:00,29.0,37.0
2017-02-12 19:00:00,30.52,35.1
2017-02-12 20:00:00,29.43,34.0
2017-02-12 21:00:00,29.87,33.1
2017-02-12 22:00:00,30.65,30.9
2017-02-12 23:00:00,28.41,30.0
2017-02-13 00:00:00,29.3,30.0
2017-02-13 01:00:00,29.14,30.0
2017-02-13 02:00:00,29.78,28.0
2017-02-13 03:00:00,28.15,28.9
2017-02-13 04:00:00,27.84,28.9
2017-02-13 05:00:00,27.78,28.9
2017-02-13 06:00:00,62.7,28.9
2017-02-13 07:00:00,129.35,30.9
2017-02-13 08:00:00,157.85,32.0
2017-02-13 09:00:00,179.33,37.0
2017-02-13 10:00:00,194.12,37.9
2017-02-13 11:00:00,197.85,42.1
2017-02-13 12:00:00,196.35,42.1
2017-02-13 13:00:00,192.66,44.1
2017-02-13 14:00:00,195.9,46.0
2017-02-13 15:00:00,193.87,46.9
2017-02-13 16:00:00,186.08,48.0
2017-02-13 17:00:00,176.05,46.9
2017-02-13 18:00:00,113.65,44.1
2017-02-13 19:00:00,45.86,43.0
2017-02-13 20:00:00,38.26,42.1
2017-02-13 21:00:00,39.45,41.0
2017-02-13 22:00:00,36.07,39.0
2017-02-13 23:00:00,32.65,37.0
2017-02-14 00:00:00,31.96,36.0
2017-02-14 01:00:00,33.19,34.0
2017-02-14 02:00:00,30.62,33.1
2017-02-14 03:00:00,29.37,33.1
2017-02-14 04:00:00,29.29,32.0
2017-02-14 05:00:00,29.17,32.0
2017-02-14 06:00:00,32.06,32.0
2017-02-14 07:00:00,122.64,32.0
2017-02-14 08:00:00,156.17,32.0
2017-02-14 09:00:00,182.28,34.0
2017-02-14 10:00:00,196.6,37.0
2017-02-14 11:00:00,193.6,39.0
2017-02-14 12:00:00,197.26,42.1
2017-02-14 13:00:00,197.64,42.1
2017-02-14 14:00:00,193.95,42.1
2017-02-14 15:00:00,194.08,43.0
2017-02-14 16:00:00,188.44,41.0
2017-02-14 17:00:00,177.74,39.0
2017-02-14 18:00:00,110.31,36.0
2017-02-14 19:00:00,44.45,34.0
2017-02-14 20:00:00,39.36,32.0
2017-02-14 21:00:00,38.0,30.9
2017-02-14 22:00:00,37.26,30.0
2017-02-14 23:00:00,34.91,27.0
2017-02-15 00:00:00,33.27,27.0
2017-02-15 01:00:00,33.9,26.1
2017-02-15 02:00:00,31.63,24.1
2017-02-15 03:00:00,30.76,23.0
2017-02-15 04:00:00,30.36,21.9
2017-02-15 05:00:00,30.17,21.0
2017-02-15 06:00:00,33.71,19.9
2017-02-15 07:00:00,122.52,19.9
2017-02-15 08:00:00,155.41,19.9
2017-02-15 09:00:00,182.82,21.0
2017-02-15 10:00:00,190.72,24.1
2017-02-15 11:00:00,195.06,26.1
2017-02-15 12:00:00,201.35,30.0
2017-02-15 13:00:00,199.22,33.1
2017-02-15 14:00:00,195.58,34.0
2017-02-15 15:00:00,194.87,35.1
2017-02-15 16:00:00,188.81,35.1
2017-02-15 17:00:00,177.43,35.1
2017-02-15 18:00:00,114.5,35.1
2017-02-15 19:00:00,49.49,34.0
2017-02-15 20:00:00,38.3,30.9
2017-02-15 21:00:00,36.07,28.0
2017-02-15 22:00:00,35.92,28.9
2017-02-15 23:00:00,33.66,28.0
2017-02-16 00:00:00,32.52,28.0
2017-02-16 01:00:00,34.96,28.0
2017-02-16 02:00:00,32.1,28.0
2017-02-16 03:00:00,31.31,28.0
2017-02-16 04:00:00,30.29,28.0
2017-02-16 05:00:00,30.35,28.0
2017-02-16 06:00:00,33.51,28.9
2017-02-16 07:00:00,122.01,30.0
2017-02-16 08:00:00,157.04,30.0
2017-02-16 09:00:00,178.09,32.0
2017-02-16 10:00:00,193.59,34.0
2017-02-16 11:00:00,203.49,37.0
2017-02-16 12:00:00,205.48,37.0
2017-02-16 13:00:00,205.3,39.0
2017-02-16 14:00:00,202.58,39.9
2017-02-16 15:00:00,200.83,41.0
2017-02-16 16:00:00,195.22,39.9
2017-02-16 17:00:00,179.59,39.0
2017-02-16 18:00:00,114.61,37.0
2017-02-16 19:00:00,46.04,36.0
2017-02-16 20:00:00,39.05,35.1
2017-02-16 21:00:00,36.81,34.0
2017-02-16 22:00:00,39.18,35.1
2017-02-16 23:00:00,35.96,34.0
2017-02-17 00:00:00,35.87,32.0
2017-02-17 01:00:00,34.9,32.0
2017-02-17 02:00:00,32.06,30.9
2017-02-17 03:00:00,30.89,32.0
2017-02-17 04:00:00,30.16,30.9
2017-02-17 05:00:00,30.24,32.0
2017-02-17 06:00:00,35.48,30.9
2017-02-17 07:00:00,119.31,30.9
2017-02-17 08:00:00,155.75,32.0
2017-02-17 09:00:00,181.94,37.9
2017-02-17 10:00:00,193.08,44.1
2017-02-17 11:00:00,193.0,46.9
2017-02-17 12:00:00,194.37,52.0
2017-02-17 13:00:00,192.22,55.0
2017-02-17 14:00:00,190.49,59.0
2017-02-17 15:00:00,187.13,62.1
2017-02-17 16:00:00,180.16,63.0
2017-02-17 17:00:00,166.46,59.0
2017-02-17 18:00:00,105.14,57.0
2017-02-17 19:00:00,43.4,54.0
2017-02-17 20:00:00,40.67,51.1
2017-02-17 21:00:00,34.97,48.0
2017-02-17 22:00:00,34.06,46.9
2017-02-17 23:00:00,32.64,45.0
2017-02-18 00:00:00,34.24,45.0
2017-02-18 01:00:00,35.03,44.1
2017-02-18 02:00:00,32.92,42.1
2017-02-18 03:00:00,31.16,41.0
2017-02-18 04:00:00,31.14,37.9
2017-02-18 05:00:00,31.4,37.0
2017-02-18 06:00:00,31.41,36.0
2017-02-18 07:00:00,32.52,34.0
2017-02-18 08:00:00,32.61,36.0
2017-02-18 09:00:00,31.62,41.0
2017-02-18 10:00:00,34.03,46.0
2017-02-18 11:00:00,34.72,50.0
2017-02-18 12:00:00,34.18,53.1
2017-02-18 13:00:00,35.35,55.0
2017-02-18 14:00:00,35.2,55.9
2017-02-18 15:00:00,37.31,57.0
2017-02-18 16:00:00,36.71,57.9
2017-02-18 17:00:00,33.04,57.0
2017-02-18 18:00:00,31.56,54.0
2017-02-18 19:00:00,31.11,52.0
2017-02-18 20:00:00,31.46,48.9
2017-02-18 21:00:00,31.43,46.9
2017-02-18 22:00:00,31.2,48.0
2017-02-18 23:00:00,30.89,42.1
2017-02-19 00:00:00,30.95,39.9
2017-02-19 01:00:00,32.85,37.0
2017-02-19 02:00:00,31.84,36.0
2017-02-19 03:00:00,30.65,33.1
2017-02-19 04:00:00,31.32,33.1
2017-02-19 05:00:00,30.9,33.1
2017-02-19 06:00:00,30.89,34.0
2017-02-19 07:00:00,32.27,36.0
2017-02-19 08:00:00,34.35,36.0
2017-02-19 09:00:00,31.52,39.9
2017-02-19 10:00:00,32.24,46.0
2017-02-19 11:00:00,33.46,51.1
2017-02-19 12:00:00,33.38,55.0
2017-02-19 13:00:00,31.36,57.0
2017-02-19 14:00:00,31.39,59.0
2017-02-19 15:00:00,29.9,57.9
2017-02-19 16:00:00,31.09,59.0
2017-02-19 17:00:00,31.41,55.9
2017-02-19 18:00:00,30.78,53.1
2017-02-19 19:00:00,31.1,53.1
2017-02-19 20:00:00,30.71,52.0
2017-02-19 21:00:00,31.06,51.1
2017-02-19 22:00:00,31.68,50.0
2017-02-19 23:00:00,30.51,50.0
2017-02-20 00:00:00,30.46,48.9
2017-02-20 01:00:00,31.83,48.9
2017-02-20 02:00:00,32.15,48.0
2017-02-20 03:00:00,30.5,50.0
2017-02-20 04:00:00,30.31,51.1
2017-02-20 05:00:00,30.28,51.1
2017-02-20 06:00:00,60.76,50.0
2017-02-20 07:00:00,130.67,51.1
2017-02-20 08:00:00,161.84,48.9
2017-02-20 09:00:00,188.59,50.0
2017-02-20 10:00:00,199.83,50.0
2017-02-20 11:00:00,200.76,50.0
2017-02-20 12:00:00,200.45,48.9
2017-02-20 13:00:00,200.51,50.0
2017-02-20 14:00:00,198.9,51.1
2017-02-20 15:00:00,196.96,52.0
2017-02-20 16:00:00,190.92,53.1
2017-02-20 17:00:00,176.3,53.1
2017-02-20 18:00:00,107.12,53.1
2017-02-20 19:00:00,42.99,53.1
2017-02-20 20:00:00,39.84,55.0
2017-02-20 21:00:00,37.05,53.1
2017-02-20 22:00:00,36.12,45.0
2017-02-20 23:00:00,32.43,43.0
2017-02-21 00:00:00,32.41,41.0
2017-02-21 01:00:00,33.16,39.9
2017-02-21 02:00:00,31.34,37.9
2017-02-21 03:00:00,31.77,37.0
2017-02-21 04:00:00,29.61,36.0
2017-02-21 05:00:00,30.14,36.0
2017-02-21 06:00:00,30.96,35.1
2017-02-21 07:00:00,120.23,34.0
2017-02-21 08:00:00,158.88,32.0
2017-02-21 09:00:00,184.34,33.1
2017-02-21 10:00:00,193.72,37.0
2017-02-21 11:00:00,197.26,46.0
2017-02-21 12:00:00,196.46,53.1
2017-02-21 13:00:00,196.19,57.9
2017-02-21 14:00:00,197.19,61.0
2017-02-21 15:00:00,195.43,61.0
2017-02-21 16:00:00,189.42,61.0
2017-02-21 17:00:00,179.84,60.1
2017-02-21 18:00:00,109.64,59.0
2017-02-21 19:00:00,47.54,57.9
2017-02-21 20:00:00,39.74,52.0
2017-02-21 21:00:00,37.15,53.1
2017-02-21 22:00:00,36.32,52.0
2017-02-21 23:00:00,30.97,48.0
2017-02-22 00:00:00,32.08,44.1
2017-02-22 01:00:00,32.98,44.1
2017-02-22 02:00:00,31.2,43.0
2017-02-22 03:00:00,30.43,41.0
2017-02-22 04:00:00,30.24,41.0
2017-02-22 05:00:00,29.88,41.0
2017-02-22 06:00:00,30.8,39.0
2017-02-22 07:00:00,122.2,37.9
2017-02-22 08:00:00,161.49,41.0
2017-02-22 09:00:00,184.45,44.1
2017-02-22 10:00:00,195.5,46.9
2017-02-22 11:00:00,199.1,46.9
2017-02-22 12:00:00,202.26,50.0
2017-02-22 13:00:00,201.18,52.0
2017-02-22 14:00:00,198.78,53.1
2017-02-22 15:00:00,195.0,55.9
2017-02-22 16:00:00,191.17,57.0
2017-02-22 17:00:00,179.56,54.0
2017-02-22 18:00:00,116.01,50.0
2017-02-22 19:00:00,47.65,48.9
2017-02-22 20:00:00,38.71,46.9
2017-02-22 21:00:00,38.2,43.0
2017-02-22 22:00:00,35.98,41.0
2017-02-22 23:00:00,31.77,39.0
2017-02-23 00:00:00,30.21,37.9
2017-02-23 01:00:00,31.93,37.0
2017-02-23 02:00:00,30.39,37.0
2017-02-23 03:00:00,29.58,36.0
2017-02-23 04:00:00,28.54,35.1
2017-02-23 05:00:00,28.34,34.0
2017-02-23 06:00:00,30.75,33.1
2017-02-23 07:00:00,118.13,32.0
2017-02-23 08:00:00,153.19,32.0
2017-02-23 09:00:00,175.64,32.0
2017-02-23 10:00:00,185.28,34.0
2017-02-23 11:00:00,185.58,35.1
2017-02-23 12:00:00,192.08,37.0
2017-02-23 13:00:00,191.63,37.9
2017-02-23 14:00:00,195.48,36.0
2017-02-23 15:00:00,196.88,34.0
2017-02-23 16:00:00,194.43,33.1
2017-02-23 17:00:00,182.0,32.0
2017-02-23 18:00:00,115.26,32.0
2017-02-23 19:00:00,55.52,30.9
2017-02-23 20:00:00,41.6,30.0
2017-02-23 21:00:00,36.27,30.0
2017-02-23 22:00:00,33.78,30.0
2017-02-23 23:00:00,34.14,30.0
2017-02-24 00:00:00,32.98,28.9
2017-02-24 01:00:00,34.45,28.9
2017-02-24 02:00:00,32.14,28.0
2017-02-24 03:00:00,31.47,28.0
2017-02-24 04:00:00,31.21,27.0
2017-02-24 05:00:00,30.89,26.1
2017-02-24 06:00:00,32.26,26.1
2017-02-24 07:00:00,117.01,25.0
2017-02-24 08:00:00,145.7,25.0
2017-02-24 09:00:00,169.52,25.0
2017-02-24 10:00:00,189.59,25.0
2017-02-24 11:00:00,192.89,26.1
2017-02-24 12:00:00,191.52,27.0
2017-02-24 13:00:00,191.8,26.1
2017-02-24 14:00:00,191.98,26.1
2017-02-24 15:00:00,188.49,26.1
2017-02-24 16:00:00,184.41,27.0
2017-02-24 17:00:00,168.82,26.1
2017-02-24 18:00:00,106.0,25.0
2017-02-24 19:00:00,39.67,24.1
2017-02-24 20:00:00,34.69,23.0
2017-02-24 21:00:00,31.55,23.0
2017-02-24 22:00:00,29.74,21.9
2017-02-24 23:00:00,30.94,21.0
2017-02-25 00:00:00,29.5,19.9
2017-02-25 01:00:00,31.54,19.0
2017-02-25 02:00:00,28.52,18.0
2017-02-25 03:00:00,27.69,17.1
2017-02-25 04:00:00,27.32,16.0
2017-02-25 05:00:00,27.56,16.0
2017-02-25 06:00:00,27.76,15.1
2017-02-25 07:00:00,28.66,14.0
2017-02-25 08:00:00,29.33,16.0
2017-02-25 09:00:00,27.95,18.0
2017-02-25 10:00:00,29.21,21.0
2017-02-25 11:00:00,31.33,26.1
2017-02-25 12:00:00,30.06,28.0
2017-02-25 13:00:00,32.44,30.9
2017-02-25 14:00:00,33.34,32.0
2017-02-25 15:00:00,31.89,32.0
2017-02-25 16:00:00,30.24,32.0
2017-02-25 17:00:00,31.54,32.0
2017-02-25 18:00:00,31.33,32.0
2017-02-25 19:00:00,28.25,28.9
2017-02-25 20:00:00,27.56,27.0
2017-02-25 21:00:00,27.51,26.1
2017-02-25 22:00:00,27.69,26.1
2017-02-25 23:00:00,27.63,25.0
2017-02-26 00:00:00,27.18,25.0
2017-02-26 01:00:00,28.78,26.1
2017-02-26 02:00:00,28.6,25.0
2017-02-26 03:00:00,26.86,25.0
2017-02-26 04:00:00,27.11,25.0
2017-02-26 05:00:00,26.79,25.0
2017-02-26 06:00:00,26.61,24.1
2017-02-26 07:00:00,27.89,24.1
2017-02-26 08:00:00,28.05,24.1
2017-02-26 09:00:00,27.07,26.1
2017-02-26 10:00:00,26.31,30.0
2017-02-26 11:00:00,26.87,34.0
2017-02-26 12:00:00,26.53,37.0
2017-02-26 13:00:00,27.36,39.0
2017-02-26 14:00:00,27.67,37.9
2017-02-26 15:00:00,26.75,37.9
2017-02-26 16:00:00,26.57,36.0
2017-02-26 17:00:00,27.68,34.0
2017-02-26 18:00:00,26.93,32.0
2017-02-26 19:00:00,27.11,28.9
2017-02-26 20:00:00,27.46,30.0
2017-02-26 21:00:00,27.22,30.0
2017-02-26 22:00:00,27.84,30.0
2017-02-26 23:00:00,26.65,30.0
2017-02-27 00:00:00,26.64,30.0
2017-02-27 01:00:00,28.61,28.0
2017-02-27 02:00:00,28.57,26.1
2017-02-27 03:00:00,27.29,26.1
2017-02-27 04:00:00,27.26,25.0
2017-02-27 05:00:00,26.21,23.0
2017-02-27 06:00:00,57.5,23.0
2017-02-27 07:00:00,123.16,24.1
2017-02-27 08:00:00,151.05,26.1
2017-02-27 09:00:00,178.79,33.1
2017-02-27 10:00:00,187.56,36.0
2017-02-27 11:00:00,189.79,41.0
2017-02-27 12:00:00,193.55,42.1
2017-02-27 13:00:00,195.98,43.0
2017-02-27 14:00:00,195.62,44.1
2017-02-27 15:00:00,195.72,44.1
2017-02-27 16:00:00,193.4,43.0
2017-02-27 17:00:00,173.78,42.1
2017-02-27 18:00:00,107.73,37.9
2017-02-27 19:00:00,41.84,37.9
2017-02-27 20:00:00,36.05,37.0
2017-02-27 21:00:00,33.51,36.0
2017-02-27 22:00:00,33.21,36.0
2017-02-27 23:00:00,32.92,36.0
2017-02-28 00:00:00,34.61,37.9
2017-02-28 01:00:00,36.91,37.9
2017-02-28 02:00:00,34.86,37.0
2017-02-28 03:00:00,34.47,37.0
2017-02-28 04:00:00,31.62,37.0
2017-02-28 05:00:00,28.52,37.0
2017-02-28 06:00:00,30.61,37.9
2017-02-28 07:00:00,121.42,36.0
2017-02-28 08:00:00,157.58,39.0
2017-02-28 09:00:00,182.47,41.0
2017-02-28 10:00:00,191.89,44.1
2017-02-28 11:00:00,196.89,45.0
2017-02-28 12:00:00,204.51,45.0
2017-02-28 13:00:00,201.54,46.0
2017-02-28 14:00:00,199.75,46.0
2017-02-28 15:00:00,199.22,45.0
2017-02-28 16:00:00,195.48,42.1
2017-02-28 17:00:00,184.52,39.9
2017-02-28 18:00:00,117.58,37.0
2017-02-28 19:00:00,47.65,36.0
2017-02-28 20:00:00,40.48,34.0
2017-02-28 21:00:00,37.5,33.1
2017-02-28 22:00:00,37.43,32.0
2017-02-28 23:00:00,35.99,32.0
2017-03-01 00:00:00,34.22,32.0
2017-03-01 01:00:00,36.55,30.9
2017-03-01 02:00:00,33.2,30.9
2017-03-01 03:00:00,32.88,28.9
2017-03-01 04:00:00,31.11,28.9
2017-03-01 05:00:00,31.67,28.0
2017-03-01 06:00:00,31.76,26.1
2017-03-01 07:00:00,115.63,26.1
2017-03-01 08:00:00,149.27,27.0
2017-03-01 09:00:00,178.98,28.0
2017-03-01 10:00:00,191.78,27.0
2017-03-01 11:00:00,196.11,30.0
2017-03-01 12:00:00,193.85,33.1
2017-03-01 13:00:00,195.1,35.1
2017-03-01 14:00:00,191.94,35.1
2017-03-01 15:00:00,191.94,35.1
2017-03-01 16:00:00,191.94,36.0
2017-03-01 17:00:00,165.43,35.1
2017-03-01 18:00:00,111.27,30.9
2017-03-01 19:00:00,43.32,30.9
2017-03-01 20:00:00,38.11,28.0
2017-03-01 21:00:00,34.86,27.0
2017-03-01 22:00:00,33.8,25.0
2017-03-01 23:00:00,33.56,24.1
2017-03-02 00:00:00,30.85,23.0
2017-03-02 01:00:00,33.96,21.9
2017-03-02 02:00:00,30.71,21.0
2017-03-02 03:00:00,31.54,19.9
2017-03-02 04:00:00,29.45,19.0
2017-03-02 05:00:00,29.44,19.0
2017-03-02 06:00:00,31.07,19.0
2017-03-02 07:00:00,122.74,18.0
2017-03-02 08:00:00,155.78,19.0
2017-03-02 09:00:00,183.14,21.0
2017-03-02 10:00:00,196.53,24.1
2017-03-02 11:00:00,197.55,26.1
2017-03-02 12:00:00,202.32,27.0
2017-03-02 13:00:00,202.06,28.9
2017-03-02 14:00:00,195.54,30.9
2017-03-02 15:00:00,198.64,28.9
2017-03-02 16:00:00,201.83,27.0
2017-03-02 17:00:00,175.73,28.0
2017-03-02 18:00:00,117.59,25.0
2017-03-02 19:00:00,49.22,24.1
2017-03-02 20:00:00,42.45,23.0
2017-03-02 21:00:00,34.81,21.9
2017-03-02 22:00:00,36.3,21.0
2017-03-02 23:00:00,39.89,19.9
2017-03-03 00:00:00,36.95,19.0
2017-03-03 01:00:00,40.14,16.0
2017-03-03 02:00:00,39.38,16.0
2017-03-03 03:00:00,37.4,16.0
2017-03-03 04:00:00,37.9,15.1
2017-03-03 05:00:00,37.31,15.1
2017-03-03 06:00:00,36.99,15.1
2017-03-03 07:00:00,122.44,12.9
2017-03-03 08:00:00,155.41,15.1
2017-03-03 09:00:00,181.97,17.1
2017-03-03 10:00:00,193.24,19.9
2017-03-03 11:00:00,198.42,23.0
2017-03-03 12:00:00,197.58,26.1
2017-03-03 13:00:00,197.74,28.0
2017-03-03 14:00:00,192.92,30.9
2017-03-03 15:00:00,189.07,30.0
2017-03-03 16:00:00,187.9,28.0
2017-03-03 17:00:00,171.12,27.0
2017-03-03 18:00:00,111.38,26.1
2017-03-03 19:00:00,46.87,25.0
2017-03-03 20:00:00,37.8,25.0
2017-03-03 21:00:00,35.84,25.0
2017-03-03 22:00:00,34.85,26.1
2017-03-03 23:00:00,35.1,26.1
2017-03-04 00:00:00,34.42,27.0
2017-03-04 01:00:00,34.5,27.0
2017-03-04 02:00:00,32.74,27.0
2017-03-04 03:00:00,31.62,27.0
2017-03-04 04:00:00,31.15,27.0
2017-03-04 05:00:00,31.41,26.1
2017-03-04 06:00:00,31.4,26.1
2017-03-04 07:00:00,32.32,26.1
2017-03-04 08:00:00,32.18,27.0
2017-03-04 09:00:00,34.02,28.9
2017-03-04 10:00:00,31.76,32.0
2017-03-04 11:00:00,31.04,35.1
2017-03-04 12:00:00,32.31,37.0
2017-03-04 13:00:00,32.08,39.0
2017-03-04 14:00:00,31.55,41.0
2017-03-04 15:00:00,33.04,42.1
2017-03-04 16:00:00,36.2,42.1
2017-03-04 17:00:00,35.11,39.9
2017-03-04 18:00:00,30.57,39.0
2017-03-04 19:00:00,30.16,39.0
2017-03-04 20:00:00,30.87,37.9
2017-03-04 21:00:00,30.26,37.9
2017-03-04 22:00:00,30.03,37.0
2017-03-04 23:00:00,30.28,36.0
2017-03-05 00:00:00,30.3,36.0
2017-03-05 01:00:00,31.48,36.0
2017-03-05 02:00:00,30.99,36.0
2017-03-05 03:00:00,29.7,36.0
2017-03-05 04:00:00,30.0,35.1
2017-03-05 05:00:00,29.79,37.0
2017-03-05 06:00:00,29.7,37.9
2017-03-05 07:00:00,30.76,39.0
2017-03-05 08:00:00,31.61,41.0
2017-03-05 09:00:00,33.69,44.1
2017-03-05 10:00:00,30.26,46.0
2017-03-05 11:00:00,31.15,52.0
2017-03-05 12:00:00,30.97,55.9
2017-03-05 13:00:00,31.45,57.9
2017-03-05 14:00:00,30.52,59.0
2017-03-05 15:00:00,30.16,57.9
2017-03-05 16:00:00,30.59,55.9
2017-03-05 17:00:00,31.32,53.1
2017-03-05 18:00:00,31.06,52.0
2017-03-05 19:00:00,31.18,51.1
2017-03-05 20:00:00,30.06,51.1
2017-03-05 21:00:00,30.51,50.0
2017-03-05 22:00:00,30.48,50.0
2017-03-05 23:00:00,29.08,50.0
2017-03-06 00:00:00,29.56,50.0
2017-03-06 01:00:00,31.09,50.0
2017-03-06 02:00:00,31.12,50.0
2017-03-06 03:00:00,30.39,51.1
2017-03-06 04:00:00,30.3,51.1
2017-03-06 05:00:00,30.46,52.0
2017-03-06 06:00:00,60.46,52.0
2017-03-06 07:00:00,129.76,52.0
2017-03-06 08:00:00,157.12,52.0
2017-03-06 09:00:00,184.51,52.0
2017-03-06 10:00:00,191.95,53.1
2017-03-06 11:00:00,193.85,53.1
2017-03-06 12:00:00,194.96,54.0
2017-03-06 13:00:00,194.72,55.9
2017-03-06 14:00:00,191.64,57.9
2017-03-06 15:00:00,187.66,61.0
2017-03-06 16:00:00,182.03,64.0
2017-03-06 17:00:00,169.79,64.9
2017-03-06 18:00:00,106.97,64.0
2017-03-06 19:00:00,45.25,59.0
2017-03-06 20:00:00,36.37,55.9
2017-03-06 21:00:00,32.95,53.1
2017-03-06 22:00:00,35.93,46.9
2017-03-06 23:00:00,32.18,43.0
2017-03-07 00:00:00,30.08,39.0
2017-03-07 01:00:00,33.11,36.0
2017-03-07 02:00:00,30.26,34.0
2017-03-07 03:00:00,28.25,30.9
2017-03-07 04:00:00,29.12,28.9
2017-03-07 05:00:00,28.42,28.9
2017-03-07 06:00:00,31.22,30.0
2017-03-07 07:00:00,121.1,30.0
2017-03-07 08:00:00,155.19,32.0
2017-03-07 09:00:00,181.57,34.0
2017-03-07 10:00:00,186.93,37.0
2017-03-07 11:00:00,186.93,41.0
2017-03-07 12:00:00,192.91,44.1
2017-03-07 13:00:00,191.51,45.0
2017-03-07 14:00:00,191.42,46.0
2017-03-07 15:00:00,192.25,46.0
2017-03-07 16:00:00,192.43,46.0
2017-03-07 17:00:00,181.73,46.0
2017-03-07 18:00:00,112.24,45.0
2017-03-07 19:00:00,45.84,43.0
2017-03-07 20:00:00,38.98,42.1
2017-03-07 21:00:00,34.29,39.9
2017-03-07 22:00:00,33.42,37.9
2017-03-07 23:00:00,31.93,37.0
2017-03-08 00:00:00,30.92,36.0
2017-03-08 01:00:00,32.86,35.1
2017-03-08 02:00:00,31.5,33.1
2017-03-08 03:00:00,29.8,30.9
2017-03-08 04:00:00,28.73,28.0
2017-03-08 05:00:00,28.84,28.0
2017-03-08 06:00:00,30.81,27.0
2017-03-08 07:00:00,121.58,25.0
2017-03-08 08:00:00,160.47,24.1
2017-03-08 09:00:00,181.99,25.0
2017-03-08 10:00:00,191.83,26.1
2017-03-08 11:00:00,196.47,28.0
2017-03-08 12:00:00,197.74,30.0
2017-03-08 13:00:00,199.5,30.9
2017-03-08 14:00:00,196.58,33.1
2017-03-08 15:00:00,194.9,32.0
2017-03-08 16:00:00,194.16,32.0
2017-03-08 17:00:00,176.86,32.0
2017-03-08 18:00:00,115.06,30.9
2017-03-08 19:00:00,47.46,28.9
2017-03-08 20:00:00,39.04,28.9
2017-03-08 21:00:00,36.4,28.9
2017-03-08 22:00:00,36.34,28.0
2017-03-08 23:00:00,33.91,28.0
2017-03-09 00:00:00,32.28,28.0
2017-03-09 01:00:00,33.65,28.0
2017-03-09 02:00:00,30.63,27.0
2017-03-09 03:00:00,29.92,27.0
2017-03-09 04:00:00,28.94,26.1
2017-03-09 05:00:00,28.98,25.0
2017-03-09 06:00:00,30.61,25.0
2017-03-09 07:00:00,123.19,24.1
2017-03-09 08:00:00,157.15,24.1
2017-03-09 09:00:00,179.84,25.0
2017-03-09 10:00:00,189.84,26.1
2017-03-09 11:00:00,195.24,28.0
2017-03-09 12:00:00,196.53,30.0
2017-03-09 13:00:00,198.48,28.9
2017-03-09 14:00:00,197.23,28.9
2017-03-09 15:00:00,194.51,28.9
2017-03-09 16:00:00,193.71,28.9
2017-03-09 17:00:00,179.52,28.0
2017-03-09 18:00:00,117.85,26.1
2017-03-09 19:00:00,47.56,25.0
2017-03-09 20:00:00,42.24,23.0
2017-03-09 21:00:00,38.11,21.9
2017-03-09 22:00:00,34.6,21.9
2017-03-09 23:00:00,31.72,19.9
2017-03-10 00:00:00,31.82,18.0
2017-03-10 01:00:00,33.18,15.1
2017-03-10 02:00:00,30.25,12.9
2017-03-10 03:00:00,29.92,10.0
2017-03-10 04:00:00,29.71,8.1
2017-03-10 05:00:00,29.44,7.0
2017-03-10 06:00:00,31.89,5.0
2017-03-10 07:00:00,121.66,5.0
2017-03-10 08:00:00,155.0,6.1
2017-03-10 09:00:00,187.32,8.1
2017-03-10 10:00:00,202.24,10.0
2017-03-10 11:00:00,206.39,12.0
2017-03-10 12:00:00,205.51,14.0
2017-03-10 13:00:00,202.79,15.1
2017-03-10 14:00:00,196.67,18.0
2017-03-10 15:00:00,195.58,18.0
2017-03-10 16:00:00,191.88,18.0
2017-03-10 17:00:00,175.83,17.1
2017-03-10 18:00:00,106.79,16.0
2017-03-10 19:00:00,42.86,16.0
2017-03-10 20:00:00,35.46,15.1
2017-03-10 21:00:00,32.08,14.0
2017-03-10 22:00:00,31.8,14.0
2017-03-10 23:00:00,32.31,12.9
2017-03-11 00:00:00,30.52,10.9
2017-03-11 01:00:00,31.17,10.9
2017-03-11 02:00:00,28.99,10.9
2017-03-11 03:00:00,28.18,10.0
2017-03-11 04:00:00,27.71,9.0
2017-03-11 05:00:00,27.43,8.1
2017-03-11 06:00:00,27.58,8.1
2017-03-11 07:00:00,28.71,8.1
2017-03-11 08:00:00,28.36,9.0
2017-03-11 09:00:00,28.8,9.0
2017-03-11 10:00:00,27.51,12.0
2017-03-11 11:00:00,28.95,15.1
2017-03-11 12:00:00,28.83,16.0
2017-03-11 13:00:00,29.77,18.0
2017-03-11 14:00:00,30.94,19.0
2017-03-11 15:00:00,31.42,19.9
2017-03-11 16:00:00,31.26,19.9
2017-03-11 17:00:00,32.24,19.9
2017-03-11 18:00:00,31.04,19.9
2017-03-11 19:00:00,27.21,19.9
2017-03-11 20:00:00,27.51,19.0
2017-03-11 21:00:00,27.74,17.1
2017-03-11 22:00:00,27.32,16.0
2017-03-11 23:00:00,27.2,16.0
2017-03-12 00:00:00,27.64,15.1
2017-03-12 01:00:00,28.78,14.0
2017-03-12 02:00:00,14.44,12.9
2017-03-12 03:00:00,14.44,12.9
2017-03-12 04:00:00,27.32,12.9
2017-03-12 05:00:00,27.51,14.0
2017-03-12 06:00:00,27.47,14.0
2017-03-12 07:00:00,28.14,14.0
2017-03-12 08:00:00,28.69,16.0
2017-03-12 09:00:00,30.51,17.1
2017-03-12 10:00:00,29.17,19.0
2017-03-12 11:00:00,30.57,21.0
2017-03-12 12:00:00,28.83,21.9
2017-03-12 13:00:00,30.92,21.9
2017-03-12 14:00:00,31.45,19.9
2017-03-12 15:00:00,33.22,19.0
2017-03-12 16:00:00,30.96,19.0
2017-03-12 17:00:00,29.87,19.9
2017-03-12 18:00:00,33.23,19.0
2017-03-12 19:00:00,30.3,19.0
2017-03-12 20:00:00,29.6,19.9
2017-03-12 21:00:00,29.13,19.0
2017-03-12 22:00:00,29.85,19.0
2017-03-12 23:00:00,28.22,19.0
2017-03-13 00:00:00,28.32,19.0
2017-03-13 01:00:00,29.87,19.0
2017-03-13 02:00:00,30.47,18.0
2017-03-13 03:00:00,28.96,17.1
2017-03-13 04:00:00,29.27,17.1
2017-03-13 05:00:00,28.52,16.0
2017-03-13 06:00:00,60.82,16.0
2017-03-13 07:00:00,126.64,15.1
2017-03-13 08:00:00,155.64,15.1
2017-03-13 09:00:00,175.29,18.0
2017-03-13 10:00:00,191.66,19.0
2017-03-13 11:00:00,193.83,21.9
2017-03-13 12:00:00,196.85,24.1
2017-03-13 13:00:00,199.18,24.1
2017-03-13 14:00:00,194.07,24.1
2017-03-13 15:00:00,188.52,26.1
2017-03-13 16:00:00,187.4,26.1
2017-03-13 17:00:00,175.83,26.1
2017-03-13 18:00:00,113.62,23.0
2017-03-13 19:00:00,46.2,21.9
2017-03-13 20:00:00,40.31,19.9
2017-03-13 21:00:00,34.88,19.0
2017-03-13 22:00:00,36.06,18.0
2017-03-13 23:00:00,32.67,17.1
2017-03-14 00:00:00,31.49,16.0
2017-03-14 01:00:00,33.04,14.0
2017-03-14 02:00:00,30.57,12.9
2017-03-14 03:00:00,29.73,10.9
2017-03-14 04:00:00,30.16,10.9
2017-03-14 05:00:00,29.45,10.0
2017-03-14 06:00:00,29.81,10.9
2017-03-14 07:00:00,116.61,12.0
2017-03-14 08:00:00,158.04,14.0
2017-03-14 09:00:00,181.89,17.1
2017-03-14 10:00:00,194.36,19.9
2017-03-14 11:00:00,200.02,21.0
2017-03-14 12:00:00,207.54,24.1
2017-03-14 13:00:00,203.69,26.1
2017-03-14 14:00:00,202.0,28.0
2017-03-14 15:00:00,202.14,28.0
2017-03-14 16:00:00,194.08,28.9
2017-03-14 17:00:00,179.2,28.0
2017-03-14 18:00:00,112.96,26.1
2017-03-14 19:00:00,45.56,23.0
2017-03-14 20:00:00,38.29,21.0
2017-03-14 21:00:00,33.54,19.9
2017-03-14 22:00:00,33.89,19.0
2017-03-14 23:00:00,31.04,19.0
2017-03-15 00:00:00,30.33,19.0
2017-03-15 01:00:00,32.74,18.0
2017-03-15 02:00:00,31.16,17.1
2017-03-15 03:00:00,30.34,15.1
2017-03-15 04:00:00,29.76,14.0
2017-03-15 05:00:00,29.66,12.9
2017-03-15 06:00:00,30.5,12.0
2017-03-15 07:00:00,120.15,12.0
2017-03-15 08:00:00,156.99,15.1
2017-03-15 09:00:00,185.18,21.0
2017-03-15 10:00:00,192.45,21.9
2017-03-15 11:00:00,200.12,25.0
2017-03-15 12:00:00,204.73,28.0
2017-03-15 13:00:00,200.88,30.0
2017-03-15 14:00:00,198.05,30.0
2017-03-15 15:00:00,201.2,30.9
2017-03-15 16:00:00,194.65,30.0
2017-03-15 17:00:00,183.21,30.0
2017-03-15 18:00:00,116.58,28.9
2017-03-15 19:00:00,47.16,28.0
2017-03-15 20:00:00,38.54,26.1
2017-03-15 21:00:00,37.04,25.0
2017-03-15 22:00:00,35.51,24.1
2017-03-15 23:00:00,33.98,24.1
2017-03-16 00:00:00,31.88,23.0
2017-03-16 01:00:00,34.41,21.0
2017-03-16 02:00:00,31.58,21.0
2017-03-16 03:00:00,30.66,19.9
2017-03-16 04:00:00,29.86,21.0
2017-03-16 05:00:00,29.81,21.9
2017-03-16 06:00:00,30.08,21.9
2017-03-16 07:00:00,119.27,21.9
2017-03-16 08:00:00,155.8,24.1
2017-03-16 09:00:00,177.69,27.0
2017-03-16 10:00:00,195.67,32.0
2017-03-16 11:00:00,197.66,36.0
2017-03-16 12:00:00,199.81,37.9
2017-03-16 13:00:00,198.66,39.0
2017-03-16 14:00:00,195.74,39.9
2017-03-16 15:00:00,192.63,39.0
2017-03-16 16:00:00,183.25,37.9
2017-03-16 17:00:00,171.34,37.9
2017-03-16 18:00:00,109.68,37.0
2017-03-16 19:00:00,43.6,36.0
2017-03-16 20:00:00,34.34,36.0
2017-03-16 21:00:00,31.08,35.1
2017-03-16 22:00:00,29.88,35.1
2017-03-16 23:00:00,31.59,35.1
2017-03-17 00:00:00,31.36,35.1
2017-03-17 01:00:00,30.3,35.1
2017-03-17 02:00:00,29.96,35.1
2017-03-17 03:00:00,27.83,34.0
2017-03-17 04:00:00,27.88,33.1
2017-03-17 05:00:00,27.71,34.0
2017-03-17 06:00:00,28.11,30.0
2017-03-17 07:00:00,104.62,32.0
2017-03-17 08:00:00,127.1,35.1
2017-03-17 09:00:00,128.94,37.0
2017-03-17 10:00:00,128.33,39.0
2017-03-17 11:00:00,126.84,42.1
2017-03-17 12:00:00,126.66,43.0
2017-03-17 13:00:00,128.94,42.1
2017-03-17 14:00:00,128.55,42.1
2017-03-17 15:00:00,127.4,39.9
2017-03-17 16:00:00,126.5,39.0
2017-03-17 17:00:00,125.46,39.0
2017-03-17 18:00:00,83.83,37.9
2017-03-17 19:00:00,28.83,37.0
2017-03-17 20:00:00,28.48,36.0
2017-03-17 21:00:00,28.54,36.0
2017-03-17 22:00:00,28.99,35.1
2017-03-17 23:00:00,28.43,35.1
2017-03-18 00:00:00,28.48,34.0
2017-03-18 01:00:00,29.63,33.1
2017-03-18 02:00:00,29.74,32.0
2017-03-18 03:00:00,28.35,32.0
2017-03-18 04:00:00,28.27,30.9
2017-03-18 05:00:00,28.26,30.9
2017-03-18 06:00:00,28.05,30.0
2017-03-18 07:00:00,28.98,30.0
2017-03-18 08:00:00,29.63,30.0
2017-03-18 09:00:00,28.84,30.9
2017-03-18 10:00:00,27.93,30.9
2017-03-18 11:00:00,28.46,33.1
2017-03-18 12:00:00,29.97,36.0
2017-03-18 13:00:00,30.0,37.0
2017-03-18 14:00:00,29.92,39.0
2017-03-18 15:00:00,29.26,39.9
2017-03-18 16:00:00,30.05,41.0
2017-03-18 17:00:00,31.13,42.1
2017-03-18 18:00:00,28.44,39.9
2017-03-18 19:00:00,27.76,39.0
2017-03-18 20:00:00,28.42,36.0
2017-03-18 21:00:00,28.46,34.0
2017-03-18 22:00:00,28.17,33.1
2017-03-18 23:00:00,28.44,30.9
2017-03-19 00:00:00,28.27,30.9
2017-03-19 01:00:00,29.42,30.0
2017-03-19 02:00:00,29.4,30.0
2017-03-19 03:00:00,28.17,30.0
2017-03-19 04:00:00,27.83,30.0
2017-03-19 05:00:00,28.07,30.9
2017-03-19 06:00:00,27.66,32.0
2017-03-19 07:00:00,30.52,30.9
2017-03-19 08:00:00,30.52,33.1
2017-03-19 09:00:00,30.52,37.9
2017-03-19 10:00:00,31.38,41.0
2017-03-19 11:00:00,30.29,44.1
2017-03-19 12:00:00,29.5,45.0
2017-03-19 13:00:00,30.07,46.9
2017-03-19 14:00:00,29.67,48.0
2017-03-19 15:00:00,32.58,50.0
2017-03-19 16:00:00,31.63,53.1
2017-03-19 17:00:00,34.24,55.0
2017-03-19 18:00:00,29.55,52.0
2017-03-19 19:00:00,28.93,48.9
2017-03-19 20:00:00,31.72,48.9
2017-03-19 21:00:00,29.99,46.9
2017-03-19 22:00:00,30.17,46.9
2017-03-19 23:00:00,29.86,42.1
2017-03-20 00:00:00,29.56,42.1
2017-03-20 01:00:00,31.28,37.9
2017-03-20 02:00:00,30.6,37.0
2017-03-20 03:00:00,29.83,37.9
2017-03-20 04:00:00,29.43,43.0
2017-03-20 05:00:00,29.27,43.0
2017-03-20 06:00:00,61.07,44.1
2017-03-20 07:00:00,130.28,43.0
2017-03-20 08:00:00,158.84,44.1
2017-03-20 09:00:00,184.71,45.0
2017-03-20 10:00:00,197.79,46.9
2017-03-20 11:00:00,201.6,48.0
2017-03-20 12:00:00,200.98,48.0
2017-03-20 13:00:00,198.23,50.0
2017-03-20 14:00:00,193.79,52.0
2017-03-20 15:00:00,192.01,54.0
2017-03-20 16:00:00,188.64,54.0
2017-03-20 17:00:00,177.26,54.0
2017-03-20 18:00:00,112.64,52.0
2017-03-20 19:00:00,44.04,46.9
2017-03-20 20:00:00,39.55,45.0
2017-03-20 21:00:00,41.72,42.1
2017-03-20 22:00:00,37.53,42.1
2017-03-20 23:00:00,33.15,42.1
2017-03-21 00:00:00,31.66,39.0
2017-03-21 01:00:00,33.56,39.9
2017-03-21 02:00:00,32.0,39.0
2017-03-21 03:00:00,30.24,37.0
2017-03-21 04:00:00,30.22,36.0
2017-03-21 05:00:00,30.21,33.1
2017-03-21 06:00:00,30.77,30.0
2017-03-21 07:00:00,124.34,28.0
2017-03-21 08:00:00,159.71,28.0
2017-03-21 09:00:00,188.48,28.0
2017-03-21 10:00:00,194.56,30.9
2017-03-21 11:00:00,194.52,33.1
2017-03-21 12:00:00,197.35,33.1
2017-03-21 13:00:00,196.78,35.1
2017-03-21 14:00:00,197.06,37.0
2017-03-21 15:00:00,191.22,37.0
2017-03-21 16:00:00,191.55,35.1
2017-03-21 17:00:00,179.85,34.0
2017-03-21 18:00:00,112.08,32.0
2017-03-21 19:00:00,45.78,30.9
2017-03-21 20:00:00,37.91,28.9
2017-03-21 21:00:00,35.16,28.0
2017-03-21 22:00:00,36.19,27.0
2017-03-21 23:00:00,34.68,25.0
2017-03-22 00:00:00,34.87,25.0
2017-03-22 01:00:00,34.09,25.0
2017-03-22 02:00:00,31.6,23.0
2017-03-22 03:00:00,29.91,23.0
2017-03-22 04:00:00,30.37,23.0
2017-03-22 05:00:00,29.46,21.9
2017-03-22 06:00:00,30.27,21.9
2017-03-22 07:00:00,122.91,21.9
2017-03-22 08:00:00,163.63,25.0
2017-03-22 09:00:00,189.55,28.0
2017-03-22 10:00:00,198.41,30.9
2017-03-22 11:00:00,201.34,32.0
2017-03-22 12:00:00,202.2,35.1
2017-03-22 13:00:00,198.97,36.0
2017-03-22 14:00:00,204.12,37.0
2017-03-22 15:00:00,199.17,37.9
2017-03-22 16:00:00,191.42,39.0
2017-03-22 17:00:00,177.91,39.0
2017-03-22 18:00:00,115.54,37.9
2017-03-22 19:00:00,45.05,37.9
2017-03-22 20:00:00,41.09,37.0
2017-03-22 21:00:00,38.14,37.0
2017-03-22 22:00:00,37.39,37.9
2017-03-22 23:00:00,33.66,37.0
2017-03-23 00:00:00,31.55,36.0
2017-03-23 01:00:00,32.68,36.0
2017-03-23 02:00:00,31.37,37.0
2017-03-23 03:00:00,30.66,37.0
2017-03-23 04:00:00,29.94,37.0
2017-03-23 05:00:00,29.53,37.0
2017-03-23 06:00:00,29.97,37.0
2017-03-23 07:00:00,119.12,37.0
2017-03-23 08:00:00,157.95,37.9
2017-03-23 09:00:00,178.39,37.9
2017-03-23 10:00:00,190.82,39.0
2017-03-23 11:00:00,198.58,39.0
2017-03-23 12:00:00,205.62,39.0
2017-03-23 13:00:00,205.98,39.0
2017-03-23 14:00:00,201.33,39.0
2017-03-23 15:00:00,196.93,39.0
2017-03-23 16:00:00,193.62,37.9
2017-03-23 17:00:00,181.18,39.0
2017-03-23 18:00:00,118.14,39.0
2017-03-23 19:00:00,46.26,39.0
2017-03-23 20:00:00,40.27,39.0
2017-03-23 21:00:00,38.04,39.0
2017-03-23 22:00:00,34.82,39.0
2017-03-23 23:00:00,33.42,37.9
2017-03-24 00:00:00,31.7,39.0
2017-03-24 01:00:00,33.69,39.0
2017-03-24 02:00:00,32.3,39.0
2017-03-24 03:00:00,31.0,39.0
2017-03-24 04:00:00,30.7,39.0
2017-03-24 05:00:00,30.4,39.0
2017-03-24 06:00:00,31.48,37.9
2017-03-24 07:00:00,117.86,37.9
2017-03-24 08:00:00,156.91,37.9
2017-03-24 09:00:00,181.03,39.0
2017-03-24 10:00:00,193.44,39.0
2017-03-24 11:00:00,197.61,39.9
2017-03-24 12:00:00,197.29,42.1
2017-03-24 13:00:00,194.85,44.1
2017-03-24 14:00:00,192.51,45.0
2017-03-24 15:00:00,193.64,45.0
2017-03-24 16:00:00,187.85,44.1
2017-03-24 17:00:00,173.86,43.0
2017-03-24 18:00:00,110.1,42.1
2017-03-24 19:00:00,43.07,41.0
2017-03-24 20:00:00,35.56,39.9
2017-03-24 21:00:00,32.33,39.9
2017-03-24 22:00:00,32.64,39.9
2017-03-24 23:00:00,31.96,39.0
2017-03-25 00:00:00,30.86,39.0
2017-03-25 01:00:00,31.33,37.9
2017-03-25 02:00:00,29.65,37.9
2017-03-25 03:00:00,27.97,37.9
2017-03-25 04:00:00,28.16,37.0
2017-03-25 05:00:00,27.85,37.0
2017-03-25 06:00:00,27.77,37.0
2017-03-25 07:00:00,30.73,37.0
2017-03-25 08:00:00,32.26,37.0
2017-03-25 09:00:00,32.49,37.9
2017-03-25 10:00:00,30.55,39.0
2017-03-25 11:00:00,30.03,39.9
2017-03-25 12:00:00,30.9,41.0
2017-03-25 13:00:00,31.98,42.1
2017-03-25 14:00:00,33.24,42.1
2017-03-25 15:00:00,31.33,42.1
2017-03-25 16:00:00,34.26,43.0
2017-03-25 17:00:00,33.62,43.0
2017-03-25 18:00:00,30.79,42.1
2017-03-25 19:00:00,28.5,39.9
2017-03-25 20:00:00,28.37,39.9
2017-03-25 21:00:00,27.67,39.9
2017-03-25 22:00:00,27.9,39.9
2017-03-25 23:00:00,27.57,37.9
2017-03-26 00:00:00,27.82,37.9
2017-03-26 01:00:00,28.96,37.9
2017-03-26 02:00:00,28.82,37.0
2017-03-26 03:00:00,27.64,37.0
2017-03-26 04:00:00,27.46,37.0
2017-03-26 05:00:00,27.56,36.0
2017-03-26 06:00:00,27.3,36.0
2017-03-26 07:00:00,28.17,37.0
2017-03-26 08:00:00,29.03,37.0
2017-03-26 09:00:00,30.31,37.9
2017-03-26 10:00:00,28.68,39.0
2017-03-26 11:00:00,29.17,39.0
2017-03-26 12:00:00,28.88,39.9
2017-03-26 13:00:00,29.36,42.1
2017-03-26 14:00:00,27.7,42.1
2017-03-26 15:00:00,27.52,44.1
2017-03-26 16:00:00,28.36,44.1
2017-03-26 17:00:00,28.9,43.0
2017-03-26 18:00:00,29.52,43.0
2017-03-26 19:00:00,27.77,41.0
2017-03-26 20:00:00,28.6,39.9
2017-03-26 21:00:00,28.16,39.0
2017-03-26 22:00:00,28.74,39.9
2017-03-26 23:00:00,27.86,39.0
2017-03-27 00:00:00,27.69,39.0
2017-03-27 01:00:00,29.75,39.0
2017-03-27 02:00:00,29.3,39.0
2017-03-27 03:00:00,27.61,37.9
2017-03-27 04:00:00,27.65,37.9
2017-03-27 05:00:00,27.77,37.9
2017-03-27 06:00:00,57.99,37.9
2017-03-27 07:00:00,130.34,39.0
2017-03-27 08:00:00,159.89,39.9
2017-03-27 09:00:00,189.74,41.0
2017-03-27 10:00:00,202.33,48.0
2017-03-27 11:00:00,201.56,50.0
2017-03-27 12:00:00,201.57,53.1
2017-03-27 13:00:00,212.76,55.0
2017-03-27 14:00:00,187.86,55.9
2017-03-27 15:00:00,196.24,59.0
2017-03-27 16:00:00,188.53,57.9
2017-03-27 17:00:00,175.88,55.9
2017-03-27 18:00:00,112.72,53.1
2017-03-27 19:00:00,47.99,50.0
2017-03-27 20:00:00,44.48,46.9
2017-03-27 21:00:00,40.57,46.9
2017-03-27 22:00:00,39.38,46.9
2017-03-27 23:00:00,36.41,44.1
2017-03-28 00:00:00,35.44,42.1
2017-03-28 01:00:00,36.8,43.0
2017-03-28 02:00:00,33.12,37.9
2017-03-28 03:00:00,31.71,39.0
2017-03-28 04:00:00,31.53,37.9
2017-03-28 05:00:00,31.86,36.0
2017-03-28 06:00:00,32.68,36.0
2017-03-28 07:00:00,126.01,37.9
2017-03-28 08:00:00,163.2,42.1
2017-03-28 09:00:00,182.06,46.9
2017-03-28 10:00:00,190.32,52.0
2017-03-28 11:00:00,194.71,57.0
2017-03-28 12:00:00,198.72,57.9
2017-03-28 13:00:00,196.6,61.0
2017-03-28 14:00:00,197.18,62.1
2017-03-28 15:00:00,193.39,64.0
2017-03-28 16:00:00,188.52,62.1
2017-03-28 17:00:00,176.66,64.0
2017-03-28 18:00:00,109.19,61.0
2017-03-28 19:00:00,43.9,57.9
2017-03-28 20:00:00,42.06,57.0
2017-03-28 21:00:00,38.95,53.1
2017-03-28 22:00:00,37.96,54.0
2017-03-28 23:00:00,32.22,51.1
2017-03-29 00:00:00,29.8,46.0
2017-03-29 01:00:00,30.87,44.1
2017-03-29 02:00:00,28.87,42.1
2017-03-29 03:00:00,26.63,43.0
2017-03-29 04:00:00,27.29,45.0
2017-03-29 05:00:00,26.44,45.0
2017-03-29 06:00:00,27.6,45.0
2017-03-29 07:00:00,119.85,45.0
2017-03-29 08:00:00,155.98,46.0
2017-03-29 09:00:00,180.71,48.9
2017-03-29 10:00:00,190.52,50.0
2017-03-29 11:00:00,191.24,50.0
2017-03-29 12:00:00,193.67,50.0
2017-03-29 13:00:00,191.09,50.0
2017-03-29 14:00:00,189.69,50.0
2017-03-29 15:00:00,194.71,48.9
2017-03-29 16:00:00,177.7,48.0
2017-03-29 17:00:00,173.62,46.9
2017-03-29 18:00:00,109.26,45.0
2017-03-29 19:00:00,43.03,45.0
2017-03-29 20:00:00,38.05,44.1
2017-03-29 21:00:00,34.97,43.0
2017-03-29 22:00:00,36.47,43.0
2017-03-29 23:00:00,33.13,42.1
2017-03-30 00:00:00,30.16,42.1
2017-03-30 01:00:00,31.33,41.0
2017-03-30 02:00:00,29.89,39.9
2017-03-30 03:00:00,29.73,39.9
2017-03-30 04:00:00,28.76,39.0
2017-03-30 05:00:00,28.82,39.0
2017-03-30 06:00:00,29.04,39.0
2017-03-30 07:00:00,120.87,39.0
2017-03-30 08:00:00,157.62,39.0
2017-03-30 09:00:00,182.87,39.9
2017-03-30 10:00:00,196.73,41.0
2017-03-30 11:00:00,197.89,43.0
2017-03-30 12:00:00,200.73,45.0
2017-03-30 13:00:00,199.69,45.0
2017-03-30 14:00:00,197.62,46.0
2017-03-30 15:00:00,196.76,46.9
2017-03-30 16:00:00,191.09,46.9
2017-03-30 17:00:00,181.21,48.0
2017-03-30 18:00:00,115.88,48.0
2017-03-30 19:00:00,47.77,48.0
2017-03-30 20:00:00,44.96,46.9
2017-03-30 21:00:00,42.06,46.9
2017-03-30 22:00:00,37.75,48.0
2017-03-30 23:00:00,34.26,45.0
2017-03-31 00:00:00,32.37,43.0
2017-03-31 01:00:00,33.47,42.1
2017-03-31 02:00:00,31.62,37.9
2017-03-31 03:00:00,30.29,35.1
2017-03-31 04:00:00,30.29,33.1
2017-03-31 05:00:00,30.16,32.0
2017-03-31 06:00:00,30.68,32.0
2017-03-31 07:00:00,115.28,33.1
2017-03-31 08:00:00,153.5,35.1
2017-03-31 09:00:00,180.16,39.0
2017-03-31 10:00:00,190.63,41.0
2017-03-31 11:00:00,198.19,43.0
2017-03-31 12:00:00,196.06,48.0
2017-03-31 13:00:00,193.12,52.0
2017-03-31 14:00:00,189.7,55.0
2017-03-31 15:00:00,187.22,55.0
2017-03-31 16:00:00,179.3,57.0
2017-03-31 17:00:00,167.18,57.0
2017-03-31 18:00:00,103.48,55.0
2017-03-31 19:00:00,40.63,53.1
2017-03-31 20:00:00,37.76,53.1
2017-03-31 21:00:00,34.66,51.1
2017-03-31 22:00:00,32.16,51.1
2017-03-31 23:00:00,29.61,48.9
2017-04-01 00:00:00,29.81,42.1
2017-04-01 01:00:00,30.9,39.9
2017-04-01 02:00:00,30.63,39.0
2017-04-01 03:00:00,28.99,39.0
2017-04-01 04:00:00,28.88,37.9
2017-04-01 05:00:00,28.49,36.0
2017-04-01 06:00:00,28.93,35.1
2017-04-01 07:00:00,29.58,37.9
2017-04-01 08:00:00,31.48,43.0
2017-04-01 09:00:00,30.51,51.1
2017-04-01 10:00:00,29.27,55.0
2017-04-01 11:00:00,30.83,59.0
2017-04-01 12:00:00,29.53,62.1
2017-04-01 13:00:00,31.59,63.0
2017-04-01 14:00:00,34.94,64.9
2017-04-01 15:00:00,33.45,64.9
2017-04-01 16:00:00,34.43,64.9
2017-04-01 17:00:00,34.26,64.9
2017-04-01 18:00:00,30.16,63.0
2017-04-01 19:00:00,27.79,61.0
2017-04-01 20:00:00,27.89,57.9
2017-04-01 21:00:00,30.22,53.1
2017-04-01 22:00:00,29.46,54.0
2017-04-01 23:00:00,29.94,54.0
2017-04-02 00:00:00,29.85,52.0
2017-04-02 01:00:00,30.82,50.0
2017-04-02 02:00:00,30.85,48.0
2017-04-02 03:00:00,29.46,46.9
2017-04-02 04:00:00,29.4,43.0
2017-04-02 05:00:00,29.02,42.1
2017-04-02 06:00:00,28.57,45.0
2017-04-02 07:00:00,30.0,46.0
2017-04-02 08:00:00,30.18,48.9
2017-04-02 09:00:00,29.5,48.9
2017-04-02 10:00:00,29.52,48.9
2017-04-02 11:00:00,28.67,50.0
2017-04-02 12:00:00,29.49,50.0
2017-04-02 13:00:00,31.58,51.1
2017-04-02 14:00:00,28.99,54.0
2017-04-02 15:00:00,29.1,55.0
2017-04-02 16:00:00,29.91,54.0
2017-04-02 17:00:00,29.13,54.0
2017-04-02 18:00:00,28.54,53.1
2017-04-02 19:00:00,28.63,52.0
2017-04-02 20:00:00,30.16,51.1
2017-04-02 21:00:00,29.86,50.0
2017-04-02 22:00:00,30.03,50.0
2017-04-02 23:00:00,28.7,48.9
2017-04-03 00:00:00,28.11,48.9
2017-04-03 01:00:00,30.03,48.0
2017-04-03 02:00:00,29.98,48.0
2017-04-03 03:00:00,28.47,48.0
2017-04-03 04:00:00,29.04,46.9
2017-04-03 05:00:00,28.34,46.9
2017-04-03 06:00:00,59.11,46.9
2017-04-03 07:00:00,125.68,46.9
2017-04-03 08:00:00,149.56,46.9
2017-04-03 09:00:00,179.27,50.0
2017-04-03 10:00:00,190.06,50.0
2017-04-03 11:00:00,190.97,52.0
2017-04-03 12:00:00,193.85,50.0
2017-04-03 13:00:00,196.82,50.0
2017-04-03 14:00:00,193.49,51.1
2017-04-03 15:00:00,192.04,50.0
2017-04-03 16:00:00,188.19,48.9
2017-04-03 17:00:00,176.25,50.0
2017-04-03 18:00:00,109.61,50.0
2017-04-03 19:00:00,45.48,50.0
2017-04-03 20:00:00,38.07,50.0
2017-04-03 21:00:00,34.11,48.9
2017-04-03 22:00:00,34.5,48.9
2017-04-03 23:00:00,33.1,48.0
2017-04-04 00:00:00,30.99,46.9
2017-04-04 01:00:00,32.69,46.9
2017-04-04 02:00:00,30.77,46.9
2017-04-04 03:00:00,29.1,46.0
2017-04-04 04:00:00,29.85,46.0
2017-04-04 05:00:00,29.51,45.0
2017-04-04 06:00:00,30.3,44.1
2017-04-04 07:00:00,121.54,46.0
2017-04-04 08:00:00,155.48,48.0
2017-04-04 09:00:00,184.24,51.1
2017-04-04 10:00:00,195.34,55.9
2017-04-04 11:00:00,197.98,57.9
2017-04-04 12:00:00,200.73,60.1
2017-04-04 13:00:00,197.0,62.1
2017-04-04 14:00:00,189.57,61.0
2017-04-04 15:00:00,189.26,62.1
2017-04-04 16:00:00,187.29,62.1
2017-04-04 17:00:00,172.29,61.0
2017-04-04 18:00:00,110.22,59.0
2017-04-04 19:00:00,43.08,55.0
2017-04-04 20:00:00,35.89,53.1
2017-04-04 21:00:00,34.49,52.0
2017-04-04 22:00:00,34.35,51.1
2017-04-04 23:00:00,30.85,48.9
2017-04-05 00:00:00,30.41,46.0
2017-04-05 01:00:00,31.36,43.0
2017-04-05 02:00:00,30.23,39.9
2017-04-05 03:00:00,29.49,41.0
2017-04-05 04:00:00,29.37,42.1
2017-04-05 05:00:00,28.93,43.0
2017-04-05 06:00:00,30.32,42.1
2017-04-05 07:00:00,120.35,43.0
2017-04-05 08:00:00,157.0,44.1
2017-04-05 09:00:00,186.47,46.0
2017-04-05 10:00:00,194.61,46.9
2017-04-05 11:00:00,197.37,48.0
2017-04-05 12:00:00,198.51,50.0
2017-04-05 13:00:00,198.54,50.0
2017-04-05 14:00:00,194.58,52.0
2017-04-05 15:00:00,193.76,54.0
2017-04-05 16:00:00,187.5,55.0
2017-04-05 17:00:00,176.25,53.1
2017-04-05 18:00:00,113.42,52.0
2017-04-05 19:00:00,45.61,48.9
2017-04-05 20:00:00,36.62,48.9
2017-04-05 21:00:00,35.94,48.0
2017-04-05 22:00:00,36.87,46.0
2017-04-05 23:00:00,33.21,44.1
2017-04-06 00:00:00,30.76,43.0
2017-04-06 01:00:00,31.64,41.0
2017-04-06 02:00:00,29.68,39.9
2017-04-06 03:00:00,29.45,39.0
2017-04-06 04:00:00,28.63,37.0
2017-04-06 05:00:00,29.44,36.0
2017-04-06 06:00:00,30.49,36.0
2017-04-06 07:00:00,118.82,36.0
2017-04-06 08:00:00,154.12,39.9
2017-04-06 09:00:00,175.4,43.0
2017-04-06 10:00:00,192.36,46.0
2017-04-06 11:00:00,194.44,48.0
2017-04-06 12:00:00,196.15,51.1
2017-04-06 13:00:00,196.86,53.1
2017-04-06 14:00:00,195.46,55.0
2017-04-06 15:00:00,193.88,55.0
2017-04-06 16:00:00,192.46,54.0
2017-04-06 17:00:00,175.88,54.0
2017-04-06 18:00:00,118.05,53.1
2017-04-06 19:00:00,52.0,50.0
2017-04-06 20:00:00,43.1,48.0
2017-04-06 21:00:00,40.09,46.0
2017-04-06 22:00:00,33.95,45.0
2017-04-06 23:00:00,32.32,43.0
2017-04-07 00:00:00,30.18,37.0
2017-04-07 01:00:00,30.92,37.9
2017-04-07 02:00:00,29.89,37.0
2017-04-07 03:00:00,28.43,34.0
2017-04-07 04:00:00,28.06,35.1
2017-04-07 05:00:00,27.53,34.0
2017-04-07 06:00:00,28.5,34.0
2017-04-07 07:00:00,116.53,36.0
2017-04-07 08:00:00,153.16,41.0
2017-04-07 09:00:00,178.75,48.0
2017-04-07 10:00:00,187.41,52.0
2017-04-07 11:00:00,188.81,53.1
2017-04-07 12:00:00,188.35,55.9
2017-04-07 13:00:00,188.47,57.0
2017-04-07 14:00:00,187.8,57.9
2017-04-07 15:00:00,184.99,57.9
2017-04-07 16:00:00,175.24,60.1
2017-04-07 17:00:00,162.55,57.9
2017-04-07 18:00:00,104.8,57.0
2017-04-07 19:00:00,40.54,55.9
2017-04-07 20:00:00,34.41,53.1
2017-04-07 21:00:00,29.94,50.0
2017-04-07 22:00:00,29.93,48.9
2017-04-07 23:00:00,29.36,48.9
2017-04-08 00:00:00,29.6,48.9
2017-04-08 01:00:00,32.18,48.0
2017-04-08 02:00:00,28.38,46.9
2017-04-08 03:00:00,26.94,46.0
2017-04-08 04:00:00,26.89,45.0
2017-04-08 05:00:00,26.9,45.0
2017-04-08 06:00:00,26.92,45.0
2017-04-08 07:00:00,28.06,46.9
2017-04-08 08:00:00,29.51,50.0
2017-04-08 09:00:00,28.56,54.0
2017-04-08 10:00:00,29.62,60.1
2017-04-08 11:00:00,28.52,63.0
2017-04-08 12:00:00,28.36,64.0
2017-04-08 13:00:00,27.47,66.0
2017-04-08 14:00:00,26.81,66.9
2017-04-08 15:00:00,27.27,69.1
2017-04-08 16:00:00,28.48,70.0
2017-04-08 17:00:00,28.01,70.0
2017-04-08 18:00:00,27.8,70.0
2017-04-08 19:00:00,26.72,71.1
2017-04-08 20:00:00,24.98,71.1
2017-04-08 21:00:00,25.76,69.1
2017-04-08 22:00:00,25.53,70.0
2017-04-08 23:00:00,25.61,68.0
2017-04-09 00:00:00,24.76,64.9
2017-04-09 01:00:00,26.47,62.1
2017-04-09 02:00:00,25.85,60.1
2017-04-09 03:00:00,25.01,57.0
2017-04-09 04:00:00,25.28,57.0
2017-04-09 05:00:00,26.39,55.0
2017-04-09 06:00:00,26.59,55.0
2017-04-09 07:00:00,27.26,54.0
2017-04-09 08:00:00,27.19,59.0
2017-04-09 09:00:00,27.0,61.0
2017-04-09 10:00:00,27.59,64.9
2017-04-09 11:00:00,24.81,71.1
2017-04-09 12:00:00,24.88,71.1
2017-04-09 13:00:00,25.36,72.0
2017-04-09 14:00:00,25.41,72.0
2017-04-09 15:00:00,27.19,68.0
2017-04-09 16:00:00,28.19,64.9
2017-04-09 17:00:00,27.76,64.0
2017-04-09 18:00:00,24.33,62.1
2017-04-09 19:00:00,25.94,61.0
2017-04-09 20:00:00,27.0,59.0
2017-04-09 21:00:00,27.48,57.0
2017-04-09 22:00:00,28.35,55.9
2017-04-09 23:00:00,28.7,54.0
2017-04-10 00:00:00,29.4,53.1
2017-04-10 01:00:00,29.85,53.1
2017-04-10 02:00:00,29.57,52.0
2017-04-10 03:00:00,28.4,52.0
2017-04-10 04:00:00,28.37,51.1
2017-04-10 05:00:00,28.56,48.0
2017-04-10 06:00:00,58.19,46.0
2017-04-10 07:00:00,126.02,45.0
2017-04-10 08:00:00,157.29,46.0
2017-04-10 09:00:00,187.19,46.0
2017-04-10 10:00:00,198.37,46.0
2017-04-10 11:00:00,200.43,46.0
2017-04-10 12:00:00,203.32,46.0
2017-04-10 13:00:00,204.53,44.1
2017-04-10 14:00:00,202.2,43.0
2017-04-10 15:00:00,198.37,41.0
2017-04-10 16:00:00,189.64,39.0
2017-04-10 17:00:00,177.64,37.9
2017-04-10 18:00:00,112.55,37.0
2017-04-10 19:00:00,45.29,36.0
2017-04-10 20:00:00,38.74,33.1
2017-04-10 21:00:00,36.49,33.1
2017-04-10 22:00:00,34.97,33.1
2017-04-10 23:00:00,32.58,33.1
2017-04-11 00:00:00,33.67,33.1
2017-04-11 01:00:00,35.39,32.0
2017-04-11 02:00:00,34.25,32.0
2017-04-11 03:00:00,32.29,32.0
2017-04-11 04:00:00,32.16,32.0
2017-04-11 05:00:00,32.23,32.0
2017-04-11 06:00:00,32.62,33.1
2017-04-11 07:00:00,120.92,33.1
2017-04-11 08:00:00,157.57,34.0
2017-04-11 09:00:00,182.17,36.0
2017-04-11 10:00:00,195.16,37.0
2017-04-11 11:00:00,197.24,41.0
2017-04-11 12:00:00,203.06,44.1
2017-04-11 13:00:00,199.21,46.0
2017-04-11 14:00:00,197.41,48.9
2017-04-11 15:00:00,195.96,52.0
2017-04-11 16:00:00,192.36,52.0
2017-04-11 17:00:00,182.27,53.1
2017-04-11 18:00:00,115.25,52.0
2017-04-11 19:00:00,41.81,50.0
2017-04-11 20:00:00,37.67,50.0
2017-04-11 21:00:00,35.85,48.9
2017-04-11 22:00:00,30.23,48.0
2017-04-11 23:00:00,31.6,44.1
2017-04-12 00:00:00,31.61,43.0
2017-04-12 01:00:00,32.68,43.0
2017-04-12 02:00:00,28.78,41.0
2017-04-12 03:00:00,27.83,42.1
2017-04-12 04:00:00,27.52,43.0
2017-04-12 05:00:00,27.04,44.1
2017-04-12 06:00:00,28.64,45.0
2017-04-12 07:00:00,120.88,45.0
2017-04-12 08:00:00,160.53,45.0
2017-04-12 09:00:00,187.37,46.0
2017-04-12 10:00:00,202.18,48.9
2017-04-12 11:00:00,203.68,51.1
2017-04-12 12:00:00,209.69,53.1
2017-04-12 13:00:00,207.3,55.9
2017-04-12 14:00:00,207.23,55.9
2017-04-12 15:00:00,203.22,55.9
2017-04-12 16:00:00,196.82,54.0
2017-04-12 17:00:00,186.18,52.0
2017-04-12 18:00:00,122.98,51.1
2017-04-12 19:00:00,48.4,50.0
2017-04-12 20:00:00,42.91,48.9
2017-04-12 21:00:00,37.34,48.9
2017-04-12 22:00:00,35.71,48.0
2017-04-12 23:00:00,32.78,48.0
2017-04-13 00:00:00,31.98,48.0
2017-04-13 01:00:00,33.62,48.0
2017-04-13 02:00:00,32.53,46.9
2017-04-13 03:00:00,33.49,46.9
2017-04-13 04:00:00,31.01,46.0
2017-04-13 05:00:00,30.54,46.0
2017-04-13 06:00:00,31.23,46.0
2017-04-13 07:00:00,124.5,46.9
2017-04-13 08:00:00,161.19,46.9
2017-04-13 09:00:00,186.37,48.0
2017-04-13 10:00:00,196.72,48.0
2017-04-13 11:00:00,201.3,48.9
2017-04-13 12:00:00,205.02,48.9
2017-04-13 13:00:00,200.14,51.1
2017-04-13 14:00:00,201.22,52.0
2017-04-13 15:00:00,198.91,53.1
2017-04-13 16:00:00,201.82,54.0
2017-04-13 17:00:00,184.45,55.0
2017-04-13 18:00:00,117.32,53.1
2017-04-13 19:00:00,49.66,53.1
2017-04-13 20:00:00,41.83,53.1
2017-04-13 21:00:00,36.4,53.1
2017-04-13 22:00:00,36.9,52.0
2017-04-13 23:00:00,36.4,51.1
2017-04-14 00:00:00,34.57,50.0
2017-04-14 01:00:00,34.89,48.9
2017-04-14 02:00:00,33.64,48.9
2017-04-14 03:00:00,33.25,48.9
2017-04-14 04:00:00,32.27,48.9
2017-04-14 05:00:00,32.11,48.0
2017-04-14 06:00:00,32.06,48.0
2017-04-14 07:00:00,119.57,50.0
2017-04-14 08:00:00,156.54,51.1
2017-04-14 09:00:00,185.88,55.0
2017-04-14 10:00:00,194.85,54.0
2017-04-14 11:00:00,198.29,55.0
2017-04-14 12:00:00,197.28,60.1
2017-04-14 13:00:00,195.48,64.9
2017-04-14 14:00:00,190.94,64.0
2017-04-14 15:00:00,186.19,62.1
2017-04-14 16:00:00,181.03,61.0
2017-04-14 17:00:00,165.25,63.0
2017-04-14 18:00:00,99.07,59.0
2017-04-14 19:00:00,36.09,59.0
2017-04-14 20:00:00,31.0,59.0
2017-04-14 21:00:00,31.42,57.9
2017-04-14 22:00:00,27.82,57.9
2017-04-14 23:00:00,29.16,57.9
2017-04-15 00:00:00,29.78,57.9
2017-04-15 01:00:00,30.78,57.9
2017-04-15 02:00:00,27.66,57.9
2017-04-15 03:00:00,26.68,57.9
2017-04-15 04:00:00,26.45,59.0
2017-04-15 05:00:00,26.26,59.0
2017-04-15 06:00:00,26.51,61.0
2017-04-15 07:00:00,27.36,62.1
2017-04-15 08:00:00,26.71,60.1
2017-04-15 09:00:00,25.96,60.1
2017-04-15 10:00:00,24.74,61.0
2017-04-15 11:00:00,26.2,64.9
2017-04-15 12:00:00,26.32,66.0
2017-04-15 13:00:00,27.64,68.0
2017-04-15 14:00:00,28.24,69.1
2017-04-15 15:00:00,27.88,70.0
2017-04-15 16:00:00,27.09,71.1
2017-04-15 17:00:00,27.56,70.0
2017-04-15 18:00:00,27.24,64.9
2017-04-15 19:00:00,25.27,57.0
2017-04-15 20:00:00,25.97,57.0
2017-04-15 21:00:00,27.01,55.0
2017-04-15 22:00:00,27.09,54.0
2017-04-15 23:00:00,26.79,53.1
2017-04-16 00:00:00,27.03,53.1
2017-04-16 01:00:00,27.77,52.0
2017-04-16 02:00:00,27.96,51.1
2017-04-16 03:00:00,27.12,50.0
2017-04-16 04:00:00,26.75,48.9
2017-04-16 05:00:00,26.69,48.0
2017-04-16 06:00:00,26.75,48.0
2017-04-16 07:00:00,27.64,50.0
2017-04-16 08:00:00,27.81,53.1
2017-04-16 09:00:00,27.95,55.9
2017-04-16 10:00:00,26.77,57.0
2017-04-16 11:00:00,27.03,60.1
2017-04-16 12:00:00,26.47,62.1
2017-04-16 13:00:00,25.43,62.1
2017-04-16 14:00:00,24.69,64.0
2017-04-16 15:00:00,24.6,66.0
2017-04-16 16:00:00,25.09,64.9
2017-04-16 17:00:00,24.97,64.9
2017-04-16 18:00:00,24.43,64.0
2017-04-16 19:00:00,24.45,61.0
2017-04-16 20:00:00,25.26,57.9
2017-04-16 21:00:00,26.27,57.0
2017-04-16 22:00:00,27.86,53.1
2017-04-16 23:00:00,28.54,55.9
2017-04-17 00:00:00,28.31,54.0
2017-04-17 01:00:00,28.16,54.0
2017-04-17 02:00:00,28.6,51.1
2017-04-17 03:00:00,26.91,48.9
2017-04-17 04:00:00,27.06,48.0
2017-04-17 05:00:00,26.91,46.0
2017-04-17 06:00:00,57.1,45.0
2017-04-17 07:00:00,126.56,46.0
2017-04-17 08:00:00,150.18,48.0
2017-04-17 09:00:00,184.51,48.9
2017-04-17 10:00:00,193.0,50.0
2017-04-17 11:00:00,193.43,52.0
2017-04-17 12:00:00,197.43,54.0
2017-04-17 13:00:00,197.71,55.0
2017-04-17 14:00:00,201.9,55.9
2017-04-17 15:00:00,196.16,59.0
2017-04-17 16:00:00,191.46,57.9
2017-04-17 17:00:00,182.79,57.0
2017-04-17 18:00:00,108.13,57.9
2017-04-17 19:00:00,45.08,55.0
2017-04-17 20:00:00,40.72,55.0
2017-04-17 21:00:00,37.79,55.0
2017-04-17 22:00:00,37.16,52.0
2017-04-17 23:00:00,31.49,52.0
2017-04-18 00:00:00,31.39,51.1
2017-04-18 01:00:00,32.0,51.1
2017-04-18 02:00:00,30.25,52.0
2017-04-18 03:00:00,28.73,51.1
2017-04-18 04:00:00,28.75,51.1
2017-04-18 05:00:00,28.5,52.0
2017-04-18 06:00:00,29.06,52.0
2017-04-18 07:00:00,121.62,53.1
2017-04-18 08:00:00,159.18,53.1
2017-04-18 09:00:00,187.72,55.0
2017-04-18 10:00:00,197.76,55.9
2017-04-18 11:00:00,198.35,59.0
2017-04-18 12:00:00,201.22,60.1
2017-04-18 13:00:00,199.89,64.9
2017-04-18 14:00:00,197.52,60.1
2017-04-18 15:00:00,195.08,55.9
2017-04-18 16:00:00,192.69,54.0
2017-04-18 17:00:00,182.03,54.0
2017-04-18 18:00:00,114.84,54.0
2017-04-18 19:00:00,44.94,52.0
2017-04-18 20:00:00,42.95,51.1
2017-04-18 21:00:00,37.49,50.0
2017-04-18 22:00:00,34.84,48.9
2017-04-18 23:00:00,31.44,48.0
2017-04-19 00:00:00,30.35,48.0
2017-04-19 01:00:00,31.5,48.0
2017-04-19 02:00:00,30.0,46.9
2017-04-19 03:00:00,28.41,46.0
2017-04-19 04:00:00,29.01,46.0
2017-04-19 05:00:00,28.75,45.0
2017-04-19 06:00:00,28.21,45.0
2017-04-19 07:00:00,123.3,45.0
2017-04-19 08:00:00,161.23,45.0
2017-04-19 09:00:00,187.96,46.9
2017-04-19 10:00:00,196.44,48.9
2017-04-19 11:00:00,213.48,48.9
2017-04-19 12:00:00,189.46,50.0
2017-04-19 13:00:00,199.64,48.9
2017-04-19 14:00:00,196.35,48.0
2017-04-19 15:00:00,196.03,46.9
2017-04-19 16:00:00,193.04,46.9
2017-04-19 17:00:00,181.38,46.9
2017-04-19 18:00:00,118.01,46.0
2017-04-19 19:00:00,47.58,46.0
2017-04-19 20:00:00,41.13,46.9
2017-04-19 21:00:00,38.35,46.9
2017-04-19 22:00:00,37.72,46.9
2017-04-19 23:00:00,33.13,46.0
2017-04-20 00:00:00,31.64,46.0
2017-04-20 01:00:00,31.52,44.1
2017-04-20 02:00:00,30.02,42.1
2017-04-20 03:00:00,29.1,41.0
2017-04-20 04:00:00,28.94,41.0
2017-04-20 05:00:00,28.62,41.0
2017-04-20 06:00:00,30.01,41.0
2017-04-20 07:00:00,121.1,41.0
2017-04-20 08:00:00,154.41,41.0
2017-04-20 09:00:00,178.03,43.0
2017-04-20 10:00:00,197.38,43.0
2017-04-20 11:00:00,196.98,45.0
2017-04-20 12:00:00,200.73,45.0
2017-04-20 13:00:00,198.09,46.0
2017-04-20 14:00:00,195.62,46.0
2017-04-20 15:00:00,195.81,48.0
2017-04-20 16:00:00,194.68,50.0
2017-04-20 17:00:00,182.65,50.0
2017-04-20 18:00:00,118.99,50.0
2017-04-20 19:00:00,48.56,48.0
2017-04-20 20:00:00,42.19,46.0
2017-04-20 21:00:00,35.32,45.0
2017-04-20 22:00:00,34.86,44.1
2017-04-20 23:00:00,36.74,43.0
2017-04-21 00:00:00,34.0,43.0
2017-04-21 01:00:00,35.11,39.9
2017-04-21 02:00:00,33.52,39.9
2017-04-21 03:00:00,32.04,37.9
2017-04-21 04:00:00,31.95,37.9
2017-04-21 05:00:00,32.12,37.9
2017-04-21 06:00:00,32.46,39.0
2017-04-21 07:00:00,122.12,44.1
2017-04-21 08:00:00,159.2,48.0
2017-04-21 09:00:00,183.62,52.0
2017-04-21 10:00:00,196.59,55.0
2017-04-21 11:00:00,193.81,57.0
2017-04-21 12:00:00,192.05,59.0
2017-04-21 13:00:00,192.21,60.1
2017-04-21 14:00:00,188.19,62.1
2017-04-21 15:00:00,192.69,62.1
2017-04-21 16:00:00,166.16,61.0
2017-04-21 17:00:00,163.77,62.1
2017-04-21 18:00:00,101.25,61.0
2017-04-21 19:00:00,38.12,59.0
2017-04-21 20:00:00,31.66,57.9
2017-04-21 21:00:00,30.38,54.0
2017-04-21 22:00:00,30.04,53.1
2017-04-21 23:00:00,28.18,51.1
2017-04-22 00:00:00,30.27,48.0
2017-04-22 01:00:00,29.92,46.9
2017-04-22 02:00:00,28.13,44.1
2017-04-22 03:00:00,26.9,44.1
2017-04-22 04:00:00,26.54,43.0
2017-04-22 05:00:00,26.65,42.1
2017-04-22 06:00:00,26.36,43.0
2017-04-22 07:00:00,74.46,48.0
2017-04-22 08:00:00,91.63,52.0
2017-04-22 09:00:00,99.1,57.9
2017-04-22 10:00:00,96.69,60.1
2017-04-22 11:00:00,91.56,64.0
2017-04-22 12:00:00,92.05,66.0
2017-04-22 13:00:00,91.43,68.0
2017-04-22 14:00:00,38.25,69.1
2017-04-22 15:00:00,32.81,68.0
2017-04-22 16:00:00,30.58,69.1
2017-04-22 17:00:00,28.97,68.0
2017-04-22 18:00:00,27.96,66.9
2017-04-22 19:00:00,27.55,64.9
2017-04-22 20:00:00,25.97,64.0
2017-04-22 21:00:00,25.42,61.0
2017-04-22 22:00:00,26.66,57.0
2017-04-22 23:00:00,27.03,55.9
2017-04-23 00:00:00,27.21,55.0
2017-04-23 01:00:00,28.75,54.0
2017-04-23 02:00:00,27.66,53.1
2017-04-23 03:00:00,26.94,52.0
2017-04-23 04:00:00,26.63,51.1
2017-04-23 05:00:00,26.75,51.1
2017-04-23 06:00:00,27.1,48.9
2017-04-23 07:00:00,27.26,51.1
2017-04-23 08:00:00,27.3,52.0
2017-04-23 09:00:00,27.1,55.0
2017-04-23 10:00:00,25.94,57.0
2017-04-23 11:00:00,26.33,60.1
2017-04-23 12:00:00,25.49,64.0
2017-04-23 13:00:00,26.33,64.0
2017-04-23 14:00:00,25.09,66.9
2017-04-23 15:00:00,26.4,68.0
2017-04-23 16:00:00,26.79,69.1
2017-04-23 17:00:00,25.28,69.1
2017-04-23 18:00:00,25.21,68.0
2017-04-23 19:00:00,25.8,66.0
2017-04-23 20:00:00,25.48,61.0
2017-04-23 21:00:00,27.41,55.9
2017-04-23 22:00:00,28.31,54.0
2017-04-23 23:00:00,27.12,52.0
2017-04-24 00:00:00,27.25,51.1
2017-04-24 01:00:00,28.03,50.0
2017-04-24 02:00:00,28.18,50.0
2017-04-24 03:00:00,27.35,50.0
2017-04-24 04:00:00,26.5,55.0
2017-04-24 05:00:00,27.34,55.9
2017-04-24 06:00:00,56.63,55.0
2017-04-24 07:00:00,125.4,55.9
2017-04-24 08:00:00,151.68,57.9
2017-04-24 09:00:00,178.88,61.0
2017-04-24 10:00:00,189.01,62.1
2017-04-24 11:00:00,189.79,64.0
2017-04-24 12:00:00,190.91,66.0
2017-04-24 13:00:00,192.07,69.1
2017-04-24 14:00:00,187.96,71.1
2017-04-24 15:00:00,187.24,70.0
2017-04-24 16:00:00,180.49,69.1
2017-04-24 17:00:00,170.98,68.0
2017-04-24 18:00:00,106.93,66.9
2017-04-24 19:00:00,40.32,68.0
2017-04-24 20:00:00,35.34,66.0
2017-04-24 21:00:00,33.58,66.0
2017-04-24 22:00:00,31.88,66.0
2017-04-24 23:00:00,30.55,61.0
2017-04-25 00:00:00,30.57,57.9
2017-04-25 01:00:00,30.5,61.0
2017-04-25 02:00:00,29.25,61.0
2017-04-25 03:00:00,27.8,61.0
2017-04-25 04:00:00,28.03,60.1
2017-04-25 05:00:00,27.62,57.9
2017-04-25 06:00:00,28.82,57.0
2017-04-25 07:00:00,121.02,55.0
2017-04-25 08:00:00,152.38,53.1
2017-04-25 09:00:00,184.38,53.1
2017-04-25 10:00:00,190.3,57.0
2017-04-25 11:00:00,191.41,57.9
2017-04-25 12:00:00,191.82,55.9
2017-04-25 13:00:00,191.39,55.9
2017-04-25 14:00:00,191.3,53.1
2017-04-25 15:00:00,193.51,53.1
2017-04-25 16:00:00,188.7,53.1
2017-04-25 17:00:00,180.34,54.0
2017-04-25 18:00:00,108.92,54.0
2017-04-25 19:00:00,43.49,54.0
2017-04-25 20:00:00,36.92,54.0
2017-04-25 21:00:00,34.01,54.0
2017-04-25 22:00:00,33.09,52.0
2017-04-25 23:00:00,31.78,51.1
2017-04-26 00:00:00,31.41,46.9
2017-04-26 01:00:00,33.44,46.0
2017-04-26 02:00:00,31.54,44.1
2017-04-26 03:00:00,30.61,42.1
2017-04-26 04:00:00,31.63,39.9
2017-04-26 05:00:00,31.71,37.9
2017-04-26 06:00:00,31.56,36.0
2017-04-26 07:00:00,120.06,36.0
2017-04-26 08:00:00,155.77,36.0
2017-04-26 09:00:00,180.99,37.0
2017-04-26 10:00:00,189.73,37.0
2017-04-26 11:00:00,192.66,37.9
2017-04-26 12:00:00,194.9,39.0
2017-04-26 13:00:00,195.24,39.0
2017-04-26 14:00:00,193.68,39.9
2017-04-26 15:00:00,191.93,39.9
2017-04-26 16:00:00,186.54,41.0
2017-04-26 17:00:00,181.62,39.9
2017-04-26 18:00:00,113.39,39.9
2017-04-26 19:00:00,45.06,39.0
2017-04-26 20:00:00,38.77,37.9
2017-04-26 21:00:00,37.26,37.0
2017-04-26 22:00:00,34.13,37.0
2017-04-26 23:00:00,33.57,36.0
2017-04-27 00:00:00,29.87,36.0
2017-04-27 01:00:00,31.5,36.0
2017-04-27 02:00:00,29.72,35.1
2017-04-27 03:00:00,29.31,35.1
2017-04-27 04:00:00,28.32,34.0
2017-04-27 05:00:00,28.84,34.0
2017-04-27 06:00:00,28.57,34.0
2017-04-27 07:00:00,117.3,33.1
2017-04-27 08:00:00,145.98,33.1
2017-04-27 09:00:00,173.09,33.1
2017-04-27 10:00:00,183.17,34.0
2017-04-27 11:00:00,187.46,34.0
2017-04-27 12:00:00,192.8,34.0
2017-04-27 13:00:00,193.99,34.0
2017-04-27 14:00:00,194.99,34.0
2017-04-27 15:00:00,197.06,35.1
2017-04-27 16:00:00,190.84,35.1
2017-04-27 17:00:00,176.14,34.0
2017-04-27 18:00:00,112.31,34.0
2017-04-27 19:00:00,49.47,34.0
2017-04-27 20:00:00,38.94,34.0
2017-04-27 21:00:00,36.1,35.1
2017-04-27 22:00:00,35.46,35.1
2017-04-27 23:00:00,31.81,36.0
2017-04-28 00:00:00,32.05,35.1
2017-04-28 01:00:00,32.16,35.1
2017-04-28 02:00:00,31.21,36.0
2017-04-28 03:00:00,29.24,36.0
2017-04-28 04:00:00,29.81,36.0
2017-04-28 05:00:00,29.41,36.0
2017-04-28 06:00:00,29.51,37.0
2017-04-28 07:00:00,119.45,37.9
2017-04-28 08:00:00,156.3,39.0
2017-04-28 09:00:00,181.54,39.9
2017-04-28 10:00:00,192.49,43.0
2017-04-28 11:00:00,196.42,43.0
2017-04-28 12:00:00,196.77,46.9
2017-04-28 13:00:00,193.59,48.0
2017-04-28 14:00:00,193.15,48.0
2017-04-28 15:00:00,191.23,51.1
2017-04-28 16:00:00,184.13,48.9
2017-04-28 17:00:00,174.23,51.1
2017-04-28 18:00:00,114.48,50.0
2017-04-28 19:00:00,45.28,48.0
2017-04-28 20:00:00,36.96,46.9
2017-04-28 21:00:00,34.11,46.0
2017-04-28 22:00:00,34.07,44.1
2017-04-28 23:00:00,32.93,41.0
2017-04-29 00:00:00,33.07,44.1
2017-04-29 01:00:00,34.77,43.0
2017-04-29 02:00:00,33.75,42.1
2017-04-29 03:00:00,32.23,39.9
2017-04-29 04:00:00,32.43,39.0
2017-04-29 05:00:00,31.9,39.0
2017-04-29 06:00:00,32.26,39.0
2017-04-29 07:00:00,32.7,39.9
2017-04-29 08:00:00,34.31,41.0
2017-04-29 09:00:00,32.9,45.0
2017-04-29 10:00:00,32.16,48.0
2017-04-29 11:00:00,33.07,51.1
2017-04-29 12:00:00,33.54,52.0
2017-04-29 13:00:00,35.63,53.1
2017-04-29 14:00:00,35.22,53.1
2017-04-29 15:00:00,37.48,54.0
2017-04-29 16:00:00,34.98,55.0
2017-04-29 17:00:00,35.15,55.0
2017-04-29 18:00:00,34.78,54.0
2017-04-29 19:00:00,33.93,54.0
2017-04-29 20:00:00,31.65,52.0
2017-04-29 21:00:00,32.4,51.1
2017-04-29 22:00:00,32.25,50.0
2017-04-29 23:00:00,31.9,48.0
2017-04-30 00:00:00,32.16,46.9
2017-04-30 01:00:00,32.76,46.0
2017-04-30 02:00:00,32.78,46.0
2017-04-30 03:00:00,31.79,45.0
2017-04-30 04:00:00,31.74,45.0
2017-04-30 05:00:00,31.43,44.1
2017-04-30 06:00:00,31.76,44.1
2017-04-30 07:00:00,32.56,43.0
2017-04-30 08:00:00,31.99,43.0
2017-04-30 09:00:00,32.01,43.0
2017-04-30 10:00:00,31.01,42.1
2017-04-30 11:00:00,30.89,43.0
2017-04-30 12:00:00,31.98,44.1
2017-04-30 13:00:00,31.13,45.0
2017-04-30 14:00:00,32.38,45.0
2017-04-30 15:00:00,31.53,46.9
2017-04-30 16:00:00,31.3,48.0
2017-04-30 17:00:00,32.37,48.0
2017-04-30 18:00:00,33.34,46.9
2017-04-30 19:00:00,33.13,45.0
2017-04-30 20:00:00,33.39,44.1
2017-04-30 21:00:00,32.7,42.1
2017-04-30 22:00:00,32.41,39.9
2017-04-30 23:00:00,31.65,39.0
2017-05-01 00:00:00,31.96,37.9
2017-05-01 01:00:00,33.46,39.0
2017-05-01 02:00:00,32.8,37.9
2017-05-01 03:00:00,31.92,37.0
2017-05-01 04:00:00,31.77,37.0
2017-05-01 05:00:00,31.75,37.0
2017-05-01 06:00:00,62.67,37.9
2017-05-01 07:00:00,130.09,37.9
2017-05-01 08:00:00,157.69,39.0
2017-05-01 09:00:00,184.16,39.0
2017-05-01 10:00:00,194.06,41.0
2017-05-01 11:00:00,197.46,41.0
2017-05-01 12:00:00,197.94,39.9
2017-05-01 13:00:00,197.55,39.0
2017-05-01 14:00:00,195.29,35.1
2017-05-01 15:00:00,193.13,37.0
2017-05-01 16:00:00,188.78,37.9
2017-05-01 17:00:00,179.17,39.0
2017-05-01 18:00:00,114.53,39.9
2017-05-01 19:00:00,44.64,39.9
2017-05-01 20:00:00,38.42,39.9
2017-05-01 21:00:00,38.48,39.9
2017-05-01 22:00:00,36.6,39.9
2017-05-01 23:00:00,35.09,39.0
2017-05-02 00:00:00,32.83,37.9
2017-05-02 01:00:00,34.3,37.9
2017-05-02 02:00:00,32.8,37.9
2017-05-02 03:00:00,32.21,39.0
2017-05-02 04:00:00,32.25,39.0
2017-05-02 05:00:00,31.65,39.9
2017-05-02 06:00:00,32.79,39.9
2017-05-02 07:00:00,125.0,42.1
2017-05-02 08:00:00,162.39,46.9
2017-05-02 09:00:00,191.32,48.0
2017-05-02 10:00:00,195.17,50.0
2017-05-02 11:00:00,195.62,52.0
2017-05-02 12:00:00,200.02,54.0
2017-05-02 13:00:00,199.51,57.9
2017-05-02 14:00:00,199.6,59.0
2017-05-02 15:00:00,198.45,60.1
2017-05-02 16:00:00,188.96,61.0
2017-05-02 17:00:00,178.07,60.1
2017-05-02 18:00:00,110.61,60.1
2017-05-02 19:00:00,44.6,59.0
2017-05-02 20:00:00,39.57,57.0
2017-05-02 21:00:00,39.21,57.0
2017-05-02 22:00:00,34.58,53.1
2017-05-02 23:00:00,33.25,51.1
2017-05-03 00:00:00,31.38,50.0
2017-05-03 01:00:00,33.27,48.0
2017-05-03 02:00:00,31.81,46.9
2017-05-03 03:00:00,30.83,46.9
2017-05-03 04:00:00,30.88,46.0
2017-05-03 05:00:00,29.46,46.9
2017-05-03 06:00:00,28.16,46.9
2017-05-03 07:00:00,121.42,51.1
2017-05-03 08:00:00,159.47,53.1
2017-05-03 09:00:00,188.95,57.0
2017-05-03 10:00:00,199.75,59.0
2017-05-03 11:00:00,199.37,61.0
2017-05-03 12:00:00,201.24,63.0
2017-05-03 13:00:00,194.95,63.0
2017-05-03 14:00:00,192.07,64.9
2017-05-03 15:00:00,189.5,64.9
2017-05-03 16:00:00,188.25,64.0
2017-05-03 17:00:00,175.81,63.0
2017-05-03 18:00:00,115.34,61.0
2017-05-03 19:00:00,41.83,61.0
2017-05-03 20:00:00,35.85,60.1
2017-05-03 21:00:00,35.22,60.1
2017-05-03 22:00:00,38.64,57.9
2017-05-03 23:00:00,38.11,55.0
2017-05-04 00:00:00,37.18,53.1
2017-05-04 01:00:00,38.66,51.1
2017-05-04 02:00:00,35.64,50.0
2017-05-04 03:00:00,35.62,48.0
2017-05-04 04:00:00,34.67,45.0
2017-05-04 05:00:00,35.12,45.0
2017-05-04 06:00:00,37.01,48.0
2017-05-04 07:00:00,122.43,51.1
2017-05-04 08:00:00,163.35,55.9
2017-05-04 09:00:00,179.71,59.0
2017-05-04 10:00:00,195.63,62.1
2017-05-04 11:00:00,198.15,64.9
2017-05-04 12:00:00,196.67,64.9
2017-05-04 13:00:00,195.01,66.9
2017-05-04 14:00:00,191.57,69.1
2017-05-04 15:00:00,188.13,66.9
2017-05-04 16:00:00,182.67,66.0
2017-05-04 17:00:00,173.68,69.1
2017-05-04 18:00:00,114.86,66.0
2017-05-04 19:00:00,52.08,64.0
2017-05-04 20:00:00,43.02,64.0
2017-05-04 21:00:00,38.31,63.0
2017-05-04 22:00:00,36.91,59.0
2017-05-04 23:00:00,34.28,55.9
2017-05-05 00:00:00,34.11,53.1
2017-05-05 01:00:00,34.59,52.0
2017-05-05 02:00:00,32.18,50.0
2017-05-05 03:00:00,31.69,50.0
2017-05-05 04:00:00,88.4,48.0
2017-05-05 05:00:00,91.5,48.0
2017-05-05 06:00:00,91.26,48.0
2017-05-05 07:00:00,118.18,52.0
2017-05-05 08:00:00,157.82,57.0
2017-05-05 09:00:00,180.87,61.0
2017-05-05 10:00:00,186.96,64.9
2017-05-05 11:00:00,187.79,66.9
2017-05-05 12:00:00,186.07,71.1
2017-05-05 13:00:00,183.83,73.9
2017-05-05 14:00:00,182.36,73.9
2017-05-05 15:00:00,179.28,75.9
2017-05-05 16:00:00,171.79,77.0
2017-05-05 17:00:00,159.27,77.0
2017-05-05 18:00:00,97.2,77.0
2017-05-05 19:00:00,37.44,75.9
2017-05-05 20:00:00,31.69,73.9
2017-05-05 21:00:00,31.14,64.9
2017-05-05 22:00:00,30.89,62.1
2017-05-05 23:00:00,28.77,57.9
2017-05-06 00:00:00,28.81,55.9
2017-05-06 01:00:00,31.89,53.1
2017-05-06 02:00:00,29.19,50.0
2017-05-06 03:00:00,28.39,48.0
2017-05-06 04:00:00,28.24,46.0
2017-05-06 05:00:00,28.2,44.1
2017-05-06 06:00:00,28.22,46.0
2017-05-06 07:00:00,30.99,50.0
2017-05-06 08:00:00,30.79,53.1
2017-05-06 09:00:00,29.35,57.0
2017-05-06 10:00:00,29.82,60.1
2017-05-06 11:00:00,29.37,62.1
2017-05-06 12:00:00,30.55,64.0
2017-05-06 13:00:00,29.01,66.0
2017-05-06 14:00:00,30.98,68.0
2017-05-06 15:00:00,30.45,68.0
2017-05-06 16:00:00,30.16,68.0
2017-05-06 17:00:00,29.36,66.9
2017-05-06 18:00:00,30.4,64.9
2017-05-06 19:00:00,29.21,64.9
2017-05-06 20:00:00,28.37,64.0
2017-05-06 21:00:00,27.96,62.1
2017-05-06 22:00:00,27.39,59.0
2017-05-06 23:00:00,27.66,57.0
2017-05-07 00:00:00,29.04,55.0
2017-05-07 01:00:00,29.54,53.1
2017-05-07 02:00:00,29.46,52.0
2017-05-07 03:00:00,28.19,51.1
2017-05-07 04:00:00,28.11,50.0
2017-05-07 05:00:00,27.69,50.0
2017-05-07 06:00:00,28.04,50.0
2017-05-07 07:00:00,28.22,50.0
2017-05-07 08:00:00,28.63,50.0
2017-05-07 09:00:00,28.32,52.0
2017-05-07 10:00:00,27.19,55.0
2017-05-07 11:00:00,33.18,57.0
2017-05-07 12:00:00,31.13,59.0
2017-05-07 13:00:00,28.73,61.0
2017-05-07 14:00:00,28.9,64.0
2017-05-07 15:00:00,28.56,64.0
2017-05-07 16:00:00,27.14,66.0
2017-05-07 17:00:00,26.43,66.0
2017-05-07 18:00:00,26.44,64.0
2017-05-07 19:00:00,27.62,63.0
2017-05-07 20:00:00,26.82,61.0
2017-05-07 21:00:00,27.15,59.0
2017-05-07 22:00:00,28.14,57.9
2017-05-07 23:00:00,28.96,55.9
2017-05-08 00:00:00,28.21,54.0
2017-05-08 01:00:00,29.08,52.0
2017-05-08 02:00:00,29.1,50.0
2017-05-08 03:00:00,28.26,48.9
2017-05-08 04:00:00,28.18,48.0
2017-05-08 05:00:00,28.26,46.9
2017-05-08 06:00:00,58.56,46.9
2017-05-08 07:00:00,122.96,48.9
2017-05-08 08:00:00,152.62,53.1
2017-05-08 09:00:00,179.38,57.0
2017-05-08 10:00:00,187.25,61.0
2017-05-08 11:00:00,189.11,64.0
2017-05-08 12:00:00,191.75,66.9
2017-05-08 13:00:00,189.84,66.0
2017-05-08 14:00:00,187.88,69.1
2017-05-08 15:00:00,186.19,70.0
2017-05-08 16:00:00,180.26,68.0
2017-05-08 17:00:00,169.81,68.0
2017-05-08 18:00:00,105.5,66.9
2017-05-08 19:00:00,41.52,64.9
2017-05-08 20:00:00,37.22,63.0
2017-05-08 21:00:00,34.15,57.0
2017-05-08 22:00:00,33.46,55.9
2017-05-08 23:00:00,31.96,53.1
2017-05-09 00:00:00,31.2,53.1
2017-05-09 01:00:00,33.53,53.1
2017-05-09 02:00:00,30.29,53.1
2017-05-09 03:00:00,29.62,53.1
2017-05-09 04:00:00,30.02,52.0
2017-05-09 05:00:00,30.16,53.1
2017-05-09 06:00:00,29.37,53.1
2017-05-09 07:00:00,119.59,54.0
2017-05-09 08:00:00,156.29,55.9
2017-05-09 09:00:00,182.55,57.9
2017-05-09 10:00:00,189.42,62.1
2017-05-09 11:00:00,189.45,64.9
2017-05-09 12:00:00,191.24,66.0
2017-05-09 13:00:00,191.28,66.0
2017-05-09 14:00:00,188.68,70.0
2017-05-09 15:00:00,181.65,70.0
2017-05-09 16:00:00,178.11,70.0
2017-05-09 17:00:00,164.31,70.0
2017-05-09 18:00:00,107.25,68.0
2017-05-09 19:00:00,43.26,63.0
2017-05-09 20:00:00,34.96,63.0
2017-05-09 21:00:00,32.73,62.1
2017-05-09 22:00:00,32.38,62.1
2017-05-09 23:00:00,31.8,59.0
2017-05-10 00:00:00,29.93,59.0
2017-05-10 01:00:00,32.18,55.0
2017-05-10 02:00:00,32.73,55.9
2017-05-10 03:00:00,31.21,54.0
2017-05-10 04:00:00,30.36,55.0
2017-05-10 05:00:00,30.66,54.0
2017-05-10 06:00:00,30.51,55.0
2017-05-10 07:00:00,120.93,57.9
2017-05-10 08:00:00,155.96,62.1
2017-05-10 09:00:00,180.48,64.9
2017-05-10 10:00:00,191.95,66.0
2017-05-10 11:00:00,193.99,66.0
2017-05-10 12:00:00,195.6,66.0
2017-05-10 13:00:00,190.98,66.0
2017-05-10 14:00:00,190.33,61.0
2017-05-10 15:00:00,187.5,62.1
2017-05-10 16:00:00,188.94,66.9
2017-05-10 17:00:00,175.11,68.0
2017-05-10 18:00:00,111.23,68.0
2017-05-10 19:00:00,40.79,66.0
2017-05-10 20:00:00,35.21,64.9
2017-05-10 21:00:00,31.19,62.1
2017-05-10 22:00:00,34.23,60.1
2017-05-10 23:00:00,30.05,61.0
2017-05-11 00:00:00,28.24,57.9
2017-05-11 01:00:00,30.77,55.0
2017-05-11 02:00:00,29.27,53.1
2017-05-11 03:00:00,29.17,51.1
2017-05-11 04:00:00,28.48,48.9
2017-05-11 05:00:00,28.3,46.9
2017-05-11 06:00:00,29.6,48.9
2017-05-11 07:00:00,115.12,51.1
2017-05-11 08:00:00,146.21,54.0
2017-05-11 09:00:00,169.23,55.9
2017-05-11 10:00:00,180.29,57.9
2017-05-11 11:00:00,181.68,61.0
2017-05-11 12:00:00,185.82,63.0
2017-05-11 13:00:00,184.41,64.0
2017-05-11 14:00:00,187.17,64.9
2017-05-11 15:00:00,189.16,66.0
2017-05-11 16:00:00,186.83,66.0
2017-05-11 17:00:00,173.79,66.9
2017-05-11 18:00:00,109.81,64.9
2017-05-11 19:00:00,48.86,63.0
2017-05-11 20:00:00,40.34,60.1
2017-05-11 21:00:00,36.71,59.0
2017-05-11 22:00:00,35.02,57.0
2017-05-11 23:00:00,35.92,55.9
2017-05-12 00:00:00,34.3,54.0
2017-05-12 01:00:00,34.62,53.1
2017-05-12 02:00:00,33.59,53.1
2017-05-12 03:00:00,33.06,51.1
2017-05-12 04:00:00,32.38,50.0
2017-05-12 05:00:00,32.1,46.9
2017-05-12 06:00:00,32.5,50.0
2017-05-12 07:00:00,111.14,55.9
2017-05-12 08:00:00,155.03,59.0
2017-05-12 09:00:00,180.85,62.1
2017-05-12 10:00:00,189.47,66.0
2017-05-12 11:00:00,188.22,68.0
2017-05-12 12:00:00,189.1,68.0
2017-05-12 13:00:00,182.46,70.0
2017-05-12 14:00:00,175.04,72.0
2017-05-12 15:00:00,173.92,73.9
2017-05-12 16:00:00,171.87,73.9
2017-05-12 17:00:00,160.8,75.9
2017-05-12 18:00:00,104.74,75.0
2017-05-12 19:00:00,41.27,71.1
2017-05-12 20:00:00,39.03,68.0
2017-05-12 21:00:00,34.16,70.0
2017-05-12 22:00:00,35.26,71.1
2017-05-12 23:00:00,34.21,70.0
2017-05-13 00:00:00,34.32,69.1
2017-05-13 01:00:00,31.71,64.9
2017-05-13 02:00:00,30.69,63.0
2017-05-13 03:00:00,29.39,62.1
2017-05-13 04:00:00,29.32,57.9
2017-05-13 05:00:00,29.17,55.9
2017-05-13 06:00:00,28.78,57.0
2017-05-13 07:00:00,28.82,60.1
2017-05-13 08:00:00,30.3,63.0
2017-05-13 09:00:00,29.31,66.0
2017-05-13 10:00:00,29.77,70.0
2017-05-13 11:00:00,31.88,72.0
2017-05-13 12:00:00,35.38,73.9
2017-05-13 13:00:00,35.33,77.0
2017-05-13 14:00:00,34.49,79.0
2017-05-13 15:00:00,35.46,79.0
2017-05-13 16:00:00,34.79,80.1
2017-05-13 17:00:00,33.65,80.1
2017-05-13 18:00:00,34.27,78.1
2017-05-13 19:00:00,31.56,75.9
2017-05-13 20:00:00,32.63,73.9
2017-05-13 21:00:00,31.53,70.0
2017-05-13 22:00:00,31.03,69.1
2017-05-13 23:00:00,29.32,68.0
2017-05-14 00:00:00,29.3,66.0
2017-05-14 01:00:00,30.66,63.0
2017-05-14 02:00:00,30.07,62.1
2017-05-14 03:00:00,28.79,60.1
2017-05-14 04:00:00,29.08,57.9
2017-05-14 05:00:00,28.55,55.9
2017-05-14 06:00:00,28.73,57.9
2017-05-14 07:00:00,29.15,61.0
2017-05-14 08:00:00,29.12,66.0
2017-05-14 09:00:00,29.21,68.0
2017-05-14 10:00:00,29.16,72.0
2017-05-14 11:00:00,29.11,75.9
2017-05-14 12:00:00,30.37,79.0
2017-05-14 13:00:00,32.36,82.0
2017-05-14 14:00:00,31.03,82.0
2017-05-14 15:00:00,34.47,82.9
2017-05-14 16:00:00,33.92,82.9
2017-05-14 17:00:00,33.72,82.9
2017-05-14 18:00:00,32.67,82.0
2017-05-14 19:00:00,32.17,80.1
2017-05-14 20:00:00,31.68,78.1
2017-05-14 21:00:00,29.79,75.9
2017-05-14 22:00:00,30.98,73.9
2017-05-14 23:00:00,29.53,72.0
2017-05-15 00:00:00,29.64,70.0
2017-05-15 01:00:00,30.6,69.1
2017-05-15 02:00:00,30.17,66.9
2017-05-15 03:00:00,29.12,64.9
2017-05-15 04:00:00,29.48,63.0
2017-05-15 05:00:00,29.56,62.1
2017-05-15 06:00:00,59.47,61.0
2017-05-15 07:00:00,125.87,61.0
2017-05-15 08:00:00,158.33,63.0
2017-05-15 09:00:00,181.28,64.9
2017-05-15 10:00:00,183.36,66.9
2017-05-15 11:00:00,185.96,68.0
2017-05-15 12:00:00,187.33,68.0
2017-05-15 13:00:00,188.24,61.0
2017-05-15 14:00:00,193.07,62.1
2017-05-15 15:00:00,191.85,66.0
2017-05-15 16:00:00,184.7,68.0
2017-05-15 17:00:00,171.88,69.1
2017-05-15 18:00:00,107.32,66.9
2017-05-15 19:00:00,43.22,66.0
2017-05-15 20:00:00,35.61,64.0
2017-05-15 21:00:00,33.95,64.0
2017-05-15 22:00:00,30.76,62.1
2017-05-15 23:00:00,28.17,62.1
2017-05-16 00:00:00,29.58,61.0
2017-05-16 01:00:00,30.35,62.1
2017-05-16 02:00:00,29.12,62.1
2017-05-16 03:00:00,28.37,63.0
2017-05-16 04:00:00,27.4,66.0
2017-05-16 05:00:00,27.78,66.0
2017-05-16 06:00:00,27.25,64.9
2017-05-16 07:00:00,117.89,64.9
2017-05-16 08:00:00,152.49,64.0
2017-05-16 09:00:00,174.61,64.0
2017-05-16 10:00:00,186.23,66.9
2017-05-16 11:00:00,187.98,69.1
2017-05-16 12:00:00,188.09,75.0
2017-05-16 13:00:00,183.08,79.0
2017-05-16 14:00:00,180.43,82.0
2017-05-16 15:00:00,180.27,79.0
2017-05-16 16:00:00,175.58,82.0
2017-05-16 17:00:00,161.71,82.0
2017-05-16 18:00:00,104.92,82.9
2017-05-16 19:00:00,41.89,79.0
2017-05-16 20:00:00,36.83,77.0
2017-05-16 21:00:00,34.1,75.0
2017-05-16 22:00:00,32.22,71.1
2017-05-16 23:00:00,29.92,69.1
2017-05-17 00:00:00,32.56,64.9
2017-05-17 01:00:00,32.44,64.9
2017-05-17 02:00:00,31.86,64.0
2017-05-17 03:00:00,29.57,63.0
2017-05-17 04:00:00,28.84,63.0
2017-05-17 05:00:00,28.54,63.0
2017-05-17 06:00:00,29.37,63.0
2017-05-17 07:00:00,118.48,63.0
2017-05-17 08:00:00,152.93,63.0
2017-05-17 09:00:00,181.69,64.9
2017-05-17 10:00:00,191.71,66.0
2017-05-17 11:00:00,194.5,66.9
2017-05-17 12:00:00,195.86,68.0
2017-05-17 13:00:00,196.1,69.1
2017-05-17 14:00:00,188.6,71.1
2017-05-17 15:00:00,188.22,68.0
2017-05-17 16:00:00,179.27,68.0
2017-05-17 17:00:00,174.45,68.0
2017-05-17 18:00:00,108.93,66.9
2017-05-17 19:00:00,49.96,59.0
2017-05-17 20:00:00,43.54,59.0
2017-05-17 21:00:00,40.39,57.9
2017-05-17 22:00:00,37.75,55.9
2017-05-17 23:00:00,35.22,54.0
2017-05-18 00:00:00,36.74,54.0
2017-05-18 01:00:00,37.02,53.1
2017-05-18 02:00:00,36.02,51.1
2017-05-18 03:00:00,35.35,50.0
2017-05-18 04:00:00,33.39,50.0
2017-05-18 05:00:00,33.52,48.9
2017-05-18 06:00:00,33.89,48.0
2017-05-18 07:00:00,119.56,48.9
2017-05-18 08:00:00,152.95,51.1
2017-05-18 09:00:00,167.77,50.0
2017-05-18 10:00:00,185.76,51.1
2017-05-18 11:00:00,193.78,51.1
2017-05-18 12:00:00,193.66,52.0
2017-05-18 13:00:00,190.22,54.0
2017-05-18 14:00:00,184.92,55.0
2017-05-18 15:00:00,183.78,54.0
2017-05-18 16:00:00,180.08,53.1
2017-05-18 17:00:00,171.16,53.1
2017-05-18 18:00:00,111.72,53.1
2017-05-18 19:00:00,44.3,53.1
2017-05-18 20:00:00,41.24,51.1
2017-05-18 21:00:00,36.77,50.0
2017-05-18 22:00:00,35.73,48.9
2017-05-18 23:00:00,33.54,48.0
2017-05-19 00:00:00,32.17,46.9
2017-05-19 01:00:00,32.51,46.9
2017-05-19 02:00:00,31.43,46.9
2017-05-19 03:00:00,30.47,46.0
2017-05-19 04:00:00,29.65,45.0
2017-05-19 05:00:00,29.71,44.1
2017-05-19 06:00:00,32.21,44.1
2017-05-19 07:00:00,120.43,45.0
2017-05-19 08:00:00,153.55,46.0
2017-05-19 09:00:00,180.82,46.9
2017-05-19 10:00:00,190.89,48.0
2017-05-19 11:00:00,195.11,48.9
2017-05-19 12:00:00,198.33,52.0
2017-05-19 13:00:00,188.43,52.0
2017-05-19 14:00:00,177.47,53.1
2017-05-19 15:00:00,175.84,54.0
2017-05-19 16:00:00,174.28,55.0
2017-05-19 17:00:00,160.76,55.0
2017-05-19 18:00:00,98.24,54.0
2017-05-19 19:00:00,34.99,54.0
2017-05-19 20:00:00,31.56,53.1
2017-05-19 21:00:00,26.49,53.1
2017-05-19 22:00:00,26.98,53.1
2017-05-19 23:00:00,26.92,53.1
2017-05-20 00:00:00,27.24,51.1
2017-05-20 01:00:00,29.34,51.1
2017-05-20 02:00:00,27.9,50.0
2017-05-20 03:00:00,26.95,48.9
2017-05-20 04:00:00,26.67,48.9
2017-05-20 05:00:00,26.58,48.0
2017-05-20 06:00:00,26.37,46.9
2017-05-20 07:00:00,29.42,45.0
2017-05-20 08:00:00,29.49,44.1
2017-05-20 09:00:00,28.34,43.0
2017-05-20 10:00:00,29.38,42.1
2017-05-20 11:00:00,30.88,43.0
2017-05-20 12:00:00,29.87,43.0
2017-05-20 13:00:00,30.43,44.1
2017-05-20 14:00:00,30.08,45.0
2017-05-20 15:00:00,28.7,46.0
2017-05-20 16:00:00,30.11,46.9
2017-05-20 17:00:00,28.9,48.0
2017-05-20 18:00:00,27.58,48.0
2017-05-20 19:00:00,26.56,48.9
2017-05-20 20:00:00,26.15,48.9
2017-05-20 21:00:00,26.6,48.9
2017-05-20 22:00:00,26.4,48.9
2017-05-20 23:00:00,26.15,50.0
2017-05-21 00:00:00,26.27,51.1
2017-05-21 01:00:00,26.87,51.1
2017-05-21 02:00:00,27.45,51.1
2017-05-21 03:00:00,26.32,52.0
2017-05-21 04:00:00,25.97,52.0
2017-05-21 05:00:00,25.69,50.0
2017-05-21 06:00:00,25.83,48.9
2017-05-21 07:00:00,26.29,48.0
2017-05-21 08:00:00,27.55,48.9
2017-05-21 09:00:00,27.91,51.1
2017-05-21 10:00:00,27.06,51.1
2017-05-21 11:00:00,25.93,50.0
2017-05-21 12:00:00,27.67,50.0
2017-05-21 13:00:00,26.63,48.9
2017-05-21 14:00:00,28.15,50.0
2017-05-21 15:00:00,28.06,48.9
2017-05-21 16:00:00,26.25,48.0
2017-05-21 17:00:00,25.42,48.0
2017-05-21 18:00:00,25.67,48.0
2017-05-21 19:00:00,25.7,46.9
2017-05-21 20:00:00,25.8,46.9
2017-05-21 21:00:00,26.87,46.9
2017-05-21 22:00:00,26.34,46.9
2017-05-21 23:00:00,25.58,46.0
2017-05-22 00:00:00,26.11,46.0
2017-05-22 01:00:00,26.77,46.0
2017-05-22 02:00:00,26.83,45.0
2017-05-22 03:00:00,25.83,45.0
2017-05-22 04:00:00,25.32,46.0
2017-05-22 05:00:00,25.36,46.0
2017-05-22 06:00:00,58.15,46.9
2017-05-22 07:00:00,125.7,50.0
2017-05-22 08:00:00,154.26,53.1
2017-05-22 09:00:00,177.06,57.0
2017-05-22 10:00:00,193.81,59.0
2017-05-22 11:00:00,194.52,61.0
2017-05-22 12:00:00,192.42,63.0
2017-05-22 13:00:00,193.97,64.0
2017-05-22 14:00:00,191.16,64.9
2017-05-22 15:00:00,191.16,66.0
2017-05-22 16:00:00,191.16,66.0
2017-05-22 17:00:00,172.06,64.9
2017-05-22 18:00:00,104.02,63.0
2017-05-22 19:00:00,41.88,61.0
2017-05-22 20:00:00,35.2,59.0
2017-05-22 21:00:00,32.84,59.0
2017-05-22 22:00:00,30.44,57.9
2017-05-22 23:00:00,28.86,55.9
2017-05-23 00:00:00,29.18,54.0
2017-05-23 01:00:00,31.26,53.1
2017-05-23 02:00:00,29.6,53.1
2017-05-23 03:00:00,28.55,52.0
2017-05-23 04:00:00,28.34,51.1
2017-05-23 05:00:00,28.76,48.9
2017-05-23 06:00:00,31.36,51.1
2017-05-23 07:00:00,120.63,52.0
2017-05-23 08:00:00,156.74,54.0
2017-05-23 09:00:00,181.27,55.0
2017-05-23 10:00:00,194.65,55.9
2017-05-23 11:00:00,196.72,57.9
2017-05-23 12:00:00,98.54,59.0
2017-05-23 13:00:00,196.12,60.1
2017-05-23 14:00:00,195.86,59.0
2017-05-23 15:00:00,193.58,60.1
2017-05-23 16:00:00,186.57,60.1
2017-05-23 17:00:00,173.4,59.0
2017-05-23 18:00:00,111.42,59.0
2017-05-23 19:00:00,39.95,57.9
2017-05-23 20:00:00,32.8,57.9
2017-05-23 21:00:00,30.29,57.0
2017-05-23 22:00:00,30.95,55.0
2017-05-23 23:00:00,28.94,53.1
2017-05-24 00:00:00,29.41,51.1
2017-05-24 01:00:00,31.2,48.9
2017-05-24 02:00:00,30.0,48.0
2017-05-24 03:00:00,29.57,46.9
2017-05-24 04:00:00,29.58,46.9
2017-05-24 05:00:00,29.54,46.9
2017-05-24 06:00:00,30.94,48.0
2017-05-24 07:00:00,122.9,48.9
2017-05-24 08:00:00,159.45,50.0
2017-05-24 09:00:00,180.41,53.1
2017-05-24 10:00:00,193.45,55.9
2017-05-24 11:00:00,197.67,57.9
2017-05-24 12:00:00,197.91,59.0
2017-05-24 13:00:00,200.32,59.0
2017-05-24 14:00:00,200.52,60.1
2017-05-24 15:00:00,196.54,62.1
2017-05-24 16:00:00,188.21,62.1
2017-05-24 17:00:00,174.85,61.0
2017-05-24 18:00:00,110.68,61.0
2017-05-24 19:00:00,41.44,60.1
2017-05-24 20:00:00,38.12,59.0
2017-05-24 21:00:00,30.96,59.0
2017-05-24 22:00:00,31.31,57.9
2017-05-24 23:00:00,28.94,57.9
2017-05-25 00:00:00,29.37,54.0
2017-05-25 01:00:00,29.98,53.1
2017-05-25 02:00:00,28.84,52.0
2017-05-25 03:00:00,29.03,51.1
2017-05-25 04:00:00,27.89,51.1
2017-05-25 05:00:00,27.53,50.0
2017-05-25 06:00:00,30.04,52.0
2017-05-25 07:00:00,117.48,55.0
2017-05-25 08:00:00,154.22,57.9
2017-05-25 09:00:00,176.14,62.1
2017-05-25 10:00:00,184.67,63.0
2017-05-25 11:00:00,189.18,66.0
2017-05-25 12:00:00,188.96,66.0
2017-05-25 13:00:00,190.4,66.0
2017-05-25 14:00:00,184.62,69.1
2017-05-25 15:00:00,181.82,66.0
2017-05-25 16:00:00,179.64,70.0
2017-05-25 17:00:00,165.45,71.1
2017-05-25 18:00:00,108.91,69.1
2017-05-25 19:00:00,48.32,69.1
2017-05-25 20:00:00,42.46,66.0
2017-05-25 21:00:00,38.35,64.9
2017-05-25 22:00:00,37.08,64.9
2017-05-25 23:00:00,34.47,63.0
2017-05-26 00:00:00,33.28,62.1
2017-05-26 01:00:00,33.93,62.1
2017-05-26 02:00:00,32.12,62.1
2017-05-26 03:00:00,31.32,61.0
2017-05-26 04:00:00,30.91,61.0
2017-05-26 05:00:00,30.57,61.0
2017-05-26 06:00:00,33.56,62.1
2017-05-26 07:00:00,117.46,62.1
2017-05-26 08:00:00,150.85,64.9
2017-05-26 09:00:00,167.39,66.0
2017-05-26 10:00:00,171.25,66.9
2017-05-26 11:00:00,179.85,70.0
2017-05-26 12:00:00,178.4,72.0
2017-05-26 13:00:00,173.14,75.0
2017-05-26 14:00:00,174.08,75.9
2017-05-26 15:00:00,170.58,78.1
2017-05-26 16:00:00,163.22,78.1
2017-05-26 17:00:00,154.37,79.0
2017-05-26 18:00:00,96.23,78.1
2017-05-26 19:00:00,34.18,75.0
2017-05-26 20:00:00,31.21,70.0
2017-05-26 21:00:00,28.05,66.9
2017-05-26 22:00:00,28.43,64.9
2017-05-26 23:00:00,30.17,63.0
2017-05-27 00:00:00,29.05,62.1
2017-05-27 01:00:00,29.93,61.0
2017-05-27 02:00:00,28.77,61.0
2017-05-27 03:00:00,27.75,57.9
2017-05-27 04:00:00,27.05,55.9
2017-05-27 05:00:00,27.44,55.0
2017-05-27 06:00:00,27.05,57.0
2017-05-27 07:00:00,29.76,63.0
2017-05-27 08:00:00,28.45,66.9
2017-05-27 09:00:00,30.63,69.1
2017-05-27 10:00:00,28.45,70.0
2017-05-27 11:00:00,27.84,70.0
2017-05-27 12:00:00,29.28,69.1
2017-05-27 13:00:00,27.4,69.1
2017-05-27 14:00:00,28.0,69.1
2017-05-27 15:00:00,27.7,69.1
2017-05-27 16:00:00,27.93,69.1
2017-05-27 17:00:00,27.58,70.0
2017-05-27 18:00:00,27.18,71.1
2017-05-27 19:00:00,27.38,70.0
2017-05-27 20:00:00,26.46,68.0
2017-05-27 21:00:00,26.83,66.9
2017-05-27 22:00:00,27.45,66.9
2017-05-27 23:00:00,27.24,66.0
2017-05-28 00:00:00,27.11,64.9
2017-05-28 01:00:00,28.96,63.0
2017-05-28 02:00:00,28.73,61.0
2017-05-28 03:00:00,27.44,60.1
2017-05-28 04:00:00,27.63,59.0
2017-05-28 05:00:00,27.34,57.9
2017-05-28 06:00:00,26.62,59.0
2017-05-28 07:00:00,27.13,61.0
2017-05-28 08:00:00,27.49,63.0
2017-05-28 09:00:00,27.42,63.0
2017-05-28 10:00:00,26.1,64.9
2017-05-28 11:00:00,26.7,68.0
2017-05-28 12:00:00,27.53,70.0
2017-05-28 13:00:00,27.22,70.0
2017-05-28 14:00:00,26.66,71.1
2017-05-28 15:00:00,26.12,73.0
2017-05-28 16:00:00,25.22,68.0
2017-05-28 17:00:00,25.71,70.0
2017-05-28 18:00:00,25.48,66.9
2017-05-28 19:00:00,25.94,66.0
2017-05-28 20:00:00,25.63,59.0
2017-05-28 21:00:00,26.48,57.0
2017-05-28 22:00:00,26.74,55.9
2017-05-28 23:00:00,25.96,57.0
2017-05-29 00:00:00,26.33,57.9
2017-05-29 01:00:00,27.32,57.9
2017-05-29 02:00:00,27.48,55.9
2017-05-29 03:00:00,26.2,55.0
2017-05-29 04:00:00,26.08,55.0
2017-05-29 05:00:00,26.16,55.0
2017-05-29 06:00:00,55.02,55.0
2017-05-29 07:00:00,107.17,55.9
2017-05-29 08:00:00,121.22,55.9
2017-05-29 09:00:00,121.81,57.9
2017-05-29 10:00:00,120.28,59.0
2017-05-29 11:00:00,121.44,59.0
2017-05-29 12:00:00,121.0,63.0
2017-05-29 13:00:00,121.94,62.1
2017-05-29 14:00:00,122.06,63.0
2017-05-29 15:00:00,122.9,64.0
2017-05-29 16:00:00,120.75,63.0
2017-05-29 17:00:00,120.72,62.1
2017-05-29 18:00:00,79.28,63.0
2017-05-29 19:00:00,25.48,60.1
2017-05-29 20:00:00,25.42,60.1
2017-05-29 21:00:00,25.64,57.9
2017-05-29 22:00:00,27.33,57.0
2017-05-29 23:00:00,26.15,55.9
2017-05-30 00:00:00,27.05,55.9
2017-05-30 01:00:00,28.14,54.0
2017-05-30 02:00:00,27.31,54.0
2017-05-30 03:00:00,26.68,54.0
2017-05-30 04:00:00,26.04,53.1
2017-05-30 05:00:00,26.4,53.1
2017-05-30 06:00:00,28.52,54.0
2017-05-30 07:00:00,114.41,54.0
2017-05-30 08:00:00,162.64,57.0
2017-05-30 09:00:00,171.16,55.0
2017-05-30 10:00:00,192.99,55.0
2017-05-30 11:00:00,192.81,55.9
2017-05-30 12:00:00,191.89,57.0
2017-05-30 13:00:00,194.05,57.0
2017-05-30 14:00:00,191.69,57.9
2017-05-30 15:00:00,190.92,59.0
2017-05-30 16:00:00,182.25,57.9
2017-05-30 17:00:00,170.48,57.9
2017-05-30 18:00:00,105.45,57.9
2017-05-30 19:00:00,38.35,57.0
2017-05-30 20:00:00,32.58,57.0
2017-05-30 21:00:00,31.14,55.9
2017-05-30 22:00:00,30.27,55.0
2017-05-30 23:00:00,28.9,53.1
2017-05-31 00:00:00,29.68,53.1
2017-05-31 01:00:00,29.77,53.1
2017-05-31 02:00:00,29.79,53.1
2017-05-31 03:00:00,28.55,53.1
2017-05-31 04:00:00,27.96,51.1
2017-05-31 05:00:00,27.81,51.1
2017-05-31 06:00:00,30.19,53.1
2017-05-31 07:00:00,118.13,57.0
2017-05-31 08:00:00,155.47,62.1
2017-05-31 09:00:00,177.61,64.9
2017-05-31 10:00:00,193.45,68.0
2017-05-31 11:00:00,198.23,70.0
2017-05-31 12:00:00,197.57,71.1
2017-05-31 13:00:00,188.31,73.0
2017-05-31 14:00:00,193.61,73.0
2017-05-31 15:00:00,188.86,73.9
2017-05-31 16:00:00,181.05,75.0
2017-05-31 17:00:00,169.83,73.9
2017-05-31 18:00:00,110.18,73.0
2017-05-31 19:00:00,40.84,72.0
2017-05-31 20:00:00,36.57,66.9
2017-05-31 21:00:00,32.49,64.0
2017-05-31 22:00:00,31.05,61.0
2017-05-31 23:00:00,30.2,55.9
2017-06-01 00:00:00,28.93,53.1
2017-06-01 01:00:00,30.92,55.9
2017-06-01 02:00:00,28.98,53.1
2017-06-01 03:00:00,28.46,52.0
2017-06-01 04:00:00,28.77,51.1
2017-06-01 05:00:00,27.78,50.0
2017-06-01 06:00:00,28.98,54.0
2017-06-01 07:00:00,115.07,59.0
2017-06-01 08:00:00,144.79,64.0
2017-06-01 09:00:00,166.14,68.0
2017-06-01 10:00:00,181.21,71.1
2017-06-01 11:00:00,178.04,73.0
2017-06-01 12:00:00,180.8,73.9
2017-06-01 13:00:00,180.7,75.9
2017-06-01 14:00:00,175.58,77.0
2017-06-01 15:00:00,175.87,78.1
2017-06-01 16:00:00,173.52,78.1
2017-06-01 17:00:00,160.53,79.0
2017-06-01 18:00:00,104.72,78.1
2017-06-01 19:00:00,46.53,75.9
2017-06-01 20:00:00,41.66,73.0
2017-06-01 21:00:00,33.56,69.1
2017-06-01 22:00:00,33.68,66.9
2017-06-01 23:00:00,33.23,64.0
2017-06-02 00:00:00,33.38,64.0
2017-06-02 01:00:00,33.61,63.0
2017-06-02 02:00:00,31.24,62.1
2017-06-02 03:00:00,31.22,60.1
2017-06-02 04:00:00,31.03,57.9
2017-06-02 05:00:00,30.52,57.9
2017-06-02 06:00:00,31.37,61.0
2017-06-02 07:00:00,116.64,64.0
2017-06-02 08:00:00,154.66,68.0
2017-06-02 09:00:00,172.77,72.0
2017-06-02 10:00:00,181.45,78.1
2017-06-02 11:00:00,183.06,82.0
2017-06-02 12:00:00,185.23,84.0
2017-06-02 13:00:00,182.03,87.1
2017-06-02 14:00:00,181.44,88.0
2017-06-02 15:00:00,178.76,89.1
2017-06-02 16:00:00,173.21,89.1
2017-06-02 17:00:00,160.7,89.1
2017-06-02 18:00:00,102.15,89.1
2017-06-02 19:00:00,38.63,84.9
2017-06-02 20:00:00,31.71,82.9
2017-06-02 21:00:00,30.38,81.0
2017-06-02 22:00:00,32.07,79.0
2017-06-02 23:00:00,30.52,80.1
2017-06-03 00:00:00,30.16,79.0
2017-06-03 01:00:00,30.54,79.0
2017-06-03 02:00:00,28.09,79.0
2017-06-03 03:00:00,27.77,77.0
2017-06-03 04:00:00,27.63,75.9
2017-06-03 05:00:00,27.14,75.0
2017-06-03 06:00:00,26.81,75.0
2017-06-03 07:00:00,28.53,77.0
2017-06-03 08:00:00,28.44,77.0
2017-06-03 09:00:00,28.02,80.1
2017-06-03 10:00:00,27.02,82.9
2017-06-03 11:00:00,26.98,86.0
2017-06-03 12:00:00,27.29,88.0
2017-06-03 13:00:00,27.41,88.0
2017-06-03 14:00:00,28.31,88.0
2017-06-03 15:00:00,28.9,87.1
2017-06-03 16:00:00,27.48,86.0
2017-06-03 17:00:00,26.85,86.0
2017-06-03 18:00:00,26.58,86.0
2017-06-03 19:00:00,26.93,84.9
2017-06-03 20:00:00,26.27,82.9
2017-06-03 21:00:00,26.44,79.0
2017-06-03 22:00:00,26.56,73.9
2017-06-03 23:00:00,26.63,73.9
2017-06-04 00:00:00,26.5,72.0
2017-06-04 01:00:00,27.38,69.1
2017-06-04 02:00:00,27.53,68.0
2017-06-04 03:00:00,26.1,64.9
2017-06-04 04:00:00,25.98,64.9
2017-06-04 05:00:00,25.82,63.0
2017-06-04 06:00:00,25.9,64.9
2017-06-04 07:00:00,25.92,69.1
2017-06-04 08:00:00,27.08,75.9
2017-06-04 09:00:00,27.86,82.0
2017-06-04 10:00:00,28.63,84.0
2017-06-04 11:00:00,25.9,87.1
2017-06-04 12:00:00,26.09,87.1
2017-06-04 13:00:00,26.31,87.1
2017-06-04 14:00:00,25.78,89.1
2017-06-04 15:00:00,26.88,89.1
2017-06-04 16:00:00,27.7,90.0
2017-06-04 17:00:00,27.06,88.0
2017-06-04 18:00:00,27.4,87.1
2017-06-04 19:00:00,26.18,82.9
2017-06-04 20:00:00,26.38,80.1
2017-06-04 21:00:00,25.86,77.0
2017-06-04 22:00:00,27.96,73.9
2017-06-04 23:00:00,26.72,72.0
2017-06-05 00:00:00,26.03,69.1
2017-06-05 01:00:00,27.7,66.0
2017-06-05 02:00:00,27.04,64.0
2017-06-05 03:00:00,26.74,63.0
2017-06-05 04:00:00,26.01,61.0
2017-06-05 05:00:00,25.89,61.0
2017-06-05 06:00:00,57.34,62.1
2017-06-05 07:00:00,124.92,64.0
2017-06-05 08:00:00,155.28,64.9
2017-06-05 09:00:00,180.83,68.0
2017-06-05 10:00:00,197.44,68.0
2017-06-05 11:00:00,195.54,73.0
2017-06-05 12:00:00,195.1,77.0
2017-06-05 13:00:00,192.54,80.1
2017-06-05 14:00:00,195.88,81.0
2017-06-05 15:00:00,192.51,81.0
2017-06-05 16:00:00,189.52,82.0
2017-06-05 17:00:00,174.38,81.0
2017-06-05 18:00:00,107.29,80.1
2017-06-05 19:00:00,41.79,79.0
2017-06-05 20:00:00,34.4,77.0
2017-06-05 21:00:00,32.43,73.9
2017-06-05 22:00:00,33.27,71.1
2017-06-05 23:00:00,32.13,69.1
2017-06-06 00:00:00,33.3,66.9
2017-06-06 01:00:00,32.4,64.9
2017-06-06 02:00:00,29.86,63.0
2017-06-06 03:00:00,28.28,60.1
2017-06-06 04:00:00,27.53,57.9
2017-06-06 05:00:00,28.58,59.0
2017-06-06 06:00:00,31.38,60.1
2017-06-06 07:00:00,118.89,64.9
2017-06-06 08:00:00,154.81,68.0
2017-06-06 09:00:00,176.99,71.1
2017-06-06 10:00:00,184.24,75.0
2017-06-06 11:00:00,181.72,75.9
2017-06-06 12:00:00,182.88,77.0
2017-06-06 13:00:00,185.33,80.1
2017-06-06 14:00:00,186.71,80.1
2017-06-06 15:00:00,185.12,80.1
2017-06-06 16:00:00,180.55,81.0
2017-06-06 17:00:00,170.26,81.0
2017-06-06 18:00:00,109.1,80.1
2017-06-06 19:00:00,45.29,78.1
2017-06-06 20:00:00,35.03,75.0
2017-06-06 21:00:00,30.53,71.1
2017-06-06 22:00:00,31.07,70.0
2017-06-06 23:00:00,29.62,68.0
2017-06-07 00:00:00,29.6,66.0
2017-06-07 01:00:00,31.16,64.9
2017-06-07 02:00:00,29.54,64.0
2017-06-07 03:00:00,27.61,66.0
2017-06-07 04:00:00,27.58,63.0
2017-06-07 05:00:00,27.48,62.1
2017-06-07 06:00:00,29.76,64.9
2017-06-07 07:00:00,117.53,71.1
2017-06-07 08:00:00,154.33,73.9
2017-06-07 09:00:00,179.29,75.9
2017-06-07 10:00:00,192.52,79.0
2017-06-07 11:00:00,192.3,82.0
2017-06-07 12:00:00,192.46,84.0
2017-06-07 13:00:00,197.36,84.0
2017-06-07 14:00:00,191.36,86.0
2017-06-07 15:00:00,183.59,86.0
2017-06-07 16:00:00,179.84,86.0
2017-06-07 17:00:00,165.73,87.1
2017-06-07 18:00:00,107.98,86.0
2017-06-07 19:00:00,40.37,84.0
2017-06-07 20:00:00,36.22,82.9
2017-06-07 21:00:00,29.51,80.1
2017-06-07 22:00:00,30.16,79.0
2017-06-07 23:00:00,29.44,72.0
2017-06-08 00:00:00,29.42,71.1
2017-06-08 01:00:00,29.82,73.0
2017-06-08 02:00:00,28.58,73.0
2017-06-08 03:00:00,27.99,72.0
2017-06-08 04:00:00,26.61,71.1
2017-06-08 05:00:00,26.55,70.0
2017-06-08 06:00:00,27.22,69.1
2017-06-08 07:00:00,113.5,72.0
2017-06-08 08:00:00,150.26,73.0
2017-06-08 09:00:00,172.95,75.9
2017-06-08 10:00:00,182.29,78.1
2017-06-08 11:00:00,191.58,80.1
2017-06-08 12:00:00,193.18,82.0
2017-06-08 13:00:00,191.68,82.9
2017-06-08 14:00:00,184.18,82.9
2017-06-08 15:00:00,183.66,84.0
2017-06-08 16:00:00,178.29,82.9
2017-06-08 17:00:00,166.41,84.0
2017-06-08 18:00:00,111.78,82.9
2017-06-08 19:00:00,49.91,80.1
2017-06-08 20:00:00,39.0,77.0
2017-06-08 21:00:00,34.4,75.0
2017-06-08 22:00:00,32.75,73.9
2017-06-08 23:00:00,32.32,71.1
2017-06-09 00:00:00,32.64,71.1
2017-06-09 01:00:00,33.6,70.0
2017-06-09 02:00:00,31.65,68.0
2017-06-09 03:00:00,30.61,66.9
2017-06-09 04:00:00,31.38,66.0
2017-06-09 05:00:00,29.13,64.9
2017-06-09 06:00:00,28.98,66.0
2017-06-09 07:00:00,115.9,68.0
2017-06-09 08:00:00,150.63,71.1
2017-06-09 09:00:00,169.66,73.0
2017-06-09 10:00:00,177.92,75.9
2017-06-09 11:00:00,177.24,79.0
2017-06-09 12:00:00,179.59,81.0
2017-06-09 13:00:00,179.12,82.0
2017-06-09 14:00:00,170.45,82.9
2017-06-09 15:00:00,175.42,84.9
2017-06-09 16:00:00,172.94,84.9
2017-06-09 17:00:00,162.68,86.0
2017-06-09 18:00:00,102.52,84.0
2017-06-09 19:00:00,35.68,82.0
2017-06-09 20:00:00,31.77,80.1
2017-06-09 21:00:00,30.18,78.1
2017-06-09 22:00:00,29.77,77.0
2017-06-09 23:00:00,29.75,75.9
2017-06-10 00:00:00,28.86,78.1
2017-06-10 01:00:00,30.29,79.0
2017-06-10 02:00:00,28.51,79.0
2017-06-10 03:00:00,27.29,78.1
2017-06-10 04:00:00,26.92,77.0
2017-06-10 05:00:00,26.1,77.0
2017-06-10 06:00:00,25.39,77.0
2017-06-10 07:00:00,25.92,79.0
2017-06-10 08:00:00,26.44,81.0
2017-06-10 09:00:00,26.27,84.0
2017-06-10 10:00:00,25.86,87.1
2017-06-10 11:00:00,27.9,90.0
2017-06-10 12:00:00,28.31,91.9
2017-06-10 13:00:00,29.17,95.0
2017-06-10 14:00:00,28.53,95.0
2017-06-10 15:00:00,29.0,93.0
2017-06-10 16:00:00,28.21,93.9
2017-06-10 17:00:00,25.87,93.0
2017-06-10 18:00:00,25.35,91.9
2017-06-10 19:00:00,25.33,89.1
2017-06-10 20:00:00,25.26,84.9
2017-06-10 21:00:00,24.47,84.0
2017-06-10 22:00:00,25.64,82.9
2017-06-10 23:00:00,25.73,80.1
2017-06-11 00:00:00,25.76,79.0
2017-06-11 01:00:00,27.51,78.1
2017-06-11 02:00:00,27.01,75.9
2017-06-11 03:00:00,25.67,75.0
2017-06-11 04:00:00,25.92,73.9
2017-06-11 05:00:00,25.73,75.0
2017-06-11 06:00:00,24.94,75.0
2017-06-11 07:00:00,25.91,75.0
2017-06-11 08:00:00,25.97,64.0
2017-06-11 09:00:00,27.76,62.1
2017-06-11 10:00:00,27.08,62.1
2017-06-11 11:00:00,26.63,64.0
2017-06-11 12:00:00,26.19,66.0
2017-06-11 13:00:00,25.59,71.1
2017-06-11 14:00:00,25.08,73.0
2017-06-11 15:00:00,24.94,73.0
2017-06-11 16:00:00,25.05,73.0
2017-06-11 17:00:00,25.81,73.0
2017-06-11 18:00:00,25.7,73.9
2017-06-11 19:00:00,25.71,73.0
2017-06-11 20:00:00,24.91,72.0
2017-06-11 21:00:00,25.16,72.0
2017-06-11 22:00:00,26.54,71.1
2017-06-11 23:00:00,25.26,70.0
2017-06-12 00:00:00,25.22,69.1
2017-06-12 01:00:00,27.47,69.1
2017-06-12 02:00:00,27.79,68.0
2017-06-12 03:00:00,25.68,68.0
2017-06-12 04:00:00,26.5,66.0
2017-06-12 05:00:00,25.9,66.0
2017-06-12 06:00:00,56.51,66.0
2017-06-12 07:00:00,123.17,70.0
2017-06-12 08:00:00,152.05,72.0
2017-06-12 09:00:00,178.72,73.9
2017-06-12 10:00:00,185.2,78.1
2017-06-12 11:00:00,188.45,80.1
2017-06-12 12:00:00,188.91,82.0
2017-06-12 13:00:00,187.53,79.0
2017-06-12 14:00:00,188.15,73.9
2017-06-12 15:00:00,184.48,71.1
2017-06-12 16:00:00,181.79,71.1
2017-06-12 17:00:00,167.66,72.0
2017-06-12 18:00:00,103.75,73.0
2017-06-12 19:00:00,41.41,73.0
2017-06-12 20:00:00,38.35,72.0
2017-06-12 21:00:00,34.2,71.1
2017-06-12 22:00:00,32.68,69.1
2017-06-12 23:00:00,33.28,69.1
2017-06-13 00:00:00,33.35,68.0
2017-06-13 01:00:00,34.31,68.0
2017-06-13 02:00:00,31.92,68.0
2017-06-13 03:00:00,30.34,68.0
2017-06-13 04:00:00,30.52,68.0
2017-06-13 05:00:00,30.81,68.0
2017-06-13 06:00:00,33.57,69.1
2017-06-13 07:00:00,121.66,70.0
2017-06-13 08:00:00,152.75,73.0
2017-06-13 09:00:00,176.72,75.9
2017-06-13 10:00:00,186.31,77.0
2017-06-13 11:00:00,187.73,78.1
2017-06-13 12:00:00,191.36,82.9
2017-06-13 13:00:00,186.09,86.0
2017-06-13 14:00:00,187.78,86.0
2017-06-13 15:00:00,187.37,87.1
2017-06-13 16:00:00,181.18,90.0
2017-06-13 17:00:00,168.86,91.0
2017-06-13 18:00:00,108.54,90.0
2017-06-13 19:00:00,44.82,88.0
2017-06-13 20:00:00,36.68,86.0
2017-06-13 21:00:00,34.07,84.0
2017-06-13 22:00:00,31.4,82.0
2017-06-13 23:00:00,28.96,82.0
2017-06-14 00:00:00,31.29,66.9
2017-06-14 01:00:00,31.19,66.0
2017-06-14 02:00:00,28.86,66.0
2017-06-14 03:00:00,26.79,66.0
2017-06-14 04:00:00,26.6,66.0
2017-06-14 05:00:00,26.46,66.9
2017-06-14 06:00:00,28.71,68.0
2017-06-14 07:00:00,118.32,69.1
2017-06-14 08:00:00,150.67,72.0
2017-06-14 09:00:00,176.66,75.0
2017-06-14 10:00:00,186.75,77.0
2017-06-14 11:00:00,189.33,77.0
2017-06-14 12:00:00,190.87,77.0
2017-06-14 13:00:00,189.84,80.1
2017-06-14 14:00:00,187.71,81.0
2017-06-14 15:00:00,184.74,82.0
2017-06-14 16:00:00,177.52,82.0
2017-06-14 17:00:00,167.79,84.0
2017-06-14 18:00:00,110.23,84.0
2017-06-14 19:00:00,43.47,82.0
2017-06-14 20:00:00,38.48,80.1
2017-06-14 21:00:00,34.07,77.0
2017-06-14 22:00:00,32.06,77.0
2017-06-14 23:00:00,31.53,73.9
2017-06-15 00:00:00,30.07,72.0
2017-06-15 01:00:00,31.32,70.0
2017-06-15 02:00:00,28.48,70.0
2017-06-15 03:00:00,27.41,69.1
2017-06-15 04:00:00,26.51,66.9
2017-06-15 05:00:00,27.01,68.0
2017-06-15 06:00:00,30.64,69.1
2017-06-15 07:00:00,116.22,71.1
2017-06-15 08:00:00,147.27,73.9
2017-06-15 09:00:00,168.91,77.0
2017-06-15 10:00:00,182.26,78.1
2017-06-15 11:00:00,182.38,80.1
2017-06-15 12:00:00,186.23,81.0
2017-06-15 13:00:00,180.18,82.9
2017-06-15 14:00:00,183.41,84.0
2017-06-15 15:00:00,174.99,86.0
2017-06-15 16:00:00,171.8,87.1
2017-06-15 17:00:00,165.25,87.1
2017-06-15 18:00:00,113.36,86.0
2017-06-15 19:00:00,88.32,82.9
2017-06-15 20:00:00,97.34,81.0
2017-06-15 21:00:00,40.15,77.0
2017-06-15 22:00:00,35.61,75.9
2017-06-15 23:00:00,34.93,73.0
2017-06-16 00:00:00,34.51,73.0
2017-06-16 01:00:00,35.7,68.0
2017-06-16 02:00:00,35.49,69.1
2017-06-16 03:00:00,32.5,64.9
2017-06-16 04:00:00,32.43,69.1
2017-06-16 05:00:00,31.64,70.0
2017-06-16 06:00:00,33.34,71.1
2017-06-16 07:00:00,119.49,72.0
2017-06-16 08:00:00,149.95,73.9
2017-06-16 09:00:00,172.8,73.9
2017-06-16 10:00:00,177.18,75.9
2017-06-16 11:00:00,184.82,75.9
2017-06-16 12:00:00,185.14,82.9
2017-06-16 13:00:00,181.11,84.9
2017-06-16 14:00:00,174.17,84.0
2017-06-16 15:00:00,174.23,84.0
2017-06-16 16:00:00,171.42,84.0
2017-06-16 17:00:00,161.52,82.0
2017-06-16 18:00:00,102.14,80.1
2017-06-16 19:00:00,39.54,77.0
2017-06-16 20:00:00,31.78,75.0
2017-06-16 21:00:00,32.14,75.0
2017-06-16 22:00:00,29.92,73.9
2017-06-16 23:00:00,29.65,70.0
2017-06-17 00:00:00,28.1,70.0
2017-06-17 01:00:00,30.14,68.0
2017-06-17 02:00:00,28.7,68.0
2017-06-17 03:00:00,27.38,66.9
2017-06-17 04:00:00,26.94,64.9
2017-06-17 05:00:00,26.98,64.9
2017-06-17 06:00:00,26.86,66.9
2017-06-17 07:00:00,29.03,71.1
2017-06-17 08:00:00,27.97,75.0
2017-06-17 09:00:00,29.39,75.9
2017-06-17 10:00:00,29.95,77.0
2017-06-17 11:00:00,29.06,81.0
2017-06-17 12:00:00,29.08,81.0
2017-06-17 13:00:00,28.42,82.9
2017-06-17 14:00:00,29.07,84.0
2017-06-17 15:00:00,29.03,82.0
2017-06-17 16:00:00,27.08,81.0
2017-06-17 17:00:00,28.96,80.1
2017-06-17 18:00:00,28.07,69.1
2017-06-17 19:00:00,27.82,68.0
2017-06-17 20:00:00,31.57,64.9
2017-06-17 21:00:00,50.57,64.0
2017-06-17 22:00:00,27.5,64.0
2017-06-17 23:00:00,26.15,63.0
2017-06-18 00:00:00,26.13,63.0
2017-06-18 01:00:00,27.09,63.0
2017-06-18 02:00:00,26.5,62.1
2017-06-18 03:00:00,25.71,61.0
2017-06-18 04:00:00,25.56,60.1
2017-06-18 05:00:00,25.08,60.1
2017-06-18 06:00:00,25.22,62.1
2017-06-18 07:00:00,25.77,63.0
2017-06-18 08:00:00,26.06,64.9
2017-06-18 09:00:00,25.88,64.9
2017-06-18 10:00:00,27.21,66.9
2017-06-18 11:00:00,28.26,69.1
2017-06-18 12:00:00,30.19,71.1
2017-06-18 13:00:00,30.37,72.0
2017-06-18 14:00:00,30.57,69.1
2017-06-18 15:00:00,26.73,71.1
2017-06-18 16:00:00,26.84,73.0
2017-06-18 17:00:00,25.67,72.0
2017-06-18 18:00:00,25.76,72.0
2017-06-18 19:00:00,25.73,71.1
2017-06-18 20:00:00,25.52,69.1
2017-06-18 21:00:00,25.58,66.0
2017-06-18 22:00:00,27.06,64.0
2017-06-18 23:00:00,25.76,64.0
2017-06-19 00:00:00,26.52,64.0
2017-06-19 01:00:00,27.53,64.0
2017-06-19 02:00:00,27.54,63.0
2017-06-19 03:00:00,26.29,62.1
2017-06-19 04:00:00,26.0,61.0
2017-06-19 05:00:00,26.2,61.0
2017-06-19 06:00:00,57.29,62.1
2017-06-19 07:00:00,124.32,64.0
2017-06-19 08:00:00,149.64,66.0
2017-06-19 09:00:00,172.75,66.0
2017-06-19 10:00:00,187.75,66.9
2017-06-19 11:00:00,184.71,69.1
2017-06-19 12:00:00,190.51,71.1
2017-06-19 13:00:00,186.68,72.0
2017-06-19 14:00:00,181.88,72.0
2017-06-19 15:00:00,181.19,73.9
2017-06-19 16:00:00,173.69,72.0
2017-06-19 17:00:00,162.43,73.0
2017-06-19 18:00:00,100.15,72.0
2017-06-19 19:00:00,39.86,71.1
2017-06-19 20:00:00,31.44,69.1
2017-06-19 21:00:00,31.03,66.9
2017-06-19 22:00:00,29.14,66.0
2017-06-19 23:00:00,26.8,64.0
2017-06-20 00:00:00,30.06,64.0
2017-06-20 01:00:00,29.78,63.0
2017-06-20 02:00:00,27.9,63.0
2017-06-20 03:00:00,26.89,62.1
2017-06-20 04:00:00,27.47,62.1
2017-06-20 05:00:00,27.05,60.1
2017-06-20 06:00:00,29.42,60.1
2017-06-20 07:00:00,117.24,60.1
2017-06-20 08:00:00,149.47,63.0
2017-06-20 09:00:00,173.43,66.0
2017-06-20 10:00:00,186.48,70.0
2017-06-20 11:00:00,186.36,71.1
2017-06-20 12:00:00,189.46,73.0
2017-06-20 13:00:00,187.63,73.9
2017-06-20 14:00:00,186.19,75.0
2017-06-20 15:00:00,183.1,75.9
2017-06-20 16:00:00,176.31,73.9
2017-06-20 17:00:00,164.1,75.0
2017-06-20 18:00:00,98.66,73.9
2017-06-20 19:00:00,38.64,73.9
2017-06-20 20:00:00,31.73,69.1
2017-06-20 21:00:00,31.61,70.0
2017-06-20 22:00:00,31.18,66.9
2017-06-20 23:00:00,29.27,66.0
2017-06-21 00:00:00,29.76,63.0
2017-06-21 01:00:00,32.83,62.1
2017-06-21 02:00:00,88.8,60.1
2017-06-21 03:00:00,89.67,60.1
2017-06-21 04:00:00,88.41,61.0
2017-06-21 05:00:00,90.13,60.1
2017-06-21 06:00:00,64.28,63.0
2017-06-21 07:00:00,118.79,66.9
2017-06-21 08:00:00,151.66,69.1
2017-06-21 09:00:00,175.08,70.0
2017-06-21 10:00:00,182.93,73.9
2017-06-21 11:00:00,185.37,75.9
2017-06-21 12:00:00,185.78,77.0
2017-06-21 13:00:00,182.04,78.1
2017-06-21 14:00:00,183.82,80.1
2017-06-21 15:00:00,183.3,81.0
2017-06-21 16:00:00,182.5,80.1
2017-06-21 17:00:00,170.83,81.0
2017-06-21 18:00:00,108.06,79.0
2017-06-21 19:00:00,40.71,78.1
2017-06-21 20:00:00,38.43,75.9
2017-06-21 21:00:00,33.99,73.9
2017-06-21 22:00:00,50.37,73.0
2017-06-21 23:00:00,91.46,73.0
2017-06-22 00:00:00,88.28,72.0
2017-06-22 01:00:00,89.16,72.0
2017-06-22 02:00:00,87.34,70.0
2017-06-22 03:00:00,87.72,69.1
2017-06-22 04:00:00,87.73,68.0
2017-06-22 05:00:00,88.25,70.0
2017-06-22 06:00:00,60.9,69.1
2017-06-22 07:00:00,116.33,70.0
2017-06-22 08:00:00,149.33,72.0
2017-06-22 09:00:00,172.11,70.0
2017-06-22 10:00:00,182.09,70.0
2017-06-22 11:00:00,188.3,69.1
2017-06-22 12:00:00,190.76,70.0
2017-06-22 13:00:00,190.75,70.0
2017-06-22 14:00:00,188.67,69.1
2017-06-22 15:00:00,192.96,68.0
2017-06-22 16:00:00,187.16,66.0
2017-06-22 17:00:00,172.33,71.1
2017-06-22 18:00:00,110.53,72.0
2017-06-22 19:00:00,45.98,70.0
2017-06-22 20:00:00,38.56,69.1
2017-06-22 21:00:00,35.35,66.0
2017-06-22 22:00:00,34.17,64.0
2017-06-22 23:00:00,31.71,64.0
2017-06-23 00:00:00,31.77,63.0
2017-06-23 01:00:00,33.84,61.0
2017-06-23 02:00:00,31.65,60.1
2017-06-23 03:00:00,30.14,60.1
2017-06-23 04:00:00,29.73,59.0
2017-06-23 05:00:00,29.49,59.0
2017-06-23 06:00:00,33.54,62.1
2017-06-23 07:00:00,114.17,63.0
2017-06-23 08:00:00,146.02,64.9
2017-06-23 09:00:00,166.5,66.0
2017-06-23 10:00:00,174.05,66.0
2017-06-23 11:00:00,182.2,69.1
2017-06-23 12:00:00,183.68,69.1
2017-06-23 13:00:00,180.17,72.0
2017-06-23 14:00:00,174.02,73.0
2017-06-23 15:00:00,175.63,72.0
2017-06-23 16:00:00,169.14,73.0
2017-06-23 17:00:00,154.97,70.0
2017-06-23 18:00:00,93.88,69.1
2017-06-23 19:00:00,33.64,66.9
2017-06-23 20:00:00,28.53,66.0
2017-06-23 21:00:00,25.78,64.9
2017-06-23 22:00:00,26.87,64.0
2017-06-23 23:00:00,27.35,62.1
2017-06-24 00:00:00,27.12,62.1
2017-06-24 01:00:00,28.57,59.0
2017-06-24 02:00:00,26.33,59.0
2017-06-24 03:00:00,25.17,57.0
2017-06-24 04:00:00,25.32,55.9
2017-06-24 05:00:00,25.07,55.0
2017-06-24 06:00:00,24.73,55.9
2017-06-24 07:00:00,26.75,57.9
2017-06-24 08:00:00,27.15,60.1
2017-06-24 09:00:00,26.16,63.0
2017-06-24 10:00:00,25.54,64.0
2017-06-24 11:00:00,26.06,64.0
2017-06-24 12:00:00,26.19,63.0
2017-06-24 13:00:00,27.44,66.0
2017-06-24 14:00:00,27.24,55.0
2017-06-24 15:00:00,27.04,62.1
2017-06-24 16:00:00,26.86,64.9
2017-06-24 17:00:00,26.1,63.0
2017-06-24 18:00:00,25.51,63.0
2017-06-24 19:00:00,24.58,63.0
2017-06-24 20:00:00,24.12,60.1
2017-06-24 21:00:00,23.97,60.1
2017-06-24 22:00:00,24.91,57.0
2017-06-24 23:00:00,24.68,57.0
2017-06-25 00:00:00,24.46,57.0
2017-06-25 01:00:00,26.24,57.0
2017-06-25 02:00:00,25.87,55.9
2017-06-25 03:00:00,24.86,57.0
2017-06-25 04:00:00,24.9,55.9
2017-06-25 05:00:00,24.59,55.0
2017-06-25 06:00:00,24.47,55.0
2017-06-25 07:00:00,25.11,55.9
2017-06-25 08:00:00,25.37,55.9
2017-06-25 09:00:00,26.58,55.9
2017-06-25 10:00:00,25.1,59.0
2017-06-25 11:00:00,24.93,59.0
2017-06-25 12:00:00,27.1,62.1
2017-06-25 13:00:00,24.71,66.9
2017-06-25 14:00:00,24.12,68.0
2017-06-25 15:00:00,24.69,66.9
2017-06-25 16:00:00,25.38,68.0
2017-06-25 17:00:00,24.66,66.0
2017-06-25 18:00:00,24.33,66.9
2017-06-25 19:00:00,25.59,64.9
2017-06-25 20:00:00,25.68,62.1
2017-06-25 21:00:00,23.94,63.0
2017-06-25 22:00:00,25.5,60.1
2017-06-25 23:00:00,25.99,59.0
2017-06-26 00:00:00,25.54,57.0
2017-06-26 01:00:00,27.64,54.0
2017-06-26 02:00:00,27.54,54.0
2017-06-26 03:00:00,25.76,53.1
2017-06-26 04:00:00,26.74,51.1
2017-06-26 05:00:00,27.0,51.1
2017-06-26 06:00:00,58.84,54.0
2017-06-26 07:00:00,123.16,57.0
2017-06-26 08:00:00,150.9,60.1
2017-06-26 09:00:00,178.94,62.1
2017-06-26 10:00:00,188.24,64.0
2017-06-26 11:00:00,190.07,66.0
2017-06-26 12:00:00,192.86,68.0
2017-06-26 13:00:00,192.4,69.1
2017-06-26 14:00:00,191.27,69.1
2017-06-26 15:00:00,187.48,72.0
2017-06-26 16:00:00,177.97,71.1
2017-06-26 17:00:00,162.72,68.0
2017-06-26 18:00:00,100.1,70.0
2017-06-26 19:00:00,39.66,70.0
2017-06-26 20:00:00,33.85,66.9
2017-06-26 21:00:00,29.51,64.0
2017-06-26 22:00:00,28.79,62.1
2017-06-26 23:00:00,29.82,63.0
2017-06-27 00:00:00,31.89,59.0
2017-06-27 01:00:00,32.95,57.9
2017-06-27 02:00:00,30.06,57.0
2017-06-27 03:00:00,30.07,55.9
2017-06-27 04:00:00,30.16,55.0
2017-06-27 05:00:00,29.42,55.0
2017-06-27 06:00:00,33.34,55.9
2017-06-27 07:00:00,120.28,62.1
2017-06-27 08:00:00,152.55,66.0
2017-06-27 09:00:00,179.26,68.0
2017-06-27 10:00:00,186.1,71.1
2017-06-27 11:00:00,185.96,72.0
2017-06-27 12:00:00,189.5,73.0
2017-06-27 13:00:00,187.17,73.9
2017-06-27 14:00:00,181.15,75.0
2017-06-27 15:00:00,180.17,75.0
2017-06-27 16:00:00,178.81,77.0
2017-06-27 17:00:00,165.77,75.9
2017-06-27 18:00:00,106.09,75.0
2017-06-27 19:00:00,39.62,73.9
2017-06-27 20:00:00,35.21,73.0
2017-06-27 21:00:00,31.76,71.1
2017-06-27 22:00:00,32.2,71.1
2017-06-27 23:00:00,31.11,70.0
2017-06-28 00:00:00,32.17,66.9
2017-06-28 01:00:00,31.52,66.9
2017-06-28 02:00:00,30.09,66.9
2017-06-28 03:00:00,28.96,64.0
2017-06-28 04:00:00,30.02,62.1
2017-06-28 05:00:00,30.12,63.0
2017-06-28 06:00:00,32.86,63.0
2017-06-28 07:00:00,117.2,64.9
2017-06-28 08:00:00,152.82,66.9
2017-06-28 09:00:00,179.78,66.9
2017-06-28 10:00:00,194.28,68.0
2017-06-28 11:00:00,195.19,70.0
2017-06-28 12:00:00,191.34,75.0
2017-06-28 13:00:00,190.22,78.1
2017-06-28 14:00:00,186.16,82.0
2017-06-28 15:00:00,186.06,82.0
2017-06-28 16:00:00,181.98,75.2
2017-06-28 17:00:00,170.06,79.0
2017-06-28 18:00:00,111.22,79.0
2017-06-28 19:00:00,48.76,77.0
2017-06-28 20:00:00,42.58,75.0
2017-06-28 21:00:00,35.95,73.9
2017-06-28 22:00:00,35.34,70.0
2017-06-28 23:00:00,33.15,70.0
2017-06-29 00:00:00,29.02,70.0
2017-06-29 01:00:00,32.9,69.1
2017-06-29 02:00:00,30.06,68.0
2017-06-29 03:00:00,46.48,66.9
2017-06-29 04:00:00,60.2,66.0
2017-06-29 05:00:00,59.57,64.9
2017-06-29 06:00:00,63.42,66.0
2017-06-29 07:00:00,117.64,66.0
2017-06-29 08:00:00,147.17,66.9
2017-06-29 09:00:00,176.89,66.9
2017-06-29 10:00:00,185.97,68.0
2017-06-29 11:00:00,192.94,70.0
2017-06-29 12:00:00,192.79,70.0
2017-06-29 13:00:00,186.71,71.1
2017-06-29 14:00:00,187.82,73.0
2017-06-29 15:00:00,183.23,73.9
2017-06-29 16:00:00,179.44,75.9
2017-06-29 17:00:00,162.73,77.0
2017-06-29 18:00:00,107.8,75.0
2017-06-29 19:00:00,48.76,73.9
2017-06-29 20:00:00,38.09,73.9
2017-06-29 21:00:00,31.36,73.0
2017-06-29 22:00:00,30.97,71.1
2017-06-29 23:00:00,33.17,71.1
2017-06-30 00:00:00,32.71,69.1
2017-06-30 01:00:00,32.48,68.0
2017-06-30 02:00:00,30.25,66.9
2017-06-30 03:00:00,29.78,66.9
2017-06-30 04:00:00,29.22,64.0
2017-06-30 05:00:00,29.12,62.1
2017-06-30 06:00:00,31.54,64.0
2017-06-30 07:00:00,116.73,68.0
2017-06-30 08:00:00,151.64,68.0
2017-06-30 09:00:00,170.19,71.1
2017-06-30 10:00:00,182.34,73.0
2017-06-30 11:00:00,179.55,75.0
2017-06-30 12:00:00,181.08,77.0
2017-06-30 13:00:00,179.43,78.1
2017-06-30 14:00:00,178.41,79.0
2017-06-30 15:00:00,178.64,77.0
2017-06-30 16:00:00,170.63,66.9
2017-06-30 17:00:00,158.24,70.0
2017-06-30 18:00:00,100.44,71.1
2017-06-30 19:00:00,42.04,73.0
2017-06-30 20:00:00,36.53,72.0
2017-06-30 21:00:00,31.7,70.0
2017-06-30 22:00:00,27.94,69.1
2017-06-30 23:00:00,28.4,68.0
2017-07-01 00:00:00,28.47,66.0
2017-07-01 01:00:00,28.94,64.9
2017-07-01 02:00:00,27.17,64.0
2017-07-01 03:00:00,26.15,63.0
2017-07-01 04:00:00,26.07,62.1
2017-07-01 05:00:00,25.65,62.1
2017-07-01 06:00:00,25.79,62.1
2017-07-01 07:00:00,26.16,64.0
2017-07-01 08:00:00,26.45,66.9
2017-07-01 09:00:00,26.19,70.0
2017-07-01 10:00:00,25.38,70.0
2017-07-01 11:00:00,26.98,72.0
2017-07-01 12:00:00,26.31,71.1
2017-07-01 13:00:00,26.56,71.1
2017-07-01 14:00:00,25.86,73.9
2017-07-01 15:00:00,26.3,75.9
2017-07-01 16:00:00,27.12,75.9
2017-07-01 17:00:00,25.18,73.9
2017-07-01 18:00:00,25.62,75.0
2017-07-01 19:00:00,25.22,75.0
2017-07-01 20:00:00,25.38,73.9
2017-07-01 21:00:00,25.0,73.0
2017-07-01 22:00:00,25.66,72.0
2017-07-01 23:00:00,25.01,72.0
2017-07-02 00:00:00,25.56,70.0
2017-07-02 01:00:00,26.89,70.0
2017-07-02 02:00:00,26.53,68.0
2017-07-02 03:00:00,25.51,69.1
2017-07-02 04:00:00,25.58,66.9
2017-07-02 05:00:00,25.16,66.9
2017-07-02 06:00:00,25.43,64.9
2017-07-02 07:00:00,25.71,66.9
2017-07-02 08:00:00,25.9,69.1
2017-07-02 09:00:00,26.2,72.0
2017-07-02 10:00:00,25.86,73.0
2017-07-02 11:00:00,27.09,73.9
2017-07-02 12:00:00,27.21,75.0
2017-07-02 13:00:00,27.15,77.0
2017-07-02 14:00:00,28.26,79.0
2017-07-02 15:00:00,26.42,79.0
2017-07-02 16:00:00,26.52,80.1
2017-07-02 17:00:00,26.71,79.0
2017-07-02 18:00:00,26.75,79.0
2017-07-02 19:00:00,26.85,78.1
2017-07-02 20:00:00,26.55,75.9
2017-07-02 21:00:00,27.08,72.0
2017-07-02 22:00:00,28.38,71.1
2017-07-02 23:00:00,26.42,68.0
2017-07-03 00:00:00,27.08,68.0
2017-07-03 01:00:00,25.74,68.0
2017-07-03 02:00:00,26.42,64.9
2017-07-03 03:00:00,25.06,64.0
2017-07-03 04:00:00,24.93,64.0
2017-07-03 05:00:00,24.96,64.0
2017-07-03 06:00:00,55.51,64.9
2017-07-03 07:00:00,117.42,66.9
2017-07-03 08:00:00,137.75,70.0
2017-07-03 09:00:00,154.34,73.9
2017-07-03 10:00:00,157.68,75.0
2017-07-03 11:00:00,158.96,77.0
2017-07-03 12:00:00,163.57,79.0
2017-07-03 13:00:00,161.99,79.0
2017-07-03 14:00:00,159.43,80.1
2017-07-03 15:00:00,155.79,80.1
2017-07-03 16:00:00,154.08,81.0
2017-07-03 17:00:00,150.35,80.1
2017-07-03 18:00:00,95.47,80.1
2017-07-03 19:00:00,37.77,79.0
2017-07-03 20:00:00,31.71,77.0
2017-07-03 21:00:00,27.34,75.9
2017-07-03 22:00:00,28.55,73.0
2017-07-03 23:00:00,27.3,72.0
2017-07-04 00:00:00,26.04,71.1
2017-07-04 01:00:00,28.32,70.0
2017-07-04 02:00:00,26.91,69.1
2017-07-04 03:00:00,25.96,68.0
2017-07-04 04:00:00,26.11,68.0
2017-07-04 05:00:00,25.95,66.9
2017-07-04 06:00:00,25.77,68.0
2017-07-04 07:00:00,99.43,70.0
2017-07-04 08:00:00,116.6,72.0
2017-07-04 09:00:00,119.7,75.9
2017-07-04 10:00:00,117.6,78.1
2017-07-04 11:00:00,118.18,81.0
2017-07-04 12:00:00,118.22,81.0
2017-07-04 13:00:00,118.33,84.0
2017-07-04 14:00:00,116.69,84.9
2017-07-04 15:00:00,116.96,86.0
2017-07-04 16:00:00,116.42,86.0
2017-07-04 17:00:00,117.71,84.9
2017-07-04 18:00:00,79.31,84.9
2017-07-04 19:00:00,26.56,82.9
2017-07-04 20:00:00,26.22,82.0
2017-07-04 21:00:00,25.92,80.1
2017-07-04 22:00:00,27.83,79.0
2017-07-04 23:00:00,26.48,79.0
2017-07-05 00:00:00,26.54,78.1
2017-07-05 01:00:00,27.81,73.0
2017-07-05 02:00:00,27.47,73.0
2017-07-05 03:00:00,26.1,75.9
2017-07-05 04:00:00,26.37,75.9
2017-07-05 05:00:00,26.96,75.9
2017-07-05 06:00:00,29.59,73.9
2017-07-05 07:00:00,113.32,75.0
2017-07-05 08:00:00,147.41,77.0
2017-07-05 09:00:00,171.91,77.0
2017-07-05 10:00:00,180.36,79.0
2017-07-05 11:00:00,183.49,80.1
2017-07-05 12:00:00,182.44,82.9
2017-07-05 13:00:00,183.94,87.1
2017-07-05 14:00:00,180.4,88.0
2017-07-05 15:00:00,177.77,89.1
2017-07-05 16:00:00,177.98,91.0
2017-07-05 17:00:00,164.83,90.0
2017-07-05 18:00:00,104.51,90.0
2017-07-05 19:00:00,39.29,89.1
2017-07-05 20:00:00,34.86,88.0
2017-07-05 21:00:00,31.71,86.0
2017-07-05 22:00:00,30.49,82.9
2017-07-05 23:00:00,29.14,82.0
2017-07-06 00:00:00,30.54,81.0
2017-07-06 01:00:00,30.8,80.1
2017-07-06 02:00:00,30.11,78.1
2017-07-06 03:00:00,29.24,77.0
2017-07-06 04:00:00,27.91,77.0
2017-07-06 05:00:00,28.46,77.0
2017-07-06 06:00:00,31.05,75.9
2017-07-06 07:00:00,116.02,75.9
2017-07-06 08:00:00,144.09,77.0
2017-07-06 09:00:00,170.94,78.1
2017-07-06 10:00:00,179.08,81.0
2017-07-06 11:00:00,185.55,84.9
2017-07-06 12:00:00,184.93,88.0
2017-07-06 13:00:00,186.45,90.0
2017-07-06 14:00:00,179.0,91.9
2017-07-06 15:00:00,184.03,93.0
2017-07-06 16:00:00,177.31,91.0
2017-07-06 17:00:00,172.11,93.0
2017-07-06 18:00:00,111.69,90.0
2017-07-06 19:00:00,48.13,88.0
2017-07-06 20:00:00,39.23,86.0
2017-07-06 21:00:00,38.93,84.9
2017-07-06 22:00:00,37.21,81.0
2017-07-06 23:00:00,31.88,78.1
2017-07-07 00:00:00,33.01,75.9
2017-07-07 01:00:00,32.32,73.0
2017-07-07 02:00:00,28.79,71.1
2017-07-07 03:00:00,27.47,70.0
2017-07-07 04:00:00,27.88,69.1
2017-07-07 05:00:00,27.0,68.0
2017-07-07 06:00:00,30.18,69.1
2017-07-07 07:00:00,115.96,72.0
2017-07-07 08:00:00,141.9,73.9
2017-07-07 09:00:00,158.73,77.0
2017-07-07 10:00:00,177.8,79.0
2017-07-07 11:00:00,179.21,80.1
2017-07-07 12:00:00,176.9,82.0
2017-07-07 13:00:00,178.07,84.0
2017-07-07 14:00:00,174.3,82.0
2017-07-07 15:00:00,175.28,81.0
2017-07-07 16:00:00,166.59,81.0
2017-07-07 17:00:00,157.28,80.1
2017-07-07 18:00:00,102.41,77.0
2017-07-07 19:00:00,39.83,73.9
2017-07-07 20:00:00,29.17,73.0
2017-07-07 21:00:00,27.26,72.0
2017-07-07 22:00:00,29.14,69.1
2017-07-07 23:00:00,28.87,68.0
2017-07-08 00:00:00,27.43,66.0
2017-07-08 01:00:00,28.9,66.0
2017-07-08 02:00:00,27.35,64.9
2017-07-08 03:00:00,26.52,64.0
2017-07-08 04:00:00,26.41,63.0
2017-07-08 05:00:00,26.22,63.0
2017-07-08 06:00:00,26.52,66.0
2017-07-08 07:00:00,27.69,66.9
2017-07-08 08:00:00,28.21,71.1
2017-07-08 09:00:00,27.35,73.0
2017-07-08 10:00:00,26.81,75.9
2017-07-08 11:00:00,27.2,77.0
2017-07-08 12:00:00,27.47,78.1
2017-07-08 13:00:00,27.14,81.0
2017-07-08 14:00:00,26.94,82.9
2017-07-08 15:00:00,27.16,84.0
2017-07-08 16:00:00,27.61,84.9
2017-07-08 17:00:00,25.8,84.0
2017-07-08 18:00:00,25.9,80.1
2017-07-08 19:00:00,25.9,80.1
2017-07-08 20:00:00,25.18,79.0
2017-07-08 21:00:00,25.32,77.0
2017-07-08 22:00:00,26.07,75.0
2017-07-08 23:00:00,25.7,73.9
2017-07-09 00:00:00,25.22,72.0
2017-07-09 01:00:00,26.76,69.1
2017-07-09 02:00:00,26.48,68.0
2017-07-09 03:00:00,25.66,68.0
2017-07-09 04:00:00,25.46,66.9
2017-07-09 05:00:00,25.42,68.0
2017-07-09 06:00:00,25.45,69.1
2017-07-09 07:00:00,25.8,70.0
2017-07-09 08:00:00,26.2,73.9
2017-07-09 09:00:00,26.45,73.0
2017-07-09 10:00:00,25.08,73.0
2017-07-09 11:00:00,25.64,75.0
2017-07-09 12:00:00,25.72,78.1
2017-07-09 13:00:00,27.02,79.0
2017-07-09 14:00:00,27.42,80.1
2017-07-09 15:00:00,26.8,84.0
2017-07-09 16:00:00,26.97,84.0
2017-07-09 17:00:00,27.13,82.9
2017-07-09 18:00:00,27.12,82.9
2017-07-09 19:00:00,27.55,82.0
2017-07-09 20:00:00,27.15,79.0
2017-07-09 21:00:00,26.28,72.0
2017-07-09 22:00:00,27.08,71.1
2017-07-09 23:00:00,24.96,71.1
2017-07-10 00:00:00,25.56,70.0
2017-07-10 01:00:00,26.42,70.0
2017-07-10 02:00:00,26.32,69.1
2017-07-10 03:00:00,25.58,69.1
2017-07-10 04:00:00,25.5,69.1
2017-07-10 05:00:00,25.62,69.1
2017-07-10 06:00:00,56.23,70.0
2017-07-10 07:00:00,121.19,70.0
2017-07-10 08:00:00,146.34,72.0
2017-07-10 09:00:00,173.87,73.0
2017-07-10 10:00:00,185.2,75.9
2017-07-10 11:00:00,186.85,78.1
2017-07-10 12:00:00,181.58,81.0
2017-07-10 13:00:00,181.29,82.9
2017-07-10 14:00:00,184.68,82.9
2017-07-10 15:00:00,182.93,84.9
2017-07-10 16:00:00,176.03,84.9
2017-07-10 17:00:00,168.5,84.0
2017-07-10 18:00:00,106.04,82.9
2017-07-10 19:00:00,40.99,82.0
2017-07-10 20:00:00,37.09,80.1
2017-07-10 21:00:00,30.74,79.0
2017-07-10 22:00:00,32.19,75.9
2017-07-10 23:00:00,32.27,73.9
2017-07-11 00:00:00,28.98,73.0
2017-07-11 01:00:00,35.88,71.1
2017-07-11 02:00:00,85.8,69.1
2017-07-11 03:00:00,85.78,66.9
2017-07-11 04:00:00,86.34,68.0
2017-07-11 05:00:00,87.04,66.9
2017-07-11 06:00:00,62.36,71.1
2017-07-11 07:00:00,114.21,73.0
2017-07-11 08:00:00,147.22,75.9
2017-07-11 09:00:00,171.37,79.0
2017-07-11 10:00:00,180.43,81.0
2017-07-11 11:00:00,190.29,80.1
2017-07-11 12:00:00,189.92,80.1
2017-07-11 13:00:00,188.21,82.0
2017-07-11 14:00:00,182.88,84.0
2017-07-11 15:00:00,184.26,84.0
2017-07-11 16:00:00,175.46,86.0
2017-07-11 17:00:00,163.19,86.0
2017-07-11 18:00:00,102.9,84.9
2017-07-11 19:00:00,38.33,82.9
2017-07-11 20:00:00,34.04,82.0
2017-07-11 21:00:00,28.39,80.1
2017-07-11 22:00:00,30.08,78.1
2017-07-11 23:00:00,69.5,78.1
2017-07-12 00:00:00,121.91,78.1
2017-07-12 01:00:00,124.5,77.0
2017-07-12 02:00:00,121.87,77.0
2017-07-12 03:00:00,119.59,70.0
2017-07-12 04:00:00,120.25,71.1
2017-07-12 05:00:00,120.34,70.0
2017-07-12 06:00:00,113.73,71.1
2017-07-12 07:00:00,115.98,75.0
2017-07-12 08:00:00,159.53,77.0
2017-07-12 09:00:00,162.59,82.0
2017-07-12 10:00:00,186.57,86.0
2017-07-12 11:00:00,187.14,84.0
2017-07-12 12:00:00,199.28,88.0
2017-07-12 13:00:00,177.02,88.0
2017-07-12 14:00:00,184.31,88.0
2017-07-12 15:00:00,181.7,87.1
2017-07-12 16:00:00,177.09,86.0
2017-07-12 17:00:00,167.86,84.0
2017-07-12 18:00:00,103.95,79.0
2017-07-12 19:00:00,41.43,75.9
2017-07-12 20:00:00,36.88,73.0
2017-07-12 21:00:00,32.26,73.0
2017-07-12 22:00:00,33.14,72.0
2017-07-12 23:00:00,32.99,71.1
2017-07-13 00:00:00,30.98,71.1
2017-07-13 01:00:00,33.28,70.0
2017-07-13 02:00:00,30.48,69.1
2017-07-13 03:00:00,31.08,66.9
2017-07-13 04:00:00,29.93,63.0
2017-07-13 05:00:00,31.47,60.1
2017-07-13 06:00:00,32.58,59.0
2017-07-13 07:00:00,119.66,59.0
2017-07-13 08:00:00,150.75,60.1
2017-07-13 09:00:00,175.15,62.1
2017-07-13 10:00:00,185.32,63.0
2017-07-13 11:00:00,191.67,66.9
2017-07-13 12:00:00,194.76,70.0
2017-07-13 13:00:00,190.46,71.1
2017-07-13 14:00:00,185.37,69.1
2017-07-13 15:00:00,189.57,68.0
2017-07-13 16:00:00,182.72,66.9
2017-07-13 17:00:00,166.68,66.9
2017-07-13 18:00:00,108.6,66.9
2017-07-13 19:00:00,45.43,66.0
2017-07-13 20:00:00,38.96,64.9
2017-07-13 21:00:00,37.11,64.0
2017-07-13 22:00:00,37.34,63.0
2017-07-13 23:00:00,81.94,63.0
2017-07-14 00:00:00,91.59,62.1
2017-07-14 01:00:00,91.23,62.1
2017-07-14 02:00:00,88.64,62.1
2017-07-14 03:00:00,90.38,61.0
2017-07-14 04:00:00,89.09,60.1
2017-07-14 05:00:00,88.67,60.1
2017-07-14 06:00:00,58.18,62.1
2017-07-14 07:00:00,117.56,62.1
2017-07-14 08:00:00,150.84,64.9
2017-07-14 09:00:00,173.64,66.0
2017-07-14 10:00:00,184.55,68.0
2017-07-14 11:00:00,186.29,69.1
2017-07-14 12:00:00,184.69,73.9
2017-07-14 13:00:00,179.58,72.0
2017-07-14 14:00:00,179.52,73.9
2017-07-14 15:00:00,175.89,77.0
2017-07-14 16:00:00,170.7,75.9
2017-07-14 17:00:00,159.07,75.9
2017-07-14 18:00:00,102.84,75.0
2017-07-14 19:00:00,36.59,73.9
2017-07-14 20:00:00,30.44,72.0
2017-07-14 21:00:00,28.71,72.0
2017-07-14 22:00:00,28.94,70.0
2017-07-14 23:00:00,29.16,68.0
2017-07-15 00:00:00,28.01,66.9
2017-07-15 01:00:00,27.75,66.0
2017-07-15 02:00:00,26.43,64.0
2017-07-15 03:00:00,25.66,63.0
2017-07-15 04:00:00,25.5,64.9
2017-07-15 05:00:00,24.85,64.9
2017-07-15 06:00:00,24.93,68.0
2017-07-15 07:00:00,25.11,70.0
2017-07-15 08:00:00,25.81,73.9
2017-07-15 09:00:00,26.67,78.1
2017-07-15 10:00:00,25.53,82.0
2017-07-15 11:00:00,26.42,86.0
2017-07-15 12:00:00,26.49,89.1
2017-07-15 13:00:00,26.47,90.0
2017-07-15 14:00:00,26.49,93.0
2017-07-15 15:00:00,25.8,93.0
2017-07-15 16:00:00,25.54,93.9
2017-07-15 17:00:00,24.88,91.9
2017-07-15 18:00:00,26.42,90.0
2017-07-15 19:00:00,24.76,84.9
2017-07-15 20:00:00,25.93,82.0
2017-07-15 21:00:00,24.91,81.0
2017-07-15 22:00:00,25.68,78.1
2017-07-15 23:00:00,25.5,75.9
2017-07-16 00:00:00,25.21,73.9
2017-07-16 01:00:00,27.01,72.0
2017-07-16 02:00:00,26.27,71.1
2017-07-16 03:00:00,25.29,69.1
2017-07-16 04:00:00,25.23,68.0
2017-07-16 05:00:00,24.53,68.0
2017-07-16 06:00:00,24.98,69.1
2017-07-16 07:00:00,25.43,70.0
2017-07-16 08:00:00,25.18,73.9
2017-07-16 09:00:00,26.01,77.0
2017-07-16 10:00:00,26.14,81.0
2017-07-16 11:00:00,26.54,80.1
2017-07-16 12:00:00,25.99,82.0
2017-07-16 13:00:00,26.33,82.9
2017-07-16 14:00:00,25.84,84.0
2017-07-16 15:00:00,25.72,84.9
2017-07-16 16:00:00,26.92,86.0
2017-07-16 17:00:00,26.28,84.9
2017-07-16 18:00:00,25.65,82.9
2017-07-16 19:00:00,25.97,81.0
2017-07-16 20:00:00,25.6,78.1
2017-07-16 21:00:00,26.08,77.0
2017-07-16 22:00:00,28.04,73.9
2017-07-16 23:00:00,27.84,73.0
2017-07-17 00:00:00,28.29,72.0
2017-07-17 01:00:00,59.03,71.1
2017-07-17 02:00:00,84.32,69.1
2017-07-17 03:00:00,85.37,68.0
2017-07-17 04:00:00,85.97,69.1
2017-07-17 05:00:00,86.07,69.1
2017-07-17 06:00:00,97.7,71.1
2017-07-17 07:00:00,121.9,73.9
2017-07-17 08:00:00,145.41,75.9
2017-07-17 09:00:00,174.59,78.1
2017-07-17 10:00:00,188.23,82.0
2017-07-17 11:00:00,190.24,84.0
2017-07-17 12:00:00,185.89,87.1
2017-07-17 13:00:00,186.29,89.1
2017-07-17 14:00:00,186.64,91.0
2017-07-17 15:00:00,182.72,90.0
2017-07-17 16:00:00,176.73,90.0
2017-07-17 17:00:00,167.16,89.1
2017-07-17 18:00:00,106.32,88.0
2017-07-17 19:00:00,42.16,87.1
2017-07-17 20:00:00,35.9,84.0
2017-07-17 21:00:00,29.72,75.9
2017-07-17 22:00:00,30.5,70.0
2017-07-17 23:00:00,29.78,69.1
2017-07-18 00:00:00,29.89,70.0
2017-07-18 01:00:00,30.56,70.0
2017-07-18 02:00:00,28.27,71.1
2017-07-18 03:00:00,27.83,71.1
2017-07-18 04:00:00,27.47,73.0
2017-07-18 05:00:00,26.96,73.9
2017-07-18 06:00:00,29.91,75.0
2017-07-18 07:00:00,117.33,77.0
2017-07-18 08:00:00,148.76,77.0
2017-07-18 09:00:00,180.55,75.9
2017-07-18 10:00:00,188.7,78.1
2017-07-18 11:00:00,189.41,82.0
2017-07-18 12:00:00,197.95,79.0
2017-07-18 13:00:00,195.63,79.0
2017-07-18 14:00:00,189.77,77.0
2017-07-18 15:00:00,189.88,80.1
2017-07-18 16:00:00,182.96,79.0
2017-07-18 17:00:00,167.83,79.0
2017-07-18 18:00:00,104.47,79.0
2017-07-18 19:00:00,41.15,78.1
2017-07-18 20:00:00,37.82,73.9
2017-07-18 21:00:00,29.9,73.9
2017-07-18 22:00:00,32.33,71.1
2017-07-18 23:00:00,27.81,68.0
2017-07-19 00:00:00,28.98,66.9
2017-07-19 01:00:00,29.2,66.9
2017-07-19 02:00:00,27.54,64.9
2017-07-19 03:00:00,26.56,64.0
2017-07-19 04:00:00,26.49,62.1
2017-07-19 05:00:00,26.58,64.9
2017-07-19 06:00:00,27.44,66.0
2017-07-19 07:00:00,113.42,69.1
2017-07-19 08:00:00,148.74,73.9
2017-07-19 09:00:00,172.5,75.9
2017-07-19 10:00:00,184.63,79.0
2017-07-19 11:00:00,185.41,81.0
2017-07-19 12:00:00,191.81,82.0
2017-07-19 13:00:00,188.22,82.0
2017-07-19 14:00:00,184.1,80.1
2017-07-19 15:00:00,183.8,66.9
2017-07-19 16:00:00,182.65,68.0
2017-07-19 17:00:00,167.45,68.0
2017-07-19 18:00:00,107.64,71.1
2017-07-19 19:00:00,45.79,72.0
2017-07-19 20:00:00,39.17,72.0
2017-07-19 21:00:00,33.01,72.0
2017-07-19 22:00:00,33.99,69.1
2017-07-19 23:00:00,36.51,70.0
2017-07-20 00:00:00,34.84,70.0
2017-07-20 01:00:00,32.51,70.0
2017-07-20 02:00:00,30.32,70.0
2017-07-20 03:00:00,29.45,69.1
2017-07-20 04:00:00,28.79,69.1
2017-07-20 05:00:00,29.49,68.0
2017-07-20 06:00:00,29.88,70.0
2017-07-20 07:00:00,113.69,72.0
2017-07-20 08:00:00,146.84,73.9
2017-07-20 09:00:00,172.02,75.0
2017-07-20 10:00:00,182.92,79.0
2017-07-20 11:00:00,185.26,81.0
2017-07-20 12:00:00,192.99,81.0
2017-07-20 13:00:00,193.8,82.9
2017-07-20 14:00:00,187.49,84.9
2017-07-20 15:00:00,184.42,88.0
2017-07-20 16:00:00,175.59,88.0
2017-07-20 17:00:00,162.95,88.0
2017-07-20 18:00:00,106.83,88.0
2017-07-20 19:00:00,43.72,86.0
2017-07-20 20:00:00,37.41,84.9
2017-07-20 21:00:00,35.3,80.1
2017-07-20 22:00:00,34.79,78.1
2017-07-20 23:00:00,33.81,75.9
2017-07-21 00:00:00,31.92,75.0
2017-07-21 01:00:00,34.12,73.0
2017-07-21 02:00:00,30.67,70.0
2017-07-21 03:00:00,29.66,70.0
2017-07-21 04:00:00,29.85,70.0
2017-07-21 05:00:00,30.16,71.1
2017-07-21 06:00:00,31.53,72.0
2017-07-21 07:00:00,111.32,73.0
2017-07-21 08:00:00,144.77,73.0
2017-07-21 09:00:00,168.69,73.0
2017-07-21 10:00:00,179.95,73.9
2017-07-21 11:00:00,180.92,73.9
2017-07-21 12:00:00,184.24,75.0
2017-07-21 13:00:00,177.63,77.0
2017-07-21 14:00:00,173.57,80.1
2017-07-21 15:00:00,175.7,82.0
2017-07-21 16:00:00,169.7,82.0
2017-07-21 17:00:00,156.53,82.9
2017-07-21 18:00:00,100.19,81.0
2017-07-21 19:00:00,36.35,80.1
2017-07-21 20:00:00,32.66,79.0
2017-07-21 21:00:00,29.25,78.1
2017-07-21 22:00:00,29.86,75.9
2017-07-21 23:00:00,28.86,75.9
2017-07-22 00:00:00,27.99,72.0
2017-07-22 01:00:00,29.02,71.1
2017-07-22 02:00:00,26.8,72.0
2017-07-22 03:00:00,25.38,72.0
2017-07-22 04:00:00,25.23,72.0
2017-07-22 05:00:00,25.02,71.1
2017-07-22 06:00:00,25.1,71.1
2017-07-22 07:00:00,26.13,72.0
2017-07-22 08:00:00,25.54,73.9
2017-07-22 09:00:00,25.46,79.0
2017-07-22 10:00:00,25.06,81.0
2017-07-22 11:00:00,25.96,84.0
2017-07-22 12:00:00,26.28,86.0
2017-07-22 13:00:00,27.16,87.1
2017-07-22 14:00:00,27.58,88.0
2017-07-22 15:00:00,26.8,89.1
2017-07-22 16:00:00,26.75,90.0
2017-07-22 17:00:00,27.14,89.1
2017-07-22 18:00:00,26.42,87.1
2017-07-22 19:00:00,25.89,84.9
2017-07-22 20:00:00,24.66,82.9
2017-07-22 21:00:00,24.92,80.1
2017-07-22 22:00:00,25.65,79.0
2017-07-22 23:00:00,25.5,75.0
2017-07-23 00:00:00,25.46,72.0
2017-07-23 01:00:00,26.55,72.0
2017-07-23 02:00:00,26.45,72.0
2017-07-23 03:00:00,25.3,73.0
2017-07-23 04:00:00,25.55,71.1
2017-07-23 05:00:00,24.93,70.0
2017-07-23 06:00:00,25.19,69.1
2017-07-23 07:00:00,25.48,70.0
2017-07-23 08:00:00,25.7,72.0
2017-07-23 09:00:00,25.76,73.9
2017-07-23 10:00:00,26.57,73.9
2017-07-23 11:00:00,26.38,72.0
2017-07-23 12:00:00,25.17,73.9
2017-07-23 13:00:00,28.07,73.9
2017-07-23 14:00:00,26.24,75.0
2017-07-23 15:00:00,26.17,78.1
2017-07-23 16:00:00,26.47,78.1
2017-07-23 17:00:00,26.77,75.0
2017-07-23 18:00:00,25.1,73.9
2017-07-23 19:00:00,25.18,73.0
2017-07-23 20:00:00,24.88,71.1
2017-07-23 21:00:00,25.68,69.1
2017-07-23 22:00:00,26.34,66.9
2017-07-23 23:00:00,25.24,64.9
2017-07-24 00:00:00,25.02,64.0
2017-07-24 01:00:00,26.83,63.0
2017-07-24 02:00:00,26.81,62.1
2017-07-24 03:00:00,25.08,62.1
2017-07-24 04:00:00,25.46,61.0
2017-07-24 05:00:00,25.0,61.0
2017-07-24 06:00:00,55.11,62.1
2017-07-24 07:00:00,118.05,64.0
2017-07-24 08:00:00,148.83,66.0
2017-07-24 09:00:00,176.46,69.1
2017-07-24 10:00:00,176.09,71.1
2017-07-24 11:00:00,177.07,73.0
2017-07-24 12:00:00,187.01,73.0
2017-07-24 13:00:00,184.69,75.0
2017-07-24 14:00:00,183.35,75.9
2017-07-24 15:00:00,181.9,77.0
2017-07-24 16:00:00,174.72,78.1
2017-07-24 17:00:00,166.91,77.0
2017-07-24 18:00:00,101.64,75.9
2017-07-24 19:00:00,38.53,75.0
2017-07-24 20:00:00,30.99,73.0
2017-07-24 21:00:00,29.44,71.1
2017-07-24 22:00:00,29.75,70.0
2017-07-24 23:00:00,29.75,69.1
2017-07-25 00:00:00,28.03,68.0
2017-07-25 01:00:00,30.49,68.0
2017-07-25 02:00:00,30.49,68.0
2017-07-25 03:00:00,30.49,66.9
2017-07-25 04:00:00,27.96,68.0
2017-07-25 05:00:00,28.65,66.9
2017-07-25 06:00:00,30.39,68.0
2017-07-25 07:00:00,117.27,68.0
2017-07-25 08:00:00,147.91,69.1
2017-07-25 09:00:00,171.44,72.0
2017-07-25 10:00:00,180.23,77.0
2017-07-25 11:00:00,174.75,79.0
2017-07-25 12:00:00,190.9,78.1
2017-07-25 13:00:00,192.52,79.0
2017-07-25 14:00:00,190.34,81.0
2017-07-25 15:00:00,190.28,81.0
2017-07-25 16:00:00,179.25,82.0
2017-07-25 17:00:00,167.03,84.0
2017-07-25 18:00:00,103.51,80.1
2017-07-25 19:00:00,38.29,79.0
2017-07-25 20:00:00,30.44,79.0
2017-07-25 21:00:00,30.01,80.1
2017-07-25 22:00:00,27.69,79.0
2017-07-25 23:00:00,28.01,78.1
2017-07-26 00:00:00,28.1,77.0
2017-07-26 01:00:00,29.63,77.0
2017-07-26 02:00:00,27.58,75.9
2017-07-26 03:00:00,26.78,75.0
2017-07-26 04:00:00,26.77,73.0
2017-07-26 05:00:00,26.29,73.0
2017-07-26 06:00:00,30.18,73.0
2017-07-26 07:00:00,114.11,72.0
2017-07-26 08:00:00,147.24,72.0
2017-07-26 09:00:00,177.84,73.0
2017-07-26 10:00:00,188.34,73.9
2017-07-26 11:00:00,185.31,75.0
2017-07-26 12:00:00,179.99,78.1
2017-07-26 13:00:00,173.89,82.0
2017-07-26 14:00:00,178.92,81.0
2017-07-26 15:00:00,179.72,84.0
2017-07-26 16:00:00,172.41,84.0
2017-07-26 17:00:00,155.17,84.0
2017-07-26 18:00:00,100.91,82.0
2017-07-26 19:00:00,39.67,80.1
2017-07-26 20:00:00,29.37,77.0
2017-07-26 21:00:00,28.42,77.0
2017-07-26 22:00:00,30.79,75.0
2017-07-26 23:00:00,31.66,71.1
2017-07-27 00:00:00,29.36,69.1
2017-07-27 01:00:00,29.33,70.0
2017-07-27 02:00:00,27.92,69.1
2017-07-27 03:00:00,27.32,68.0
2017-07-27 04:00:00,26.05,68.0
2017-07-27 05:00:00,26.08,66.9
2017-07-27 06:00:00,28.26,68.0
2017-07-27 07:00:00,104.35,71.1
2017-07-27 08:00:00,132.59,75.0
2017-07-27 09:00:00,157.93,78.1
2017-07-27 10:00:00,171.28,80.1
2017-07-27 11:00:00,174.37,82.0
2017-07-27 12:00:00,176.63,84.0
2017-07-27 13:00:00,170.85,84.0
2017-07-27 14:00:00,166.18,84.0
2017-07-27 15:00:00,174.15,82.9
2017-07-27 16:00:00,171.54,84.9
2017-07-27 17:00:00,153.64,84.0
2017-07-27 18:00:00,101.21,82.9
2017-07-27 19:00:00,40.08,82.0
2017-07-27 20:00:00,35.44,78.1
2017-07-27 21:00:00,35.77,75.9
2017-07-27 22:00:00,32.14,73.9
2017-07-27 23:00:00,29.86,73.9
2017-07-28 00:00:00,28.12,71.1
2017-07-28 01:00:00,29.93,70.0
2017-07-28 02:00:00,28.38,69.1
2017-07-28 03:00:00,27.66,68.0
2017-07-28 04:00:00,27.02,66.0
2017-07-28 05:00:00,26.66,66.0
2017-07-28 06:00:00,28.64,66.9
2017-07-28 07:00:00,104.47,70.0
2017-07-28 08:00:00,134.58,73.0
2017-07-28 09:00:00,158.01,75.9
2017-07-28 10:00:00,168.5,80.1
2017-07-28 11:00:00,167.58,80.1
2017-07-28 12:00:00,167.43,82.0
2017-07-28 13:00:00,165.35,82.0
2017-07-28 14:00:00,163.46,82.0
2017-07-28 15:00:00,163.74,82.9
2017-07-28 16:00:00,157.95,82.0
2017-07-28 17:00:00,141.09,81.0
2017-07-28 18:00:00,93.57,81.0
2017-07-28 19:00:00,37.21,80.1
2017-07-28 20:00:00,31.14,77.0
2017-07-28 21:00:00,30.59,73.9
2017-07-28 22:00:00,30.85,73.9
2017-07-28 23:00:00,28.58,71.1
2017-07-29 00:00:00,27.28,71.1
2017-07-29 01:00:00,29.17,68.0
2017-07-29 02:00:00,27.58,69.1
2017-07-29 03:00:00,26.16,66.9
2017-07-29 04:00:00,26.29,64.9
2017-07-29 05:00:00,26.1,64.9
2017-07-29 06:00:00,26.07,66.9
2017-07-29 07:00:00,26.35,71.1
2017-07-29 08:00:00,26.62,73.9
2017-07-29 09:00:00,26.29,78.1
2017-07-29 10:00:00,26.66,79.0
2017-07-29 11:00:00,27.67,81.0
2017-07-29 12:00:00,28.29,82.9
2017-07-29 13:00:00,28.46,81.0
2017-07-29 14:00:00,27.0,82.9
2017-07-29 15:00:00,28.32,84.0
2017-07-29 16:00:00,27.13,82.9
2017-07-29 17:00:00,25.89,82.9
2017-07-29 18:00:00,27.27,82.0
2017-07-29 19:00:00,26.13,81.0
2017-07-29 20:00:00,26.38,80.1
2017-07-29 21:00:00,26.38,77.0
2017-07-29 22:00:00,26.38,75.0
2017-07-29 23:00:00,26.19,75.9
2017-07-30 00:00:00,26.2,71.1
2017-07-30 01:00:00,27.09,70.0
2017-07-30 02:00:00,27.06,68.0
2017-07-30 03:00:00,26.26,68.0
2017-07-30 04:00:00,25.91,66.0
2017-07-30 05:00:00,25.92,68.0
2017-07-30 06:00:00,26.12,69.1
2017-07-30 07:00:00,26.03,72.0
2017-07-30 08:00:00,26.93,75.0
2017-07-30 09:00:00,26.38,78.1
2017-07-30 10:00:00,25.92,80.1
2017-07-30 11:00:00,25.99,82.0
2017-07-30 12:00:00,26.53,82.9
2017-07-30 13:00:00,26.37,82.9
2017-07-30 14:00:00,26.49,84.0
2017-07-30 15:00:00,27.2,84.9
2017-07-30 16:00:00,28.97,84.0
2017-07-30 17:00:00,28.62,84.0
2017-07-30 18:00:00,29.37,82.9
2017-07-30 19:00:00,28.7,82.0
2017-07-30 20:00:00,26.51,81.0
2017-07-30 21:00:00,27.12,78.1
2017-07-30 22:00:00,28.06,78.1
2017-07-30 23:00:00,26.46,77.0
2017-07-31 00:00:00,26.47,73.0
2017-07-31 01:00:00,27.64,73.0
2017-07-31 02:00:00,27.75,72.0
2017-07-31 03:00:00,8.06,72.0
2017-07-31 04:00:00,43.94,71.1
2017-07-31 05:00:00,79.81,71.1
2017-07-31 06:00:00,115.68,70.0
2017-07-31 07:00:00,104.5,73.9
2017-07-31 08:00:00,135.19,78.1
2017-07-31 09:00:00,165.16,79.0
2017-07-31 10:00:00,176.06,81.0
2017-07-31 11:00:00,180.07,82.9
2017-07-31 12:00:00,180.19,84.0
2017-07-31 13:00:00,176.06,82.9
2017-07-31 14:00:00,178.29,84.0
2017-07-31 15:00:00,177.47,82.9
2017-07-31 16:00:00,171.0,82.9
2017-07-31 17:00:00,164.69,82.0
2017-07-31 18:00:00,103.13,81.0
2017-07-31 19:00:00,39.52,81.0
2017-07-31 20:00:00,32.3,80.1
2017-07-31 21:00:00,31.36,79.0
2017-07-31 22:00:00,33.31,77.0
2017-07-31 23:00:00,29.72,73.9
2017-08-01 00:00:00,30.07,73.9
2017-08-01 01:00:00,30.86,72.0
2017-08-01 02:00:00,29.32,71.1
2017-08-01 03:00:00,6.18,70.0
2017-08-01 04:00:00,40.14,69.1
2017-08-01 05:00:00,74.09,66.9
2017-08-01 06:00:00,108.04,68.0
2017-08-01 07:00:00,107.12,70.0
2017-08-01 08:00:00,140.73,72.0
2017-08-01 09:00:00,171.44,73.9
2017-08-01 10:00:00,191.47,79.0
2017-08-01 11:00:00,190.44,82.0
2017-08-01 12:00:00,196.06,84.9
2017-08-01 13:00:00,192.75,84.9
2017-08-01 14:00:00,191.67,86.0
2017-08-01 15:00:00,186.73,88.0
2017-08-01 16:00:00,183.36,88.0
2017-08-01 17:00:00,171.84,87.1
2017-08-01 18:00:00,105.28,84.0
2017-08-01 19:00:00,40.18,82.0
2017-08-01 20:00:00,35.09,79.0
2017-08-01 21:00:00,30.52,78.1
2017-08-01 22:00:00,31.49,77.0
2017-08-01 23:00:00,31.64,73.9
2017-08-02 00:00:00,30.69,73.9
2017-08-02 01:00:00,31.56,73.0
2017-08-02 02:00:00,29.74,71.1
2017-08-02 03:00:00,6.21,70.0
2017-08-02 04:00:00,40.53,70.0
2017-08-02 05:00:00,74.85,68.0
2017-08-02 06:00:00,109.17,66.9
2017-08-02 07:00:00,116.7,69.1
2017-08-02 08:00:00,149.94,73.0
2017-08-02 09:00:00,174.67,75.0
2017-08-02 10:00:00,187.44,78.1
2017-08-02 11:00:00,185.34,81.0
2017-08-02 12:00:00,187.79,81.0
2017-08-02 13:00:00,185.55,80.1
2017-08-02 14:00:00,184.66,82.0
2017-08-02 15:00:00,182.07,82.9
2017-08-02 16:00:00,175.74,80.1
2017-08-02 17:00:00,166.48,80.1
2017-08-02 18:00:00,111.17,79.0
2017-08-02 19:00:00,41.87,75.9
2017-08-02 20:00:00,40.1,73.9
2017-08-02 21:00:00,33.6,72.0
2017-08-02 22:00:00,47.38,70.0
2017-08-02 23:00:00,91.58,69.1
2017-08-03 00:00:00,88.76,68.0
2017-08-03 01:00:00,90.73,66.0
2017-08-03 02:00:00,88.43,66.0
2017-08-03 03:00:00,18.95,64.9
2017-08-03 04:00:00,122.12,66.0
2017-08-03 05:00:00,225.28,66.0
2017-08-03 06:00:00,328.44,64.9
2017-08-03 07:00:00,115.86,60.1
2017-08-03 08:00:00,149.52,59.0
2017-08-03 09:00:00,171.35,57.9
2017-08-03 10:00:00,182.13,57.0
2017-08-03 11:00:00,184.91,55.0
2017-08-03 12:00:00,190.07,55.9
2017-08-03 13:00:00,188.03,55.9
2017-08-03 14:00:00,187.29,57.0
2017-08-03 15:00:00,183.27,57.0
2017-08-03 16:00:00,182.03,59.0
2017-08-03 17:00:00,167.63,55.9
2017-08-03 18:00:00,111.04,57.0
2017-08-03 19:00:00,41.7,57.0
2017-08-03 20:00:00,31.25,57.0
2017-08-03 21:00:00,30.73,55.9
2017-08-03 22:00:00,29.43,55.0
2017-08-03 23:00:00,32.29,54.0
2017-08-04 00:00:00,34.31,54.0
2017-08-04 01:00:00,36.9,55.0
2017-08-04 02:00:00,36.82,55.9
2017-08-04 03:00:00,34.09,55.0
2017-08-04 04:00:00,32.26,55.0
2017-08-04 05:00:00,31.14,55.0
2017-08-04 06:00:00,30.91,55.0
2017-08-04 07:00:00,116.76,57.0
2017-08-04 08:00:00,150.28,62.1
2017-08-04 09:00:00,171.36,64.9
2017-08-04 10:00:00,177.31,69.1
2017-08-04 11:00:00,178.32,72.0
2017-08-04 12:00:00,177.71,75.0
2017-08-04 13:00:00,173.86,77.0
2017-08-04 14:00:00,173.43,73.9
2017-08-04 15:00:00,174.07,75.0
2017-08-04 16:00:00,167.6,78.1
2017-08-04 17:00:00,158.8,77.0
2017-08-04 18:00:00,97.02,77.0
2017-08-04 19:00:00,34.72,73.0
2017-08-04 20:00:00,33.21,71.1
2017-08-04 21:00:00,29.07,70.0
2017-08-04 22:00:00,28.59,68.0
2017-08-04 23:00:00,27.43,66.0
2017-08-05 00:00:00,25.67,63.0
2017-08-05 01:00:00,27.78,64.0
2017-08-05 02:00:00,26.55,61.0
2017-08-05 03:00:00,25.31,61.0
2017-08-05 04:00:00,24.99,60.1
2017-08-05 05:00:00,24.92,57.9
2017-08-05 06:00:00,24.81,60.1
2017-08-05 07:00:00,25.41,61.0
2017-08-05 08:00:00,28.36,64.9
2017-08-05 09:00:00,27.24,68.0
2017-08-05 10:00:00,26.75,70.0
2017-08-05 11:00:00,27.18,73.0
2017-08-05 12:00:00,27.67,77.0
2017-08-05 13:00:00,25.6,75.9
2017-08-05 14:00:00,26.47,75.9
2017-08-05 15:00:00,25.31,73.0
2017-08-05 16:00:00,26.22,75.0
2017-08-05 17:00:00,25.66,66.0
2017-08-05 18:00:00,25.78,64.9
2017-08-05 19:00:00,25.2,66.9
2017-08-05 20:00:00,24.8,68.0
2017-08-05 21:00:00,24.97,64.9
2017-08-05 22:00:00,24.79,66.0
2017-08-05 23:00:00,24.64,64.0
2017-08-06 00:00:00,25.0,62.1
2017-08-06 01:00:00,26.32,64.0
2017-08-06 02:00:00,26.13,64.0
2017-08-06 03:00:00,24.42,64.0
2017-08-06 04:00:00,24.79,63.0
2017-08-06 05:00:00,23.86,64.0
2017-08-06 06:00:00,24.01,64.0
2017-08-06 07:00:00,25.96,64.9
2017-08-06 08:00:00,25.4,66.9
2017-08-06 09:00:00,24.92,69.1
2017-08-06 10:00:00,23.88,72.0
2017-08-06 11:00:00,24.54,75.0
2017-08-06 12:00:00,25.35,75.9
2017-08-06 13:00:00,25.3,71.1
2017-08-06 14:00:00,26.69,69.1
2017-08-06 15:00:00,26.54,69.1
2017-08-06 16:00:00,25.88,70.0
2017-08-06 17:00:00,25.52,70.0
2017-08-06 18:00:00,25.88,69.1
2017-08-06 19:00:00,25.92,66.0
2017-08-06 20:00:00,25.92,64.0
2017-08-06 21:00:00,25.02,64.0
2017-08-06 22:00:00,32.03,63.0
2017-08-06 23:00:00,60.16,63.0
2017-08-07 00:00:00,60.09,62.1
2017-08-07 01:00:00,62.44,61.0
2017-08-07 02:00:00,60.85,60.1
2017-08-07 03:00:00,60.02,60.1
2017-08-07 04:00:00,59.98,57.0
2017-08-07 05:00:00,59.41,57.9
2017-08-07 06:00:00,60.33,59.0
2017-08-07 07:00:00,124.89,62.1
2017-08-07 08:00:00,151.3,64.9
2017-08-07 09:00:00,176.76,68.0
2017-08-07 10:00:00,187.47,72.0
2017-08-07 11:00:00,185.93,73.9
2017-08-07 12:00:00,188.76,78.1
2017-08-07 13:00:00,190.74,79.0
2017-08-07 14:00:00,186.05,77.0
2017-08-07 15:00:00,184.58,80.1
2017-08-07 16:00:00,179.74,81.0
2017-08-07 17:00:00,168.96,81.0
2017-08-07 18:00:00,107.67,78.1
2017-08-07 19:00:00,38.96,75.9
2017-08-07 20:00:00,35.87,75.9
2017-08-07 21:00:00,29.35,72.0
2017-08-07 22:00:00,80.78,70.0
2017-08-07 23:00:00,121.07,68.0
2017-08-08 00:00:00,121.08,68.0
2017-08-08 01:00:00,124.85,66.0
2017-08-08 02:00:00,120.9,66.0
2017-08-08 03:00:00,119.16,64.0
2017-08-08 04:00:00,119.65,63.0
2017-08-08 05:00:00,119.23,62.1
2017-08-08 06:00:00,122.76,62.1
2017-08-08 07:00:00,140.22,64.9
2017-08-08 08:00:00,153.53,70.0
2017-08-08 09:00:00,169.48,73.9
2017-08-08 10:00:00,182.19,75.9
2017-08-08 11:00:00,185.32,79.0
2017-08-08 12:00:00,183.19,81.0
2017-08-08 13:00:00,181.78,80.1
2017-08-08 14:00:00,181.85,82.9
2017-08-08 15:00:00,176.44,82.9
2017-08-08 16:00:00,174.47,82.0
2017-08-08 17:00:00,165.07,81.0
2017-08-08 18:00:00,103.42,81.0
2017-08-08 19:00:00,35.95,79.0
2017-08-08 20:00:00,31.05,78.1
2017-08-08 21:00:00,29.55,75.0
2017-08-08 22:00:00,28.4,73.0
2017-08-08 23:00:00,28.36,72.0
2017-08-09 00:00:00,28.02,70.0
2017-08-09 01:00:00,29.38,70.0
2017-08-09 02:00:00,27.25,69.1
2017-08-09 03:00:00,27.09,68.0
2017-08-09 04:00:00,26.64,66.9
2017-08-09 05:00:00,26.66,66.0
2017-08-09 06:00:00,28.22,66.0
2017-08-09 07:00:00,118.21,66.0
2017-08-09 08:00:00,152.04,69.1
2017-08-09 09:00:00,175.14,66.9
2017-08-09 10:00:00,180.52,68.0
2017-08-09 11:00:00,180.88,69.1
2017-08-09 12:00:00,185.1,64.9
2017-08-09 13:00:00,185.71,66.0
2017-08-09 14:00:00,183.45,66.0
2017-08-09 15:00:00,182.21,66.9
2017-08-09 16:00:00,179.43,68.0
2017-08-09 17:00:00,165.52,66.0
2017-08-09 18:00:00,104.93,66.9
2017-08-09 19:00:00,38.1,66.9
2017-08-09 20:00:00,32.96,68.0
2017-08-09 21:00:00,30.29,66.9
2017-08-09 22:00:00,29.49,66.9
2017-08-09 23:00:00,27.09,66.9
2017-08-10 00:00:00,26.93,63.0
2017-08-10 01:00:00,29.23,62.1
2017-08-10 02:00:00,28.73,61.0
2017-08-10 03:00:00,27.77,61.0
2017-08-10 04:00:00,27.2,62.1
2017-08-10 05:00:00,26.86,62.1
2017-08-10 06:00:00,30.16,62.1
2017-08-10 07:00:00,118.84,62.1
2017-08-10 08:00:00,149.31,62.1
2017-08-10 09:00:00,172.99,64.9
2017-08-10 10:00:00,183.36,66.9
2017-08-10 11:00:00,185.47,72.0
2017-08-10 12:00:00,191.47,71.1
2017-08-10 13:00:00,186.48,72.0
2017-08-10 14:00:00,184.4,69.1
2017-08-10 15:00:00,186.13,71.1
2017-08-10 16:00:00,179.08,71.1
2017-08-10 17:00:00,171.06,72.0
2017-08-10 18:00:00,106.49,71.1
2017-08-10 19:00:00,43.48,69.1
2017-08-10 20:00:00,33.53,66.9
2017-08-10 21:00:00,31.66,66.0
2017-08-10 22:00:00,33.76,64.9
2017-08-10 23:00:00,31.88,63.0
2017-08-11 00:00:00,30.56,62.1
2017-08-11 01:00:00,29.76,61.0
2017-08-11 02:00:00,28.27,60.1
2017-08-11 03:00:00,27.1,59.0
2017-08-11 04:00:00,27.52,59.0
2017-08-11 05:00:00,27.11,59.0
2017-08-11 06:00:00,29.22,59.0
2017-08-11 07:00:00,115.78,60.1
2017-08-11 08:00:00,149.33,64.9
2017-08-11 09:00:00,170.85,69.1
2017-08-11 10:00:00,180.64,73.0
2017-08-11 11:00:00,185.51,73.9
2017-08-11 12:00:00,183.57,77.0
2017-08-11 13:00:00,177.91,75.9
2017-08-11 14:00:00,173.83,78.1
2017-08-11 15:00:00,174.81,77.0
2017-08-11 16:00:00,173.7,78.1
2017-08-11 17:00:00,157.69,75.9
2017-08-11 18:00:00,95.85,75.9
2017-08-11 19:00:00,36.66,75.0
2017-08-11 20:00:00,31.29,72.0
2017-08-11 21:00:00,28.18,68.0
2017-08-11 22:00:00,28.5,66.9
2017-08-11 23:00:00,29.16,66.9
2017-08-12 00:00:00,27.66,66.0
2017-08-12 01:00:00,28.7,64.9
2017-08-12 02:00:00,26.76,63.0
2017-08-12 03:00:00,25.68,62.1
2017-08-12 04:00:00,25.56,59.0
2017-08-12 05:00:00,25.5,57.9
2017-08-12 06:00:00,25.59,60.1
2017-08-12 07:00:00,26.22,64.9
2017-08-12 08:00:00,26.19,68.0
2017-08-12 09:00:00,26.31,71.1
2017-08-12 10:00:00,25.1,73.9
2017-08-12 11:00:00,26.43,75.9
2017-08-12 12:00:00,30.1,78.1
2017-08-12 13:00:00,27.2,77.0
2017-08-12 14:00:00,29.0,78.1
2017-08-12 15:00:00,27.55,78.1
2017-08-12 16:00:00,27.2,79.0
2017-08-12 17:00:00,26.55,78.1
2017-08-12 18:00:00,26.6,75.0
2017-08-12 19:00:00,25.66,73.0
2017-08-12 20:00:00,25.0,72.0
2017-08-12 21:00:00,24.92,68.0
2017-08-12 22:00:00,25.28,70.0
2017-08-12 23:00:00,24.99,66.9
2017-08-13 00:00:00,25.08,64.9
2017-08-13 01:00:00,26.6,64.9
2017-08-13 02:00:00,25.87,63.0
2017-08-13 03:00:00,24.72,62.1
2017-08-13 04:00:00,25.4,62.1
2017-08-13 05:00:00,25.18,62.1
2017-08-13 06:00:00,24.9,62.1
2017-08-13 07:00:00,26.05,62.1
2017-08-13 08:00:00,26.14,64.0
2017-08-13 09:00:00,25.4,66.0
2017-08-13 10:00:00,24.51,66.9
2017-08-13 11:00:00,24.89,71.1
2017-08-13 12:00:00,25.09,70.0
2017-08-13 13:00:00,24.97,68.0
2017-08-13 14:00:00,25.56,66.0
2017-08-13 15:00:00,25.38,68.0
2017-08-13 16:00:00,27.7,71.1
2017-08-13 17:00:00,26.34,71.1
2017-08-13 18:00:00,28.18,70.0
2017-08-13 19:00:00,26.8,68.0
2017-08-13 20:00:00,25.3,68.0
2017-08-13 21:00:00,25.82,66.9
2017-08-13 22:00:00,26.13,64.9
2017-08-13 23:00:00,25.2,63.0
2017-08-14 00:00:00,25.26,63.0
2017-08-14 01:00:00,27.01,63.0
2017-08-14 02:00:00,26.81,63.0
2017-08-14 03:00:00,25.26,63.0
2017-08-14 04:00:00,25.64,63.0
2017-08-14 05:00:00,25.45,62.1
2017-08-14 06:00:00,56.24,62.1
2017-08-14 07:00:00,124.92,63.0
2017-08-14 08:00:00,149.53,64.0
2017-08-14 09:00:00,174.19,64.9
2017-08-14 10:00:00,188.37,66.0
2017-08-14 11:00:00,192.38,66.0
2017-08-14 12:00:00,193.03,68.0
2017-08-14 13:00:00,190.9,70.0
2017-08-14 14:00:00,188.79,71.1
2017-08-14 15:00:00,185.45,73.0
2017-08-14 16:00:00,180.19,73.0
2017-08-14 17:00:00,173.11,73.0
2017-08-14 18:00:00,102.11,73.9
2017-08-14 19:00:00,34.07,73.0
2017-08-14 20:00:00,28.87,70.0
2017-08-14 21:00:00,28.14,66.9
2017-08-14 22:00:00,29.23,66.0
2017-08-14 23:00:00,26.55,64.9
2017-08-15 00:00:00,26.41,64.0
2017-08-15 01:00:00,29.48,62.1
2017-08-15 02:00:00,29.52,62.1
2017-08-15 03:00:00,27.18,61.0
2017-08-15 04:00:00,26.28,61.0
2017-08-15 05:00:00,26.94,60.1
2017-08-15 06:00:00,27.03,62.1
2017-08-15 07:00:00,118.91,62.1
2017-08-15 08:00:00,153.79,62.1
2017-08-15 09:00:00,173.81,64.0
2017-08-15 10:00:00,182.52,66.9
2017-08-15 11:00:00,184.99,70.0
2017-08-15 12:00:00,185.66,72.0
2017-08-15 13:00:00,188.3,75.0
2017-08-15 14:00:00,188.88,77.0
2017-08-15 15:00:00,187.83,75.9
2017-08-15 16:00:00,180.2,75.9
2017-08-15 17:00:00,166.49,75.0
2017-08-15 18:00:00,103.64,73.0
2017-08-15 19:00:00,41.76,71.1
2017-08-15 20:00:00,32.58,70.0
2017-08-15 21:00:00,29.86,69.1
2017-08-15 22:00:00,28.74,68.0
2017-08-15 23:00:00,28.75,66.9
2017-08-16 00:00:00,30.01,66.9
2017-08-16 01:00:00,31.49,66.9
2017-08-16 02:00:00,30.34,66.0
2017-08-16 03:00:00,29.4,64.0
2017-08-16 04:00:00,28.13,64.9
2017-08-16 05:00:00,28.9,66.0
2017-08-16 06:00:00,30.77,66.0
2017-08-16 07:00:00,120.28,66.0
2017-08-16 08:00:00,152.11,66.9
2017-08-16 09:00:00,171.83,66.9
2017-08-16 10:00:00,191.3,68.0
2017-08-16 11:00:00,184.66,71.1
2017-08-16 12:00:00,184.56,72.0
2017-08-16 13:00:00,189.55,75.0
2017-08-16 14:00:00,188.4,75.9
2017-08-16 15:00:00,185.13,78.1
2017-08-16 16:00:00,182.69,78.1
2017-08-16 17:00:00,170.13,77.0
2017-08-16 18:00:00,109.65,75.9
2017-08-16 19:00:00,38.22,73.9
2017-08-16 20:00:00,31.64,72.0
2017-08-16 21:00:00,32.06,70.0
2017-08-16 22:00:00,30.11,71.1
2017-08-16 23:00:00,29.43,72.0
2017-08-17 00:00:00,28.04,72.0
2017-08-17 01:00:00,28.38,69.1
2017-08-17 02:00:00,26.84,68.0
2017-08-17 03:00:00,26.26,66.9
2017-08-17 04:00:00,25.62,66.9
2017-08-17 05:00:00,24.61,66.9
2017-08-17 06:00:00,27.1,66.0
2017-08-17 07:00:00,113.2,66.9
2017-08-17 08:00:00,145.26,68.0
2017-08-17 09:00:00,168.9,66.9
2017-08-17 10:00:00,185.57,66.0
2017-08-17 11:00:00,188.79,66.0
2017-08-17 12:00:00,189.22,64.9
2017-08-17 13:00:00,192.53,70.0
2017-08-17 14:00:00,187.08,72.0
2017-08-17 15:00:00,185.14,73.0
2017-08-17 16:00:00,180.26,73.0
2017-08-17 17:00:00,169.0,72.0
2017-08-17 18:00:00,107.3,72.0
2017-08-17 19:00:00,44.09,71.1
2017-08-17 20:00:00,33.59,71.1
2017-08-17 21:00:00,30.0,69.1
2017-08-17 22:00:00,29.55,66.0
2017-08-17 23:00:00,28.02,64.0
2017-08-18 00:00:00,28.66,63.0
2017-08-18 01:00:00,30.94,63.0
2017-08-18 02:00:00,29.07,62.1
2017-08-18 03:00:00,27.17,61.0
2017-08-18 04:00:00,26.43,61.0
2017-08-18 05:00:00,25.06,61.0
2017-08-18 06:00:00,25.89,63.0
2017-08-18 07:00:00,114.69,63.0
2017-08-18 08:00:00,146.33,66.0
2017-08-18 09:00:00,169.39,66.9
2017-08-18 10:00:00,179.63,66.0
2017-08-18 11:00:00,183.8,66.9
2017-08-18 12:00:00,184.61,66.0
2017-08-18 13:00:00,184.93,64.9
2017-08-18 14:00:00,178.55,68.0
2017-08-18 15:00:00,176.87,73.0
2017-08-18 16:00:00,173.81,73.0
2017-08-18 17:00:00,157.53,73.0
2017-08-18 18:00:00,101.16,72.0
2017-08-18 19:00:00,36.22,71.1
2017-08-18 20:00:00,31.01,69.1
2017-08-18 21:00:00,28.14,68.0
2017-08-18 22:00:00,28.12,66.9
2017-08-18 23:00:00,27.46,66.0
2017-08-19 00:00:00,26.82,63.0
2017-08-19 01:00:00,25.89,62.1
2017-08-19 02:00:00,24.08,62.1
2017-08-19 03:00:00,24.16,62.1
2017-08-19 04:00:00,23.7,61.0
2017-08-19 05:00:00,24.64,60.1
2017-08-19 06:00:00,23.48,60.1
2017-08-19 07:00:00,23.38,61.0
2017-08-19 08:00:00,23.74,63.0
2017-08-19 09:00:00,23.75,64.0
2017-08-19 10:00:00,24.87,69.1
2017-08-19 11:00:00,24.84,73.0
2017-08-19 12:00:00,26.74,75.0
2017-08-19 13:00:00,26.84,78.1
2017-08-19 14:00:00,27.7,78.1
2017-08-19 15:00:00,27.4,79.0
2017-08-19 16:00:00,26.25,80.1
2017-08-19 17:00:00,25.25,80.1
2017-08-19 18:00:00,24.2,79.0
2017-08-19 19:00:00,24.08,77.0
2017-08-19 20:00:00,24.71,75.9
2017-08-19 21:00:00,24.49,71.1
2017-08-19 22:00:00,24.39,70.0
2017-08-19 23:00:00,24.23,69.1
2017-08-20 00:00:00,23.79,69.1
2017-08-20 01:00:00,24.06,69.1
2017-08-20 02:00:00,24.05,68.0
2017-08-20 03:00:00,24.1,66.0
2017-08-20 04:00:00,23.92,66.9
2017-08-20 05:00:00,23.6,66.9
2017-08-20 06:00:00,24.08,66.0
2017-08-20 07:00:00,24.05,66.9
2017-08-20 08:00:00,23.53,71.1
2017-08-20 09:00:00,23.5,75.9
2017-08-20 10:00:00,24.79,78.1
2017-08-20 11:00:00,26.06,82.0
2017-08-20 12:00:00,25.77,82.9
2017-08-20 13:00:00,25.09,84.0
2017-08-20 14:00:00,25.15,84.0
2017-08-20 15:00:00,26.24,86.0
2017-08-20 16:00:00,27.04,84.9
2017-08-20 17:00:00,26.48,82.0
2017-08-20 18:00:00,26.15,81.0
2017-08-20 19:00:00,27.09,79.0
2017-08-20 20:00:00,25.54,75.0
2017-08-20 21:00:00,24.34,73.9
2017-08-20 22:00:00,25.7,73.0
2017-08-20 23:00:00,23.82,71.1
2017-08-21 00:00:00,23.78,70.0
2017-08-21 01:00:00,25.84,68.0
2017-08-21 02:00:00,25.41,69.1
2017-08-21 03:00:00,24.81,69.1
2017-08-21 04:00:00,24.54,66.9
2017-08-21 05:00:00,23.82,66.0
2017-08-21 06:00:00,53.34,68.0
2017-08-21 07:00:00,119.45,68.0
2017-08-21 08:00:00,146.61,68.0
2017-08-21 09:00:00,171.15,73.0
2017-08-21 10:00:00,178.78,78.1
2017-08-21 11:00:00,179.05,79.0
2017-08-21 12:00:00,189.05,78.1
2017-08-21 13:00:00,186.34,77.0
2017-08-21 14:00:00,184.58,73.0
2017-08-21 15:00:00,186.89,72.0
2017-08-21 16:00:00,181.21,70.0
2017-08-21 17:00:00,168.88,69.1
2017-08-21 18:00:00,107.28,70.0
2017-08-21 19:00:00,42.85,70.0
2017-08-21 20:00:00,38.79,69.1
2017-08-21 21:00:00,31.26,69.1
2017-08-21 22:00:00,29.81,70.0
2017-08-21 23:00:00,28.98,68.0
2017-08-22 00:00:00,27.95,66.9
2017-08-22 01:00:00,31.2,66.0
2017-08-22 02:00:00,29.08,64.9
2017-08-22 03:00:00,27.78,63.0
2017-08-22 04:00:00,27.43,63.0
2017-08-22 05:00:00,27.07,61.0
2017-08-22 06:00:00,28.44,60.1
2017-08-22 07:00:00,119.86,61.0
2017-08-22 08:00:00,149.9,63.0
2017-08-22 09:00:00,168.92,66.0
2017-08-22 10:00:00,185.25,68.0
2017-08-22 11:00:00,182.18,71.1
2017-08-22 12:00:00,187.47,73.9
2017-08-22 13:00:00,184.69,75.0
2017-08-22 14:00:00,185.85,75.0
2017-08-22 15:00:00,183.84,73.9
2017-08-22 16:00:00,177.09,73.9
2017-08-22 17:00:00,165.09,73.0
2017-08-22 18:00:00,101.53,71.1
2017-08-22 19:00:00,39.76,69.1
2017-08-22 20:00:00,32.46,66.9
2017-08-22 21:00:00,28.34,66.9
2017-08-22 22:00:00,29.05,64.0
2017-08-22 23:00:00,28.16,62.1
2017-08-23 00:00:00,28.29,61.0
2017-08-23 01:00:00,30.79,60.1
2017-08-23 02:00:00,28.87,60.1
2017-08-23 03:00:00,28.05,60.1
2017-08-23 04:00:00,27.0,59.0
2017-08-23 05:00:00,26.96,57.0
2017-08-23 06:00:00,28.08,57.0
2017-08-23 07:00:00,115.26,59.0
2017-08-23 08:00:00,148.49,63.0
2017-08-23 09:00:00,174.98,66.9
2017-08-23 10:00:00,185.37,70.0
2017-08-23 11:00:00,192.96,71.1
2017-08-23 12:00:00,191.41,73.0
2017-08-23 13:00:00,190.4,75.0
2017-08-23 14:00:00,183.5,75.9
2017-08-23 15:00:00,187.92,75.9
2017-08-23 16:00:00,181.71,75.9
2017-08-23 17:00:00,171.32,75.0
2017-08-23 18:00:00,111.22,73.9
2017-08-23 19:00:00,43.8,72.0
2017-08-23 20:00:00,36.78,70.0
2017-08-23 21:00:00,34.97,68.0
2017-08-23 22:00:00,31.38,66.0
2017-08-23 23:00:00,30.92,64.9
2017-08-24 00:00:00,31.14,64.9
2017-08-24 01:00:00,34.16,64.0
2017-08-24 02:00:00,30.69,61.0
2017-08-24 03:00:00,29.44,61.0
2017-08-24 04:00:00,28.09,60.1
2017-08-24 05:00:00,28.04,60.1
2017-08-24 06:00:00,29.78,59.0
2017-08-24 07:00:00,118.99,60.1
2017-08-24 08:00:00,152.76,61.0
2017-08-24 09:00:00,171.28,63.0
2017-08-24 10:00:00,182.29,64.9
2017-08-24 11:00:00,184.7,68.0
2017-08-24 12:00:00,187.29,70.0
2017-08-24 13:00:00,182.9,72.0
2017-08-24 14:00:00,182.44,72.0
2017-08-24 15:00:00,177.47,72.0
2017-08-24 16:00:00,177.95,72.0
2017-08-24 17:00:00,163.06,71.1
2017-08-24 18:00:00,105.38,70.0
2017-08-24 19:00:00,39.03,68.0
2017-08-24 20:00:00,34.56,66.9
2017-08-24 21:00:00,31.78,64.9
2017-08-24 22:00:00,31.88,64.0
2017-08-24 23:00:00,30.92,64.0
2017-08-25 00:00:00,30.32,63.0
2017-08-25 01:00:00,32.01,62.1
2017-08-25 02:00:00,30.79,63.0
2017-08-25 03:00:00,30.21,62.1
2017-08-25 04:00:00,29.65,62.1
2017-08-25 05:00:00,29.92,60.1
2017-08-25 06:00:00,30.56,57.9
2017-08-25 07:00:00,119.49,57.9
2017-08-25 08:00:00,151.77,59.0
2017-08-25 09:00:00,169.81,61.0
2017-08-25 10:00:00,182.78,63.0
2017-08-25 11:00:00,183.29,66.0
2017-08-25 12:00:00,182.02,69.1
2017-08-25 13:00:00,177.84,70.0
2017-08-25 14:00:00,172.85,70.0
2017-08-25 15:00:00,171.49,70.0
2017-08-25 16:00:00,166.62,70.0
2017-08-25 17:00:00,157.76,70.0
2017-08-25 18:00:00,101.11,68.0
2017-08-25 19:00:00,37.33,66.9
2017-08-25 20:00:00,33.42,66.9
2017-08-25 21:00:00,31.2,66.0
2017-08-25 22:00:00,28.57,63.0
2017-08-25 23:00:00,28.42,62.1
2017-08-26 00:00:00,27.53,62.1
2017-08-26 01:00:00,27.5,62.1
2017-08-26 02:00:00,25.27,61.0
2017-08-26 03:00:00,24.2,61.0
2017-08-26 04:00:00,24.3,61.0
2017-08-26 05:00:00,23.8,61.0
2017-08-26 06:00:00,23.98,61.0
2017-08-26 07:00:00,25.06,61.0
2017-08-26 08:00:00,25.09,61.0
2017-08-26 09:00:00,24.76,62.1
2017-08-26 10:00:00,25.19,64.0
2017-08-26 11:00:00,25.0,66.0
2017-08-26 12:00:00,26.13,66.9
2017-08-26 13:00:00,28.09,66.0
2017-08-26 14:00:00,26.39,64.9
2017-08-26 15:00:00,26.53,64.9
2017-08-26 16:00:00,26.32,66.0
2017-08-26 17:00:00,25.83,66.0
2017-08-26 18:00:00,24.4,66.0
2017-08-26 19:00:00,23.91,66.9
2017-08-26 20:00:00,25.29,66.9
2017-08-26 21:00:00,25.85,66.0
2017-08-26 22:00:00,24.06,66.9
2017-08-26 23:00:00,23.55,66.9
2017-08-27 00:00:00,23.99,66.0
2017-08-27 01:00:00,25.35,64.9
2017-08-27 02:00:00,25.14,64.9
2017-08-27 03:00:00,23.73,63.0
2017-08-27 04:00:00,23.99,63.0
2017-08-27 05:00:00,23.48,64.0
2017-08-27 06:00:00,23.88,64.0
2017-08-27 07:00:00,24.88,64.0
2017-08-27 08:00:00,24.79,64.9
2017-08-27 09:00:00,24.38,66.0
2017-08-27 10:00:00,25.76,68.0
2017-08-27 11:00:00,26.38,71.1
2017-08-27 12:00:00,25.29,72.0
2017-08-27 13:00:00,23.44,73.0
2017-08-27 14:00:00,23.22,72.0
2017-08-27 15:00:00,23.22,70.0
2017-08-27 16:00:00,25.97,69.1
2017-08-27 17:00:00,25.24,68.0
2017-08-27 18:00:00,24.86,66.9
2017-08-27 19:00:00,25.04,66.0
2017-08-27 20:00:00,23.64,66.0
2017-08-27 21:00:00,24.15,64.9
2017-08-27 22:00:00,24.51,64.9
2017-08-27 23:00:00,23.58,64.0
2017-08-28 00:00:00,23.89,64.0
2017-08-28 01:00:00,25.69,64.0
2017-08-28 02:00:00,25.2,64.0
2017-08-28 03:00:00,24.56,63.0
2017-08-28 04:00:00,24.28,62.1
2017-08-28 05:00:00,23.54,62.1
2017-08-28 06:00:00,55.03,63.0
2017-08-28 07:00:00,122.71,63.0
2017-08-28 08:00:00,158.4,63.0
2017-08-28 09:00:00,166.59,64.9
2017-08-28 10:00:00,184.79,68.0
2017-08-28 11:00:00,186.07,66.0
2017-08-28 12:00:00,184.21,69.1
2017-08-28 13:00:00,186.58,69.1
2017-08-28 14:00:00,190.34,69.1
2017-08-28 15:00:00,189.38,71.1
2017-08-28 16:00:00,180.47,73.0
2017-08-28 17:00:00,167.97,73.9
2017-08-28 18:00:00,99.61,73.0
2017-08-28 19:00:00,36.94,70.0
2017-08-28 20:00:00,33.85,68.0
2017-08-28 21:00:00,31.19,64.9
2017-08-28 22:00:00,31.37,64.9
2017-08-28 23:00:00,27.87,64.9
2017-08-29 00:00:00,27.26,62.1
2017-08-29 01:00:00,29.61,60.1
2017-08-29 02:00:00,27.76,61.0
2017-08-29 03:00:00,26.79,59.0
2017-08-29 04:00:00,26.24,59.0
2017-08-29 05:00:00,25.93,59.0
2017-08-29 06:00:00,26.25,59.0
2017-08-29 07:00:00,117.38,62.1
2017-08-29 08:00:00,153.06,66.0
2017-08-29 09:00:00,175.36,70.0
2017-08-29 10:00:00,181.58,73.0
2017-08-29 11:00:00,178.19,73.9
2017-08-29 12:00:00,181.54,75.0
2017-08-29 13:00:00,186.68,75.9
2017-08-29 14:00:00,184.03,80.1
2017-08-29 15:00:00,184.16,78.1
2017-08-29 16:00:00,177.9,78.1
2017-08-29 17:00:00,164.47,77.0
2017-08-29 18:00:00,99.03,75.0
2017-08-29 19:00:00,39.37,73.9
2017-08-29 20:00:00,33.33,73.9
2017-08-29 21:00:00,29.22,72.0
2017-08-29 22:00:00,29.94,70.0
2017-08-29 23:00:00,27.69,69.1
2017-08-30 00:00:00,27.76,68.0
2017-08-30 01:00:00,30.86,66.9
2017-08-30 02:00:00,31.75,64.9
2017-08-30 03:00:00,30.84,64.9
2017-08-30 04:00:00,30.48,64.0
2017-08-30 05:00:00,30.08,64.0
2017-08-30 06:00:00,32.08,64.9
2017-08-30 07:00:00,118.68,66.9
2017-08-30 08:00:00,151.03,71.1
2017-08-30 09:00:00,175.14,73.9
2017-08-30 10:00:00,185.61,78.1
2017-08-30 11:00:00,187.57,80.1
2017-08-30 12:00:00,191.61,82.0
2017-08-30 13:00:00,188.52,82.0
2017-08-30 14:00:00,183.38,82.0
2017-08-30 15:00:00,179.84,81.0
2017-08-30 16:00:00,174.67,75.0
2017-08-30 17:00:00,165.89,73.9
2017-08-30 18:00:00,101.7,73.0
2017-08-30 19:00:00,37.66,72.0
2017-08-30 20:00:00,31.46,70.0
2017-08-30 21:00:00,29.9,68.0
2017-08-30 22:00:00,31.09,64.9
2017-08-30 23:00:00,32.65,64.0
2017-08-31 00:00:00,31.05,62.1
2017-08-31 01:00:00,33.66,61.0
2017-08-31 02:00:00,32.41,60.1
2017-08-31 03:00:00,32.54,59.0
2017-08-31 04:00:00,29.52,57.0
2017-08-31 05:00:00,29.18,55.9
2017-08-31 06:00:00,30.5,55.9
2017-08-31 07:00:00,116.96,57.0
2017-08-31 08:00:00,148.68,59.0
2017-08-31 09:00:00,171.58,61.0
2017-08-31 10:00:00,185.56,64.0
2017-08-31 11:00:00,184.01,66.0
2017-08-31 12:00:00,183.94,68.0
2017-08-31 13:00:00,184.32,69.1
2017-08-31 14:00:00,182.55,70.0
2017-08-31 15:00:00,179.52,70.0
2017-08-31 16:00:00,171.37,70.0
2017-08-31 17:00:00,160.61,70.0
2017-08-31 18:00:00,99.17,68.0
2017-08-31 19:00:00,35.99,66.0
2017-08-31 20:00:00,30.06,64.0
2017-08-31 21:00:00,29.63,62.1
2017-08-31 22:00:00,29.77,60.1
2017-08-31 23:00:00,28.58,60.1
2017-09-01 00:00:00,28.51,57.9
2017-09-01 01:00:00,29.55,55.9
2017-09-01 02:00:00,27.99,55.0
2017-09-01 03:00:00,26.87,54.0
2017-09-01 04:00:00,27.57,54.0
2017-09-01 05:00:00,25.34,54.0
2017-09-01 06:00:00,27.64,53.1
2017-09-01 07:00:00,114.89,53.1
2017-09-01 08:00:00,144.26,55.0
2017-09-01 09:00:00,168.63,57.9
2017-09-01 10:00:00,178.37,62.1
2017-09-01 11:00:00,178.67,64.9
2017-09-01 12:00:00,176.04,66.9
2017-09-01 13:00:00,172.18,69.1
2017-09-01 14:00:00,169.66,70.0
2017-09-01 15:00:00,166.82,72.0
2017-09-01 16:00:00,165.22,72.0
2017-09-01 17:00:00,150.05,71.1
2017-09-01 18:00:00,94.0,70.0
2017-09-01 19:00:00,32.55,69.1
2017-09-01 20:00:00,27.42,69.1
2017-09-01 21:00:00,25.32,68.0
2017-09-01 22:00:00,25.38,66.0
2017-09-01 23:00:00,26.26,66.0
2017-09-02 00:00:00,25.87,66.0
2017-09-02 01:00:00,27.24,64.9
2017-09-02 02:00:00,26.0,64.9
2017-09-02 03:00:00,24.66,64.9
2017-09-02 04:00:00,24.39,64.9
2017-09-02 05:00:00,24.48,64.9
2017-09-02 06:00:00,24.49,64.9
2017-09-02 07:00:00,25.56,64.9
2017-09-02 08:00:00,25.91,64.9
2017-09-02 09:00:00,26.72,66.0
2017-09-02 10:00:00,24.36,68.0
2017-09-02 11:00:00,26.85,72.0
2017-09-02 12:00:00,25.45,75.9
2017-09-02 13:00:00,25.2,79.0
2017-09-02 14:00:00,25.66,81.0
2017-09-02 15:00:00,27.15,81.0
2017-09-02 16:00:00,25.21,80.1
2017-09-02 17:00:00,25.58,79.0
2017-09-02 18:00:00,25.45,75.9
2017-09-02 19:00:00,24.1,73.0
2017-09-02 20:00:00,24.35,71.1
2017-09-02 21:00:00,24.36,69.1
2017-09-02 22:00:00,24.57,68.0
2017-09-02 23:00:00,24.54,66.0
2017-09-03 00:00:00,24.0,64.9
2017-09-03 01:00:00,25.98,63.0
2017-09-03 02:00:00,25.45,62.1
2017-09-03 03:00:00,24.39,61.0
2017-09-03 04:00:00,24.36,61.0
2017-09-03 05:00:00,24.09,60.1
2017-09-03 06:00:00,24.08,60.1
2017-09-03 07:00:00,25.2,63.0
2017-09-03 08:00:00,24.76,66.9
2017-09-03 09:00:00,25.02,71.1
2017-09-03 10:00:00,24.76,73.9
2017-09-03 11:00:00,25.32,79.0
2017-09-03 12:00:00,26.26,81.0
2017-09-03 13:00:00,27.6,82.9
2017-09-03 14:00:00,25.4,84.9
2017-09-03 15:00:00,26.91,84.0
2017-09-03 16:00:00,26.21,84.0
2017-09-03 17:00:00,26.28,82.9
2017-09-03 18:00:00,25.54,81.0
2017-09-03 19:00:00,24.83,80.1
2017-09-03 20:00:00,26.02,78.1
2017-09-03 21:00:00,25.49,77.0
2017-09-03 22:00:00,25.21,77.0
2017-09-03 23:00:00,24.7,75.9
2017-09-04 00:00:00,24.89,73.9
2017-09-04 01:00:00,25.95,73.0
2017-09-04 02:00:00,26.07,72.0
2017-09-04 03:00:00,24.61,70.0
2017-09-04 04:00:00,24.4,68.0
2017-09-04 05:00:00,24.18,64.9
2017-09-04 06:00:00,53.11,63.0
2017-09-04 07:00:00,106.31,63.0
2017-09-04 08:00:00,119.63,64.0
2017-09-04 09:00:00,120.92,68.0
2017-09-04 10:00:00,119.21,70.0
2017-09-04 11:00:00,120.85,72.0
2017-09-04 12:00:00,117.5,73.9
2017-09-04 13:00:00,118.47,75.0
2017-09-04 14:00:00,117.76,75.0
2017-09-04 15:00:00,117.07,71.1
2017-09-04 16:00:00,116.71,57.9
2017-09-04 17:00:00,119.52,57.0
2017-09-04 18:00:00,79.12,59.0
2017-09-04 19:00:00,25.34,57.0
2017-09-04 20:00:00,24.89,57.0
2017-09-04 21:00:00,25.65,55.9
2017-09-04 22:00:00,26.39,55.0
2017-09-04 23:00:00,24.65,55.0
2017-09-05 00:00:00,25.09,55.0
2017-09-05 01:00:00,27.78,54.0
2017-09-05 02:00:00,25.9,53.1
2017-09-05 03:00:00,25.0,53.1
2017-09-05 04:00:00,24.58,53.1
2017-09-05 05:00:00,24.78,52.0
2017-09-05 06:00:00,25.31,51.1
2017-09-05 07:00:00,115.05,53.1
2017-09-05 08:00:00,147.8,55.0
2017-09-05 09:00:00,175.65,59.0
2017-09-05 10:00:00,184.53,61.0
2017-09-05 11:00:00,191.54,61.0
2017-09-05 12:00:00,193.14,63.0
2017-09-05 13:00:00,191.17,63.0
2017-09-05 14:00:00,187.96,62.1
2017-09-05 15:00:00,185.86,62.1
2017-09-05 16:00:00,180.74,62.1
2017-09-05 17:00:00,168.29,62.1
2017-09-05 18:00:00,107.4,60.1
2017-09-05 19:00:00,40.64,57.0
2017-09-05 20:00:00,39.12,57.0
2017-09-05 21:00:00,34.6,55.9
2017-09-05 22:00:00,32.22,55.9
2017-09-05 23:00:00,32.54,54.0
2017-09-06 00:00:00,31.96,55.0
2017-09-06 01:00:00,33.28,54.0
2017-09-06 02:00:00,31.74,54.0
2017-09-06 03:00:00,30.32,52.0
2017-09-06 04:00:00,30.97,51.1
2017-09-06 05:00:00,31.46,50.0
2017-09-06 06:00:00,31.18,50.0
2017-09-06 07:00:00,118.88,53.1
2017-09-06 08:00:00,154.34,57.0
2017-09-06 09:00:00,181.18,59.0
2017-09-06 10:00:00,193.62,62.1
2017-09-06 11:00:00,194.12,64.9
2017-09-06 12:00:00,195.44,66.0
2017-09-06 13:00:00,195.01,66.9
2017-09-06 14:00:00,192.54,64.9
2017-09-06 15:00:00,192.28,64.9
2017-09-06 16:00:00,188.58,66.0
2017-09-06 17:00:00,176.78,64.9
2017-09-06 18:00:00,112.58,64.9
2017-09-06 19:00:00,44.94,63.0
2017-09-06 20:00:00,38.16,60.1
2017-09-06 21:00:00,34.05,59.0
2017-09-06 22:00:00,34.76,57.0
2017-09-06 23:00:00,32.65,53.1
2017-09-07 00:00:00,33.25,53.1
2017-09-07 01:00:00,35.34,54.0
2017-09-07 02:00:00,34.18,53.1
2017-09-07 03:00:00,32.9,50.0
2017-09-07 04:00:00,31.94,50.0
2017-09-07 05:00:00,32.14,50.0
2017-09-07 06:00:00,33.96,50.0
2017-09-07 07:00:00,119.9,51.1
2017-09-07 08:00:00,157.42,54.0
2017-09-07 09:00:00,184.88,55.9
2017-09-07 10:00:00,195.45,60.1
2017-09-07 11:00:00,196.72,64.0
2017-09-07 12:00:00,199.34,69.1
2017-09-07 13:00:00,199.94,71.1
2017-09-07 14:00:00,194.29,72.0
2017-09-07 15:00:00,191.43,73.9
2017-09-07 16:00:00,184.45,75.0
2017-09-07 17:00:00,171.21,75.0
2017-09-07 18:00:00,109.96,73.9
2017-09-07 19:00:00,42.25,72.0
2017-09-07 20:00:00,34.86,66.9
2017-09-07 21:00:00,31.9,66.9
2017-09-07 22:00:00,29.13,63.0
2017-09-07 23:00:00,29.33,59.0
2017-09-08 00:00:00,31.48,57.0
2017-09-08 01:00:00,32.12,57.0
2017-09-08 02:00:00,30.95,55.9
2017-09-08 03:00:00,29.79,55.0
2017-09-08 04:00:00,28.81,54.0
2017-09-08 05:00:00,29.58,53.1
2017-09-08 06:00:00,30.67,52.0
2017-09-08 07:00:00,117.47,53.1
2017-09-08 08:00:00,153.24,55.0
2017-09-08 09:00:00,180.26,57.9
2017-09-08 10:00:00,192.01,60.1
2017-09-08 11:00:00,195.92,62.1
2017-09-08 12:00:00,192.71,64.9
2017-09-08 13:00:00,185.98,66.0
2017-09-08 14:00:00,180.77,66.9
2017-09-08 15:00:00,179.8,68.0
2017-09-08 16:00:00,177.93,68.0
2017-09-08 17:00:00,165.09,66.9
2017-09-08 18:00:00,101.08,64.9
2017-09-08 19:00:00,38.88,63.0
2017-09-08 20:00:00,33.35,60.1
2017-09-08 21:00:00,30.68,59.0
2017-09-08 22:00:00,31.34,57.9
2017-09-08 23:00:00,29.16,57.0
2017-09-09 00:00:00,28.04,55.9
2017-09-09 01:00:00,29.61,55.0
2017-09-09 02:00:00,27.5,54.0
2017-09-09 03:00:00,26.39,54.0
2017-09-09 04:00:00,26.23,53.1
2017-09-09 05:00:00,25.74,55.0
2017-09-09 06:00:00,26.03,54.0
2017-09-09 07:00:00,27.18,55.0
2017-09-09 08:00:00,26.95,57.9
2017-09-09 09:00:00,26.89,62.1
2017-09-09 10:00:00,25.42,64.9
2017-09-09 11:00:00,25.12,68.0
2017-09-09 12:00:00,27.89,71.1
2017-09-09 13:00:00,28.17,73.0
2017-09-09 14:00:00,27.54,73.9
2017-09-09 15:00:00,28.82,75.0
2017-09-09 16:00:00,26.78,75.0
2017-09-09 17:00:00,27.17,75.0
2017-09-09 18:00:00,24.95,72.0
2017-09-09 19:00:00,24.96,71.1
2017-09-09 20:00:00,24.97,69.1
2017-09-09 21:00:00,25.35,68.0
2017-09-09 22:00:00,25.59,66.9
2017-09-09 23:00:00,24.64,64.9
2017-09-10 00:00:00,24.54,63.0
2017-09-10 01:00:00,26.65,63.0
2017-09-10 02:00:00,25.75,63.0
2017-09-10 03:00:00,24.58,62.1
2017-09-10 04:00:00,24.46,62.1
2017-09-10 05:00:00,24.26,62.1
2017-09-10 06:00:00,24.4,62.1
2017-09-10 07:00:00,25.37,62.1
2017-09-10 08:00:00,25.77,63.0
2017-09-10 09:00:00,26.85,63.0
2017-09-10 10:00:00,24.93,64.9
2017-09-10 11:00:00,23.87,69.1
2017-09-10 12:00:00,26.03,75.0
2017-09-10 13:00:00,24.72,77.0
2017-09-10 14:00:00,25.4,79.0
2017-09-10 15:00:00,27.83,80.1
2017-09-10 16:00:00,26.58,79.0
2017-09-10 17:00:00,27.62,78.1
2017-09-10 18:00:00,27.96,75.9
2017-09-10 19:00:00,26.35,73.0
2017-09-10 20:00:00,25.19,72.0
2017-09-10 21:00:00,25.66,71.1
2017-09-10 22:00:00,25.95,70.0
2017-09-10 23:00:00,47.93,68.0
2017-09-11 00:00:00,84.38,66.9
2017-09-11 01:00:00,88.84,66.0
2017-09-11 02:00:00,88.14,64.9
2017-09-11 03:00:00,88.24,64.0
2017-09-11 04:00:00,88.04,62.1
2017-09-11 05:00:00,89.39,61.0
2017-09-11 06:00:00,123.95,60.1
2017-09-11 07:00:00,128.28,63.0
2017-09-11 08:00:00,150.43,64.0
2017-09-11 09:00:00,182.63,66.0
2017-09-11 10:00:00,194.48,70.0
2017-09-11 11:00:00,193.82,73.9
2017-09-11 12:00:00,193.54,75.9
2017-09-11 13:00:00,191.88,78.1
2017-09-11 14:00:00,194.07,79.0
2017-09-11 15:00:00,193.11,82.0
2017-09-11 16:00:00,185.04,82.0
2017-09-11 17:00:00,176.52,81.0
2017-09-11 18:00:00,110.06,80.1
2017-09-11 19:00:00,42.32,75.9
2017-09-11 20:00:00,38.0,73.0
2017-09-11 21:00:00,31.34,71.1
2017-09-11 22:00:00,29.37,70.0
2017-09-11 23:00:00,53.2,69.1
2017-09-12 00:00:00,89.96,64.9
2017-09-12 01:00:00,92.57,66.9
2017-09-12 02:00:00,88.46,64.9
2017-09-12 03:00:00,87.14,64.9
2017-09-12 04:00:00,87.75,64.9
2017-09-12 05:00:00,86.5,64.0
2017-09-12 06:00:00,89.86,63.0
2017-09-12 07:00:00,123.14,64.0
2017-09-12 08:00:00,152.66,66.0
2017-09-12 09:00:00,181.73,70.0
2017-09-12 10:00:00,187.7,75.0
2017-09-12 11:00:00,192.62,78.1
2017-09-12 12:00:00,197.69,80.1
2017-09-12 13:00:00,193.08,82.0
2017-09-12 14:00:00,181.89,82.9
2017-09-12 15:00:00,191.01,84.0
2017-09-12 16:00:00,187.29,84.0
2017-09-12 17:00:00,169.37,84.0
2017-09-12 18:00:00,104.09,82.0
2017-09-12 19:00:00,41.76,80.1
2017-09-12 20:00:00,38.7,75.9
2017-09-12 21:00:00,34.15,73.9
2017-09-12 22:00:00,33.6,73.0
2017-09-12 23:00:00,34.74,73.0
2017-09-13 00:00:00,77.1,70.0
2017-09-13 01:00:00,94.09,69.1
2017-09-13 02:00:00,92.23,66.9
2017-09-13 03:00:00,90.97,66.9
2017-09-13 04:00:00,91.97,66.0
2017-09-13 05:00:00,88.86,64.9
2017-09-13 06:00:00,92.66,64.9
2017-09-13 07:00:00,134.62,66.0
2017-09-13 08:00:00,152.8,70.0
2017-09-13 09:00:00,184.06,75.0
2017-09-13 10:00:00,191.58,79.0
2017-09-13 11:00:00,196.52,81.0
2017-09-13 12:00:00,197.99,82.9
2017-09-13 13:00:00,195.9,84.9
2017-09-13 14:00:00,194.65,86.0
2017-09-13 15:00:00,194.37,84.9
2017-09-13 16:00:00,189.64,84.9
2017-09-13 17:00:00,178.8,86.0
2017-09-13 18:00:00,108.62,82.9
2017-09-13 19:00:00,40.47,79.0
2017-09-13 20:00:00,35.85,78.1
2017-09-13 21:00:00,35.76,79.0
2017-09-13 22:00:00,36.3,77.0
2017-09-13 23:00:00,34.83,75.9
2017-09-14 00:00:00,36.29,72.0
2017-09-14 01:00:00,35.41,70.0
2017-09-14 02:00:00,32.9,68.0
2017-09-14 03:00:00,33.73,66.9
2017-09-14 04:00:00,32.5,66.9
2017-09-14 05:00:00,32.92,68.0
2017-09-14 06:00:00,33.92,66.9
2017-09-14 07:00:00,116.06,68.0
2017-09-14 08:00:00,148.87,71.1
2017-09-14 09:00:00,175.29,75.0
2017-09-14 10:00:00,186.78,79.0
2017-09-14 11:00:00,189.82,82.0
2017-09-14 12:00:00,190.96,84.0
2017-09-14 13:00:00,185.62,84.9
2017-09-14 14:00:00,171.75,87.1
2017-09-14 15:00:00,188.8,91.0
2017-09-14 16:00:00,188.34,89.1
2017-09-14 17:00:00,172.11,88.0
2017-09-14 18:00:00,110.11,84.9
2017-09-14 19:00:00,46.33,80.1
2017-09-14 20:00:00,40.45,80.1
2017-09-14 21:00:00,40.36,79.0
2017-09-14 22:00:00,38.23,78.1
2017-09-14 23:00:00,32.67,77.0
2017-09-15 00:00:00,30.63,78.1
2017-09-15 01:00:00,32.32,77.0
2017-09-15 02:00:00,29.21,75.9
2017-09-15 03:00:00,30.18,73.9
2017-09-15 04:00:00,28.71,73.9
2017-09-15 05:00:00,28.84,73.0
2017-09-15 06:00:00,30.77,71.1
2017-09-15 07:00:00,115.43,70.0
2017-09-15 08:00:00,143.24,71.1
2017-09-15 09:00:00,174.09,73.9
2017-09-15 10:00:00,184.55,77.0
2017-09-15 11:00:00,185.77,80.1
2017-09-15 12:00:00,186.49,81.0
2017-09-15 13:00:00,186.66,81.0
2017-09-15 14:00:00,184.51,82.9
2017-09-15 15:00:00,182.3,81.0
2017-09-15 16:00:00,176.01,82.0
2017-09-15 17:00:00,165.35,82.0
2017-09-15 18:00:00,99.79,81.0
2017-09-15 19:00:00,38.69,81.0
2017-09-15 20:00:00,36.11,79.0
2017-09-15 21:00:00,35.87,77.0
2017-09-15 22:00:00,34.75,77.0
2017-09-15 23:00:00,29.44,77.0
2017-09-16 00:00:00,27.99,79.0
2017-09-16 01:00:00,28.99,79.0
2017-09-16 02:00:00,26.85,78.1
2017-09-16 03:00:00,25.33,78.1
2017-09-16 04:00:00,25.85,77.0
2017-09-16 05:00:00,26.14,75.9
2017-09-16 06:00:00,25.78,73.9
2017-09-16 07:00:00,27.23,71.1
2017-09-16 08:00:00,26.79,72.0
2017-09-16 09:00:00,25.85,73.0
2017-09-16 10:00:00,26.94,75.9
2017-09-16 11:00:00,30.84,73.9
2017-09-16 12:00:00,31.65,70.0
2017-09-16 13:00:00,30.75,72.0
2017-09-16 14:00:00,30.44,71.1
2017-09-16 15:00:00,30.46,73.9
2017-09-16 16:00:00,29.94,73.0
2017-09-16 17:00:00,27.37,71.1
2017-09-16 18:00:00,27.77,69.1
2017-09-16 19:00:00,26.14,64.9
2017-09-16 20:00:00,25.29,63.0
2017-09-16 21:00:00,25.16,61.0
2017-09-16 22:00:00,24.61,60.1
2017-09-16 23:00:00,24.57,59.0
2017-09-17 00:00:00,25.78,57.9
2017-09-17 01:00:00,28.32,57.9
2017-09-17 02:00:00,27.84,55.9
2017-09-17 03:00:00,26.84,55.9
2017-09-17 04:00:00,26.66,55.0
2017-09-17 05:00:00,26.4,54.0
2017-09-17 06:00:00,26.54,53.1
2017-09-17 07:00:00,27.68,53.1
2017-09-17 08:00:00,27.49,54.0
2017-09-17 09:00:00,27.98,55.0
2017-09-17 10:00:00,27.04,57.9
2017-09-17 11:00:00,26.7,59.0
2017-09-17 12:00:00,28.54,63.0
2017-09-17 13:00:00,26.73,64.9
2017-09-17 14:00:00,25.63,64.9
2017-09-17 15:00:00,25.15,66.0
2017-09-17 16:00:00,24.95,66.9
2017-09-17 17:00:00,24.49,64.9
2017-09-17 18:00:00,26.76,63.0
2017-09-17 19:00:00,26.68,61.0
2017-09-17 20:00:00,26.32,59.0
2017-09-17 21:00:00,28.02,59.0
2017-09-17 22:00:00,29.27,57.0
2017-09-17 23:00:00,27.9,55.9
2017-09-18 00:00:00,27.83,55.9
2017-09-18 01:00:00,29.18,55.9
2017-09-18 02:00:00,28.36,57.0
2017-09-18 03:00:00,27.59,57.0
2017-09-18 04:00:00,27.26,57.0
2017-09-18 05:00:00,27.89,57.0
2017-09-18 06:00:00,59.92,57.0
2017-09-18 07:00:00,125.22,57.0
2017-09-18 08:00:00,151.5,57.0
2017-09-18 09:00:00,181.88,55.0
2017-09-18 10:00:00,192.21,55.0
2017-09-18 11:00:00,193.24,55.9
2017-09-18 12:00:00,194.15,57.0
2017-09-18 13:00:00,195.19,55.0
2017-09-18 14:00:00,194.78,55.0
2017-09-18 15:00:00,196.25,55.9
2017-09-18 16:00:00,191.73,57.0
2017-09-18 17:00:00,181.51,57.0
2017-09-18 18:00:00,111.99,57.0
2017-09-18 19:00:00,42.76,57.9
2017-09-18 20:00:00,35.94,59.0
2017-09-18 21:00:00,32.82,59.0
2017-09-18 22:00:00,34.3,59.0
2017-09-18 23:00:00,65.79,59.0
2017-09-19 00:00:00,64.21,59.0
2017-09-19 01:00:00,64.61,59.0
2017-09-19 02:00:00,63.34,60.1
2017-09-19 03:00:00,61.7,60.1
2017-09-19 04:00:00,62.88,60.1
2017-09-19 05:00:00,61.75,60.1
2017-09-19 06:00:00,63.6,60.1
2017-09-19 07:00:00,120.69,61.0
2017-09-19 08:00:00,150.35,63.0
2017-09-19 09:00:00,181.4,66.0
2017-09-19 10:00:00,188.19,70.0
2017-09-19 11:00:00,194.22,72.0
2017-09-19 12:00:00,194.86,75.0
2017-09-19 13:00:00,197.05,77.0
2017-09-19 14:00:00,188.82,78.1
2017-09-19 15:00:00,190.85,79.0
2017-09-19 16:00:00,185.62,78.1
2017-09-19 17:00:00,169.7,77.0
2017-09-19 18:00:00,106.75,75.9
2017-09-19 19:00:00,37.26,75.0
2017-09-19 20:00:00,33.78,73.9
2017-09-19 21:00:00,29.3,72.0
2017-09-19 22:00:00,28.76,72.0
2017-09-19 23:00:00,31.8,72.0
2017-09-20 00:00:00,32.26,72.0
2017-09-20 01:00:00,33.58,71.1
2017-09-20 02:00:00,61.77,73.0
2017-09-20 03:00:00,61.03,72.0
2017-09-20 04:00:00,61.22,71.1
2017-09-20 05:00:00,61.24,71.1
2017-09-20 06:00:00,57.72,71.1
2017-09-20 07:00:00,114.38,70.0
2017-09-20 08:00:00,144.99,68.0
2017-09-20 09:00:00,177.52,69.1
2017-09-20 10:00:00,194.0,71.1
2017-09-20 11:00:00,196.16,72.0
2017-09-20 12:00:00,196.79,73.9
2017-09-20 13:00:00,194.78,75.0
2017-09-20 14:00:00,192.38,75.0
2017-09-20 15:00:00,191.39,75.0
2017-09-20 16:00:00,183.51,73.9
2017-09-20 17:00:00,174.05,73.0
2017-09-20 18:00:00,111.08,70.0
2017-09-20 19:00:00,42.64,68.0
2017-09-20 20:00:00,41.21,66.0
2017-09-20 21:00:00,36.28,63.0
2017-09-20 22:00:00,42.85,61.0
2017-09-20 23:00:00,65.03,62.1
2017-09-21 00:00:00,66.89,57.9
2017-09-21 01:00:00,65.51,57.0
2017-09-21 02:00:00,62.31,57.9
2017-09-21 03:00:00,64.83,54.0
2017-09-21 04:00:00,65.04,55.9
2017-09-21 05:00:00,64.62,55.9
2017-09-21 06:00:00,50.65,55.9
2017-09-21 07:00:00,117.02,57.0
2017-09-21 08:00:00,152.9,62.1
2017-09-21 09:00:00,176.36,66.0
2017-09-21 10:00:00,190.58,69.1
2017-09-21 11:00:00,188.93,73.9
2017-09-21 12:00:00,190.62,75.9
2017-09-21 13:00:00,192.64,79.0
2017-09-21 14:00:00,188.47,81.0
2017-09-21 15:00:00,188.53,82.9
2017-09-21 16:00:00,181.58,82.9
2017-09-21 17:00:00,170.98,82.9
2017-09-21 18:00:00,110.37,81.0
2017-09-21 19:00:00,46.55,80.1
2017-09-21 20:00:00,41.0,79.0
2017-09-21 21:00:00,39.08,78.1
2017-09-21 22:00:00,39.65,75.9
2017-09-21 23:00:00,65.59,75.9
2017-09-22 00:00:00,65.71,75.9
2017-09-22 01:00:00,66.49,75.9
2017-09-22 02:00:00,65.09,75.0
2017-09-22 03:00:00,63.4,73.9
2017-09-22 04:00:00,63.61,73.9
2017-09-22 05:00:00,63.08,73.0
2017-09-22 06:00:00,44.03,75.0
2017-09-22 07:00:00,113.66,73.9
2017-09-22 08:00:00,146.07,75.9
2017-09-22 09:00:00,167.96,79.0
2017-09-22 10:00:00,178.8,81.0
2017-09-22 11:00:00,182.56,84.9
2017-09-22 12:00:00,179.78,89.1
2017-09-22 13:00:00,177.51,91.0
2017-09-22 14:00:00,176.81,93.0
2017-09-22 15:00:00,176.48,93.9
2017-09-22 16:00:00,172.67,93.9
2017-09-22 17:00:00,161.21,93.0
2017-09-22 18:00:00,106.44,89.1
2017-09-22 19:00:00,39.63,88.0
2017-09-22 20:00:00,36.76,86.0
2017-09-22 21:00:00,32.65,84.9
2017-09-22 22:00:00,29.43,84.9
2017-09-22 23:00:00,28.9,82.9
2017-09-23 00:00:00,27.43,82.0
2017-09-23 01:00:00,29.52,82.0
2017-09-23 02:00:00,28.01,81.0
2017-09-23 03:00:00,26.78,80.1
2017-09-23 04:00:00,26.94,79.0
2017-09-23 05:00:00,26.65,78.1
2017-09-23 06:00:00,26.83,73.9
2017-09-23 07:00:00,27.95,73.9
2017-09-23 08:00:00,28.08,77.0
2017-09-23 09:00:00,27.87,79.0
2017-09-23 10:00:00,26.41,81.0
2017-09-23 11:00:00,28.67,84.0
2017-09-23 12:00:00,27.97,84.9
2017-09-23 13:00:00,28.55,86.0
2017-09-23 14:00:00,29.66,88.0
2017-09-23 15:00:00,29.16,89.1
2017-09-23 16:00:00,28.18,87.1
2017-09-23 17:00:00,29.13,86.0
2017-09-23 18:00:00,28.23,84.0
2017-09-23 19:00:00,25.95,82.9
2017-09-23 20:00:00,26.05,81.0
2017-09-23 21:00:00,25.6,79.0
2017-09-23 22:00:00,25.79,80.1
2017-09-23 23:00:00,26.62,79.0
2017-09-24 00:00:00,25.74,78.1
2017-09-24 01:00:00,27.8,77.0
2017-09-24 02:00:00,26.58,77.0
2017-09-24 03:00:00,25.32,75.9
2017-09-24 04:00:00,25.35,75.0
2017-09-24 05:00:00,25.34,73.0
2017-09-24 06:00:00,25.24,71.1
2017-09-24 07:00:00,26.15,71.1
2017-09-24 08:00:00,25.88,73.9
2017-09-24 09:00:00,25.58,77.0
2017-09-24 10:00:00,25.18,82.0
2017-09-24 11:00:00,25.88,86.0
2017-09-24 12:00:00,27.08,88.0
2017-09-24 13:00:00,26.33,89.1
2017-09-24 14:00:00,27.48,89.1
2017-09-24 15:00:00,25.7,90.0
2017-09-24 16:00:00,26.24,90.0
2017-09-24 17:00:00,26.32,88.0
2017-09-24 18:00:00,25.76,86.0
2017-09-24 19:00:00,26.42,77.0
2017-09-24 20:00:00,26.49,75.0
2017-09-24 21:00:00,25.99,73.9
2017-09-24 22:00:00,26.47,73.0
2017-09-24 23:00:00,25.48,72.0
2017-09-25 00:00:00,24.74,70.0
2017-09-25 01:00:00,26.06,68.0
2017-09-25 02:00:00,26.32,66.0
2017-09-25 03:00:00,25.24,64.9
2017-09-25 04:00:00,25.4,64.0
2017-09-25 05:00:00,25.21,61.0
2017-09-25 06:00:00,57.12,61.0
2017-09-25 07:00:00,118.85,60.1
2017-09-25 08:00:00,145.05,60.1
2017-09-25 09:00:00,175.93,60.1
2017-09-25 10:00:00,191.05,60.1
2017-09-25 11:00:00,196.86,61.0
2017-09-25 12:00:00,194.66,62.1
2017-09-25 13:00:00,196.48,63.0
2017-09-25 14:00:00,196.95,62.1
2017-09-25 15:00:00,195.14,61.0
2017-09-25 16:00:00,189.96,62.1
2017-09-25 17:00:00,178.26,61.0
2017-09-25 18:00:00,113.09,60.1
2017-09-25 19:00:00,43.82,60.1
2017-09-25 20:00:00,39.26,59.0
2017-09-25 21:00:00,38.22,59.0
2017-09-25 22:00:00,35.44,59.0
2017-09-25 23:00:00,33.48,57.9
2017-09-26 00:00:00,31.66,57.9
2017-09-26 01:00:00,34.61,57.9
2017-09-26 02:00:00,32.59,57.9
2017-09-26 03:00:00,32.55,57.9
2017-09-26 04:00:00,31.9,59.0
2017-09-26 05:00:00,31.29,57.9
2017-09-26 06:00:00,32.93,57.9
2017-09-26 07:00:00,122.63,57.9
2017-09-26 08:00:00,154.65,59.0
2017-09-26 09:00:00,187.56,60.1
2017-09-26 10:00:00,194.1,60.1
2017-09-26 11:00:00,196.42,60.1
2017-09-26 12:00:00,197.59,61.0
2017-09-26 13:00:00,197.29,62.1
2017-09-26 14:00:00,192.28,64.0
2017-09-26 15:00:00,187.32,63.0
2017-09-26 16:00:00,188.52,64.0
2017-09-26 17:00:00,175.18,63.0
2017-09-26 18:00:00,109.86,62.1
2017-09-26 19:00:00,43.56,60.1
2017-09-26 20:00:00,38.45,59.0
2017-09-26 21:00:00,35.58,57.0
2017-09-26 22:00:00,35.85,55.0
2017-09-26 23:00:00,31.08,54.0
2017-09-27 00:00:00,30.18,53.1
2017-09-27 01:00:00,30.54,52.0
2017-09-27 02:00:00,28.69,52.0
2017-09-27 03:00:00,28.32,51.1
2017-09-27 04:00:00,28.59,51.1
2017-09-27 05:00:00,28.34,48.9
2017-09-27 06:00:00,32.51,48.0
2017-09-27 07:00:00,120.96,48.9
2017-09-27 08:00:00,154.96,51.1
2017-09-27 09:00:00,183.24,54.0
2017-09-27 10:00:00,193.27,57.0
2017-09-27 11:00:00,198.95,61.0
2017-09-27 12:00:00,201.37,63.0
2017-09-27 13:00:00,200.18,64.9
2017-09-27 14:00:00,198.16,63.0
2017-09-27 15:00:00,196.03,63.0
2017-09-27 16:00:00,190.76,64.9
2017-09-27 17:00:00,177.16,64.0
2017-09-27 18:00:00,114.05,62.1
2017-09-27 19:00:00,46.14,60.1
2017-09-27 20:00:00,36.85,60.1
2017-09-27 21:00:00,33.06,57.9
2017-09-27 22:00:00,34.88,57.0
2017-09-27 23:00:00,33.07,55.0
2017-09-28 00:00:00,30.19,54.0
2017-09-28 01:00:00,31.22,53.1
2017-09-28 02:00:00,29.24,53.1
2017-09-28 03:00:00,28.62,53.1
2017-09-28 04:00:00,28.72,55.0
2017-09-28 05:00:00,28.72,54.0
2017-09-28 06:00:00,29.79,54.0
2017-09-28 07:00:00,117.98,55.0
2017-09-28 08:00:00,147.84,57.0
2017-09-28 09:00:00,178.73,59.0
2017-09-28 10:00:00,189.87,63.0
2017-09-28 11:00:00,192.54,64.9
2017-09-28 12:00:00,195.99,69.1
2017-09-28 13:00:00,193.14,72.0
2017-09-28 14:00:00,192.22,73.0
2017-09-28 15:00:00,192.36,73.0
2017-09-28 16:00:00,184.87,71.1
2017-09-28 17:00:00,172.82,70.0
2017-09-28 18:00:00,114.25,68.0
2017-09-28 19:00:00,47.26,66.0
2017-09-28 20:00:00,39.26,64.0
2017-09-28 21:00:00,36.41,63.0
2017-09-28 22:00:00,36.56,60.1
2017-09-28 23:00:00,32.5,57.0
2017-09-29 00:00:00,34.52,55.9
2017-09-29 01:00:00,66.92,55.9
2017-09-29 02:00:00,66.26,54.0
2017-09-29 03:00:00,65.54,52.0
2017-09-29 04:00:00,64.89,51.1
2017-09-29 05:00:00,65.83,50.0
2017-09-29 06:00:00,43.9,48.0
2017-09-29 07:00:00,120.49,50.0
2017-09-29 08:00:00,154.7,52.0
2017-09-29 09:00:00,182.46,55.9
2017-09-29 10:00:00,191.87,57.9
2017-09-29 11:00:00,192.23,60.1
2017-09-29 12:00:00,190.92,62.1
2017-09-29 13:00:00,186.73,63.0
2017-09-29 14:00:00,183.26,63.0
2017-09-29 15:00:00,181.2,64.9
2017-09-29 16:00:00,176.46,64.9
2017-09-29 17:00:00,163.69,63.0
2017-09-29 18:00:00,97.73,60.1
2017-09-29 19:00:00,36.92,59.0
2017-09-29 20:00:00,35.65,57.0
2017-09-29 21:00:00,31.58,55.0
2017-09-29 22:00:00,28.15,54.0
2017-09-29 23:00:00,27.19,53.1
2017-09-30 00:00:00,26.85,51.1
2017-09-30 01:00:00,28.02,50.0
2017-09-30 02:00:00,27.39,48.9
2017-09-30 03:00:00,26.37,48.0
2017-09-30 04:00:00,26.22,48.0
2017-09-30 05:00:00,25.93,48.0
2017-09-30 06:00:00,25.9,46.9
2017-09-30 07:00:00,29.48,48.0
2017-09-30 08:00:00,30.41,52.0
2017-09-30 09:00:00,29.36,57.0
2017-09-30 10:00:00,28.45,60.1
2017-09-30 11:00:00,28.37,64.0
2017-09-30 12:00:00,27.1,66.0
2017-09-30 13:00:00,28.15,68.0
2017-09-30 14:00:00,28.32,69.1
2017-09-30 15:00:00,28.32,68.0
2017-09-30 16:00:00,28.5,66.9
2017-09-30 17:00:00,26.62,66.9
2017-09-30 18:00:00,26.44,64.9
2017-09-30 19:00:00,25.22,64.0
2017-09-30 20:00:00,25.6,63.0
2017-09-30 21:00:00,26.09,61.0
2017-09-30 22:00:00,24.85,60.1
2017-09-30 23:00:00,24.9,61.0
2017-10-01 00:00:00,24.64,62.1
2017-10-01 01:00:00,25.63,60.1
2017-10-01 02:00:00,26.64,59.0
2017-10-01 03:00:00,25.26,57.0
2017-10-01 04:00:00,26.35,57.0
2017-10-01 05:00:00,26.34,55.9
2017-10-01 06:00:00,26.37,57.0
2017-10-01 07:00:00,27.34,57.0
2017-10-01 08:00:00,27.83,57.9
2017-10-01 09:00:00,27.04,59.0
2017-10-01 10:00:00,25.82,60.1
2017-10-01 11:00:00,25.27,62.1
2017-10-01 12:00:00,24.96,57.0
2017-10-01 13:00:00,26.95,57.0
2017-10-01 14:00:00,27.83,60.1
2017-10-01 15:00:00,26.14,63.0
2017-10-01 16:00:00,24.97,62.1
2017-10-01 17:00:00,24.76,62.1
2017-10-01 18:00:00,24.47,62.1
2017-10-01 19:00:00,25.99,60.1
2017-10-01 20:00:00,27.22,60.1
2017-10-01 21:00:00,27.01,59.0
2017-10-01 22:00:00,28.25,61.0
2017-10-01 23:00:00,28.93,62.1
2017-10-02 00:00:00,27.78,60.1
2017-10-02 01:00:00,30.6,61.0
2017-10-02 02:00:00,31.02,55.0
2017-10-02 03:00:00,29.43,55.0
2017-10-02 04:00:00,30.34,55.0
2017-10-02 05:00:00,61.23,55.0
2017-10-02 06:00:00,61.7,55.0
2017-10-02 07:00:00,124.15,55.9
2017-10-02 08:00:00,150.2,57.9
2017-10-02 09:00:00,180.69,62.1
2017-10-02 10:00:00,189.44,62.1
2017-10-02 11:00:00,195.52,64.0
2017-10-02 12:00:00,200.31,66.9
2017-10-02 13:00:00,200.37,71.1
2017-10-02 14:00:00,196.82,70.0
2017-10-02 15:00:00,192.96,66.9
2017-10-02 16:00:00,189.4,66.0
2017-10-02 17:00:00,179.89,64.9
2017-10-02 18:00:00,109.85,66.0
2017-10-02 19:00:00,42.23,66.0
2017-10-02 20:00:00,39.64,66.0
2017-10-02 21:00:00,34.7,66.0
2017-10-02 22:00:00,32.94,64.0
2017-10-02 23:00:00,32.42,64.0
2017-10-03 00:00:00,29.71,64.9
2017-10-03 01:00:00,31.67,64.9
2017-10-03 02:00:00,27.75,64.9
2017-10-03 03:00:00,27.0,66.9
2017-10-03 04:00:00,27.49,71.1
2017-10-03 05:00:00,26.63,64.0
2017-10-03 06:00:00,29.16,63.0
2017-10-03 07:00:00,118.0,63.0
2017-10-03 08:00:00,154.12,63.0
2017-10-03 09:00:00,174.3,64.9
2017-10-03 10:00:00,188.39,68.0
2017-10-03 11:00:00,196.17,69.1
2017-10-03 12:00:00,201.52,69.1
2017-10-03 13:00:00,200.73,66.0
2017-10-03 14:00:00,196.33,62.1
2017-10-03 15:00:00,194.87,62.1
2017-10-03 16:00:00,190.0,64.0
2017-10-03 17:00:00,179.89,63.0
2017-10-03 18:00:00,115.0,60.1
2017-10-03 19:00:00,43.93,59.0
2017-10-03 20:00:00,38.89,55.9
2017-10-03 21:00:00,33.46,55.0
2017-10-03 22:00:00,32.32,53.1
2017-10-03 23:00:00,30.57,52.0
2017-10-04 00:00:00,29.57,52.0
2017-10-04 01:00:00,31.27,51.1
2017-10-04 02:00:00,29.55,50.0
2017-10-04 03:00:00,27.98,48.9
2017-10-04 04:00:00,27.96,48.9
2017-10-04 05:00:00,27.86,48.0
2017-10-04 06:00:00,29.62,46.9
2017-10-04 07:00:00,116.03,46.9
2017-10-04 08:00:00,146.45,48.9
2017-10-04 09:00:00,173.95,51.1
2017-10-04 10:00:00,184.99,53.1
2017-10-04 11:00:00,190.93,55.9
2017-10-04 12:00:00,194.37,57.0
2017-10-04 13:00:00,194.09,57.9
2017-10-04 14:00:00,191.06,57.9
2017-10-04 15:00:00,187.48,59.0
2017-10-04 16:00:00,181.58,60.1
2017-10-04 17:00:00,173.38,57.9
2017-10-04 18:00:00,113.37,55.9
2017-10-04 19:00:00,47.95,54.0
2017-10-04 20:00:00,41.94,53.1
2017-10-04 21:00:00,35.68,53.1
2017-10-04 22:00:00,33.81,51.1
2017-10-04 23:00:00,32.6,51.1
2017-10-05 00:00:00,31.36,50.0
2017-10-05 01:00:00,32.41,48.9
2017-10-05 02:00:00,31.68,48.9
2017-10-05 03:00:00,31.49,48.9
2017-10-05 04:00:00,29.97,50.0
2017-10-05 05:00:00,30.52,52.0
2017-10-05 06:00:00,33.48,52.0
2017-10-05 07:00:00,120.31,53.1
2017-10-05 08:00:00,154.36,55.0
2017-10-05 09:00:00,180.66,55.0
2017-10-05 10:00:00,193.14,57.9
2017-10-05 11:00:00,193.49,61.0
2017-10-05 12:00:00,193.95,62.1
2017-10-05 13:00:00,194.76,64.0
2017-10-05 14:00:00,190.84,63.0
2017-10-05 15:00:00,191.97,63.0
2017-10-05 16:00:00,183.11,62.1
2017-10-05 17:00:00,171.27,62.1
2017-10-05 18:00:00,107.73,60.1
2017-10-05 19:00:00,41.87,60.1
2017-10-05 20:00:00,38.94,57.9
2017-10-05 21:00:00,36.14,55.9
2017-10-05 22:00:00,33.01,55.9
2017-10-05 23:00:00,32.4,55.0
2017-10-06 00:00:00,30.85,55.0
2017-10-06 01:00:00,32.3,53.1
2017-10-06 02:00:00,29.4,50.0
2017-10-06 03:00:00,29.08,50.0
2017-10-06 04:00:00,29.23,50.0
2017-10-06 05:00:00,28.69,48.9
2017-10-06 06:00:00,31.91,48.9
2017-10-06 07:00:00,119.76,51.1
2017-10-06 08:00:00,152.13,53.1
2017-10-06 09:00:00,175.18,57.0
2017-10-06 10:00:00,186.43,59.0
2017-10-06 11:00:00,188.76,59.0
2017-10-06 12:00:00,186.8,60.1
2017-10-06 13:00:00,186.71,60.1
2017-10-06 14:00:00,180.97,57.9
2017-10-06 15:00:00,180.24,57.0
2017-10-06 16:00:00,177.72,55.9
2017-10-06 17:00:00,167.9,57.0
2017-10-06 18:00:00,104.78,55.9
2017-10-06 19:00:00,41.35,55.9
2017-10-06 20:00:00,36.55,55.9
2017-10-06 21:00:00,31.18,55.9
2017-10-06 22:00:00,31.16,55.9
2017-10-06 23:00:00,30.37,55.9
2017-10-07 00:00:00,31.22,55.9
2017-10-07 01:00:00,30.25,55.9
2017-10-07 02:00:00,27.3,55.9
2017-10-07 03:00:00,25.87,55.9
2017-10-07 04:00:00,26.03,55.0
2017-10-07 05:00:00,25.57,54.0
2017-10-07 06:00:00,25.81,54.0
2017-10-07 07:00:00,26.86,54.0
2017-10-07 08:00:00,27.46,54.0
2017-10-07 09:00:00,26.63,55.0
2017-10-07 10:00:00,26.09,55.9
2017-10-07 11:00:00,26.46,55.9
2017-10-07 12:00:00,27.23,59.0
2017-10-07 13:00:00,28.64,59.0
2017-10-07 14:00:00,29.66,61.0
2017-10-07 15:00:00,29.76,64.0
2017-10-07 16:00:00,29.13,66.9
2017-10-07 17:00:00,27.46,66.0
2017-10-07 18:00:00,28.16,63.0
2017-10-07 19:00:00,27.68,63.0
2017-10-07 20:00:00,28.37,60.1
2017-10-07 21:00:00,27.3,60.1
2017-10-07 22:00:00,26.27,59.0
2017-10-07 23:00:00,26.08,57.0
2017-10-08 00:00:00,26.54,55.0
2017-10-08 01:00:00,27.54,54.0
2017-10-08 02:00:00,27.58,54.0
2017-10-08 03:00:00,25.99,53.1
2017-10-08 04:00:00,25.92,51.1
2017-10-08 05:00:00,26.24,50.0
2017-10-08 06:00:00,26.24,50.0
2017-10-08 07:00:00,27.08,52.0
2017-10-08 08:00:00,27.36,55.0
2017-10-08 09:00:00,27.44,60.1
2017-10-08 10:00:00,27.21,64.0
2017-10-08 11:00:00,26.36,68.0
2017-10-08 12:00:00,24.55,71.1
2017-10-08 13:00:00,26.32,72.0
2017-10-08 14:00:00,24.48,70.0
2017-10-08 15:00:00,24.47,70.0
2017-10-08 16:00:00,26.34,69.1
2017-10-08 17:00:00,25.08,66.9
2017-10-08 18:00:00,25.32,63.0
2017-10-08 19:00:00,26.03,60.1
2017-10-08 20:00:00,25.85,57.9
2017-10-08 21:00:00,26.46,55.9
2017-10-08 22:00:00,27.64,55.9
2017-10-08 23:00:00,28.25,55.0
2017-10-09 00:00:00,26.19,53.1
2017-10-09 01:00:00,28.34,52.0
2017-10-09 02:00:00,27.84,50.0
2017-10-09 03:00:00,26.7,48.0
2017-10-09 04:00:00,26.1,48.9
2017-10-09 05:00:00,25.95,46.9
2017-10-09 06:00:00,57.73,46.0
2017-10-09 07:00:00,125.93,48.9
2017-10-09 08:00:00,150.4,51.1
2017-10-09 09:00:00,181.29,54.0
2017-10-09 10:00:00,191.28,57.0
2017-10-09 11:00:00,194.01,55.0
2017-10-09 12:00:00,197.96,54.0
2017-10-09 13:00:00,198.46,55.0
2017-10-09 14:00:00,194.44,52.0
2017-10-09 15:00:00,191.05,50.0
2017-10-09 16:00:00,185.69,48.9
2017-10-09 17:00:00,175.24,48.0
2017-10-09 18:00:00,107.9,48.0
2017-10-09 19:00:00,45.15,48.0
2017-10-09 20:00:00,37.85,46.9
2017-10-09 21:00:00,33.33,44.1
2017-10-09 22:00:00,32.42,43.0
2017-10-09 23:00:00,33.25,42.1
2017-10-10 00:00:00,31.35,39.9
2017-10-10 01:00:00,31.04,39.0
2017-10-10 02:00:00,29.22,39.0
2017-10-10 03:00:00,28.9,37.0
2017-10-10 04:00:00,28.23,37.0
2017-10-10 05:00:00,28.08,35.1
2017-10-10 06:00:00,30.06,35.1
2017-10-10 07:00:00,119.07,36.0
2017-10-10 08:00:00,152.63,39.9
2017-10-10 09:00:00,179.2,43.0
2017-10-10 10:00:00,194.26,48.0
2017-10-10 11:00:00,184.96,48.0
2017-10-10 12:00:00,186.54,50.0
2017-10-10 13:00:00,188.64,50.0
2017-10-10 14:00:00,182.93,51.1
2017-10-10 15:00:00,186.91,51.1
2017-10-10 16:00:00,186.8,50.0
2017-10-10 17:00:00,170.12,50.0
2017-10-10 18:00:00,106.96,48.9
2017-10-10 19:00:00,46.17,48.9
2017-10-10 20:00:00,40.33,48.0
2017-10-10 21:00:00,35.24,46.0
2017-10-10 22:00:00,35.22,45.0
2017-10-10 23:00:00,33.1,44.1
2017-10-11 00:00:00,28.97,42.1
2017-10-11 01:00:00,30.99,41.0
2017-10-11 02:00:00,29.54,39.0
2017-10-11 03:00:00,28.69,39.0
2017-10-11 04:00:00,28.48,39.9
2017-10-11 05:00:00,28.15,39.9
2017-10-11 06:00:00,29.88,39.0
2017-10-11 07:00:00,118.23,42.1
2017-10-11 08:00:00,151.84,45.0
2017-10-11 09:00:00,177.01,46.9
2017-10-11 10:00:00,188.6,48.9
2017-10-11 11:00:00,187.02,50.0
2017-10-11 12:00:00,182.46,52.0
2017-10-11 13:00:00,182.27,53.1
2017-10-11 14:00:00,179.47,54.0
2017-10-11 15:00:00,178.0,54.0
2017-10-11 16:00:00,177.54,55.0
2017-10-11 17:00:00,167.36,54.0
2017-10-11 18:00:00,106.46,52.0
2017-10-11 19:00:00,46.79,51.1
2017-10-11 20:00:00,41.59,51.1
2017-10-11 21:00:00,36.99,52.0
2017-10-11 22:00:00,36.8,53.1
2017-10-11 23:00:00,36.97,53.1
2017-10-12 00:00:00,35.05,53.1
2017-10-12 01:00:00,34.7,54.0
2017-10-12 02:00:00,32.18,54.0
2017-10-12 03:00:00,30.94,55.0
2017-10-12 04:00:00,30.51,55.0
2017-10-12 05:00:00,30.22,55.9
2017-10-12 06:00:00,31.55,55.0
2017-10-12 07:00:00,122.4,55.0
2017-10-12 08:00:00,152.18,55.9
2017-10-12 09:00:00,173.85,57.0
2017-10-12 10:00:00,179.42,57.9
2017-10-12 11:00:00,181.36,59.0
2017-10-12 12:00:00,181.71,60.1
2017-10-12 13:00:00,183.3,62.1
2017-10-12 14:00:00,174.78,63.0
2017-10-12 15:00:00,177.3,64.0
2017-10-12 16:00:00,176.36,64.0
2017-10-12 17:00:00,167.58,63.0
2017-10-12 18:00:00,107.83,59.0
2017-10-12 19:00:00,46.88,59.0
2017-10-12 20:00:00,41.98,57.9
2017-10-12 21:00:00,38.4,57.0
2017-10-12 22:00:00,34.61,55.9
2017-10-12 23:00:00,33.58,55.0
2017-10-13 00:00:00,30.88,55.0
2017-10-13 01:00:00,29.85,55.0
2017-10-13 02:00:00,28.07,54.0
2017-10-13 03:00:00,26.97,52.0
2017-10-13 04:00:00,27.13,50.0
2017-10-13 05:00:00,27.01,48.9
2017-10-13 06:00:00,27.49,48.0
2017-10-13 07:00:00,110.83,46.9
2017-10-13 08:00:00,146.06,50.0
2017-10-13 09:00:00,167.05,51.1
2017-10-13 10:00:00,176.29,52.0
2017-10-13 11:00:00,178.48,52.0
2017-10-13 12:00:00,177.85,55.0
2017-10-13 13:00:00,179.79,57.9
2017-10-13 14:00:00,175.0,59.0
2017-10-13 15:00:00,170.76,60.1
2017-10-13 16:00:00,165.4,59.0
2017-10-13 17:00:00,154.54,57.0
2017-10-13 18:00:00,98.32,57.0
2017-10-13 19:00:00,41.51,55.0
2017-10-13 20:00:00,38.88,53.1
2017-10-13 21:00:00,34.65,52.0
2017-10-13 22:00:00,32.84,50.0
2017-10-13 23:00:00,34.18,48.0
2017-10-14 00:00:00,31.01,45.0
2017-10-14 01:00:00,30.28,45.0
2017-10-14 02:00:00,28.44,46.9
2017-10-14 03:00:00,27.52,46.9
2017-10-14 04:00:00,27.15,46.9
2017-10-14 05:00:00,27.14,46.9
2017-10-14 06:00:00,27.04,48.0
2017-10-14 07:00:00,29.04,48.0
2017-10-14 08:00:00,29.5,48.0
2017-10-14 09:00:00,28.82,50.0
2017-10-14 10:00:00,29.91,57.0
2017-10-14 11:00:00,28.54,57.0
2017-10-14 12:00:00,30.7,57.0
2017-10-14 13:00:00,34.32,57.0
2017-10-14 14:00:00,33.49,54.0
2017-10-14 15:00:00,34.69,52.0
2017-10-14 16:00:00,35.6,51.1
2017-10-14 17:00:00,35.29,50.0
2017-10-14 18:00:00,34.22,50.0
2017-10-14 19:00:00,29.91,50.0
2017-10-14 20:00:00,28.8,48.0
2017-10-14 21:00:00,31.07,48.0
2017-10-14 22:00:00,28.01,48.0
2017-10-14 23:00:00,27.73,46.9
2017-10-15 00:00:00,27.59,46.0
2017-10-15 01:00:00,28.73,45.0
2017-10-15 02:00:00,28.65,43.0
2017-10-15 03:00:00,27.14,42.1
2017-10-15 04:00:00,27.3,42.1
2017-10-15 05:00:00,27.13,42.1
2017-10-15 06:00:00,27.35,41.0
2017-10-15 07:00:00,28.59,42.1
2017-10-15 08:00:00,29.52,45.0
2017-10-15 09:00:00,33.15,45.0
2017-10-15 10:00:00,29.02,48.0
2017-10-15 11:00:00,28.72,48.0
2017-10-15 12:00:00,28.53,51.1
2017-10-15 13:00:00,29.07,51.1
2017-10-15 14:00:00,28.89,53.1
2017-10-15 15:00:00,30.08,53.1
2017-10-15 16:00:00,31.55,52.0
2017-10-15 17:00:00,30.36,50.0
2017-10-15 18:00:00,29.68,50.0
2017-10-15 19:00:00,29.15,48.9
2017-10-15 20:00:00,29.09,50.0
2017-10-15 21:00:00,29.04,46.9
2017-10-15 22:00:00,28.89,46.9
2017-10-15 23:00:00,29.39,46.0
2017-10-16 00:00:00,29.65,45.0
2017-10-16 01:00:00,30.35,43.0
2017-10-16 02:00:00,29.34,43.0
2017-10-16 03:00:00,29.71,42.1
2017-10-16 04:00:00,29.25,41.0
2017-10-16 05:00:00,29.94,39.9
2017-10-16 06:00:00,62.44,39.9
2017-10-16 07:00:00,127.38,39.0
2017-10-16 08:00:00,149.98,42.1
2017-10-16 09:00:00,178.08,46.0
2017-10-16 10:00:00,193.17,50.0
2017-10-16 11:00:00,196.72,54.0
2017-10-16 12:00:00,193.83,57.9
2017-10-16 13:00:00,194.89,62.1
2017-10-16 14:00:00,192.22,64.0
2017-10-16 15:00:00,185.52,66.0
2017-10-16 16:00:00,176.46,66.0
2017-10-16 17:00:00,167.08,64.9
2017-10-16 18:00:00,105.56,62.1
2017-10-16 19:00:00,43.11,61.0
2017-10-16 20:00:00,38.81,61.0
2017-10-16 21:00:00,34.88,60.1
2017-10-16 22:00:00,35.36,57.9
2017-10-16 23:00:00,30.26,57.0
2017-10-17 00:00:00,30.46,55.9
2017-10-17 01:00:00,31.72,54.0
2017-10-17 02:00:00,30.41,52.0
2017-10-17 03:00:00,29.76,51.1
2017-10-17 04:00:00,29.71,50.0
2017-10-17 05:00:00,29.5,48.9
2017-10-17 06:00:00,32.61,48.9
2017-10-17 07:00:00,121.46,48.0
2017-10-17 08:00:00,155.2,48.9
2017-10-17 09:00:00,183.16,53.1
2017-10-17 10:00:00,188.48,55.9
2017-10-17 11:00:00,193.9,61.0
2017-10-17 12:00:00,193.76,64.9
2017-10-17 13:00:00,192.58,68.0
2017-10-17 14:00:00,191.41,71.1
2017-10-17 15:00:00,192.98,73.0
2017-10-17 16:00:00,182.79,73.0
2017-10-17 17:00:00,169.26,72.0
2017-10-17 18:00:00,106.89,66.0
2017-10-17 19:00:00,42.26,64.9
2017-10-17 20:00:00,40.84,64.9
2017-10-17 21:00:00,36.51,63.0
2017-10-17 22:00:00,35.38,63.0
2017-10-17 23:00:00,30.84,62.1
2017-10-18 00:00:00,28.94,61.0
2017-10-18 01:00:00,29.71,59.0
2017-10-18 02:00:00,28.34,57.9
2017-10-18 03:00:00,27.14,55.9
2017-10-18 04:00:00,27.52,51.1
2017-10-18 05:00:00,27.5,50.0
2017-10-18 06:00:00,29.59,48.9
2017-10-18 07:00:00,119.57,50.0
2017-10-18 08:00:00,150.87,53.1
2017-10-18 09:00:00,181.95,57.0
2017-10-18 10:00:00,194.28,61.0
2017-10-18 11:00:00,196.99,64.0
2017-10-18 12:00:00,194.96,64.9
2017-10-18 13:00:00,195.25,66.9
2017-10-18 14:00:00,192.7,70.0
2017-10-18 15:00:00,191.36,72.0
2017-10-18 16:00:00,187.46,71.1
2017-10-18 17:00:00,174.77,66.9
2017-10-18 18:00:00,111.9,62.1
2017-10-18 19:00:00,45.29,59.0
2017-10-18 20:00:00,39.81,55.9
2017-10-18 21:00:00,34.87,55.0
2017-10-18 22:00:00,33.22,55.0
2017-10-18 23:00:00,32.01,54.0
2017-10-19 00:00:00,30.31,52.0
2017-10-19 01:00:00,31.5,52.0
2017-10-19 02:00:00,29.59,50.0
2017-10-19 03:00:00,27.24,46.9
2017-10-19 04:00:00,27.23,46.9
2017-10-19 05:00:00,26.96,46.0
2017-10-19 06:00:00,28.74,46.0
2017-10-19 07:00:00,112.38,45.0
2017-10-19 08:00:00,144.63,46.0
2017-10-19 09:00:00,168.62,51.1
2017-10-19 10:00:00,179.01,55.9
2017-10-19 11:00:00,183.47,63.0
2017-10-19 12:00:00,190.56,66.9
2017-10-19 13:00:00,190.96,71.1
2017-10-19 14:00:00,189.7,73.0
2017-10-19 15:00:00,185.35,73.0
2017-10-19 16:00:00,181.02,72.0
2017-10-19 17:00:00,170.83,71.1
2017-10-19 18:00:00,110.43,68.0
2017-10-19 19:00:00,45.07,64.0
2017-10-19 20:00:00,38.76,62.1
2017-10-19 21:00:00,34.06,57.9
2017-10-19 22:00:00,37.34,55.9
2017-10-19 23:00:00,35.56,55.0
2017-10-20 00:00:00,33.86,55.0
2017-10-20 01:00:00,33.66,55.0
2017-10-20 02:00:00,30.66,55.0
2017-10-20 03:00:00,30.03,55.0
2017-10-20 04:00:00,30.03,53.1
2017-10-20 05:00:00,30.02,54.0
2017-10-20 06:00:00,28.74,54.0
2017-10-20 07:00:00,117.85,54.0
2017-10-20 08:00:00,155.46,57.0
2017-10-20 09:00:00,172.68,62.1
2017-10-20 10:00:00,183.94,68.0
2017-10-20 11:00:00,185.48,72.0
2017-10-20 12:00:00,185.72,75.0
2017-10-20 13:00:00,183.0,75.9
2017-10-20 14:00:00,179.48,77.0
2017-10-20 15:00:00,175.44,77.0
2017-10-20 16:00:00,169.4,77.0
2017-10-20 17:00:00,161.51,75.0
2017-10-20 18:00:00,100.23,71.1
2017-10-20 19:00:00,37.8,69.1
2017-10-20 20:00:00,37.31,68.0
2017-10-20 21:00:00,33.06,68.0
2017-10-20 22:00:00,29.2,68.0
2017-10-20 23:00:00,27.22,66.9
2017-10-21 00:00:00,25.81,66.0
2017-10-21 01:00:00,28.1,64.0
2017-10-21 02:00:00,26.99,64.0
2017-10-21 03:00:00,25.84,63.0
2017-10-21 04:00:00,25.75,63.0
2017-10-21 05:00:00,25.72,63.0
2017-10-21 06:00:00,25.54,63.0
2017-10-21 07:00:00,26.96,60.1
2017-10-21 08:00:00,27.74,61.0
2017-10-21 09:00:00,27.47,61.0
2017-10-21 10:00:00,25.77,61.0
2017-10-21 11:00:00,26.81,63.0
2017-10-21 12:00:00,27.85,64.9
2017-10-21 13:00:00,31.54,66.0
2017-10-21 14:00:00,29.19,66.9
2017-10-21 15:00:00,29.87,68.0
2017-10-21 16:00:00,28.61,69.1
2017-10-21 17:00:00,29.61,69.1
2017-10-21 18:00:00,28.94,68.0
2017-10-21 19:00:00,27.21,57.0
2017-10-21 20:00:00,28.52,57.0
2017-10-21 21:00:00,28.48,55.9
2017-10-21 22:00:00,28.41,54.0
2017-10-21 23:00:00,27.89,53.1
2017-10-22 00:00:00,27.77,52.0
2017-10-22 01:00:00,28.87,51.1
2017-10-22 02:00:00,28.7,50.0
2017-10-22 03:00:00,27.53,50.0
2017-10-22 04:00:00,27.54,50.0
2017-10-22 05:00:00,27.34,48.9
2017-10-22 06:00:00,27.44,48.9
2017-10-22 07:00:00,28.85,48.0
2017-10-22 08:00:00,28.99,48.9
2017-10-22 09:00:00,28.55,50.0
2017-10-22 10:00:00,27.49,50.0
2017-10-22 11:00:00,28.6,55.0
2017-10-22 12:00:00,27.27,60.1
2017-10-22 13:00:00,27.46,62.1
2017-10-22 14:00:00,27.1,63.0
2017-10-22 15:00:00,25.56,64.0
2017-10-22 16:00:00,26.94,63.0
2017-10-22 17:00:00,28.8,62.1
2017-10-22 18:00:00,28.56,57.0
2017-10-22 19:00:00,29.85,57.9
2017-10-22 20:00:00,29.49,55.9
2017-10-22 21:00:00,27.63,57.0
2017-10-22 22:00:00,28.73,55.9
2017-10-22 23:00:00,27.28,55.9
2017-10-23 00:00:00,28.56,55.9
2017-10-23 01:00:00,28.8,55.9
2017-10-23 02:00:00,29.05,55.9
2017-10-23 03:00:00,27.89,54.0
2017-10-23 04:00:00,27.35,51.1
2017-10-23 05:00:00,26.88,48.0
2017-10-23 06:00:00,58.35,52.0
2017-10-23 07:00:00,122.45,51.1
2017-10-23 08:00:00,147.69,52.0
2017-10-23 09:00:00,176.11,57.0
2017-10-23 10:00:00,189.35,57.0
2017-10-23 11:00:00,195.18,60.1
2017-10-23 12:00:00,194.74,59.0
2017-10-23 13:00:00,191.95,59.0
2017-10-23 14:00:00,186.71,55.9
2017-10-23 15:00:00,181.38,52.0
2017-10-23 16:00:00,176.11,51.1
2017-10-23 17:00:00,167.56,50.0
2017-10-23 18:00:00,100.87,48.9
2017-10-23 19:00:00,42.9,48.9
2017-10-23 20:00:00,40.09,48.9
2017-10-23 21:00:00,32.24,48.0
2017-10-23 22:00:00,36.19,46.9
2017-10-23 23:00:00,31.96,45.0
2017-10-24 00:00:00,28.95,43.0
2017-10-24 01:00:00,30.9,42.1
2017-10-24 02:00:00,29.08,42.1
2017-10-24 03:00:00,27.69,43.0
2017-10-24 04:00:00,27.73,43.0
2017-10-24 05:00:00,27.44,43.0
2017-10-24 06:00:00,27.66,42.1
2017-10-24 07:00:00,114.56,39.9
2017-10-24 08:00:00,150.37,41.0
2017-10-24 09:00:00,178.89,41.0
2017-10-24 10:00:00,188.85,42.1
2017-10-24 11:00:00,193.75,45.0
2017-10-24 12:00:00,198.35,46.9
2017-10-24 13:00:00,195.26,50.0
2017-10-24 14:00:00,196.59,50.0
2017-10-24 15:00:00,193.56,51.1
2017-10-24 16:00:00,187.13,50.0
2017-10-24 17:00:00,176.78,48.0
2017-10-24 18:00:00,112.14,46.0
2017-10-24 19:00:00,47.11,45.0
2017-10-24 20:00:00,40.45,43.0
2017-10-24 21:00:00,37.46,43.0
2017-10-24 22:00:00,35.2,44.1
2017-10-24 23:00:00,34.47,43.0
2017-10-25 00:00:00,33.75,43.0
2017-10-25 01:00:00,31.85,44.1
2017-10-25 02:00:00,31.37,42.1
2017-10-25 03:00:00,30.4,41.0
2017-10-25 04:00:00,29.89,41.0
2017-10-25 05:00:00,29.94,39.9
2017-10-25 06:00:00,31.42,39.9
2017-10-25 07:00:00,119.91,39.0
2017-10-25 08:00:00,152.59,42.1
2017-10-25 09:00:00,179.62,46.0
2017-10-25 10:00:00,190.48,48.9
2017-10-25 11:00:00,194.85,51.1
2017-10-25 12:00:00,196.65,53.1
2017-10-25 13:00:00,195.69,54.0
2017-10-25 14:00:00,197.37,55.0
2017-10-25 15:00:00,189.45,55.9
2017-10-25 16:00:00,182.15,55.9
2017-10-25 17:00:00,176.09,55.0
2017-10-25 18:00:00,109.8,50.0
2017-10-25 19:00:00,43.72,51.1
2017-10-25 20:00:00,40.04,48.9
2017-10-25 21:00:00,33.92,46.9
2017-10-25 22:00:00,33.68,46.9
2017-10-25 23:00:00,31.41,46.0
2017-10-26 00:00:00,32.01,45.0
2017-10-26 01:00:00,33.82,46.0
2017-10-26 02:00:00,30.54,45.0
2017-10-26 03:00:00,30.65,45.0
2017-10-26 04:00:00,30.3,45.0
2017-10-26 05:00:00,29.17,46.0
2017-10-26 06:00:00,33.1,48.0
2017-10-26 07:00:00,119.28,48.0
2017-10-26 08:00:00,152.1,48.9
2017-10-26 09:00:00,177.68,50.0
2017-10-26 10:00:00,189.24,52.0
2017-10-26 11:00:00,192.33,57.0
2017-10-26 12:00:00,191.51,57.0
2017-10-26 13:00:00,191.19,51.1
2017-10-26 14:00:00,188.17,50.0
2017-10-26 15:00:00,185.54,45.0
2017-10-26 16:00:00,181.72,42.1
2017-10-26 17:00:00,169.68,39.9
2017-10-26 18:00:00,111.39,39.0
2017-10-26 19:00:00,47.94,37.9
2017-10-26 20:00:00,40.23,36.0
2017-10-26 21:00:00,37.39,36.0
2017-10-26 22:00:00,35.9,36.0
2017-10-26 23:00:00,35.65,35.1
2017-10-27 00:00:00,34.25,35.1
2017-10-27 01:00:00,33.78,35.1
2017-10-27 02:00:00,29.29,35.1
2017-10-27 03:00:00,27.96,35.1
2017-10-27 04:00:00,27.61,34.0
2017-10-27 05:00:00,26.66,35.1
2017-10-27 06:00:00,26.67,34.0
2017-10-27 07:00:00,108.64,34.0
2017-10-27 08:00:00,141.69,34.0
2017-10-27 09:00:00,172.36,33.4
2017-10-27 10:00:00,180.83,33.1
2017-10-27 11:00:00,180.29,34.0
2017-10-27 12:00:00,184.13,33.1
2017-10-27 13:00:00,185.67,33.1
2017-10-27 14:00:00,178.92,34.0
2017-10-27 15:00:00,179.87,33.1
2017-10-27 16:00:00,175.07,34.0
2017-10-27 17:00:00,164.63,34.0
2017-10-27 18:00:00,102.19,33.1
2017-10-27 19:00:00,41.66,34.0
2017-10-27 20:00:00,35.44,34.0
2017-10-27 21:00:00,30.04,33.1
2017-10-27 22:00:00,29.93,33.1
2017-10-27 23:00:00,29.7,33.1
2017-10-28 00:00:00,28.26,32.0
2017-10-28 01:00:00,29.71,30.9
2017-10-28 02:00:00,27.68,30.9
2017-10-28 03:00:00,26.75,30.0
2017-10-28 04:00:00,26.57,32.0
2017-10-28 05:00:00,26.26,32.0
2017-10-28 06:00:00,26.49,32.0
2017-10-28 07:00:00,27.57,32.0
2017-10-28 08:00:00,28.31,32.0
2017-10-28 09:00:00,28.22,32.0
2017-10-28 10:00:00,28.52,33.1
2017-10-28 11:00:00,30.11,33.1
2017-10-28 12:00:00,30.71,33.1
2017-10-28 13:00:00,31.86,34.0
2017-10-28 14:00:00,31.2,34.0
2017-10-28 15:00:00,31.67,34.0
2017-10-28 16:00:00,28.91,34.0
2017-10-28 17:00:00,28.58,34.0
2017-10-28 18:00:00,27.92,33.1
2017-10-28 19:00:00,27.65,30.9
2017-10-28 20:00:00,27.48,30.0
2017-10-28 21:00:00,27.88,30.0
2017-10-28 22:00:00,27.0,30.0
2017-10-28 23:00:00,26.85,30.0
2017-10-29 00:00:00,27.29,30.0
2017-10-29 01:00:00,27.63,30.0
2017-10-29 02:00:00,27.68,28.9
2017-10-29 03:00:00,26.8,30.0
2017-10-29 04:00:00,26.52,30.0
2017-10-29 05:00:00,26.55,30.9
2017-10-29 06:00:00,26.83,32.0
2017-10-29 07:00:00,27.45,32.0
2017-10-29 08:00:00,28.17,33.1
2017-10-29 09:00:00,27.39,34.0
2017-10-29 10:00:00,26.06,37.0
2017-10-29 11:00:00,26.4,39.0
2017-10-29 12:00:00,27.25,39.9
2017-10-29 13:00:00,28.59,43.0
2017-10-29 14:00:00,28.39,43.0
2017-10-29 15:00:00,29.07,43.0
2017-10-29 16:00:00,29.3,43.0
2017-10-29 17:00:00,29.14,43.0
2017-10-29 18:00:00,28.16,43.0
2017-10-29 19:00:00,27.23,42.1
2017-10-29 20:00:00,26.96,43.0
2017-10-29 21:00:00,27.02,43.0
2017-10-29 22:00:00,27.72,42.1
2017-10-29 23:00:00,27.01,42.1
2017-10-30 00:00:00,27.46,39.9
2017-10-30 01:00:00,27.98,37.9
2017-10-30 02:00:00,27.9,39.0
2017-10-30 03:00:00,27.84,39.0
2017-10-30 04:00:00,26.74,37.9
2017-10-30 05:00:00,26.5,37.9
2017-10-30 06:00:00,58.48,36.0
2017-10-30 07:00:00,119.71,36.0
2017-10-30 08:00:00,144.86,36.0
2017-10-30 09:00:00,173.98,37.0
2017-10-30 10:00:00,194.35,37.0
2017-10-30 11:00:00,196.47,37.9
2017-10-30 12:00:00,195.18,37.9
2017-10-30 13:00:00,197.1,37.0
2017-10-30 14:00:00,195.42,36.0
2017-10-30 15:00:00,192.18,34.0
2017-10-30 16:00:00,193.61,34.0
2017-10-30 17:00:00,179.94,33.1
2017-10-30 18:00:00,112.78,33.1
2017-10-30 19:00:00,48.6,32.0
2017-10-30 20:00:00,44.33,32.0
2017-10-30 21:00:00,38.44,32.0
2017-10-30 22:00:00,36.08,32.0
2017-10-30 23:00:00,34.32,30.9
2017-10-31 00:00:00,33.35,30.9
2017-10-31 01:00:00,34.6,30.9
2017-10-31 02:00:00,33.03,30.9
2017-10-31 03:00:00,31.46,30.9
2017-10-31 04:00:00,30.82,30.0
2017-10-31 05:00:00,31.0,28.9
2017-10-31 06:00:00,30.71,28.9
2017-10-31 07:00:00,118.45,28.9
2017-10-31 08:00:00,154.83,28.9
2017-10-31 09:00:00,176.98,30.0
2017-10-31 10:00:00,190.44,30.0
2017-10-31 11:00:00,198.2,30.0
2017-10-31 12:00:00,192.33,30.9
2017-10-31 13:00:00,192.98,32.0
2017-10-31 14:00:00,189.37,33.1
2017-10-31 15:00:00,189.66,34.0
2017-10-31 16:00:00,187.46,34.0
2017-10-31 17:00:00,174.42,34.0
2017-10-31 18:00:00,108.7,32.0
2017-10-31 19:00:00,43.62,32.0
2017-10-31 20:00:00,39.66,28.0
2017-10-31 21:00:00,36.13,28.0
2017-10-31 22:00:00,35.12,27.0
2017-10-31 23:00:00,33.46,28.0
2017-11-01 00:00:00,32.58,28.0
2017-11-01 01:00:00,33.52,27.0
2017-11-01 02:00:00,33.61,27.0
2017-11-01 03:00:00,31.17,28.9
2017-11-01 04:00:00,30.18,28.9
2017-11-01 05:00:00,29.82,30.0
2017-11-01 06:00:00,32.31,30.9
2017-11-01 07:00:00,121.11,32.0
2017-11-01 08:00:00,154.24,32.0
2017-11-01 09:00:00,183.19,32.0
2017-11-01 10:00:00,197.13,33.1
2017-11-01 11:00:00,203.56,34.0
2017-11-01 12:00:00,201.39,37.0
2017-11-01 13:00:00,200.38,34.0
2017-11-01 14:00:00,195.4,34.0
2017-11-01 15:00:00,192.7,34.0
2017-11-01 16:00:00,188.78,34.0
2017-11-01 17:00:00,175.03,34.0
2017-11-01 18:00:00,111.43,35.1
2017-11-01 19:00:00,45.66,35.1
2017-11-01 20:00:00,41.75,36.0
2017-11-01 21:00:00,33.27,36.0
2017-11-01 22:00:00,33.07,35.1
2017-11-01 23:00:00,32.1,35.1
2017-11-02 00:00:00,30.57,35.1
2017-11-02 01:00:00,32.07,34.0
2017-11-02 02:00:00,29.69,34.0
2017-11-02 03:00:00,29.29,35.1
2017-11-02 04:00:00,29.32,36.0
2017-11-02 05:00:00,29.28,37.0
2017-11-02 06:00:00,31.04,37.0
2017-11-02 07:00:00,122.43,37.0
2017-11-02 08:00:00,161.23,37.9
2017-11-02 09:00:00,184.85,39.0
2017-11-02 10:00:00,194.86,39.0
2017-11-02 11:00:00,200.3,39.0
2017-11-02 12:00:00,200.08,37.9
2017-11-02 13:00:00,201.75,39.9
2017-11-02 14:00:00,198.49,39.9
2017-11-02 15:00:00,200.02,39.0
2017-11-02 16:00:00,196.48,37.9
2017-11-02 17:00:00,179.86,37.0
2017-11-02 18:00:00,113.21,37.0
2017-11-02 19:00:00,48.52,37.0
2017-11-02 20:00:00,44.68,37.0
2017-11-02 21:00:00,45.03,37.0
2017-11-02 22:00:00,41.98,37.0
2017-11-02 23:00:00,38.63,36.0
2017-11-03 00:00:00,38.39,35.1
2017-11-03 01:00:00,35.98,33.1
2017-11-03 02:00:00,32.56,32.0
2017-11-03 03:00:00,31.23,30.9
2017-11-03 04:00:00,31.32,28.9
2017-11-03 05:00:00,31.19,28.0
2017-11-03 06:00:00,33.3,28.0
2017-11-03 07:00:00,120.73,27.0
2017-11-03 08:00:00,154.34,30.0
2017-11-03 09:00:00,176.64,30.9
2017-11-03 10:00:00,176.64,32.0
2017-11-03 11:00:00,176.64,33.1
2017-11-03 12:00:00,194.03,33.1
2017-11-03 13:00:00,191.08,34.0
2017-11-03 14:00:00,187.11,34.0
2017-11-03 15:00:00,184.65,30.9
2017-11-03 16:00:00,174.56,30.9
2017-11-03 17:00:00,171.32,30.9
2017-11-03 18:00:00,105.57,32.0
2017-11-03 19:00:00,36.32,33.1
2017-11-03 20:00:00,33.3,33.1
2017-11-03 21:00:00,30.33,33.1
2017-11-03 22:00:00,31.65,33.1
2017-11-03 23:00:00,30.01,34.0
2017-11-04 00:00:00,29.19,34.0
2017-11-04 01:00:00,30.9,34.0
2017-11-04 02:00:00,28.84,34.0
2017-11-04 03:00:00,27.52,35.1
2017-11-04 04:00:00,27.42,35.1
2017-11-04 05:00:00,27.18,36.0
2017-11-04 06:00:00,27.31,36.0
2017-11-04 07:00:00,28.38,36.0
2017-11-04 08:00:00,29.09,37.0
2017-11-04 09:00:00,31.49,37.0
2017-11-04 10:00:00,30.03,37.9
2017-11-04 11:00:00,29.51,39.0
2017-11-04 12:00:00,29.52,39.9
2017-11-04 13:00:00,29.67,39.9
2017-11-04 14:00:00,29.28,41.0
2017-11-04 15:00:00,30.96,41.0
2017-11-04 16:00:00,30.3,41.0
2017-11-04 17:00:00,29.62,41.0
2017-11-04 18:00:00,27.66,41.0
2017-11-04 19:00:00,28.08,41.0
2017-11-04 20:00:00,28.01,42.1
2017-11-04 21:00:00,27.16,42.1
2017-11-04 22:00:00,27.08,42.1
2017-11-04 23:00:00,27.6,42.1
2017-11-05 00:00:00,26.84,43.0
2017-11-05 01:00:00,28.22,43.0
2017-11-05 02:00:00,54.2,43.0
2017-11-05 03:00:00,26.6,43.0
2017-11-05 04:00:00,26.43,42.1
2017-11-05 05:00:00,26.5,39.0
2017-11-05 06:00:00,26.41,37.0
2017-11-05 07:00:00,27.92,36.0
2017-11-05 08:00:00,28.12,36.0
2017-11-05 09:00:00,27.14,34.0
2017-11-05 10:00:00,26.47,33.1
2017-11-05 11:00:00,26.04,34.0
2017-11-05 12:00:00,26.52,32.0
2017-11-05 13:00:00,26.56,34.0
2017-11-05 14:00:00,27.1,33.1
2017-11-05 15:00:00,27.3,30.9
2017-11-05 16:00:00,28.74,30.9
2017-11-05 17:00:00,28.72,30.9
2017-11-05 18:00:00,27.98,30.0
2017-11-05 19:00:00,29.36,28.9
2017-11-05 20:00:00,29.43,28.9
2017-11-05 21:00:00,28.61,27.0
2017-11-05 22:00:00,28.37,27.0
2017-11-05 23:00:00,27.66,26.1
2017-11-06 00:00:00,28.94,26.1
2017-11-06 01:00:00,29.75,24.1
2017-11-06 02:00:00,30.06,24.1
2017-11-06 03:00:00,28.92,23.0
2017-11-06 04:00:00,27.84,23.0
2017-11-06 05:00:00,28.04,23.0
2017-11-06 06:00:00,60.42,21.9
2017-11-06 07:00:00,125.56,23.0
2017-11-06 08:00:00,150.27,24.1
2017-11-06 09:00:00,178.49,26.1
2017-11-06 10:00:00,192.52,27.0
2017-11-06 11:00:00,195.12,28.9
2017-11-06 12:00:00,196.79,30.0
2017-11-06 13:00:00,192.31,30.9
2017-11-06 14:00:00,196.66,32.0
2017-11-06 15:00:00,195.99,33.1
2017-11-06 16:00:00,189.88,32.0
2017-11-06 17:00:00,178.65,32.0
2017-11-06 18:00:00,113.62,30.9
2017-11-06 19:00:00,46.22,30.9
2017-11-06 20:00:00,39.05,28.9
2017-11-06 21:00:00,34.68,30.0
2017-11-06 22:00:00,33.35,28.9
2017-11-06 23:00:00,33.97,28.9
2017-11-07 00:00:00,30.71,28.9
2017-11-07 01:00:00,30.99,28.9
2017-11-07 02:00:00,29.41,28.9
2017-11-07 03:00:00,28.72,30.0
2017-11-07 04:00:00,28.74,28.9
2017-11-07 05:00:00,28.4,28.9
2017-11-07 06:00:00,32.12,28.9
2017-11-07 07:00:00,120.2,28.9
2017-11-07 08:00:00,152.9,28.0
2017-11-07 09:00:00,175.36,28.9
2017-11-07 10:00:00,188.45,28.0
2017-11-07 11:00:00,192.69,30.9
2017-11-07 12:00:00,194.39,33.1
2017-11-07 13:00:00,193.22,35.1
2017-11-07 14:00:00,187.63,36.0
2017-11-07 15:00:00,190.15,36.0
2017-11-07 16:00:00,187.85,35.1
2017-11-07 17:00:00,175.21,33.1
2017-11-07 18:00:00,112.13,30.9
2017-11-07 19:00:00,47.17,30.9
2017-11-07 20:00:00,40.04,30.0
2017-11-07 21:00:00,32.97,28.9
2017-11-07 22:00:00,32.15,28.0
2017-11-07 23:00:00,32.42,28.9
2017-11-08 00:00:00,32.45,30.0
2017-11-08 01:00:00,32.48,30.0
2017-11-08 02:00:00,30.92,28.9
2017-11-08 03:00:00,30.28,28.0
2017-11-08 04:00:00,29.72,28.0
2017-11-08 05:00:00,29.82,28.0
2017-11-08 06:00:00,33.0,27.0
2017-11-08 07:00:00,120.98,27.0
2017-11-08 08:00:00,156.06,27.0
2017-11-08 09:00:00,182.58,30.0
2017-11-08 10:00:00,196.49,30.9
2017-11-08 11:00:00,195.29,34.0
2017-11-08 12:00:00,197.07,36.0
2017-11-08 13:00:00,195.07,39.0
2017-11-08 14:00:00,193.92,39.9
2017-11-08 15:00:00,193.52,41.0
2017-11-08 16:00:00,192.94,42.1
2017-11-08 17:00:00,179.4,39.9
2017-11-08 18:00:00,113.93,37.9
2017-11-08 19:00:00,48.21,39.0
2017-11-08 20:00:00,39.85,37.0
2017-11-08 21:00:00,34.06,36.0
2017-11-08 22:00:00,33.14,34.0
2017-11-08 23:00:00,32.52,33.1
2017-11-09 00:00:00,32.16,30.0
2017-11-09 01:00:00,32.61,30.0
2017-11-09 02:00:00,30.31,28.0
2017-11-09 03:00:00,29.37,27.0
2017-11-09 04:00:00,29.08,24.1
2017-11-09 05:00:00,28.7,21.0
2017-11-09 06:00:00,31.94,21.0
2017-11-09 07:00:00,116.45,19.0
2017-11-09 08:00:00,153.26,19.0
2017-11-09 09:00:00,174.55,19.0
2017-11-09 10:00:00,184.07,21.0
2017-11-09 11:00:00,184.63,21.0
2017-11-09 12:00:00,186.99,21.9
2017-11-09 13:00:00,185.4,21.9
2017-11-09 14:00:00,181.93,21.0
2017-11-09 15:00:00,178.95,21.0
2017-11-09 16:00:00,171.31,19.9
2017-11-09 17:00:00,154.94,17.1
2017-11-09 18:00:00,103.71,16.0
2017-11-09 19:00:00,51.89,16.0
2017-11-09 20:00:00,42.81,15.1
2017-11-09 21:00:00,42.52,14.0
2017-11-09 22:00:00,40.94,14.0
2017-11-09 23:00:00,40.17,12.9
2017-11-10 00:00:00,39.13,12.0
2017-11-10 01:00:00,36.84,12.0
2017-11-10 02:00:00,33.35,10.9
2017-11-10 03:00:00,31.08,10.9
2017-11-10 04:00:00,30.36,10.9
2017-11-10 05:00:00,31.24,12.0
2017-11-10 06:00:00,34.21,12.0
2017-11-10 07:00:00,118.96,12.0
2017-11-10 08:00:00,150.66,12.9
2017-11-10 09:00:00,163.94,15.1
2017-11-10 10:00:00,173.47,17.1
2017-11-10 11:00:00,174.42,18.0
2017-11-10 12:00:00,173.85,19.9
2017-11-10 13:00:00,173.87,19.9
2017-11-10 14:00:00,166.63,21.9
2017-11-10 15:00:00,164.41,23.0
2017-11-10 16:00:00,158.61,23.0
2017-11-10 17:00:00,145.32,23.0
2017-11-10 18:00:00,95.44,24.1
2017-11-10 19:00:00,45.92,24.1
2017-11-10 20:00:00,39.69,25.0
2017-11-10 21:00:00,33.79,25.0
2017-11-10 22:00:00,34.63,25.0
2017-11-10 23:00:00,32.34,24.1
2017-11-11 00:00:00,30.35,24.1
2017-11-11 01:00:00,30.94,27.0
2017-11-11 02:00:00,28.55,27.0
2017-11-11 03:00:00,27.51,28.0
2017-11-11 04:00:00,27.12,30.0
2017-11-11 05:00:00,26.88,30.9
2017-11-11 06:00:00,27.07,30.9
2017-11-11 07:00:00,28.47,30.0
2017-11-11 08:00:00,28.61,30.9
2017-11-11 09:00:00,28.06,32.0
2017-11-11 10:00:00,28.84,34.0
2017-11-11 11:00:00,28.26,37.0
2017-11-11 12:00:00,27.73,39.9
2017-11-11 13:00:00,29.94,42.1
2017-11-11 14:00:00,30.56,43.0
2017-11-11 15:00:00,31.47,43.0
2017-11-11 16:00:00,30.7,43.0
2017-11-11 17:00:00,29.78,42.1
2017-11-11 18:00:00,29.8,39.9
2017-11-11 19:00:00,27.97,37.0
2017-11-11 20:00:00,27.49,35.1
2017-11-11 21:00:00,27.78,32.0
2017-11-11 22:00:00,27.89,30.9
2017-11-11 23:00:00,27.83,32.0
2017-11-12 00:00:00,27.66,28.9
2017-11-12 01:00:00,28.92,27.0
2017-11-12 02:00:00,28.52,28.0
2017-11-12 03:00:00,26.89,28.0
2017-11-12 04:00:00,26.98,27.0
2017-11-12 05:00:00,26.99,26.1
2017-11-12 06:00:00,27.06,26.1
2017-11-12 07:00:00,28.1,25.0
2017-11-12 08:00:00,28.46,27.0
2017-11-12 09:00:00,27.71,30.9
2017-11-12 10:00:00,26.6,33.1
2017-11-12 11:00:00,26.71,32.0
2017-11-12 12:00:00,27.15,33.1
2017-11-12 13:00:00,27.66,33.1
2017-11-12 14:00:00,28.34,35.1
2017-11-12 15:00:00,27.66,36.0
2017-11-12 16:00:00,28.07,35.1
2017-11-12 17:00:00,27.34,34.0
2017-11-12 18:00:00,28.32,32.0
2017-11-12 19:00:00,27.85,32.0
2017-11-12 20:00:00,28.12,30.9
2017-11-12 21:00:00,28.66,30.9
2017-11-12 22:00:00,28.6,30.0
2017-11-12 23:00:00,27.89,28.9
2017-11-13 00:00:00,27.69,28.0
2017-11-13 01:00:00,29.37,27.0
2017-11-13 02:00:00,28.78,27.0
2017-11-13 03:00:00,28.86,26.1
2017-11-13 04:00:00,27.56,26.1
2017-11-13 05:00:00,27.64,26.1
2017-11-13 06:00:00,60.32,27.0
2017-11-13 07:00:00,108.58,27.0
2017-11-13 08:00:00,125.57,28.0
2017-11-13 09:00:00,155.62,30.9
2017-11-13 10:00:00,168.59,36.0
2017-11-13 11:00:00,172.98,39.0
2017-11-13 12:00:00,172.03,41.0
2017-11-13 13:00:00,170.38,45.0
2017-11-13 14:00:00,189.64,43.0
2017-11-13 15:00:00,194.5,46.0
2017-11-13 16:00:00,189.39,46.0
2017-11-13 17:00:00,176.0,44.1
2017-11-13 18:00:00,115.02,42.1
2017-11-13 19:00:00,46.56,41.0
2017-11-13 20:00:00,40.83,39.9
2017-11-13 21:00:00,35.55,39.9
2017-11-13 22:00:00,33.95,39.0
2017-11-13 23:00:00,34.47,39.0
2017-11-14 00:00:00,32.79,39.0
2017-11-14 01:00:00,34.03,39.0
2017-11-14 02:00:00,32.11,39.9
2017-11-14 03:00:00,31.82,39.9
2017-11-14 04:00:00,30.66,39.9
2017-11-14 05:00:00,30.72,39.0
2017-11-14 06:00:00,33.89,39.9
2017-11-14 07:00:00,119.86,39.9
2017-11-14 08:00:00,154.92,39.9
2017-11-14 09:00:00,178.5,41.0
2017-11-14 10:00:00,190.29,42.1
2017-11-14 11:00:00,194.18,43.0
2017-11-14 12:00:00,196.03,44.1
2017-11-14 13:00:00,197.6,44.1
2017-11-14 14:00:00,196.7,44.1
2017-11-14 15:00:00,195.02,44.1
2017-11-14 16:00:00,190.55,44.1
2017-11-14 17:00:00,172.84,44.1
2017-11-14 18:00:00,114.68,43.0
2017-11-14 19:00:00,46.54,43.0
2017-11-14 20:00:00,39.78,43.0
2017-11-14 21:00:00,36.74,44.1
2017-11-14 22:00:00,35.09,44.1
2017-11-14 23:00:00,31.95,44.1
2017-11-15 00:00:00,31.47,45.0
2017-11-15 01:00:00,31.47,45.0
2017-11-15 02:00:00,29.55,46.0
2017-11-15 03:00:00,28.65,45.0
2017-11-15 04:00:00,28.31,45.0
2017-11-15 05:00:00,28.41,44.1
2017-11-15 06:00:00,31.44,43.0
2017-11-15 07:00:00,115.96,39.0
2017-11-15 08:00:00,151.39,37.9
2017-11-15 09:00:00,182.14,37.0
2017-11-15 10:00:00,195.59,35.1
2017-11-15 11:00:00,201.09,33.1
2017-11-15 12:00:00,204.43,32.0
2017-11-15 13:00:00,200.77,33.1
2017-11-15 14:00:00,197.38,33.1
2017-11-15 15:00:00,197.64,33.1
2017-11-15 16:00:00,192.33,32.0
2017-11-15 17:00:00,177.78,30.9
2017-11-15 18:00:00,114.86,30.0
2017-11-15 19:00:00,44.4,30.0
2017-11-15 20:00:00,43.04,28.9
2017-11-15 21:00:00,34.49,28.0
2017-11-15 22:00:00,31.46,28.0
2017-11-15 23:00:00,31.67,28.0
2017-11-16 00:00:00,32.11,28.0
2017-11-16 01:00:00,32.67,27.0
2017-11-16 02:00:00,29.76,28.0
2017-11-16 03:00:00,27.79,28.0
2017-11-16 04:00:00,27.41,28.9
2017-11-16 05:00:00,27.64,28.9
2017-11-16 06:00:00,31.3,28.9
2017-11-16 07:00:00,115.57,28.9
2017-11-16 08:00:00,147.39,28.9
2017-11-16 09:00:00,173.4,28.9
2017-11-16 10:00:00,190.66,28.9
2017-11-16 11:00:00,194.37,30.0
2017-11-16 12:00:00,194.98,30.0
2017-11-16 13:00:00,194.5,30.9
2017-11-16 14:00:00,192.91,32.0
2017-11-16 15:00:00,191.18,32.0
2017-11-16 16:00:00,185.81,32.0
2017-11-16 17:00:00,174.0,32.0
2017-11-16 18:00:00,110.95,32.0
2017-11-16 19:00:00,48.22,33.1
2017-11-16 20:00:00,39.35,33.1
2017-11-16 21:00:00,38.5,34.0
2017-11-16 22:00:00,38.91,33.1
2017-11-16 23:00:00,38.22,34.0
2017-11-17 00:00:00,36.79,34.0
2017-11-17 01:00:00,32.62,35.1
2017-11-17 02:00:00,28.89,35.1
2017-11-17 03:00:00,27.56,35.1
2017-11-17 04:00:00,28.34,36.0
2017-11-17 05:00:00,28.12,36.0
2017-11-17 06:00:00,31.37,37.0
2017-11-17 07:00:00,114.93,37.0
2017-11-17 08:00:00,144.68,36.0
2017-11-17 09:00:00,173.34,36.0
2017-11-17 10:00:00,192.09,36.0
2017-11-17 11:00:00,191.93,37.0
2017-11-17 12:00:00,191.0,37.0
2017-11-17 13:00:00,187.18,37.0
2017-11-17 14:00:00,184.25,37.9
2017-11-17 15:00:00,183.57,37.9
2017-11-17 16:00:00,174.9,37.9
2017-11-17 17:00:00,165.51,37.9
2017-11-17 18:00:00,107.07,37.9
2017-11-17 19:00:00,44.02,39.0
2017-11-17 20:00:00,39.28,37.9
2017-11-17 21:00:00,36.24,37.9
2017-11-17 22:00:00,32.67,37.0
2017-11-17 23:00:00,33.04,37.0
2017-11-18 00:00:00,31.38,36.0
2017-11-18 01:00:00,31.2,36.0
2017-11-18 02:00:00,29.26,36.0
2017-11-18 03:00:00,27.96,35.1
2017-11-18 04:00:00,28.18,35.1
2017-11-18 05:00:00,27.97,34.0
2017-11-18 06:00:00,28.23,34.0
2017-11-18 07:00:00,29.29,33.1
2017-11-18 08:00:00,29.53,32.0
2017-11-18 09:00:00,28.26,32.0
2017-11-18 10:00:00,29.76,34.0
2017-11-18 11:00:00,29.86,35.1
2017-11-18 12:00:00,29.03,36.0
2017-11-18 13:00:00,32.26,37.0
2017-11-18 14:00:00,31.52,35.1
2017-11-18 15:00:00,31.22,33.1
2017-11-18 16:00:00,30.77,32.0
2017-11-18 17:00:00,31.98,28.9
2017-11-18 18:00:00,31.88,28.0
2017-11-18 19:00:00,29.44,26.1
2017-11-18 20:00:00,29.44,23.0
2017-11-18 21:00:00,28.82,21.9
2017-11-18 22:00:00,28.16,21.9
2017-11-18 23:00:00,27.4,21.0
2017-11-19 00:00:00,27.79,21.0
2017-11-19 01:00:00,29.26,19.9
2017-11-19 02:00:00,28.64,19.9
2017-11-19 03:00:00,27.57,19.0
2017-11-19 04:00:00,27.4,19.0
2017-11-19 05:00:00,27.53,18.0
2017-11-19 06:00:00,28.25,19.0
2017-11-19 07:00:00,29.03,18.0
2017-11-19 08:00:00,28.85,18.0
2017-11-19 09:00:00,28.45,21.0
2017-11-19 10:00:00,27.17,23.0
2017-11-19 11:00:00,27.12,28.0
2017-11-19 12:00:00,27.77,30.9
2017-11-19 13:00:00,28.25,35.1
2017-11-19 14:00:00,29.95,37.9
2017-11-19 15:00:00,30.78,39.9
2017-11-19 16:00:00,30.16,41.0
2017-11-19 17:00:00,30.32,39.0
2017-11-19 18:00:00,29.94,36.0
2017-11-19 19:00:00,29.18,37.9
2017-11-19 20:00:00,28.82,37.9
2017-11-19 21:00:00,28.3,37.9
2017-11-19 22:00:00,28.77,37.9
2017-11-19 23:00:00,27.64,37.0
2017-11-20 00:00:00,30.25,37.0
2017-11-20 01:00:00,31.41,35.1
2017-11-20 02:00:00,30.65,35.1
2017-11-20 03:00:00,28.97,32.0
2017-11-20 04:00:00,28.49,30.0
2017-11-20 05:00:00,28.9,30.0
2017-11-20 06:00:00,58.72,28.9
2017-11-20 07:00:00,116.01,30.0
2017-11-20 08:00:00,140.94,30.0
2017-11-20 09:00:00,171.56,34.0
2017-11-20 10:00:00,183.78,37.0
2017-11-20 11:00:00,190.1,42.1
2017-11-20 12:00:00,191.14,43.0
2017-11-20 13:00:00,189.82,45.0
2017-11-20 14:00:00,189.06,45.0
2017-11-20 15:00:00,189.24,46.0
2017-11-20 16:00:00,182.84,46.9
2017-11-20 17:00:00,171.27,46.9
2017-11-20 18:00:00,107.91,46.9
2017-11-20 19:00:00,45.82,45.0
2017-11-20 20:00:00,37.0,44.1
2017-11-20 21:00:00,33.26,43.0
2017-11-20 22:00:00,33.47,43.0
2017-11-20 23:00:00,33.79,43.0
2017-11-21 00:00:00,32.1,42.1
2017-11-21 01:00:00,32.65,39.0
2017-11-21 02:00:00,31.2,36.0
2017-11-21 03:00:00,30.71,33.1
2017-11-21 04:00:00,31.83,30.0
2017-11-21 05:00:00,31.96,28.0
2017-11-21 06:00:00,30.83,28.0
2017-11-21 07:00:00,113.72,27.0
2017-11-21 08:00:00,145.4,24.1
2017-11-21 09:00:00,174.71,23.0
2017-11-21 10:00:00,186.72,23.0
2017-11-21 11:00:00,189.28,25.0
2017-11-21 12:00:00,191.31,26.1
2017-11-21 13:00:00,189.69,27.0
2017-11-21 14:00:00,185.82,28.0
2017-11-21 15:00:00,185.78,28.9
2017-11-21 16:00:00,181.79,28.0
2017-11-21 17:00:00,169.26,26.1
2017-11-21 18:00:00,105.6,25.0
2017-11-21 19:00:00,37.67,24.1
2017-11-21 20:00:00,35.4,21.9
2017-11-21 21:00:00,32.85,19.9
2017-11-21 22:00:00,33.69,19.9
2017-11-21 23:00:00,37.61,19.0
2017-11-22 00:00:00,34.75,19.0
2017-11-22 01:00:00,37.48,18.0
2017-11-22 02:00:00,33.83,16.0
2017-11-22 03:00:00,31.76,16.0
2017-11-22 04:00:00,33.16,15.1
2017-11-22 05:00:00,32.48,16.0
2017-11-22 06:00:00,32.53,16.0
2017-11-22 07:00:00,111.39,16.0
2017-11-22 08:00:00,143.59,16.0
2017-11-22 09:00:00,164.74,19.0
2017-11-22 10:00:00,177.65,21.0
2017-11-22 11:00:00,180.09,23.0
2017-11-22 12:00:00,183.75,23.0
2017-11-22 13:00:00,178.74,24.1
2017-11-22 14:00:00,176.11,26.1
2017-11-22 15:00:00,176.16,27.0
2017-11-22 16:00:00,162.38,28.9
2017-11-22 17:00:00,147.59,28.9
2017-11-22 18:00:00,94.6,30.0
2017-11-22 19:00:00,36.45,30.0
2017-11-22 20:00:00,32.0,30.9
2017-11-22 21:00:00,30.22,32.0
2017-11-22 22:00:00,29.69,32.0
2017-11-22 23:00:00,28.82,32.0
2017-11-23 00:00:00,28.85,30.0
2017-11-23 01:00:00,30.16,28.0
2017-11-23 02:00:00,27.01,27.0
2017-11-23 03:00:00,26.11,26.1
2017-11-23 04:00:00,26.01,26.1
2017-11-23 05:00:00,26.3,23.0
2017-11-23 06:00:00,26.27,23.0
2017-11-23 07:00:00,97.66,23.0
2017-11-23 08:00:00,114.56,26.1
2017-11-23 09:00:00,113.72,30.0
2017-11-23 10:00:00,113.84,33.1
2017-11-23 11:00:00,114.02,35.1
2017-11-23 12:00:00,113.73,37.9
2017-11-23 13:00:00,113.67,41.0
2017-11-23 14:00:00,113.59,43.0
2017-11-23 15:00:00,113.25,44.1
2017-11-23 16:00:00,112.79,45.0
2017-11-23 17:00:00,113.27,42.1
2017-11-23 18:00:00,76.35,43.0
2017-11-23 19:00:00,26.73,42.1
2017-11-23 20:00:00,26.3,37.9
2017-11-23 21:00:00,26.06,37.9
2017-11-23 22:00:00,25.95,46.0
2017-11-23 23:00:00,27.31,48.0
2017-11-24 00:00:00,27.21,48.0
2017-11-24 01:00:00,27.26,48.0
2017-11-24 02:00:00,27.41,48.9
2017-11-24 03:00:00,25.86,48.0
2017-11-24 04:00:00,26.3,46.9
2017-11-24 05:00:00,25.65,46.9
2017-11-24 06:00:00,26.2,48.0
2017-11-24 07:00:00,97.86,48.0
2017-11-24 08:00:00,116.3,48.9
2017-11-24 09:00:00,116.15,50.0
2017-11-24 10:00:00,115.36,53.1
2017-11-24 11:00:00,115.3,54.0
2017-11-24 12:00:00,114.89,57.9
2017-11-24 13:00:00,116.11,60.1
2017-11-24 14:00:00,116.1,57.9
2017-11-24 15:00:00,116.47,57.0
2017-11-24 16:00:00,115.91,53.1
2017-11-24 17:00:00,116.83,50.0
2017-11-24 18:00:00,78.02,46.0
2017-11-24 19:00:00,26.38,46.0
2017-11-24 20:00:00,26.05,45.0
2017-11-24 21:00:00,25.45,45.0
2017-11-24 22:00:00,25.46,43.0
2017-11-24 23:00:00,27.2,41.0
2017-11-25 00:00:00,27.44,41.0
2017-11-25 01:00:00,27.81,39.0
2017-11-25 02:00:00,27.42,39.0
2017-11-25 03:00:00,26.16,37.9
2017-11-25 04:00:00,25.87,37.0
2017-11-25 05:00:00,26.1,36.0
2017-11-25 06:00:00,25.97,34.0
2017-11-25 07:00:00,27.1,33.1
2017-11-25 08:00:00,25.26,33.1
2017-11-25 09:00:00,24.48,34.0
2017-11-25 10:00:00,24.63,35.1
2017-11-25 11:00:00,26.98,37.0
2017-11-25 12:00:00,25.92,37.0
2017-11-25 13:00:00,26.24,39.0
2017-11-25 14:00:00,26.3,39.9
2017-11-25 15:00:00,26.53,39.0
2017-11-25 16:00:00,26.09,39.0
2017-11-25 17:00:00,26.11,36.0
2017-11-25 18:00:00,26.3,35.1
2017-11-25 19:00:00,25.64,33.1
2017-11-25 20:00:00,25.49,30.9
2017-11-25 21:00:00,25.32,30.0
2017-11-25 22:00:00,25.22,30.9
2017-11-25 23:00:00,26.83,28.9
2017-11-26 00:00:00,27.29,28.9
2017-11-26 01:00:00,27.17,28.0
2017-11-26 02:00:00,26.75,28.0
2017-11-26 03:00:00,26.12,27.0
2017-11-26 04:00:00,26.19,27.0
2017-11-26 05:00:00,25.91,28.0
2017-11-26 06:00:00,26.23,30.0
2017-11-26 07:00:00,26.85,30.0
2017-11-26 08:00:00,25.36,33.1
2017-11-26 09:00:00,24.68,36.0
2017-11-26 10:00:00,25.49,39.0
2017-11-26 11:00:00,25.92,42.1
2017-11-26 12:00:00,26.02,46.0
2017-11-26 13:00:00,25.53,50.0
2017-11-26 14:00:00,25.59,48.9
2017-11-26 15:00:00,25.14,48.9
2017-11-26 16:00:00,28.41,48.0
2017-11-26 17:00:00,26.49,46.9
2017-11-26 18:00:00,26.83,46.0
2017-11-26 19:00:00,26.3,45.0
2017-11-26 20:00:00,26.82,43.0
2017-11-26 21:00:00,26.1,44.1
2017-11-26 22:00:00,26.77,41.0
2017-11-26 23:00:00,27.27,37.9
2017-11-27 00:00:00,28.21,36.0
2017-11-27 01:00:00,28.98,37.0
2017-11-27 02:00:00,28.31,34.0
2017-11-27 03:00:00,27.86,33.1
2017-11-27 04:00:00,26.36,32.0
2017-11-27 05:00:00,26.66,34.0
2017-11-27 06:00:00,61.14,36.0
2017-11-27 07:00:00,120.14,36.0
2017-11-27 08:00:00,145.49,37.0
2017-11-27 09:00:00,177.06,39.9
2017-11-27 10:00:00,191.97,44.1
2017-11-27 11:00:00,192.11,50.0
2017-11-27 12:00:00,195.48,55.0
2017-11-27 13:00:00,194.63,57.9
2017-11-27 14:00:00,191.82,60.1
2017-11-27 15:00:00,192.62,60.1
2017-11-27 16:00:00,186.44,59.0
2017-11-27 17:00:00,174.7,57.0
2017-11-27 18:00:00,114.0,55.0
2017-11-27 19:00:00,46.59,55.0
2017-11-27 20:00:00,38.23,55.0
2017-11-27 21:00:00,34.18,57.0
2017-11-27 22:00:00,31.16,57.0
2017-11-27 23:00:00,29.75,55.0
2017-11-28 00:00:00,29.76,53.1
2017-11-28 01:00:00,30.34,51.1
2017-11-28 02:00:00,28.89,48.9
2017-11-28 03:00:00,28.24,48.0
2017-11-28 04:00:00,28.2,46.0
2017-11-28 05:00:00,28.16,46.0
2017-11-28 06:00:00,31.61,45.0
2017-11-28 07:00:00,114.78,45.0
2017-11-28 08:00:00,149.9,45.0
2017-11-28 09:00:00,180.88,45.0
2017-11-28 10:00:00,190.82,46.0
2017-11-28 11:00:00,194.27,45.0
2017-11-28 12:00:00,199.88,51.1
2017-11-28 13:00:00,195.84,53.1
2017-11-28 14:00:00,192.46,52.0
2017-11-28 15:00:00,186.26,50.0
2017-11-28 16:00:00,182.77,48.0
2017-11-28 17:00:00,171.02,46.0
2017-11-28 18:00:00,112.41,44.1
2017-11-28 19:00:00,48.33,42.1
2017-11-28 20:00:00,41.66,41.0
2017-11-28 21:00:00,36.37,37.9
2017-11-28 22:00:00,35.47,37.9
2017-11-28 23:00:00,33.31,35.1
2017-11-29 00:00:00,31.16,34.0
2017-11-29 01:00:00,32.82,32.0
2017-11-29 02:00:00,31.76,32.0
2017-11-29 03:00:00,30.72,28.9
2017-11-29 04:00:00,30.8,28.9
2017-11-29 05:00:00,30.56,27.0
2017-11-29 06:00:00,34.0,28.9
2017-11-29 07:00:00,118.58,28.0
2017-11-29 08:00:00,151.46,26.1
2017-11-29 09:00:00,177.75,30.0
2017-11-29 10:00:00,189.16,33.1
2017-11-29 11:00:00,191.9,37.0
2017-11-29 12:00:00,194.59,39.0
2017-11-29 13:00:00,197.07,43.0
2017-11-29 14:00:00,193.63,45.0
2017-11-29 15:00:00,193.85,46.0
2017-11-29 16:00:00,186.64,44.1
2017-11-29 17:00:00,174.27,43.0
2017-11-29 18:00:00,118.42,41.0
2017-11-29 19:00:00,51.41,41.0
2017-11-29 20:00:00,41.78,42.1
2017-11-29 21:00:00,35.35,43.0
2017-11-29 22:00:00,33.47,44.1
2017-11-29 23:00:00,31.36,43.0
2017-11-30 00:00:00,30.5,43.0
2017-11-30 01:00:00,31.43,44.1
2017-11-30 02:00:00,30.62,43.0
2017-11-30 03:00:00,29.43,42.1
2017-11-30 04:00:00,29.2,39.9
2017-11-30 05:00:00,29.27,39.0
2017-11-30 06:00:00,33.06,37.9
2017-11-30 07:00:00,117.47,37.9
2017-11-30 08:00:00,150.43,37.0
2017-11-30 09:00:00,174.83,37.9
2017-11-30 10:00:00,191.56,41.0
2017-11-30 11:00:00,195.59,43.0
2017-11-30 12:00:00,197.32,45.0
2017-11-30 13:00:00,197.1,46.0
2017-11-30 14:00:00,194.2,46.9
2017-11-30 15:00:00,192.97,46.9
2017-11-30 16:00:00,185.68,46.0
2017-11-30 17:00:00,172.52,43.0
2017-11-30 18:00:00,116.04,41.0
2017-11-30 19:00:00,49.48,41.0
2017-11-30 20:00:00,42.76,39.9
2017-11-30 21:00:00,41.94,37.9
2017-11-30 22:00:00,41.74,37.9
2017-11-30 23:00:00,38.14,36.0
2017-12-01 00:00:00,37.61,32.0
2017-12-01 01:00:00,34.25,30.9
2017-12-01 02:00:00,29.11,28.9
2017-12-01 03:00:00,28.08,28.9
2017-12-01 04:00:00,28.03,28.9
2017-12-01 05:00:00,29.54,28.9
2017-12-01 06:00:00,34.21,30.0
2017-12-01 07:00:00,115.22,30.9
2017-12-01 08:00:00,147.68,32.0
2017-12-01 09:00:00,173.28,34.0
2017-12-01 10:00:00,186.2,37.9
2017-12-01 11:00:00,194.09,45.0
2017-12-01 12:00:00,188.92,48.9
2017-12-01 13:00:00,185.7,50.0
2017-12-01 14:00:00,185.34,50.0
2017-12-01 15:00:00,185.24,51.1
2017-12-01 16:00:00,180.28,50.0
2017-12-01 17:00:00,167.81,48.0
2017-12-01 18:00:00,105.56,48.0
2017-12-01 19:00:00,44.27,46.0
2017-12-01 20:00:00,36.65,44.1
2017-12-01 21:00:00,33.6,43.0
2017-12-01 22:00:00,34.57,43.0
2017-12-01 23:00:00,32.87,39.9
2017-12-02 00:00:00,29.7,37.9
2017-12-02 01:00:00,30.52,35.1
2017-12-02 02:00:00,28.29,34.0
2017-12-02 03:00:00,27.26,33.1
2017-12-02 04:00:00,26.97,32.0
2017-12-02 05:00:00,26.95,32.0
2017-12-02 06:00:00,26.6,30.9
2017-12-02 07:00:00,27.72,30.9
2017-12-02 08:00:00,28.0,30.0
2017-12-02 09:00:00,27.46,32.0
2017-12-02 10:00:00,26.78,35.1
2017-12-02 11:00:00,28.92,37.9
2017-12-02 12:00:00,29.04,42.1
2017-12-02 13:00:00,30.52,45.0
2017-12-02 14:00:00,29.32,45.0
2017-12-02 15:00:00,27.27,46.9
2017-12-02 16:00:00,29.86,46.0
2017-12-02 17:00:00,32.04,43.0
2017-12-02 18:00:00,31.69,42.1
2017-12-02 19:00:00,31.91,41.0
2017-12-02 20:00:00,30.73,39.0
2017-12-02 21:00:00,30.26,36.0
2017-12-02 22:00:00,30.04,34.0
2017-12-02 23:00:00,29.12,33.1
2017-12-03 00:00:00,28.96,30.9
2017-12-03 01:00:00,30.09,32.0
2017-12-03 02:00:00,29.92,28.9
2017-12-03 03:00:00,28.55,30.0
2017-12-03 04:00:00,29.36,32.0
2017-12-03 05:00:00,29.25,32.0
2017-12-03 06:00:00,28.85,30.9
2017-12-03 07:00:00,30.0,30.9
2017-12-03 08:00:00,29.87,35.1
2017-12-03 09:00:00,29.3,37.0
2017-12-03 10:00:00,28.22,37.9
2017-12-03 11:00:00,29.04,41.0
2017-12-03 12:00:00,29.58,45.0
2017-12-03 13:00:00,30.05,46.0
2017-12-03 14:00:00,31.04,46.9
2017-12-03 15:00:00,33.27,48.0
2017-12-03 16:00:00,31.96,48.0
2017-12-03 17:00:00,32.9,46.9
2017-12-03 18:00:00,33.08,46.9
2017-12-03 19:00:00,32.67,46.9
2017-12-03 20:00:00,30.35,46.9
2017-12-03 21:00:00,31.1,48.0
2017-12-03 22:00:00,30.78,48.0
2017-12-03 23:00:00,30.58,50.0
2017-12-04 00:00:00,28.46,50.0
2017-12-04 01:00:00,29.73,51.1
2017-12-04 02:00:00,29.84,51.1
2017-12-04 03:00:00,29.48,51.1
2017-12-04 04:00:00,27.73,53.1
2017-12-04 05:00:00,29.07,53.1
2017-12-04 06:00:00,59.59,53.1
2017-12-04 07:00:00,121.99,53.1
2017-12-04 08:00:00,143.21,53.1
2017-12-04 09:00:00,177.38,53.1
2017-12-04 10:00:00,189.92,54.0
2017-12-04 11:00:00,193.37,55.0
2017-12-04 12:00:00,195.15,57.0
2017-12-04 13:00:00,199.26,55.9
2017-12-04 14:00:00,196.51,57.0
2017-12-04 15:00:00,195.21,55.9
2017-12-04 16:00:00,188.87,54.0
2017-12-04 17:00:00,176.18,48.9
2017-12-04 18:00:00,112.14,43.0
2017-12-04 19:00:00,44.74,39.9
2017-12-04 20:00:00,39.05,37.0
2017-12-04 21:00:00,37.01,34.0
2017-12-04 22:00:00,34.79,30.9
2017-12-04 23:00:00,32.08,28.0
2017-12-05 00:00:00,31.5,27.0
2017-12-05 01:00:00,33.75,25.0
2017-12-05 02:00:00,30.59,23.0
2017-12-05 03:00:00,29.98,21.9
2017-12-05 04:00:00,31.66,21.9
2017-12-05 05:00:00,31.09,21.0
2017-12-05 06:00:00,32.57,18.0
2017-12-05 07:00:00,113.87,17.1
2017-12-05 08:00:00,143.36,16.0
2017-12-05 09:00:00,169.55,17.1
2017-12-05 10:00:00,186.12,17.1
2017-12-05 11:00:00,193.01,18.0
2017-12-05 12:00:00,194.1,19.0
2017-12-05 13:00:00,192.36,19.9
2017-12-05 14:00:00,186.91,19.9
2017-12-05 15:00:00,189.35,19.9
2017-12-05 16:00:00,183.36,21.0
2017-12-05 17:00:00,172.36,21.0
2017-12-05 18:00:00,112.44,19.9
2017-12-05 19:00:00,46.41,19.9
2017-12-05 20:00:00,37.65,19.9
2017-12-05 21:00:00,34.3,19.9
2017-12-05 22:00:00,36.68,19.0
2017-12-05 23:00:00,34.37,19.0
2017-12-06 00:00:00,33.76,18.0
2017-12-06 01:00:00,35.96,18.0
2017-12-06 02:00:00,31.05,18.0
2017-12-06 03:00:00,30.27,17.1
2017-12-06 04:00:00,29.24,17.1
2017-12-06 05:00:00,29.46,17.1
2017-12-06 06:00:00,32.79,16.0
2017-12-06 07:00:00,115.79,16.0
2017-12-06 08:00:00,146.76,16.0
2017-12-06 09:00:00,173.51,17.1
2017-12-06 10:00:00,186.64,18.0
2017-12-06 11:00:00,190.98,19.0
2017-12-06 12:00:00,193.56,19.0
2017-12-06 13:00:00,191.06,19.0
2017-12-06 14:00:00,192.72,19.9
2017-12-06 15:00:00,192.78,17.1
2017-12-06 16:00:00,190.09,16.0
2017-12-06 17:00:00,173.89,16.0
2017-12-06 18:00:00,111.17,17.1
2017-12-06 19:00:00,46.86,18.0
2017-12-06 20:00:00,40.1,18.0
2017-12-06 21:00:00,36.38,18.0
2017-12-06 22:00:00,37.63,18.0
2017-12-06 23:00:00,33.7,18.0
2017-12-07 00:00:00,33.1,16.0
2017-12-07 01:00:00,35.04,15.1
2017-12-07 02:00:00,31.03,14.0
2017-12-07 03:00:00,30.0,12.9
2017-12-07 04:00:00,29.55,12.0
2017-12-07 05:00:00,29.66,10.0
2017-12-07 06:00:00,32.15,9.0
2017-12-07 07:00:00,118.56,8.1
2017-12-07 08:00:00,148.14,8.1
2017-12-07 09:00:00,177.17,10.0
2017-12-07 10:00:00,193.76,12.0
2017-12-07 11:00:00,195.74,14.0
2017-12-07 12:00:00,195.55,15.1
2017-12-07 13:00:00,196.79,16.0
2017-12-07 14:00:00,191.86,17.1
2017-12-07 15:00:00,188.57,17.1
2017-12-07 16:00:00,183.88,17.1
2017-12-07 17:00:00,175.09,17.1
2017-12-07 18:00:00,112.5,18.0
2017-12-07 19:00:00,49.91,19.9
2017-12-07 20:00:00,42.65,19.9
2017-12-07 21:00:00,45.37,19.9
2017-12-07 22:00:00,42.0,21.0
2017-12-07 23:00:00,41.64,21.0
2017-12-08 00:00:00,39.12,21.0
2017-12-08 01:00:00,35.15,21.9
2017-12-08 02:00:00,31.06,21.0
2017-12-08 03:00:00,30.44,21.0
2017-12-08 04:00:00,29.41,21.0
2017-12-08 05:00:00,29.7,21.0
2017-12-08 06:00:00,30.68,19.9
2017-12-08 07:00:00,113.42,21.0
2017-12-08 08:00:00,146.93,23.0
2017-12-08 09:00:00,175.29,24.1
2017-12-08 10:00:00,186.07,24.1
2017-12-08 11:00:00,189.35,27.0
2017-12-08 12:00:00,187.88,27.0
2017-12-08 13:00:00,189.3,28.0
2017-12-08 14:00:00,185.78,28.0
2017-12-08 15:00:00,187.41,28.0
2017-12-08 16:00:00,179.01,28.9
2017-12-08 17:00:00,164.18,28.0
2017-12-08 18:00:00,105.23,28.9
2017-12-08 19:00:00,44.98,28.9
2017-12-08 20:00:00,38.35,30.9
2017-12-08 21:00:00,35.49,30.9
2017-12-08 22:00:00,36.23,30.9
2017-12-08 23:00:00,32.41,30.9
2017-12-09 00:00:00,33.38,30.0
2017-12-09 01:00:00,34.18,27.0
2017-12-09 02:00:00,31.39,25.0
2017-12-09 03:00:00,30.12,24.1
2017-12-09 04:00:00,30.31,23.0
2017-12-09 05:00:00,30.1,23.0
2017-12-09 06:00:00,30.28,21.0
2017-12-09 07:00:00,31.51,19.9
2017-12-09 08:00:00,32.04,19.9
2017-12-09 09:00:00,32.58,19.0
2017-12-09 10:00:00,31.05,19.0
2017-12-09 11:00:00,32.86,19.9
2017-12-09 12:00:00,31.77,19.9
2017-12-09 13:00:00,32.6,21.0
2017-12-09 14:00:00,31.71,21.9
2017-12-09 15:00:00,32.29,21.0
2017-12-09 16:00:00,32.03,21.9
2017-12-09 17:00:00,31.72,21.0
2017-12-09 18:00:00,33.79,21.9
2017-12-09 19:00:00,32.41,21.9
2017-12-09 20:00:00,32.12,21.9
2017-12-09 21:00:00,32.08,21.9
2017-12-09 22:00:00,31.93,23.0
2017-12-09 23:00:00,30.33,24.1
2017-12-10 00:00:00,30.44,23.0
2017-12-10 01:00:00,31.7,23.0
2017-12-10 02:00:00,31.2,21.0
2017-12-10 03:00:00,28.7,21.0
2017-12-10 04:00:00,28.37,19.9
2017-12-10 05:00:00,28.49,23.0
2017-12-10 06:00:00,28.87,24.1
2017-12-10 07:00:00,29.75,26.1
2017-12-10 08:00:00,29.99,26.1
2017-12-10 09:00:00,29.13,27.0
2017-12-10 10:00:00,28.27,28.0
2017-12-10 11:00:00,27.84,28.0
2017-12-10 12:00:00,29.53,28.0
2017-12-10 13:00:00,30.24,28.9
2017-12-10 14:00:00,29.26,28.9
2017-12-10 15:00:00,29.24,28.9
2017-12-10 16:00:00,28.6,28.9
2017-12-10 17:00:00,29.53,27.0
2017-12-10 18:00:00,29.78,27.0
2017-12-10 19:00:00,29.9,25.0
2017-12-10 20:00:00,29.23,27.0
2017-12-10 21:00:00,29.33,25.0
2017-12-10 22:00:00,29.47,24.1
2017-12-10 23:00:00,28.53,25.0
2017-12-11 00:00:00,28.84,25.0
2017-12-11 01:00:00,30.95,26.1
2017-12-11 02:00:00,30.54,25.0
2017-12-11 03:00:00,30.45,26.1
2017-12-11 04:00:00,29.07,27.0
2017-12-11 05:00:00,29.84,28.0
2017-12-11 06:00:00,62.19,28.9
2017-12-11 07:00:00,120.48,28.9
2017-12-11 08:00:00,143.25,30.9
2017-12-11 09:00:00,171.03,30.9
2017-12-11 10:00:00,192.55,33.1
2017-12-11 11:00:00,199.4,34.0
2017-12-11 12:00:00,204.97,35.1
2017-12-11 13:00:00,202.55,35.1
2017-12-11 14:00:00,195.92,34.0
2017-12-11 15:00:00,197.09,34.0
2017-12-11 16:00:00,188.63,30.9
2017-12-11 17:00:00,175.84,28.9
2017-12-11 18:00:00,117.06,27.0
2017-12-11 19:00:00,45.58,25.0
2017-12-11 20:00:00,39.14,21.9
2017-12-11 21:00:00,37.87,21.0
2017-12-11 22:00:00,37.14,19.9
2017-12-11 23:00:00,32.59,18.0
2017-12-12 00:00:00,34.21,16.0
2017-12-12 01:00:00,32.48,12.9
2017-12-12 02:00:00,31.66,12.0
2017-12-12 03:00:00,30.94,10.0
2017-12-12 04:00:00,30.2,9.0
2017-12-12 05:00:00,30.08,8.1
2017-12-12 06:00:00,32.9,7.0
2017-12-12 07:00:00,118.12,6.1
2017-12-12 08:00:00,152.8,7.0
2017-12-12 09:00:00,182.89,9.0
2017-12-12 10:00:00,195.02,12.0
2017-12-12 11:00:00,201.53,12.9
2017-12-12 12:00:00,205.95,15.1
2017-12-12 13:00:00,200.84,16.0
2017-12-12 14:00:00,194.63,18.0
2017-12-12 15:00:00,197.12,19.0
2017-12-12 16:00:00,190.15,19.9
2017-12-12 17:00:00,177.45,21.0
2017-12-12 18:00:00,110.14,19.9
2017-12-12 19:00:00,45.43,21.0
2017-12-12 20:00:00,38.41,23.0
2017-12-12 21:00:00,35.81,24.1
2017-12-12 22:00:00,36.68,25.0
2017-12-12 23:00:00,31.52,26.1
2017-12-13 00:00:00,30.4,26.1
2017-12-13 01:00:00,31.35,26.1
2017-12-13 02:00:00,31.72,28.0
2017-12-13 03:00:00,30.12,28.9
2017-12-13 04:00:00,30.27,28.0
2017-12-13 05:00:00,30.19,28.0
2017-12-13 06:00:00,34.01,30.0
2017-12-13 07:00:00,119.11,27.0
2017-12-13 08:00:00,149.72,28.0
2017-12-13 09:00:00,177.7,26.1
2017-12-13 10:00:00,193.83,26.1
2017-12-13 11:00:00,197.1,27.0
2017-12-13 12:00:00,202.85,25.0
2017-12-13 13:00:00,195.69,24.1
2017-12-13 14:00:00,199.69,25.0
2017-12-13 15:00:00,198.61,24.1
2017-12-13 16:00:00,189.5,24.1
2017-12-13 17:00:00,176.0,24.1
2017-12-13 18:00:00,114.9,24.1
2017-12-13 19:00:00,47.04,23.0
2017-12-13 20:00:00,42.22,21.0
2017-12-13 21:00:00,40.46,19.9
2017-12-13 22:00:00,35.4,19.0
2017-12-13 23:00:00,33.47,18.0
2017-12-14 00:00:00,34.62,17.1
2017-12-14 01:00:00,35.11,18.0
2017-12-14 02:00:00,34.18,19.9
2017-12-14 03:00:00,31.97,19.9
2017-12-14 04:00:00,31.66,19.0
2017-12-14 05:00:00,32.38,19.0
2017-12-14 06:00:00,34.3,17.1
2017-12-14 07:00:00,120.9,17.1
2017-12-14 08:00:00,154.1,16.0
2017-12-14 09:00:00,184.34,18.0
2017-12-14 10:00:00,200.12,19.0
2017-12-14 11:00:00,199.74,19.9
2017-12-14 12:00:00,200.06,21.0
2017-12-14 13:00:00,197.76,21.0
2017-12-14 14:00:00,191.6,21.9
2017-12-14 15:00:00,193.78,21.9
2017-12-14 16:00:00,189.28,23.0
2017-12-14 17:00:00,171.92,21.9
2017-12-14 18:00:00,111.22,21.9
2017-12-14 19:00:00,47.15,23.0
2017-12-14 20:00:00,43.62,23.0
2017-12-14 21:00:00,41.28,23.0
2017-12-14 22:00:00,43.15,23.0
2017-12-14 23:00:00,41.39,23.0
2017-12-15 00:00:00,43.47,23.0
2017-12-15 01:00:00,35.48,23.0
2017-12-15 02:00:00,32.51,23.0
2017-12-15 03:00:00,31.68,23.0
2017-12-15 04:00:00,31.13,24.1
2017-12-15 05:00:00,30.88,24.1
2017-12-15 06:00:00,33.58,24.1
2017-12-15 07:00:00,118.86,21.9
2017-12-15 08:00:00,150.8,23.0
2017-12-15 09:00:00,169.96,24.1
2017-12-15 10:00:00,182.05,25.0
2017-12-15 11:00:00,187.18,25.0
2017-12-15 12:00:00,189.08,25.0
2017-12-15 13:00:00,183.21,26.1
2017-12-15 14:00:00,187.44,27.0
2017-12-15 15:00:00,185.11,27.0
2017-12-15 16:00:00,179.84,28.0
2017-12-15 17:00:00,165.47,27.0
2017-12-15 18:00:00,106.95,27.0
2017-12-15 19:00:00,46.19,27.0
2017-12-15 20:00:00,41.83,27.0
2017-12-15 21:00:00,37.7,27.0
2017-12-15 22:00:00,35.24,28.0
2017-12-15 23:00:00,35.35,28.9
2017-12-16 00:00:00,35.0,30.0
2017-12-16 01:00:00,34.51,30.0
2017-12-16 02:00:00,29.77,30.9
2017-12-16 03:00:00,28.23,30.0
2017-12-16 04:00:00,27.76,28.0
2017-12-16 05:00:00,27.92,27.0
2017-12-16 06:00:00,28.09,27.0
2017-12-16 07:00:00,28.85,26.1
2017-12-16 08:00:00,30.14,25.0
2017-12-16 09:00:00,30.29,25.0
2017-12-16 10:00:00,28.64,26.1
2017-12-16 11:00:00,30.22,28.0
2017-12-16 12:00:00,30.55,28.0
2017-12-16 13:00:00,31.72,28.0
2017-12-16 14:00:00,32.63,28.9
2017-12-16 15:00:00,31.85,28.9
2017-12-16 16:00:00,32.1,28.9
2017-12-16 17:00:00,33.07,28.0
2017-12-16 18:00:00,33.37,27.0
2017-12-16 19:00:00,31.63,26.1
2017-12-16 20:00:00,30.58,26.1
2017-12-16 21:00:00,30.56,26.1
2017-12-16 22:00:00,29.99,25.0
2017-12-16 23:00:00,30.18,23.0
2017-12-17 00:00:00,30.21,23.0
2017-12-17 01:00:00,29.12,21.0
2017-12-17 02:00:00,29.22,19.9
2017-12-17 03:00:00,27.96,19.0
2017-12-17 04:00:00,27.58,19.9
2017-12-17 05:00:00,27.84,21.9
2017-12-17 06:00:00,27.9,21.0
2017-12-17 07:00:00,28.95,21.9
2017-12-17 08:00:00,29.17,23.0
2017-12-17 09:00:00,29.32,24.1
2017-12-17 10:00:00,27.97,24.1
2017-12-17 11:00:00,27.94,25.0
2017-12-17 12:00:00,28.71,27.0
2017-12-17 13:00:00,28.22,27.0
2017-12-17 14:00:00,29.03,28.0
2017-12-17 15:00:00,28.4,27.0
2017-12-17 16:00:00,28.6,28.0
2017-12-17 17:00:00,28.76,28.0
2017-12-17 18:00:00,28.86,28.0
2017-12-17 19:00:00,28.43,27.0
2017-12-17 20:00:00,28.51,27.0
2017-12-17 21:00:00,29.38,27.0
2017-12-17 22:00:00,29.25,27.0
2017-12-17 23:00:00,27.81,27.0
2017-12-18 00:00:00,28.38,26.1
2017-12-18 01:00:00,29.81,26.1
2017-12-18 02:00:00,29.16,26.1
2017-12-18 03:00:00,29.07,26.1
2017-12-18 04:00:00,27.8,25.0
2017-12-18 05:00:00,27.44,26.1
2017-12-18 06:00:00,60.9,26.1
2017-12-18 07:00:00,122.36,28.0
2017-12-18 08:00:00,149.42,25.0
2017-12-18 09:00:00,175.12,28.9
2017-12-18 10:00:00,190.54,30.9
2017-12-18 11:00:00,192.91,34.0
2017-12-18 12:00:00,195.17,35.1
2017-12-18 13:00:00,197.16,36.0
2017-12-18 14:00:00,189.48,36.0
2017-12-18 15:00:00,187.72,37.0
2017-12-18 16:00:00,183.56,39.0
2017-12-18 17:00:00,165.44,39.0
2017-12-18 18:00:00,105.97,41.0
2017-12-18 19:00:00,41.29,42.1
2017-12-18 20:00:00,38.66,42.1
2017-12-18 21:00:00,38.35,41.0
2017-12-18 22:00:00,36.89,39.0
2017-12-18 23:00:00,34.76,37.0
2017-12-19 00:00:00,36.84,36.0
2017-12-19 01:00:00,35.75,36.0
2017-12-19 02:00:00,32.25,36.0
2017-12-19 03:00:00,31.12,37.0
2017-12-19 04:00:00,30.39,37.0
2017-12-19 05:00:00,31.23,36.0
2017-12-19 06:00:00,36.03,34.0
2017-12-19 07:00:00,118.79,33.1
2017-12-19 08:00:00,150.71,32.0
2017-12-19 09:00:00,180.72,33.1
2017-12-19 10:00:00,192.82,34.0
2017-12-19 11:00:00,191.81,35.1
2017-12-19 12:00:00,193.72,35.1
2017-12-19 13:00:00,192.89,35.1
2017-12-19 14:00:00,190.35,34.0
2017-12-19 15:00:00,190.18,34.0
2017-12-19 16:00:00,183.53,32.0
2017-12-19 17:00:00,171.78,30.0
2017-12-19 18:00:00,109.7,30.0
2017-12-19 19:00:00,42.23,28.0
2017-12-19 20:00:00,37.26,27.0
2017-12-19 21:00:00,35.53,26.1
2017-12-19 22:00:00,36.74,25.0
2017-12-19 23:00:00,34.42,24.1
2017-12-20 00:00:00,37.43,24.1
2017-12-20 01:00:00,34.53,23.0
2017-12-20 02:00:00,33.93,23.0
2017-12-20 03:00:00,32.06,21.9
2017-12-20 04:00:00,32.05,21.0
2017-12-20 05:00:00,32.23,19.0
2017-12-20 06:00:00,35.85,19.0
2017-12-20 07:00:00,118.86,18.0
2017-12-20 08:00:00,153.62,18.0
2017-12-20 09:00:00,187.41,18.0
2017-12-20 10:00:00,195.63,19.0
2017-12-20 11:00:00,199.94,19.0
2017-12-20 12:00:00,200.84,19.0
2017-12-20 13:00:00,195.31,19.0
2017-12-20 14:00:00,194.66,18.0
2017-12-20 15:00:00,196.62,18.0
2017-12-20 16:00:00,192.02,19.0
2017-12-20 17:00:00,173.89,19.0
2017-12-20 18:00:00,110.87,19.0
2017-12-20 19:00:00,45.91,19.0
2017-12-20 20:00:00,40.53,19.9
2017-12-20 21:00:00,37.4,19.0
2017-12-20 22:00:00,39.76,19.0
2017-12-20 23:00:00,35.85,19.0
2017-12-21 00:00:00,34.93,19.0
2017-12-21 01:00:00,35.69,19.9
2017-12-21 02:00:00,32.48,19.9
2017-12-21 03:00:00,31.66,19.9
2017-12-21 04:00:00,31.64,19.9
2017-12-21 05:00:00,32.49,19.9
2017-12-21 06:00:00,35.65,19.9
2017-12-21 07:00:00,121.42,21.0
2017-12-21 08:00:00,154.45,21.0
2017-12-21 09:00:00,180.16,21.0
2017-12-21 10:00:00,188.96,21.0
2017-12-21 11:00:00,195.57,21.0
2017-12-21 12:00:00,197.77,21.9
2017-12-21 13:00:00,187.13,23.0
2017-12-21 14:00:00,191.22,23.0
2017-12-21 15:00:00,188.2,23.0
2017-12-21 16:00:00,181.06,23.0
2017-12-21 17:00:00,166.05,23.0
2017-12-21 18:00:00,106.08,23.0
2017-12-21 19:00:00,42.16,23.0
2017-12-21 20:00:00,40.9,21.9
2017-12-21 21:00:00,36.84,23.0
2017-12-21 22:00:00,38.96,21.9
2017-12-21 23:00:00,35.27,21.9
2017-12-22 00:00:00,35.23,21.0
2017-12-22 01:00:00,32.88,21.0
2017-12-22 02:00:00,32.41,19.0
2017-12-22 03:00:00,30.82,18.0
2017-12-22 04:00:00,29.46,18.0
2017-12-22 05:00:00,29.46,19.0
2017-12-22 06:00:00,29.85,19.0
2017-12-22 07:00:00,113.7,19.0
2017-12-22 08:00:00,144.91,19.0
2017-12-22 09:00:00,158.69,19.0
2017-12-22 10:00:00,171.49,19.9
2017-12-22 11:00:00,170.24,21.0
2017-12-22 12:00:00,170.76,23.0
2017-12-22 13:00:00,170.65,23.0
2017-12-22 14:00:00,171.2,25.0
2017-12-22 15:00:00,168.23,26.1
2017-12-22 16:00:00,153.89,25.0
2017-12-22 17:00:00,142.74,25.0
2017-12-22 18:00:00,92.25,24.1
2017-12-22 19:00:00,38.68,23.0
2017-12-22 20:00:00,32.18,21.0
2017-12-22 21:00:00,29.66,23.0
2017-12-22 22:00:00,29.19,24.1
2017-12-22 23:00:00,31.83,21.9
2017-12-23 00:00:00,29.0,19.9
2017-12-23 01:00:00,30.04,16.0
2017-12-23 02:00:00,29.57,14.0
2017-12-23 03:00:00,28.24,15.1
2017-12-23 04:00:00,27.97,15.1
2017-12-23 05:00:00,27.9,12.0
2017-12-23 06:00:00,28.08,12.0
2017-12-23 07:00:00,31.24,12.0
2017-12-23 08:00:00,30.32,12.0
2017-12-23 09:00:00,31.13,12.9
2017-12-23 10:00:00,29.21,14.0
2017-12-23 11:00:00,31.37,17.1
2017-12-23 12:00:00,30.79,19.0
2017-12-23 13:00:00,29.71,21.0
2017-12-23 14:00:00,29.4,21.9
2017-12-23 15:00:00,29.31,23.0
2017-12-23 16:00:00,28.38,21.9
2017-12-23 17:00:00,30.33,21.9
2017-12-23 18:00:00,29.6,19.9
2017-12-23 19:00:00,28.97,19.9
2017-12-23 20:00:00,27.92,18.0
2017-12-23 21:00:00,28.24,17.1
2017-12-23 22:00:00,27.96,17.1
2017-12-23 23:00:00,27.66,17.1
2017-12-24 00:00:00,27.99,16.0
2017-12-24 01:00:00,28.94,16.0
2017-12-24 02:00:00,28.95,17.1
2017-12-24 03:00:00,27.81,17.1
2017-12-24 04:00:00,27.44,16.0
2017-12-24 05:00:00,27.56,16.0
2017-12-24 06:00:00,27.79,16.0
2017-12-24 07:00:00,28.95,16.0
2017-12-24 08:00:00,29.33,16.0
2017-12-24 09:00:00,29.11,16.0
2017-12-24 10:00:00,27.72,17.1
2017-12-24 11:00:00,27.39,18.0
2017-12-24 12:00:00,27.78,19.0
2017-12-24 13:00:00,27.72,21.0
2017-12-24 14:00:00,27.62,21.9
2017-12-24 15:00:00,28.48,21.9
2017-12-24 16:00:00,27.6,19.9
2017-12-24 17:00:00,27.89,19.0
2017-12-24 18:00:00,28.38,18.0
2017-12-24 19:00:00,28.29,17.1
2017-12-24 20:00:00,28.31,14.0
2017-12-24 21:00:00,28.38,12.0
2017-12-24 22:00:00,28.05,9.0
2017-12-24 23:00:00,27.6,7.0
2017-12-25 00:00:00,28.03,5.0
2017-12-25 01:00:00,28.85,1.9
2017-12-25 02:00:00,28.97,3.0
2017-12-25 03:00:00,28.34,1.9
2017-12-25 04:00:00,27.71,1.9
2017-12-25 05:00:00,27.72,1.9
2017-12-25 06:00:00,58.54,1.9
2017-12-25 07:00:00,63.15,1.0
2017-12-25 08:00:00,64.11,-0.0
2017-12-25 09:00:00,63.48,-2.0
2017-12-25 10:00:00,62.63,-2.9
2017-12-25 11:00:00,62.38,-2.0
2017-12-25 12:00:00,63.63,-2.0
2017-12-25 13:00:00,63.9,-0.9
2017-12-25 14:00:00,62.08,-0.9
2017-12-25 15:00:00,62.8,-2.0
2017-12-25 16:00:00,62.06,-2.0
2017-12-25 17:00:00,62.18,-2.9
2017-12-25 18:00:00,48.72,-2.9
2017-12-25 19:00:00,29.14,-2.9
2017-12-25 20:00:00,28.43,-2.9
2017-12-25 21:00:00,28.58,-4.0
2017-12-25 22:00:00,28.39,-4.0
2017-12-25 23:00:00,27.45,-5.1
2017-12-26 00:00:00,27.73,-6.0
2017-12-26 01:00:00,28.62,-6.0
2017-12-26 02:00:00,28.42,-6.0
2017-12-26 03:00:00,27.6,-6.0
2017-12-26 04:00:00,27.63,-7.1
2017-12-26 05:00:00,27.41,-7.1
2017-12-26 06:00:00,27.7,-8.0
2017-12-26 07:00:00,60.85,-8.0
2017-12-26 08:00:00,64.59,-8.0
2017-12-26 09:00:00,64.39,-7.1
2017-12-26 10:00:00,63.89,-6.0
2017-12-26 11:00:00,65.52,-4.0
2017-12-26 12:00:00,64.24,-2.0
2017-12-26 13:00:00,64.09,-2.0
2017-12-26 14:00:00,63.66,-0.0
2017-12-26 15:00:00,64.68,1.0
2017-12-26 16:00:00,64.1,-0.0
2017-12-26 17:00:00,64.5,-0.0
2017-12-26 18:00:00,50.94,-0.9
2017-12-26 19:00:00,31.13,-0.0
2017-12-26 20:00:00,30.82,-0.9
2017-12-26 21:00:00,31.83,-2.9
2017-12-26 22:00:00,31.19,-4.0
2017-12-26 23:00:00,30.68,-5.1
2017-12-27 00:00:00,31.0,-5.1
2017-12-27 01:00:00,32.08,-6.0
2017-12-27 02:00:00,31.73,-6.0
2017-12-27 03:00:00,31.43,-7.1
2017-12-27 04:00:00,30.47,-7.1
2017-12-27 05:00:00,29.74,-7.1
2017-12-27 06:00:00,31.14,-8.0
2017-12-27 07:00:00,74.9,-8.0
2017-12-27 08:00:00,88.56,-8.0
2017-12-27 09:00:00,107.26,-6.0
2017-12-27 10:00:00,117.71,-2.0
2017-12-27 11:00:00,138.62,-0.0
2017-12-27 12:00:00,144.28,1.0
2017-12-27 13:00:00,162.1,1.9
2017-12-27 14:00:00,155.4,5.0
2017-12-27 15:00:00,153.95,3.9
2017-12-27 16:00:00,150.61,3.9
2017-12-27 17:00:00,126.46,3.9
2017-12-27 18:00:00,83.55,3.9
2017-12-27 19:00:00,74.05,1.9
2017-12-27 20:00:00,71.99,1.9
2017-12-27 21:00:00,69.04,1.9
2017-12-27 22:00:00,69.56,1.9
2017-12-27 23:00:00,66.44,1.9
2017-12-28 00:00:00,68.41,3.0
2017-12-28 01:00:00,66.73,3.0
2017-12-28 02:00:00,65.71,3.0
2017-12-28 03:00:00,64.89,3.9
2017-12-28 04:00:00,63.51,3.0
2017-12-28 05:00:00,63.84,3.0
2017-12-28 06:00:00,66.88,3.0
2017-12-28 07:00:00,77.21,3.9
2017-12-28 08:00:00,89.59,3.9
2017-12-28 09:00:00,106.36,5.0
2017-12-28 10:00:00,119.82,5.0
2017-12-28 11:00:00,122.81,6.1
2017-12-28 12:00:00,123.86,7.0
2017-12-28 13:00:00,120.77,8.1
2017-12-28 14:00:00,119.77,9.0
2017-12-28 15:00:00,116.53,9.0
2017-12-28 16:00:00,111.87,9.0
2017-12-28 17:00:00,96.28,9.0
2017-12-28 18:00:00,84.02,10.0
2017-12-28 19:00:00,72.99,10.0
2017-12-28 20:00:00,69.18,10.0
2017-12-28 21:00:00,66.58,10.9
2017-12-28 22:00:00,68.58,10.9
2017-12-28 23:00:00,66.53,8.1
2017-12-29 00:00:00,67.65,5.0
2017-12-29 01:00:00,67.51,3.0
2017-12-29 02:00:00,66.11,1.0
2017-12-29 03:00:00,64.68,-0.0
2017-12-29 04:00:00,64.02,-0.9
2017-12-29 05:00:00,64.14,-0.9
2017-12-29 06:00:00,66.01,-2.0
2017-12-29 07:00:00,76.58,-0.9
2017-12-29 08:00:00,86.98,-2.0
2017-12-29 09:00:00,106.39,-0.9
2017-12-29 10:00:00,116.49,-0.0
2017-12-29 11:00:00,121.55,-0.0
2017-12-29 12:00:00,186.18,1.0
2017-12-29 13:00:00,179.92,1.0
2017-12-29 14:00:00,177.96,1.9
2017-12-29 15:00:00,176.81,1.9
2017-12-29 16:00:00,166.86,1.9
2017-12-29 17:00:00,153.29,1.9
2017-12-29 18:00:00,141.11,1.9
2017-12-29 19:00:00,132.48,1.9
2017-12-29 20:00:00,128.12,1.0
2017-12-29 21:00:00,127.2,-0.0
2017-12-29 22:00:00,127.28,-0.9
2017-12-29 23:00:00,126.12,-2.9
2017-12-30 00:00:00,125.99,-5.1
2017-12-30 01:00:00,126.35,-7.1
2017-12-30 02:00:00,123.95,-9.0
2017-12-30 03:00:00,123.69,-9.9
2017-12-30 04:00:00,123.35,-11.0
2017-12-30 05:00:00,123.21,-11.9
2017-12-30 06:00:00,124.36,-11.9
2017-12-30 07:00:00,124.92,-14.1
2017-12-30 08:00:00,125.12,-14.1
2017-12-30 09:00:00,125.67,-14.1
2017-12-30 10:00:00,124.07,-11.9
2017-12-30 11:00:00,125.85,-11.0
2017-12-30 12:00:00,126.94,-9.9
2017-12-30 13:00:00,126.14,-8.0
2017-12-30 14:00:00,124.27,-7.1
2017-12-30 15:00:00,125.0,-7.1
2017-12-30 16:00:00,125.08,-7.1
2017-12-30 17:00:00,123.77,-9.0
2017-12-30 18:00:00,125.07,-9.0
2017-12-30 19:00:00,124.29,-9.0
2017-12-30 20:00:00,124.03,-8.0
2017-12-30 21:00:00,125.33,-7.1
2017-12-30 22:00:00,124.54,-7.1
2017-12-30 23:00:00,123.74,-7.1
2017-12-31 00:00:00,125.48,-7.1
2017-12-31 01:00:00,126.01,-7.1
2017-12-31 02:00:00,125.23,-8.0
2017-12-31 03:00:00,124.61,-9.0
2017-12-31 04:00:00,124.66,-9.9
2017-12-31 05:00:00,124.39,-9.9
2017-12-31 06:00:00,125.21,-11.9
2017-12-31 07:00:00,126.42,-14.1
2017-12-31 08:00:00,126.26,-15.0
2017-12-31 09:00:00,126.53,-15.0
2017-12-31 10:00:00,125.81,-14.1
2017-12-31 11:00:00,125.76,-11.9
2017-12-31 12:00:00,126.48,-9.9
2017-12-31 13:00:00,125.3,-8.0
2017-12-31 14:00:00,124.83,-6.0
2017-12-31 15:00:00,124.82,-5.1
2017-12-31 16:00:00,126.39,-6.0
2017-12-31 17:00:00,124.99,-7.1
2017-12-31 18:00:00,125.86,-9.0
2017-12-31 19:00:00,125.72,-9.9
2017-12-31 20:00:00,125.24,-9.9
2017-12-31 21:00:00,125.72,-11.0
2017-12-31 22:00:00,125.48,-11.0
2017-12-31 23:00:00,124.88,-11.0
