timestamp,kWh,air_temp_F
2017-01-01 00:00:00,718.11,26.1
2017-01-01 01:00:00,683.34,27.0
2017-01-01 02:00:00,674.47,26.1
2017-01-01 03:00:00,682.84,26.1
2017-01-01 04:00:00,681.21,25.0
2017-01-01 05:00:00,679.47,24.1
2017-01-01 06:00:00,704.6,24.1
2017-01-01 07:00:00,753.65,23.0
2017-01-01 08:00:00,778.78,21.9
2017-01-01 09:00:00,776.66,21.9
2017-01-01 10:00:00,775.71,26.1
2017-01-01 11:00:00,777.21,28.9
2017-01-01 12:00:00,775.43,30.0
2017-01-01 13:00:00,776.81,32.0
2017-01-01 14:00:00,776.11,30.0
2017-01-01 15:00:00,770.34,30.9
2017-01-01 16:00:00,778.77,30.0
2017-01-01 17:00:00,771.01,28.9
2017-01-01 18:00:00,775.11,28.9
2017-01-01 19:00:00,721.82,28.0
2017-01-01 20:00:00,724.58,28.0
2017-01-01 21:00:00,693.13,28.0
2017-01-01 22:00:00,687.94,28.0
2017-01-01 23:00:00,717.4,28.0
2017-01-02 00:00:00,691.28,28.0
2017-01-02 01:00:00,676.98,28.0
2017-01-02 02:00:00,679.99,28.0
2017-01-02 03:00:00,685.86,28.0
2017-01-02 04:00:00,674.36,28.0
2017-01-02 05:00:00,681.18,28.0
2017-01-02 06:00:00,715.92,28.0
2017-01-02 07:00:00,843.1,28.9
2017-01-02 08:00:00,921.57,30.0
2017-01-02 09:00:00,950.79,30.0
2017-01-02 10:00:00,953.33,30.0
2017-01-02 11:00:00,935.51,30.9
2017-01-02 12:00:00,938.84,30.9
2017-01-02 13:00:00,941.33,30.9
2017-01-02 14:00:00,931.76,32.0
2017-01-02 15:00:00,944.19,32.0
2017-01-02 16:00:00,917.42,32.0
2017-01-02 17:00:00,890.62,32.0
2017-01-02 18:00:00,901.87,32.0
2017-01-02 19:00:00,883.95,32.0
2017-01-02 20:00:00,871.62,32.0
2017-01-02 21:00:00,776.88,32.0
2017-01-02 22:00:00,769.66,32.0
2017-01-02 23:00:00,784.1,32.0
2017-01-03 00:00:00,771.07,32.0
2017-01-03 01:00:00,745.89,32.0
2017-01-03 02:00:00,689.35,32.0
2017-01-03 03:00:00,673.41,32.0
2017-01-03 04:00:00,674.92,32.0
2017-01-03 05:00:00,673.36,30.9
2017-01-03 06:00:00,718.16,28.9
2017-01-03 07:00:00,858.91,26.1
2017-01-03 08:00:00,953.24,19.9
2017-01-03 09:00:00,1021.6,17.1
2017-01-03 10:00:00,1043.89,14.0
2017-01-03 11:00:00,1053.73,12.9
2017-01-03 12:00:00,1038.87,12.9
2017-01-03 13:00:00,1064.63,12.0
2017-01-03 14:00:00,1034.22,10.9
2017-01-03 15:00:00,1034.26,10.9
2017-01-03 16:00:00,1024.77,10.9
2017-01-03 17:00:00,1005.21,8.1
2017-01-03 18:00:00,962.09,7.0
2017-01-03 19:00:00,935.11,6.1
2017-01-03 20:00:00,892.02,5.0
2017-01-03 21:00:00,804.36,3.9
2017-01-03 22:00:00,800.15,3.0
2017-01-03 23:00:00,802.22,3.0
2017-01-04 00:00:00,772.07,1.9
2017-01-04 01:00:00,751.83,1.0
2017-01-04 02:00:00,739.25,-0.0
2017-01-04 03:00:00,788.28,-0.9
2017-01-04 04:00:00,796.65,-2.0
2017-01-04 05:00:00,793.0,-2.9
2017-01-04 06:00:00,811.88,-4.0
2017-01-04 07:00:00,895.91,-5.1
2017-01-04 08:00:00,1017.23,-6.0
2017-01-04 09:00:00,1047.57,-6.0
2017-01-04 10:00:00,1093.81,-4.0
2017-01-04 11:00:00,1080.25,-2.0
2017-01-04 12:00:00,1095.91,-0.0
2017-01-04 13:00:00,1071.66,1.9
2017-01-04 14:00:00,1068.24,3.0
2017-01-04 15:00:00,1070.46,3.9
2017-01-04 16:00:00,1053.12,3.0
2017-01-04 17:00:00,1008.2,1.9
2017-01-04 18:00:00,990.2,1.9
2017-01-04 19:00:00,937.75,1.0
2017-01-04 20:00:00,935.22,-0.0
2017-01-04 21:00:00,813.14,-0.9
2017-01-04 22:00:00,809.18,-0.0
2017-01-04 23:00:00,791.64,-0.0
2017-01-05 00:00:00,816.85,-0.0
2017-01-05 01:00:00,814.84,-0.0
2017-01-05 02:00:00,807.89,-0.9
2017-01-05 03:00:00,795.5,-2.0
2017-01-05 04:00:00,788.01,-2.9
2017-01-05 05:00:00,780.17,-4.0
2017-01-05 06:00:00,781.85,-5.1
2017-01-05 07:00:00,888.06,-6.0
2017-01-05 08:00:00,954.14,-7.1
2017-01-05 09:00:00,995.96,-6.0
2017-01-05 10:00:00,1000.78,-2.9
2017-01-05 11:00:00,1020.17,-2.0
2017-01-05 12:00:00,1013.63,-0.0
2017-01-05 13:00:00,1030.98,1.0
2017-01-05 14:00:00,1007.38,1.9
2017-01-05 15:00:00,996.57,1.9
2017-01-05 16:00:00,995.59,1.0
2017-01-05 17:00:00,953.36,1.0
2017-01-05 18:00:00,928.18,-0.9
2017-01-05 19:00:00,912.35,-2.0
2017-01-05 20:00:00,902.41,-2.9
2017-01-05 21:00:00,821.48,-5.1
2017-01-05 22:00:00,797.0,-6.0
2017-01-05 23:00:00,803.26,-7.1
2017-01-06 00:00:00,767.05,-8.0
2017-01-06 01:00:00,769.08,-9.0
2017-01-06 02:00:00,740.56,-9.0
2017-01-06 03:00:00,700.18,-9.0
2017-01-06 04:00:00,705.86,-9.0
2017-01-06 05:00:00,701.2,-9.0
2017-01-06 06:00:00,744.4,-9.0
2017-01-06 07:00:00,859.48,-9.0
2017-01-06 08:00:00,950.22,-9.0
2017-01-06 09:00:00,994.01,-9.0
2017-01-06 10:00:00,1016.29,-6.0
2017-01-06 11:00:00,1042.13,-2.9
2017-01-06 12:00:00,1049.04,-0.9
2017-01-06 13:00:00,1022.58,1.9
2017-01-06 14:00:00,1007.51,3.9
2017-01-06 15:00:00,1013.59,3.9
2017-01-06 16:00:00,974.99,5.0
2017-01-06 17:00:00,964.36,3.9
2017-01-06 18:00:00,920.03,3.9
2017-01-06 19:00:00,914.23,3.9
2017-01-06 20:00:00,891.43,3.0
2017-01-06 21:00:00,810.08,1.9
2017-01-06 22:00:00,765.2,1.9
2017-01-06 23:00:00,770.8,1.0
2017-01-07 00:00:00,747.13,1.0
2017-01-07 01:00:00,734.74,-0.0
2017-01-07 02:00:00,727.14,-0.0
2017-01-07 03:00:00,726.56,-0.0
2017-01-07 04:00:00,719.2,-0.0
2017-01-07 05:00:00,724.32,-0.9
2017-01-07 06:00:00,731.57,-0.9
2017-01-07 07:00:00,733.46,1.0
2017-01-07 08:00:00,851.25,-0.0
2017-01-07 09:00:00,851.58,1.0
2017-01-07 10:00:00,852.72,3.0
2017-01-07 11:00:00,848.03,5.0
2017-01-07 12:00:00,851.99,7.0
2017-01-07 13:00:00,843.24,8.1
2017-01-07 14:00:00,853.56,8.1
2017-01-07 15:00:00,837.77,9.0
2017-01-07 16:00:00,837.59,8.1
2017-01-07 17:00:00,835.03,7.0
2017-01-07 18:00:00,801.38,5.0
2017-01-07 19:00:00,739.95,3.9
2017-01-07 20:00:00,724.97,3.0
2017-01-07 21:00:00,718.12,1.9
2017-01-07 22:00:00,723.62,1.0
2017-01-07 23:00:00,743.91,-0.0
2017-01-08 00:00:00,713.38,-0.0
2017-01-08 01:00:00,667.92,-0.9
2017-01-08 02:00:00,663.33,-0.9
2017-01-08 03:00:00,673.35,-2.9
2017-01-08 04:00:00,667.44,-2.9
2017-01-08 05:00:00,685.88,-4.0
2017-01-08 06:00:00,716.74,-4.0
2017-01-08 07:00:00,773.02,-4.0
2017-01-08 08:00:00,804.46,-4.0
2017-01-08 09:00:00,817.74,-2.0
2017-01-08 10:00:00,793.83,1.0
2017-01-08 11:00:00,808.71,3.9
2017-01-08 12:00:00,797.96,8.1
2017-01-08 13:00:00,789.62,10.9
2017-01-08 14:00:00,794.09,12.0
2017-01-08 15:00:00,789.47,14.0
2017-01-08 16:00:00,787.32,12.9
2017-01-08 17:00:00,775.7,12.9
2017-01-08 18:00:00,783.06,14.0
2017-01-08 19:00:00,714.76,14.0
2017-01-08 20:00:00,706.61,15.1
2017-01-08 21:00:00,674.9,16.0
2017-01-08 22:00:00,669.36,16.0
2017-01-08 23:00:00,697.62,17.1
2017-01-09 00:00:00,671.76,17.1
2017-01-09 01:00:00,667.6,18.0
2017-01-09 02:00:00,663.34,18.0
2017-01-09 03:00:00,671.73,18.0
2017-01-09 04:00:00,665.56,19.0
2017-01-09 05:00:00,666.51,19.0
2017-01-09 06:00:00,710.81,19.0
2017-01-09 07:00:00,852.44,18.0
2017-01-09 08:00:00,953.16,18.0
2017-01-09 09:00:00,978.67,18.0
2017-01-09 10:00:00,1012.4,19.0
2017-01-09 11:00:00,1012.18,19.9
2017-01-09 12:00:00,1020.47,21.0
2017-01-09 13:00:00,1028.32,21.0
2017-01-09 14:00:00,1012.23,21.9
2017-01-09 15:00:00,982.49,21.9
2017-01-09 16:00:00,991.61,21.9
2017-01-09 17:00:00,980.37,23.0
2017-01-09 18:00:00,941.43,23.0
2017-01-09 19:00:00,908.1,24.1
2017-01-09 20:00:00,893.02,24.1
2017-01-09 21:00:00,792.66,25.0
2017-01-09 22:00:00,763.36,26.1
2017-01-09 23:00:00,773.48,27.0
2017-01-10 00:00:00,748.64,27.0
2017-01-10 01:00:00,746.21,27.0
2017-01-10 02:00:00,727.9,26.1
2017-01-10 03:00:00,679.53,26.1
2017-01-10 04:00:00,675.33,26.1
2017-01-10 05:00:00,671.81,26.1
2017-01-10 06:00:00,717.67,28.0
2017-01-10 07:00:00,864.34,27.0
2017-01-10 08:00:00,921.03,27.0
2017-01-10 09:00:00,964.19,28.0
2017-01-10 10:00:00,993.76,27.0
2017-01-10 11:00:00,996.86,27.0
2017-01-10 12:00:00,1024.11,25.0
2017-01-10 13:00:00,1006.19,21.9
2017-01-10 14:00:00,992.45,17.1
2017-01-10 15:00:00,985.68,16.0
2017-01-10 16:00:00,970.66,12.9
2017-01-10 17:00:00,940.04,10.9
2017-01-10 18:00:00,925.73,9.0
2017-01-10 19:00:00,899.34,8.1
2017-01-10 20:00:00,872.97,7.0
2017-01-10 21:00:00,780.51,6.1
2017-01-10 22:00:00,754.48,5.0
2017-01-10 23:00:00,764.88,5.0
2017-01-11 00:00:00,739.2,5.0
2017-01-11 01:00:00,719.81,5.0
2017-01-11 02:00:00,712.13,3.9
2017-01-11 03:00:00,709.14,5.0
2017-01-11 04:00:00,658.1,5.0
2017-01-11 05:00:00,652.99,6.1
2017-01-11 06:00:00,696.62,6.1
2017-01-11 07:00:00,830.54,6.1
2017-01-11 08:00:00,929.22,6.1
2017-01-11 09:00:00,955.05,6.1
2017-01-11 10:00:00,992.29,6.1
2017-01-11 11:00:00,987.09,7.0
2017-01-11 12:00:00,1013.14,9.0
2017-01-11 13:00:00,1006.14,9.0
2017-01-11 14:00:00,948.94,9.0
2017-01-11 15:00:00,908.02,9.0
2017-01-11 16:00:00,960.82,8.1
2017-01-11 17:00:00,947.64,8.1
2017-01-11 18:00:00,917.75,7.0
2017-01-11 19:00:00,892.56,6.1
2017-01-11 20:00:00,870.87,6.1
2017-01-11 21:00:00,790.09,6.1
2017-01-11 22:00:00,759.64,6.1
2017-01-11 23:00:00,762.3,6.1
2017-01-12 00:00:00,739.65,6.1
2017-01-12 01:00:00,724.55,6.1
2017-01-12 02:00:00,715.27,6.1
2017-01-12 03:00:00,711.17,5.0
2017-01-12 04:00:00,706.13,3.9
2017-01-12 05:00:00,706.99,5.0
2017-01-12 06:00:00,724.89,5.0
2017-01-12 07:00:00,838.81,5.0
2017-01-12 08:00:00,947.54,3.9
2017-01-12 09:00:00,973.72,5.0
2017-01-12 10:00:00,1012.41,6.1
2017-01-12 11:00:00,1018.22,9.0
2017-01-12 12:00:00,1024.8,12.9
2017-01-12 13:00:00,1047.08,14.0
2017-01-12 14:00:00,1024.74,14.0
2017-01-12 15:00:00,1024.94,12.0
2017-01-12 16:00:00,1006.9,9.0
2017-01-12 17:00:00,979.75,6.1
2017-01-12 18:00:00,941.94,3.0
2017-01-12 19:00:00,929.56,1.0
2017-01-12 20:00:00,901.53,-0.0
2017-01-12 21:00:00,818.95,-2.0
2017-01-12 22:00:00,802.47,-2.9
2017-01-12 23:00:00,814.5,-4.0
2017-01-13 00:00:00,793.27,-6.0
2017-01-13 01:00:00,769.86,-7.1
2017-01-13 02:00:00,743.86,-7.1
2017-01-13 03:00:00,708.2,-7.1
2017-01-13 04:00:00,706.73,-7.1
2017-01-13 05:00:00,708.22,-6.0
2017-01-13 06:00:00,748.25,-5.1
2017-01-13 07:00:00,862.6,-5.1
2017-01-13 08:00:00,957.04,-4.0
2017-01-13 09:00:00,1000.96,-4.0
2017-01-13 10:00:00,1019.07,-2.9
2017-01-13 11:00:00,1029.12,-0.9
2017-01-13 12:00:00,1016.7,1.0
2017-01-13 13:00:00,1023.56,1.9
2017-01-13 14:00:00,1012.29,3.0
2017-01-13 15:00:00,990.49,3.9
2017-01-13 16:00:00,983.86,5.0
2017-01-13 17:00:00,951.5,5.0
2017-01-13 18:00:00,857.04,6.1
2017-01-13 19:00:00,911.3,7.0
2017-01-13 20:00:00,873.87,7.0
2017-01-13 21:00:00,781.73,8.1
2017-01-13 22:00:00,762.57,8.1
2017-01-13 23:00:00,774.61,8.1
2017-01-14 00:00:00,756.64,9.0
2017-01-14 01:00:00,734.37,8.1
2017-01-14 02:00:00,712.46,7.0
2017-01-14 03:00:00,669.54,5.0
2017-01-14 04:00:00,675.76,7.0
2017-01-14 05:00:00,667.63,7.0
2017-01-14 06:00:00,698.64,8.1
2017-01-14 07:00:00,759.63,7.0
2017-01-14 08:00:00,813.67,6.1
2017-01-14 09:00:00,842.33,7.0
2017-01-14 10:00:00,829.31,12.0
2017-01-14 11:00:00,821.83,15.1
2017-01-14 12:00:00,852.07,18.0
2017-01-14 13:00:00,829.77,21.9
2017-01-14 14:00:00,840.41,23.0
2017-01-14 15:00:00,836.22,24.1
2017-01-14 16:00:00,831.57,24.1
2017-01-14 17:00:00,841.66,21.0
2017-01-14 18:00:00,817.91,18.0
2017-01-14 19:00:00,751.24,17.1
2017-01-14 20:00:00,742.85,14.0
2017-01-14 21:00:00,730.77,12.9
2017-01-14 22:00:00,729.98,12.0
2017-01-14 23:00:00,765.3,9.0
2017-01-15 00:00:00,717.95,9.0
2017-01-15 01:00:00,672.26,9.0
2017-01-15 02:00:00,668.75,8.1
2017-01-15 03:00:00,672.46,5.0
2017-01-15 04:00:00,661.94,3.9
2017-01-15 05:00:00,673.31,5.0
2017-01-15 06:00:00,690.33,5.0
2017-01-15 07:00:00,756.96,1.9
2017-01-15 08:00:00,781.03,3.9
2017-01-15 09:00:00,795.8,5.0
2017-01-15 10:00:00,804.25,10.9
2017-01-15 11:00:00,808.5,16.0
2017-01-15 12:00:00,795.12,23.0
2017-01-15 13:00:00,802.83,28.0
2017-01-15 14:00:00,818.45,32.0
2017-01-15 15:00:00,804.88,33.1
2017-01-15 16:00:00,812.31,33.1
2017-01-15 17:00:00,802.42,32.0
2017-01-15 18:00:00,790.81,28.0
2017-01-15 19:00:00,741.18,25.0
2017-01-15 20:00:00,727.86,24.1
2017-01-15 21:00:00,651.81,21.9
2017-01-15 22:00:00,694.61,19.9
2017-01-15 23:00:00,720.97,19.9
2017-01-16 00:00:00,696.47,19.0
2017-01-16 01:00:00,678.83,21.9
2017-01-16 02:00:00,678.81,19.0
2017-01-16 03:00:00,675.98,17.1
2017-01-16 04:00:00,669.02,16.0
2017-01-16 05:00:00,676.68,17.1
2017-01-16 06:00:00,706.06,18.0
2017-01-16 07:00:00,845.84,18.0
2017-01-16 08:00:00,909.12,17.1
2017-01-16 09:00:00,947.15,18.0
2017-01-16 10:00:00,951.9,21.0
2017-01-16 11:00:00,955.86,24.1
2017-01-16 12:00:00,971.34,27.0
2017-01-16 13:00:00,969.05,28.0
2017-01-16 14:00:00,971.35,30.0
2017-01-16 15:00:00,962.0,30.9
2017-01-16 16:00:00,955.81,30.9
2017-01-16 17:00:00,915.59,32.0
2017-01-16 18:00:00,893.98,30.9
2017-01-16 19:00:00,889.64,30.9
2017-01-16 20:00:00,857.46,30.0
2017-01-16 21:00:00,756.95,30.9
2017-01-16 22:00:00,743.34,30.9
2017-01-16 23:00:00,769.1,30.0
2017-01-17 00:00:00,756.78,30.0
2017-01-17 01:00:00,730.18,30.0
2017-01-17 02:00:00,694.96,30.0
2017-01-17 03:00:00,663.48,30.9
2017-01-17 04:00:00,663.24,30.0
2017-01-17 05:00:00,655.65,30.9
2017-01-17 06:00:00,707.31,30.9
2017-01-17 07:00:00,854.02,30.9
2017-01-17 08:00:00,927.75,30.9
2017-01-17 09:00:00,984.42,30.9
2017-01-17 10:00:00,1010.68,30.0
2017-01-17 11:00:00,1016.71,30.0
2017-01-17 12:00:00,1021.85,33.1
2017-01-17 13:00:00,1060.69,35.1
2017-01-17 14:00:00,1034.35,35.1
2017-01-17 15:00:00,994.56,35.1
2017-01-17 16:00:00,999.71,35.1
2017-01-17 17:00:00,977.33,34.0
2017-01-17 18:00:00,936.43,33.1
2017-01-17 19:00:00,909.66,33.1
2017-01-17 20:00:00,904.02,32.0
2017-01-17 21:00:00,793.21,30.0
2017-01-17 22:00:00,763.39,30.0
2017-01-17 23:00:00,773.56,28.9
2017-01-18 00:00:00,742.81,30.0
2017-01-18 01:00:00,709.56,30.0
2017-01-18 02:00:00,670.53,28.9
2017-01-18 03:00:00,664.42,28.0
2017-01-18 04:00:00,661.69,28.0
2017-01-18 05:00:00,655.11,26.1
2017-01-18 06:00:00,707.12,28.0
2017-01-18 07:00:00,846.61,30.0
2017-01-18 08:00:00,931.91,30.9
2017-01-18 09:00:00,986.96,30.9
2017-01-18 10:00:00,1012.88,33.1
2017-01-18 11:00:00,1037.26,36.0
2017-01-18 12:00:00,1016.14,37.9
2017-01-18 13:00:00,1013.71,39.9
2017-01-18 14:00:00,998.08,39.9
2017-01-18 15:00:00,984.67,41.0
2017-01-18 16:00:00,976.18,41.0
2017-01-18 17:00:00,950.71,39.9
2017-01-18 18:00:00,929.16,37.0
2017-01-18 19:00:00,910.81,34.0
2017-01-18 20:00:00,889.43,33.1
2017-01-18 21:00:00,788.73,33.1
2017-01-18 22:00:00,759.11,32.0
2017-01-18 23:00:00,774.66,32.0
2017-01-19 00:00:00,752.38,30.0
2017-01-19 01:00:00,730.8,30.9
2017-01-19 02:00:00,691.6,32.0
2017-01-19 03:00:00,643.6,30.0
2017-01-19 04:00:00,666.44,30.9
2017-01-19 05:00:00,664.58,34.0
2017-01-19 06:00:00,707.21,32.0
2017-01-19 07:00:00,847.67,33.1
2017-01-19 08:00:00,938.54,30.9
2017-01-19 09:00:00,973.07,33.1
2017-01-19 10:00:00,997.39,36.0
2017-01-19 11:00:00,1010.06,36.0
2017-01-19 12:00:00,1009.23,35.1
2017-01-19 13:00:00,1028.91,35.1
2017-01-19 14:00:00,995.28,36.0
2017-01-19 15:00:00,995.55,37.0
2017-01-19 16:00:00,974.07,37.0
2017-01-19 17:00:00,943.42,37.0
2017-01-19 18:00:00,923.42,36.0
2017-01-19 19:00:00,907.61,36.0
2017-01-19 20:00:00,888.66,36.0
2017-01-19 21:00:00,799.55,36.0
2017-01-19 22:00:00,756.96,37.0
2017-01-19 23:00:00,770.81,36.0
2017-01-20 00:00:00,755.38,36.0
2017-01-20 01:00:00,735.17,35.1
2017-01-20 02:00:00,707.36,35.1
2017-01-20 03:00:00,671.92,35.1
2017-01-20 04:00:00,669.21,35.1
2017-01-20 05:00:00,668.86,35.1
2017-01-20 06:00:00,713.47,35.1
2017-01-20 07:00:00,870.76,35.1
2017-01-20 08:00:00,978.77,35.1
2017-01-20 09:00:00,1019.26,35.1
2017-01-20 10:00:00,1042.15,35.1
2017-01-20 11:00:00,1053.41,36.0
2017-01-20 12:00:00,1046.79,36.0
2017-01-20 13:00:00,1031.3,36.0
2017-01-20 14:00:00,1033.29,37.0
2017-01-20 15:00:00,1020.63,36.0
2017-01-20 16:00:00,1000.6,36.0
2017-01-20 17:00:00,996.13,36.0
2017-01-20 18:00:00,973.84,35.1
2017-01-20 19:00:00,927.2,35.1
2017-01-20 20:00:00,900.47,35.1
2017-01-20 21:00:00,750.46,35.1
2017-01-20 22:00:00,777.37,35.1
2017-01-20 23:00:00,784.73,35.1
2017-01-21 00:00:00,768.26,35.1
2017-01-21 01:00:00,744.81,35.1
2017-01-21 02:00:00,727.55,35.1
2017-01-21 03:00:00,685.92,35.1
2017-01-21 04:00:00,681.94,35.1
2017-01-21 05:00:00,682.73,35.1
2017-01-21 06:00:00,701.94,35.1
2017-01-21 07:00:00,788.15,35.1
2017-01-21 08:00:00,846.43,35.1
2017-01-21 09:00:00,864.86,35.1
2017-01-21 10:00:00,868.27,36.0
2017-01-21 11:00:00,849.05,37.0
2017-01-21 12:00:00,839.38,37.0
2017-01-21 13:00:00,838.31,37.0
2017-01-21 14:00:00,835.6,37.0
2017-01-21 15:00:00,827.26,37.9
2017-01-21 16:00:00,823.4,37.9
2017-01-21 17:00:00,817.01,37.9
2017-01-21 18:00:00,817.4,37.0
2017-01-21 19:00:00,740.48,37.0
2017-01-21 20:00:00,724.74,37.0
2017-01-21 21:00:00,728.3,36.0
2017-01-21 22:00:00,729.46,37.0
2017-01-21 23:00:00,763.17,36.0
2017-01-22 00:00:00,739.78,36.0
2017-01-22 01:00:00,685.96,36.0
2017-01-22 02:00:00,679.26,35.1
2017-01-22 03:00:00,677.84,35.1
2017-01-22 04:00:00,679.7,35.1
2017-01-22 05:00:00,679.99,35.1
2017-01-22 06:00:00,707.85,35.1
2017-01-22 07:00:00,767.67,35.1
2017-01-22 08:00:00,814.67,35.1
2017-01-22 09:00:00,826.24,35.1
2017-01-22 10:00:00,815.75,37.0
2017-01-22 11:00:00,761.88,37.9
2017-01-22 12:00:00,742.91,39.0
2017-01-22 13:00:00,751.69,39.0
2017-01-22 14:00:00,757.22,39.0
2017-01-22 15:00:00,736.56,39.9
2017-01-22 16:00:00,750.24,39.9
2017-01-22 17:00:00,751.6,39.0
2017-01-22 18:00:00,755.68,37.9
2017-01-22 19:00:00,717.31,37.0
2017-01-22 20:00:00,704.91,37.0
2017-01-22 21:00:00,696.36,36.0
2017-01-22 22:00:00,719.72,35.1
2017-01-22 23:00:00,750.99,34.0
2017-01-23 00:00:00,714.88,34.0
2017-01-23 01:00:00,668.45,34.0
2017-01-23 02:00:00,666.76,34.0
2017-01-23 03:00:00,665.99,34.0
2017-01-23 04:00:00,660.22,33.1
2017-01-23 05:00:00,664.9,34.0
2017-01-23 06:00:00,709.12,33.1
2017-01-23 07:00:00,861.66,34.0
2017-01-23 08:00:00,950.25,33.1
2017-01-23 09:00:00,1006.44,34.0
2017-01-23 10:00:00,1030.0,35.1
2017-01-23 11:00:00,1058.35,34.0
2017-01-23 12:00:00,1048.0,34.0
2017-01-23 13:00:00,1055.5,34.0
2017-01-23 14:00:00,1060.76,34.0
2017-01-23 15:00:00,1039.69,35.1
2017-01-23 16:00:00,1033.79,35.1
2017-01-23 17:00:00,984.48,34.0
2017-01-23 18:00:00,960.99,34.0
2017-01-23 19:00:00,940.43,34.0
2017-01-23 20:00:00,918.56,34.0
2017-01-23 21:00:00,799.17,34.0
2017-01-23 22:00:00,786.75,33.1
2017-01-23 23:00:00,797.99,33.1
2017-01-24 00:00:00,765.91,33.1
2017-01-24 01:00:00,752.2,32.0
2017-01-24 02:00:00,706.52,33.1
2017-01-24 03:00:00,682.83,32.0
2017-01-24 04:00:00,681.12,32.0
2017-01-24 05:00:00,675.48,32.0
2017-01-24 06:00:00,724.58,32.0
2017-01-24 07:00:00,872.95,32.0
2017-01-24 08:00:00,969.03,32.0
2017-01-24 09:00:00,1005.46,32.0
2017-01-24 10:00:00,1007.47,32.0
2017-01-24 11:00:00,1031.98,32.0
2017-01-24 12:00:00,1036.44,32.0
2017-01-24 13:00:00,1041.44,32.0
2017-01-24 14:00:00,1041.04,32.0
2017-01-24 15:00:00,1020.43,32.0
2017-01-24 16:00:00,1021.26,32.0
2017-01-24 17:00:00,987.07,32.0
2017-01-24 18:00:00,982.68,33.1
2017-01-24 19:00:00,885.46,33.1
2017-01-24 20:00:00,926.56,33.1
2017-01-24 21:00:00,825.15,33.1
2017-01-24 22:00:00,787.54,33.1
2017-01-24 23:00:00,798.25,33.1
2017-01-25 00:00:00,770.49,32.0
2017-01-25 01:00:00,752.6,32.0
2017-01-25 02:00:00,724.84,30.9
2017-01-25 03:00:00,683.6,30.9
2017-01-25 04:00:00,688.04,30.0
2017-01-25 05:00:00,687.38,30.0
2017-01-25 06:00:00,731.61,30.0
2017-01-25 07:00:00,887.09,30.0
2017-01-25 08:00:00,974.11,30.0
2017-01-25 09:00:00,1049.99,30.9
2017-01-25 10:00:00,1020.93,30.0
2017-01-25 11:00:00,1034.68,30.0
2017-01-25 12:00:00,1048.86,30.0
2017-01-25 13:00:00,1142.65,30.0
2017-01-25 14:00:00,962.03,30.0
2017-01-25 15:00:00,1006.92,28.9
2017-01-25 16:00:00,1017.15,28.9
2017-01-25 17:00:00,984.69,28.9
2017-01-25 18:00:00,963.72,28.9
2017-01-25 19:00:00,935.04,28.9
2017-01-25 20:00:00,914.12,28.9
2017-01-25 21:00:00,801.45,28.9
2017-01-25 22:00:00,790.24,28.9
2017-01-25 23:00:00,796.78,28.9
2017-01-26 00:00:00,768.86,28.9
2017-01-26 01:00:00,743.72,30.0
2017-01-26 02:00:00,698.9,28.9
2017-01-26 03:00:00,686.39,28.9
2017-01-26 04:00:00,676.64,28.9
2017-01-26 05:00:00,685.01,28.9
2017-01-26 06:00:00,719.34,28.9
2017-01-26 07:00:00,890.28,28.0
2017-01-26 08:00:00,964.37,27.0
2017-01-26 09:00:00,1010.19,27.0
2017-01-26 10:00:00,1020.9,27.0
2017-01-26 11:00:00,1020.45,27.0
2017-01-26 12:00:00,1028.64,28.0
2017-01-26 13:00:00,1041.83,28.9
2017-01-26 14:00:00,1030.14,28.9
2017-01-26 15:00:00,1011.47,28.9
2017-01-26 16:00:00,1004.72,28.9
2017-01-26 17:00:00,931.67,27.0
2017-01-26 18:00:00,941.15,26.1
2017-01-26 19:00:00,943.36,25.0
2017-01-26 20:00:00,873.85,24.1
2017-01-26 21:00:00,578.65,24.1
2017-01-26 22:00:00,776.12,24.1
2017-01-26 23:00:00,782.94,24.1
2017-01-27 00:00:00,761.06,23.0
2017-01-27 01:00:00,738.71,21.9
2017-01-27 02:00:00,711.66,21.9
2017-01-27 03:00:00,680.84,21.9
2017-01-27 04:00:00,673.12,21.9
2017-01-27 05:00:00,678.76,21.9
2017-01-27 06:00:00,720.28,21.0
2017-01-27 07:00:00,867.85,19.0
2017-01-27 08:00:00,972.75,18.0
2017-01-27 09:00:00,996.77,18.0
2017-01-27 10:00:00,998.57,19.0
2017-01-27 11:00:00,1021.3,21.0
2017-01-27 12:00:00,1029.55,25.0
2017-01-27 13:00:00,1038.77,27.0
2017-01-27 14:00:00,1021.24,28.9
2017-01-27 15:00:00,1012.45,30.0
2017-01-27 16:00:00,1009.09,30.9
2017-01-27 17:00:00,965.46,30.0
2017-01-27 18:00:00,900.64,28.9
2017-01-27 19:00:00,885.01,28.0
2017-01-27 20:00:00,894.68,28.0
2017-01-27 21:00:00,807.94,27.0
2017-01-27 22:00:00,772.59,26.1
2017-01-27 23:00:00,783.14,25.0
2017-01-28 00:00:00,768.09,25.0
2017-01-28 01:00:00,742.15,25.0
2017-01-28 02:00:00,717.31,25.0
2017-01-28 03:00:00,681.65,24.1
2017-01-28 04:00:00,675.83,23.0
2017-01-28 05:00:00,679.65,25.0
2017-01-28 06:00:00,705.73,25.0
2017-01-28 07:00:00,776.8,25.0
2017-01-28 08:00:00,836.69,25.0
2017-01-28 09:00:00,855.72,26.1
2017-01-28 10:00:00,843.64,26.1
2017-01-28 11:00:00,843.05,27.0
2017-01-28 12:00:00,837.31,27.0
2017-01-28 13:00:00,845.11,28.0
2017-01-28 14:00:00,834.43,28.0
2017-01-28 15:00:00,840.66,28.0
2017-01-28 16:00:00,826.47,27.0
2017-01-28 17:00:00,823.83,26.1
2017-01-28 18:00:00,807.49,26.1
2017-01-28 19:00:00,738.38,26.1
2017-01-28 20:00:00,722.81,26.1
2017-01-28 21:00:00,686.18,25.0
2017-01-28 22:00:00,715.99,25.0
2017-01-28 23:00:00,761.17,25.0
2017-01-29 00:00:00,711.53,24.1
2017-01-29 01:00:00,675.18,24.1
2017-01-29 02:00:00,677.93,24.1
2017-01-29 03:00:00,670.36,24.1
2017-01-29 04:00:00,676.63,24.1
2017-01-29 05:00:00,676.72,25.0
2017-01-29 06:00:00,696.15,26.1
2017-01-29 07:00:00,770.14,26.1
2017-01-29 08:00:00,803.39,26.1
2017-01-29 09:00:00,820.36,24.1
2017-01-29 10:00:00,804.45,23.0
2017-01-29 11:00:00,823.24,25.0
2017-01-29 12:00:00,816.2,26.1
2017-01-29 13:00:00,818.3,27.0
2017-01-29 14:00:00,806.95,28.0
2017-01-29 15:00:00,817.64,28.9
2017-01-29 16:00:00,802.44,28.9
2017-01-29 17:00:00,817.97,27.0
2017-01-29 18:00:00,789.2,25.0
2017-01-29 19:00:00,727.5,24.1
2017-01-29 20:00:00,713.58,21.9
2017-01-29 21:00:00,683.2,21.0
2017-01-29 22:00:00,682.93,21.9
2017-01-29 23:00:00,743.12,19.9
2017-01-30 00:00:00,723.41,18.0
2017-01-30 01:00:00,673.18,19.0
2017-01-30 02:00:00,672.34,16.0
2017-01-30 03:00:00,668.17,17.1
2017-01-30 04:00:00,672.18,17.1
2017-01-30 05:00:00,675.6,18.0
2017-01-30 06:00:00,721.98,19.0
2017-01-30 07:00:00,869.81,21.0
2017-01-30 08:00:00,967.8,23.0
2017-01-30 09:00:00,1007.59,24.1
2017-01-30 10:00:00,1022.93,28.0
2017-01-30 11:00:00,1031.79,30.9
2017-01-30 12:00:00,1038.42,32.0
2017-01-30 13:00:00,1050.75,37.0
2017-01-30 14:00:00,1025.13,39.9
2017-01-30 15:00:00,1013.79,41.0
2017-01-30 16:00:00,978.08,41.0
2017-01-30 17:00:00,950.63,39.9
2017-01-30 18:00:00,932.25,39.0
2017-01-30 19:00:00,927.19,37.9
2017-01-30 20:00:00,886.95,34.0
2017-01-30 21:00:00,797.82,33.1
2017-01-30 22:00:00,781.22,34.0
2017-01-30 23:00:00,797.4,35.1
2017-01-31 00:00:00,770.13,35.1
2017-01-31 01:00:00,748.44,36.0
2017-01-31 02:00:00,703.9,36.0
2017-01-31 03:00:00,682.26,35.1
2017-01-31 04:00:00,682.56,35.1
2017-01-31 05:00:00,684.32,35.1
2017-01-31 06:00:00,722.79,35.1
2017-01-31 07:00:00,885.15,33.1
2017-01-31 08:00:00,961.78,33.1
2017-01-31 09:00:00,993.18,35.1
2017-01-31 10:00:00,1018.7,36.0
2017-01-31 11:00:00,1030.23,37.0
2017-01-31 12:00:00,1031.3,37.9
2017-01-31 13:00:00,1045.36,37.9
2017-01-31 14:00:00,1047.96,37.0
2017-01-31 15:00:00,1034.4,37.0
2017-01-31 16:00:00,1023.01,37.0
2017-01-31 17:00:00,994.27,36.0
2017-01-31 18:00:00,958.26,34.0
2017-01-31 19:00:00,933.42,34.0
2017-01-31 20:00:00,916.66,34.0
2017-01-31 21:00:00,817.9,33.1
2017-01-31 22:00:00,781.32,30.9
2017-01-31 23:00:00,790.23,30.9
2017-02-01 00:00:00,767.03,30.0
2017-02-01 01:00:00,739.64,30.0
2017-02-01 02:00:00,698.97,30.0
2017-02-01 03:00:00,683.19,28.9
2017-02-01 04:00:00,675.95,25.0
2017-02-01 05:00:00,680.04,21.0
2017-02-01 06:00:00,719.44,18.0
2017-02-01 07:00:00,872.35,16.0
2017-02-01 08:00:00,971.98,12.9
2017-02-01 09:00:00,1010.42,12.9
2017-02-01 10:00:00,1043.19,12.9
2017-02-01 11:00:00,1028.46,15.1
2017-02-01 12:00:00,1048.89,16.0
2017-02-01 13:00:00,1050.69,17.1
2017-02-01 14:00:00,1043.78,17.1
2017-02-01 15:00:00,1030.88,17.1
2017-02-01 16:00:00,1025.26,17.1
2017-02-01 17:00:00,996.4,15.1
2017-02-01 18:00:00,938.41,15.1
2017-02-01 19:00:00,924.0,14.0
2017-02-01 20:00:00,897.43,14.0
2017-02-01 21:00:00,815.35,14.0
2017-02-01 22:00:00,768.02,12.9
2017-02-01 23:00:00,786.33,12.0
2017-02-02 00:00:00,758.21,12.0
2017-02-02 01:00:00,737.65,12.0
2017-02-02 02:00:00,712.75,10.0
2017-02-02 03:00:00,677.79,9.0
2017-02-02 04:00:00,678.66,8.1
2017-02-02 05:00:00,686.08,8.1
2017-02-02 06:00:00,731.77,8.1
2017-02-02 07:00:00,901.13,8.1
2017-02-02 08:00:00,979.22,9.0
2017-02-02 09:00:00,1005.54,10.9
2017-02-02 10:00:00,1014.08,12.9
2017-02-02 11:00:00,1033.8,14.0
2017-02-02 12:00:00,1065.79,15.1
2017-02-02 13:00:00,1049.25,15.1
2017-02-02 14:00:00,1061.35,17.1
2017-02-02 15:00:00,1029.3,17.1
2017-02-02 16:00:00,1007.13,17.1
2017-02-02 17:00:00,963.25,16.0
2017-02-02 18:00:00,921.07,14.0
2017-02-02 19:00:00,899.22,14.0
2017-02-02 20:00:00,876.12,12.9
2017-02-02 21:00:00,776.61,12.0
2017-02-02 22:00:00,767.22,12.0
2017-02-02 23:00:00,768.71,10.0
2017-02-03 00:00:00,758.2,9.0
2017-02-03 01:00:00,725.53,9.0
2017-02-03 02:00:00,681.87,9.0
2017-02-03 03:00:00,666.1,8.1
2017-02-03 04:00:00,669.69,8.1
2017-02-03 05:00:00,663.8,8.1
2017-02-03 06:00:00,715.7,7.0
2017-02-03 07:00:00,843.84,7.0
2017-02-03 08:00:00,935.21,7.0
2017-02-03 09:00:00,966.97,9.0
2017-02-03 10:00:00,984.78,12.9
2017-02-03 11:00:00,989.47,14.0
2017-02-03 12:00:00,996.47,17.1
2017-02-03 13:00:00,999.59,19.9
2017-02-03 14:00:00,990.84,21.9
2017-02-03 15:00:00,991.78,23.0
2017-02-03 16:00:00,973.45,24.1
2017-02-03 17:00:00,932.89,23.0
2017-02-03 18:00:00,905.75,21.9
2017-02-03 19:00:00,902.46,21.0
2017-02-03 20:00:00,875.44,19.9
2017-02-03 21:00:00,778.01,19.9
2017-02-03 22:00:00,756.42,18.0
2017-02-03 23:00:00,758.79,18.0
2017-02-04 00:00:00,749.24,16.0
2017-02-04 01:00:00,724.96,16.0
2017-02-04 02:00:00,690.94,16.0
2017-02-04 03:00:00,664.12,12.9
2017-02-04 04:00:00,656.28,15.1
2017-02-04 05:00:00,663.5,17.1
2017-02-04 06:00:00,682.23,19.0
2017-02-04 07:00:00,764.41,21.9
2017-02-04 08:00:00,819.31,23.0
2017-02-04 09:00:00,835.68,24.1
2017-02-04 10:00:00,831.98,28.0
2017-02-04 11:00:00,832.41,28.9
2017-02-04 12:00:00,837.11,30.9
2017-02-04 13:00:00,841.24,33.1
2017-02-04 14:00:00,830.72,34.0
2017-02-04 15:00:00,825.56,34.0
2017-02-04 16:00:00,791.18,34.0
2017-02-04 17:00:00,819.8,34.0
2017-02-04 18:00:00,804.93,33.1
2017-02-04 19:00:00,714.02,33.1
2017-02-04 20:00:00,705.64,32.0
2017-02-04 21:00:00,666.74,32.0
2017-02-04 22:00:00,673.93,32.0
2017-02-04 23:00:00,703.12,32.0
2017-02-05 00:00:00,685.21,32.0
2017-02-05 01:00:00,664.14,30.9
2017-02-05 02:00:00,667.29,30.9
2017-02-05 03:00:00,666.48,30.0
2017-02-05 04:00:00,662.36,27.0
2017-02-05 05:00:00,668.53,21.9
2017-02-05 06:00:00,689.93,19.9
2017-02-05 07:00:00,751.38,19.0
2017-02-05 08:00:00,774.43,18.0
2017-02-05 09:00:00,791.87,19.9
2017-02-05 10:00:00,794.38,21.0
2017-02-05 11:00:00,781.85,23.0
2017-02-05 12:00:00,776.52,24.1
2017-02-05 13:00:00,784.42,25.0
2017-02-05 14:00:00,805.63,26.1
2017-02-05 15:00:00,799.58,26.1
2017-02-05 16:00:00,796.4,25.0
2017-02-05 17:00:00,796.99,25.0
2017-02-05 18:00:00,777.88,24.1
2017-02-05 19:00:00,709.03,23.0
2017-02-05 20:00:00,705.22,23.0
2017-02-05 21:00:00,675.07,21.9
2017-02-05 22:00:00,681.04,21.0
2017-02-05 23:00:00,700.96,19.9
2017-02-06 00:00:00,689.19,19.9
2017-02-06 01:00:00,671.96,19.0
2017-02-06 02:00:00,666.59,19.0
2017-02-06 03:00:00,672.78,19.0
2017-02-06 04:00:00,670.36,19.0
2017-02-06 05:00:00,665.96,19.0
2017-02-06 06:00:00,722.25,19.0
2017-02-06 07:00:00,860.01,19.0
2017-02-06 08:00:00,959.14,19.0
2017-02-06 09:00:00,981.76,21.0
2017-02-06 10:00:00,991.36,24.1
2017-02-06 11:00:00,1014.08,27.0
2017-02-06 12:00:00,1011.23,30.0
2017-02-06 13:00:00,1027.51,32.0
2017-02-06 14:00:00,1036.29,32.0
2017-02-06 15:00:00,1007.62,33.1
2017-02-06 16:00:00,991.88,32.0
2017-02-06 17:00:00,968.18,32.0
2017-02-06 18:00:00,945.55,30.9
2017-02-06 19:00:00,915.52,30.9
2017-02-06 20:00:00,889.99,32.0
2017-02-06 21:00:00,794.58,32.0
2017-02-06 22:00:00,766.63,33.1
2017-02-06 23:00:00,778.34,33.1
2017-02-07 00:00:00,753.12,32.0
2017-02-07 01:00:00,733.16,30.0
2017-02-07 02:00:00,719.41,30.0
2017-02-07 03:00:00,718.84,30.0
2017-02-07 04:00:00,718.22,28.9
2017-02-07 05:00:00,715.1,28.9
2017-02-07 06:00:00,739.89,26.1
2017-02-07 07:00:00,858.8,26.1
2017-02-07 08:00:00,943.0,25.0
2017-02-07 09:00:00,978.65,25.0
2017-02-07 10:00:00,1000.58,25.0
2017-02-07 11:00:00,1006.59,25.0
2017-02-07 12:00:00,1006.16,25.0
2017-02-07 13:00:00,1016.79,23.0
2017-02-07 14:00:00,999.92,23.0
2017-02-07 15:00:00,989.8,23.0
2017-02-07 16:00:00,967.53,21.9
2017-02-07 17:00:00,938.75,21.0
2017-02-07 18:00:00,912.82,19.9
2017-02-07 19:00:00,900.72,19.0
2017-02-07 20:00:00,876.14,18.0
2017-02-07 21:00:00,785.43,17.1
2017-02-07 22:00:00,760.36,16.0
2017-02-07 23:00:00,761.6,15.1
2017-02-08 00:00:00,751.65,12.0
2017-02-08 01:00:00,725.11,10.0
2017-02-08 02:00:00,697.52,8.1
2017-02-08 03:00:00,668.9,7.0
2017-02-08 04:00:00,654.79,5.0
2017-02-08 05:00:00,656.58,3.9
2017-02-08 06:00:00,708.74,1.9
2017-02-08 07:00:00,859.78,1.0
2017-02-08 08:00:00,951.06,1.0
2017-02-08 09:00:00,976.56,1.9
2017-02-08 10:00:00,1010.08,3.0
2017-02-08 11:00:00,1015.81,6.1
2017-02-08 12:00:00,1024.66,8.1
2017-02-08 13:00:00,1034.29,10.9
2017-02-08 14:00:00,1017.3,12.9
2017-02-08 15:00:00,1022.04,14.0
2017-02-08 16:00:00,992.63,14.0
2017-02-08 17:00:00,973.94,12.9
2017-02-08 18:00:00,941.96,12.0
2017-02-08 19:00:00,922.0,10.9
2017-02-08 20:00:00,890.0,10.9
2017-02-08 21:00:00,777.26,10.0
2017-02-08 22:00:00,767.04,9.0
2017-02-08 23:00:00,773.18,8.1
2017-02-09 00:00:00,754.52,7.0
2017-02-09 01:00:00,725.17,7.0
2017-02-09 02:00:00,722.17,6.1
2017-02-09 03:00:00,714.85,3.9
2017-02-09 04:00:00,713.13,3.9
2017-02-09 05:00:00,712.63,3.9
2017-02-09 06:00:00,734.41,3.0
2017-02-09 07:00:00,859.27,3.0
2017-02-09 08:00:00,953.25,3.0
2017-02-09 09:00:00,990.04,6.1
2017-02-09 10:00:00,1004.98,8.1
2017-02-09 11:00:00,1020.57,10.9
2017-02-09 12:00:00,1031.05,12.9
2017-02-09 13:00:00,1045.29,16.0
2017-02-09 14:00:00,1035.21,17.1
2017-02-09 15:00:00,1019.74,18.0
2017-02-09 16:00:00,1004.87,19.9
2017-02-09 17:00:00,984.98,21.0
2017-02-09 18:00:00,921.83,19.9
2017-02-09 19:00:00,896.79,19.0
2017-02-09 20:00:00,870.67,19.0
2017-02-09 21:00:00,788.76,19.9
2017-02-09 22:00:00,735.11,21.0
2017-02-09 23:00:00,738.23,19.9
2017-02-10 00:00:00,717.43,21.0
2017-02-10 01:00:00,694.67,21.0
2017-02-10 02:00:00,666.34,21.0
2017-02-10 03:00:00,633.33,19.9
2017-02-10 04:00:00,633.68,19.9
2017-02-10 05:00:00,630.48,21.0
2017-02-10 06:00:00,674.49,21.0
2017-02-10 07:00:00,815.84,21.0
2017-02-10 08:00:00,903.83,23.0
2017-02-10 09:00:00,973.01,25.0
2017-02-10 10:00:00,1005.21,27.0
2017-02-10 11:00:00,982.44,30.9
2017-02-10 12:00:00,1003.09,35.1
2017-02-10 13:00:00,993.75,37.9
2017-02-10 14:00:00,947.75,42.1
2017-02-10 15:00:00,949.75,44.1
2017-02-10 16:00:00,909.51,45.0
2017-02-10 17:00:00,875.94,46.0
2017-02-10 18:00:00,853.99,45.0
2017-02-10 19:00:00,819.15,44.1
2017-02-10 20:00:00,806.99,44.1
2017-02-10 21:00:00,701.02,45.0
2017-02-10 22:00:00,689.38,46.0
2017-02-10 23:00:00,714.31,44.1
2017-02-11 00:00:00,694.94,42.1
2017-02-11 01:00:00,680.07,42.1
2017-02-11 02:00:00,649.17,41.0
2017-02-11 03:00:00,612.42,39.0
2017-02-11 04:00:00,609.77,39.9
2017-02-11 05:00:00,607.23,39.0
2017-02-11 06:00:00,634.09,37.0
2017-02-11 07:00:00,715.59,37.0
2017-02-11 08:00:00,763.13,37.0
2017-02-11 09:00:00,778.0,37.9
2017-02-11 10:00:00,781.69,37.0
2017-02-11 11:00:00,773.93,39.0
2017-02-11 12:00:00,757.94,39.9
2017-02-11 13:00:00,733.78,41.0
2017-02-11 14:00:00,737.71,42.1
2017-02-11 15:00:00,723.38,42.1
2017-02-11 16:00:00,716.2,43.0
2017-02-11 17:00:00,721.57,42.1
2017-02-11 18:00:00,720.89,41.0
2017-02-11 19:00:00,666.98,41.0
2017-02-11 20:00:00,661.99,37.9
2017-02-11 21:00:00,659.7,39.9
2017-02-11 22:00:00,662.78,39.9
2017-02-11 23:00:00,691.23,37.9
2017-02-12 00:00:00,665.21,37.9
2017-02-12 01:00:00,608.76,37.9
2017-02-12 02:00:00,611.72,37.9
2017-02-12 03:00:00,635.03,37.0
2017-02-12 04:00:00,632.16,37.0
2017-02-12 05:00:00,636.65,34.0
2017-02-12 06:00:00,655.08,30.9
2017-02-12 07:00:00,715.96,30.0
2017-02-12 08:00:00,746.18,28.9
2017-02-12 09:00:00,760.44,30.0
2017-02-12 10:00:00,766.2,33.1
2017-02-12 11:00:00,742.67,35.1
2017-02-12 12:00:00,745.55,37.0
2017-02-12 13:00:00,746.5,37.9
2017-02-12 14:00:00,751.89,39.0
2017-02-12 15:00:00,759.47,39.0
2017-02-12 16:00:00,752.88,39.0
2017-02-12 17:00:00,743.15,37.9
2017-02-12 18:00:00,726.19,37.0
2017-02-12 19:00:00,681.8,35.1
2017-02-12 20:00:00,670.9,34.0
2017-02-12 21:00:00,634.33,33.1
2017-02-12 22:00:00,634.46,30.9
2017-02-12 23:00:00,668.72,30.0
2017-02-13 00:00:00,646.05,30.0
2017-02-13 01:00:00,639.36,30.0
2017-02-13 02:00:00,642.26,28.0
2017-02-13 03:00:00,641.84,28.9
2017-02-13 04:00:00,644.21,28.9
2017-02-13 05:00:00,640.78,28.9
2017-02-13 06:00:00,690.59,28.9
2017-02-13 07:00:00,857.07,30.9
2017-02-13 08:00:00,928.08,32.0
2017-02-13 09:00:00,1036.85,37.0
2017-02-13 10:00:00,1025.2,37.9
2017-02-13 11:00:00,1055.68,42.1
2017-02-13 12:00:00,1026.96,42.1
2017-02-13 13:00:00,1057.99,44.1
2017-02-13 14:00:00,1035.31,46.0
2017-02-13 15:00:00,1049.52,46.9
2017-02-13 16:00:00,999.03,48.0
2017-02-13 17:00:00,971.01,46.9
2017-02-13 18:00:00,934.6,44.1
2017-02-13 19:00:00,898.41,43.0
2017-02-13 20:00:00,902.35,42.1
2017-02-13 21:00:00,777.62,41.0
2017-02-13 22:00:00,764.61,39.0
2017-02-13 23:00:00,778.5,37.0
2017-02-14 00:00:00,738.31,36.0
2017-02-14 01:00:00,710.16,34.0
2017-02-14 02:00:00,687.44,33.1
2017-02-14 03:00:00,651.09,33.1
2017-02-14 04:00:00,645.43,32.0
2017-02-14 05:00:00,644.69,32.0
2017-02-14 06:00:00,694.35,32.0
2017-02-14 07:00:00,838.84,32.0
2017-02-14 08:00:00,934.86,32.0
2017-02-14 09:00:00,984.88,34.0
2017-02-14 10:00:00,1016.99,37.0
2017-02-14 11:00:00,1043.49,39.0
2017-02-14 12:00:00,1016.54,42.1
2017-02-14 13:00:00,1021.05,42.1
2017-02-14 14:00:00,1010.16,42.1
2017-02-14 15:00:00,997.39,43.0
2017-02-14 16:00:00,994.68,41.0
2017-02-14 17:00:00,960.98,39.0
2017-02-14 18:00:00,918.37,36.0
2017-02-14 19:00:00,912.22,34.0
2017-02-14 20:00:00,882.7,32.0
2017-02-14 21:00:00,775.33,30.9
2017-02-14 22:00:00,756.67,30.0
2017-02-14 23:00:00,770.25,27.0
2017-02-15 00:00:00,742.74,27.0
2017-02-15 01:00:00,711.06,26.1
2017-02-15 02:00:00,676.06,24.1
2017-02-15 03:00:00,641.46,23.0
2017-02-15 04:00:00,641.95,21.9
2017-02-15 05:00:00,645.81,21.0
2017-02-15 06:00:00,694.45,19.9
2017-02-15 07:00:00,846.1,19.9
2017-02-15 08:00:00,952.52,19.9
2017-02-15 09:00:00,974.73,21.0
2017-02-15 10:00:00,1011.15,24.1
2017-02-15 11:00:00,1036.5,26.1
2017-02-15 12:00:00,1036.24,30.0
2017-02-15 13:00:00,1044.51,33.1
2017-02-15 14:00:00,1028.72,34.0
2017-02-15 15:00:00,1012.82,35.1
2017-02-15 16:00:00,988.46,35.1
2017-02-15 17:00:00,948.22,35.1
2017-02-15 18:00:00,933.38,35.1
2017-02-15 19:00:00,912.51,34.0
2017-02-15 20:00:00,879.07,30.9
2017-02-15 21:00:00,775.38,28.0
2017-02-15 22:00:00,746.25,28.9
2017-02-15 23:00:00,761.62,28.0
2017-02-16 00:00:00,735.19,28.0
2017-02-16 01:00:00,709.28,28.0
2017-02-16 02:00:00,684.78,28.0
2017-02-16 03:00:00,646.86,28.0
2017-02-16 04:00:00,645.46,28.0
2017-02-16 05:00:00,645.35,28.0
2017-02-16 06:00:00,686.71,28.9
2017-02-16 07:00:00,836.57,30.0
2017-02-16 08:00:00,928.22,30.0
2017-02-16 09:00:00,982.55,32.0
2017-02-16 10:00:00,1013.87,34.0
2017-02-16 11:00:00,1011.84,37.0
2017-02-16 12:00:00,1000.48,37.0
2017-02-16 13:00:00,1010.46,39.0
2017-02-16 14:00:00,1013.58,39.9
2017-02-16 15:00:00,996.66,41.0
2017-02-16 16:00:00,968.13,39.9
2017-02-16 17:00:00,961.22,39.0
2017-02-16 18:00:00,928.52,37.0
2017-02-16 19:00:00,904.47,36.0
2017-02-16 20:00:00,877.01,35.1
2017-02-16 21:00:00,774.49,34.0
2017-02-16 22:00:00,742.36,35.1
2017-02-16 23:00:00,748.65,34.0
2017-02-17 00:00:00,726.95,32.0
2017-02-17 01:00:00,696.83,32.0
2017-02-17 02:00:00,666.8,30.9
2017-02-17 03:00:00,625.26,32.0
2017-02-17 04:00:00,625.6,30.9
2017-02-17 05:00:00,622.83,32.0
2017-02-17 06:00:00,673.54,30.9
2017-02-17 07:00:00,818.94,30.9
2017-02-17 08:00:00,918.4,32.0
2017-02-17 09:00:00,968.11,37.9
2017-02-17 10:00:00,967.67,44.1
2017-02-17 11:00:00,959.41,46.9
2017-02-17 12:00:00,951.18,52.0
2017-02-17 13:00:00,911.56,55.0
2017-02-17 14:00:00,935.35,59.0
2017-02-17 15:00:00,927.53,62.1
2017-02-17 16:00:00,930.89,63.0
2017-02-17 17:00:00,907.36,59.0
2017-02-17 18:00:00,854.44,57.0
2017-02-17 19:00:00,834.96,54.0
2017-02-17 20:00:00,819.02,51.1
2017-02-17 21:00:00,708.86,48.0
2017-02-17 22:00:00,673.0,46.9
2017-02-17 23:00:00,678.53,45.0
2017-02-18 00:00:00,663.47,45.0
2017-02-18 01:00:00,642.21,44.1
2017-02-18 02:00:00,620.32,42.1
2017-02-18 03:00:00,602.53,41.0
2017-02-18 04:00:00,599.95,37.9
2017-02-18 05:00:00,596.95,37.0
2017-02-18 06:00:00,627.48,36.0
2017-02-18 07:00:00,708.28,34.0
2017-02-18 08:00:00,774.91,36.0
2017-02-18 09:00:00,799.11,41.0
2017-02-18 10:00:00,786.68,46.0
2017-02-18 11:00:00,780.5,50.0
2017-02-18 12:00:00,758.59,53.1
2017-02-18 13:00:00,764.05,55.0
2017-02-18 14:00:00,738.54,55.9
2017-02-18 15:00:00,741.95,57.0
2017-02-18 16:00:00,755.36,57.9
2017-02-18 17:00:00,738.13,57.0
2017-02-18 18:00:00,731.6,54.0
2017-02-18 19:00:00,641.82,52.0
2017-02-18 20:00:00,629.12,48.9
2017-02-18 21:00:00,610.75,46.9
2017-02-18 22:00:00,623.86,48.0
2017-02-18 23:00:00,656.12,42.1
2017-02-19 00:00:00,629.28,39.9
2017-02-19 01:00:00,585.5,37.0
2017-02-19 02:00:00,597.35,36.0
2017-02-19 03:00:00,596.68,33.1
2017-02-19 04:00:00,596.55,33.1
2017-02-19 05:00:00,603.36,33.1
2017-02-19 06:00:00,639.3,34.0
2017-02-19 07:00:00,707.18,36.0
2017-02-19 08:00:00,752.25,36.0
2017-02-19 09:00:00,758.07,39.9
2017-02-19 10:00:00,673.37,46.0
2017-02-19 11:00:00,613.05,51.1
2017-02-19 12:00:00,612.14,55.0
2017-02-19 13:00:00,616.94,57.0
2017-02-19 14:00:00,615.84,59.0
2017-02-19 15:00:00,647.93,57.9
2017-02-19 16:00:00,714.9,59.0
2017-02-19 17:00:00,706.27,55.9
2017-02-19 18:00:00,715.4,53.1
2017-02-19 19:00:00,639.47,53.1
2017-02-19 20:00:00,619.22,52.0
2017-02-19 21:00:00,603.4,51.1
2017-02-19 22:00:00,621.08,50.0
2017-02-19 23:00:00,650.88,50.0
2017-02-20 00:00:00,620.49,48.9
2017-02-20 01:00:00,568.89,48.9
2017-02-20 02:00:00,567.76,48.0
2017-02-20 03:00:00,567.71,50.0
2017-02-20 04:00:00,565.42,51.1
2017-02-20 05:00:00,568.03,51.1
2017-02-20 06:00:00,623.02,50.0
2017-02-20 07:00:00,765.83,51.1
2017-02-20 08:00:00,868.5,48.9
2017-02-20 09:00:00,898.58,50.0
2017-02-20 10:00:00,918.62,50.0
2017-02-20 11:00:00,918.35,50.0
2017-02-20 12:00:00,919.9,48.9
2017-02-20 13:00:00,948.1,50.0
2017-02-20 14:00:00,927.42,51.1
2017-02-20 15:00:00,906.98,52.0
2017-02-20 16:00:00,895.22,53.1
2017-02-20 17:00:00,882.41,53.1
2017-02-20 18:00:00,847.16,53.1
2017-02-20 19:00:00,833.11,53.1
2017-02-20 20:00:00,800.32,55.0
2017-02-20 21:00:00,687.07,53.1
2017-02-20 22:00:00,673.5,45.0
2017-02-20 23:00:00,705.06,43.0
2017-02-21 00:00:00,688.27,41.0
2017-02-21 01:00:00,660.88,39.9
2017-02-21 02:00:00,636.95,37.9
2017-02-21 03:00:00,601.57,37.0
2017-02-21 04:00:00,603.36,36.0
2017-02-21 05:00:00,602.67,36.0
2017-02-21 06:00:00,658.06,35.1
2017-02-21 07:00:00,807.42,34.0
2017-02-21 08:00:00,897.88,32.0
2017-02-21 09:00:00,955.22,33.1
2017-02-21 10:00:00,973.14,37.0
2017-02-21 11:00:00,980.91,46.0
2017-02-21 12:00:00,961.54,53.1
2017-02-21 13:00:00,957.16,57.9
2017-02-21 14:00:00,954.89,61.0
2017-02-21 15:00:00,938.06,61.0
2017-02-21 16:00:00,927.77,61.0
2017-02-21 17:00:00,903.33,60.1
2017-02-21 18:00:00,846.06,59.0
2017-02-21 19:00:00,846.76,57.9
2017-02-21 20:00:00,809.89,52.0
2017-02-21 21:00:00,695.47,53.1
2017-02-21 22:00:00,679.74,52.0
2017-02-21 23:00:00,690.22,48.0
2017-02-22 00:00:00,664.4,44.1
2017-02-22 01:00:00,641.38,44.1
2017-02-22 02:00:00,617.97,43.0
2017-02-22 03:00:00,580.41,41.0
2017-02-22 04:00:00,589.93,41.0
2017-02-22 05:00:00,602.56,41.0
2017-02-22 06:00:00,660.3,39.0
2017-02-22 07:00:00,810.76,37.9
2017-02-22 08:00:00,924.44,41.0
2017-02-22 09:00:00,984.27,44.1
2017-02-22 10:00:00,963.12,46.9
2017-02-22 11:00:00,960.34,46.9
2017-02-22 12:00:00,981.33,50.0
2017-02-22 13:00:00,983.88,52.0
2017-02-22 14:00:00,973.48,53.1
2017-02-22 15:00:00,975.6,55.9
2017-02-22 16:00:00,957.8,57.0
2017-02-22 17:00:00,917.51,54.0
2017-02-22 18:00:00,875.1,50.0
2017-02-22 19:00:00,861.67,48.9
2017-02-22 20:00:00,823.65,46.9
2017-02-22 21:00:00,724.1,43.0
2017-02-22 22:00:00,712.3,41.0
2017-02-22 23:00:00,727.15,39.0
2017-02-23 00:00:00,711.62,37.9
2017-02-23 01:00:00,685.95,37.0
2017-02-23 02:00:00,660.76,37.0
2017-02-23 03:00:00,622.39,36.0
2017-02-23 04:00:00,620.62,35.1
2017-02-23 05:00:00,620.58,34.0
2017-02-23 06:00:00,680.18,33.1
2017-02-23 07:00:00,834.48,32.0
2017-02-23 08:00:00,947.0,32.0
2017-02-23 09:00:00,999.57,32.0
2017-02-23 10:00:00,1008.25,34.0
2017-02-23 11:00:00,1008.46,35.1
2017-02-23 12:00:00,1010.42,37.0
2017-02-23 13:00:00,1025.32,37.9
2017-02-23 14:00:00,1018.14,36.0
2017-02-23 15:00:00,1012.16,34.0
2017-02-23 16:00:00,992.24,33.1
2017-02-23 17:00:00,980.08,32.0
2017-02-23 18:00:00,939.58,32.0
2017-02-23 19:00:00,908.6,30.9
2017-02-23 20:00:00,873.55,30.0
2017-02-23 21:00:00,541.93,30.0
2017-02-23 22:00:00,726.48,30.0
2017-02-23 23:00:00,736.85,30.0
2017-02-24 00:00:00,716.62,28.9
2017-02-24 01:00:00,669.25,28.9
2017-02-24 02:00:00,635.9,28.0
2017-02-24 03:00:00,625.71,28.0
2017-02-24 04:00:00,624.9,27.0
2017-02-24 05:00:00,623.37,26.1
2017-02-24 06:00:00,682.86,26.1
2017-02-24 07:00:00,832.52,25.0
2017-02-24 08:00:00,931.6,25.0
2017-02-24 09:00:00,985.12,25.0
2017-02-24 10:00:00,999.87,25.0
2017-02-24 11:00:00,1000.19,26.1
2017-02-24 12:00:00,993.92,27.0
2017-02-24 13:00:00,995.16,26.1
2017-02-24 14:00:00,1004.69,26.1
2017-02-24 15:00:00,992.91,26.1
2017-02-24 16:00:00,964.02,27.0
2017-02-24 17:00:00,925.79,26.1
2017-02-24 18:00:00,891.67,25.0
2017-02-24 19:00:00,882.44,24.1
2017-02-24 20:00:00,867.38,23.0
2017-02-24 21:00:00,762.36,23.0
2017-02-24 22:00:00,716.4,21.9
2017-02-24 23:00:00,722.65,21.0
2017-02-25 00:00:00,707.05,19.9
2017-02-25 01:00:00,684.49,19.0
2017-02-25 02:00:00,663.98,18.0
2017-02-25 03:00:00,623.73,17.1
2017-02-25 04:00:00,623.32,16.0
2017-02-25 05:00:00,623.46,16.0
2017-02-25 06:00:00,653.41,15.1
2017-02-25 07:00:00,734.36,14.0
2017-02-25 08:00:00,782.19,16.0
2017-02-25 09:00:00,815.01,18.0
2017-02-25 10:00:00,710.15,21.0
2017-02-25 11:00:00,692.68,26.1
2017-02-25 12:00:00,686.87,28.0
2017-02-25 13:00:00,703.42,30.9
2017-02-25 14:00:00,693.04,32.0
2017-02-25 15:00:00,674.26,32.0
2017-02-25 16:00:00,670.06,32.0
2017-02-25 17:00:00,711.27,32.0
2017-02-25 18:00:00,760.96,32.0
2017-02-25 19:00:00,687.09,28.9
2017-02-25 20:00:00,671.01,27.0
2017-02-25 21:00:00,633.02,26.1
2017-02-25 22:00:00,632.8,26.1
2017-02-25 23:00:00,663.96,25.0
2017-02-26 00:00:00,651.44,25.0
2017-02-26 01:00:00,625.9,26.1
2017-02-26 02:00:00,625.16,25.0
2017-02-26 03:00:00,627.4,25.0
2017-02-26 04:00:00,625.19,25.0
2017-02-26 05:00:00,624.39,25.0
2017-02-26 06:00:00,655.88,24.1
2017-02-26 07:00:00,722.71,24.1
2017-02-26 08:00:00,724.46,24.1
2017-02-26 09:00:00,683.93,26.1
2017-02-26 10:00:00,669.88,30.0
2017-02-26 11:00:00,676.69,34.0
2017-02-26 12:00:00,671.14,37.0
2017-02-26 13:00:00,649.24,39.0
2017-02-26 14:00:00,651.32,37.9
2017-02-26 15:00:00,649.16,37.9
2017-02-26 16:00:00,677.03,36.0
2017-02-26 17:00:00,764.4,34.0
2017-02-26 18:00:00,750.31,32.0
2017-02-26 19:00:00,675.5,28.9
2017-02-26 20:00:00,667.56,30.0
2017-02-26 21:00:00,625.63,30.0
2017-02-26 22:00:00,628.62,30.0
2017-02-26 23:00:00,659.11,30.0
2017-02-27 00:00:00,639.33,30.0
2017-02-27 01:00:00,616.51,28.0
2017-02-27 02:00:00,615.3,26.1
2017-02-27 03:00:00,616.7,26.1
2017-02-27 04:00:00,612.78,25.0
2017-02-27 05:00:00,615.53,23.0
2017-02-27 06:00:00,678.92,23.0
2017-02-27 07:00:00,835.96,24.1
2017-02-27 08:00:00,931.23,26.1
2017-02-27 09:00:00,988.86,33.1
2017-02-27 10:00:00,1003.86,36.0
2017-02-27 11:00:00,1001.68,41.0
2017-02-27 12:00:00,998.68,42.1
2017-02-27 13:00:00,984.0,43.0
2017-02-27 14:00:00,979.23,44.1
2017-02-27 15:00:00,972.16,44.1
2017-02-27 16:00:00,958.54,43.0
2017-02-27 17:00:00,925.02,42.1
2017-02-27 18:00:00,893.69,37.9
2017-02-27 19:00:00,885.01,37.9
2017-02-27 20:00:00,862.43,37.0
2017-02-27 21:00:00,742.5,36.0
2017-02-27 22:00:00,725.13,36.0
2017-02-27 23:00:00,736.14,36.0
2017-02-28 00:00:00,714.56,37.9
2017-02-28 01:00:00,682.83,37.9
2017-02-28 02:00:00,660.62,37.0
2017-02-28 03:00:00,623.15,37.0
2017-02-28 04:00:00,619.81,37.0
2017-02-28 05:00:00,619.98,37.0
2017-02-28 06:00:00,678.72,37.9
2017-02-28 07:00:00,849.31,36.0
2017-02-28 08:00:00,925.95,39.0
2017-02-28 09:00:00,964.5,41.0
2017-02-28 10:00:00,972.12,44.1
2017-02-28 11:00:00,986.98,45.0
2017-02-28 12:00:00,987.36,45.0
2017-02-28 13:00:00,972.86,46.0
2017-02-28 14:00:00,960.52,46.0
2017-02-28 15:00:00,952.88,45.0
2017-02-28 16:00:00,965.5,42.1
2017-02-28 17:00:00,939.36,39.9
2017-02-28 18:00:00,917.56,37.0
2017-02-28 19:00:00,894.7,36.0
2017-02-28 20:00:00,876.84,34.0
2017-02-28 21:00:00,758.96,33.1
2017-02-28 22:00:00,728.08,32.0
2017-02-28 23:00:00,739.14,32.0
2017-03-01 00:00:00,711.59,32.0
2017-03-01 01:00:00,684.34,30.9
2017-03-01 02:00:00,651.89,30.9
2017-03-01 03:00:00,620.58,28.9
2017-03-01 04:00:00,618.24,28.9
2017-03-01 05:00:00,618.58,28.0
2017-03-01 06:00:00,674.42,26.1
2017-03-01 07:00:00,828.56,26.1
2017-03-01 08:00:00,916.58,27.0
2017-03-01 09:00:00,966.54,28.0
2017-03-01 10:00:00,996.97,27.0
2017-03-01 11:00:00,1024.45,30.0
2017-03-01 12:00:00,1018.72,33.1
2017-03-01 13:00:00,1029.12,35.1
2017-03-01 14:00:00,1003.39,35.1
2017-03-01 15:00:00,1094.36,35.1
2017-03-01 16:00:00,984.35,36.0
2017-03-01 17:00:00,876.51,35.1
2017-03-01 18:00:00,910.42,30.9
2017-03-01 19:00:00,899.26,30.9
2017-03-01 20:00:00,872.58,28.0
2017-03-01 21:00:00,747.84,27.0
2017-03-01 22:00:00,719.78,25.0
2017-03-01 23:00:00,731.05,24.1
2017-03-02 00:00:00,709.46,23.0
2017-03-02 01:00:00,670.54,21.9
2017-03-02 02:00:00,642.54,21.0
2017-03-02 03:00:00,605.63,19.9
2017-03-02 04:00:00,604.59,19.0
2017-03-02 05:00:00,603.92,19.0
2017-03-02 06:00:00,656.86,19.0
2017-03-02 07:00:00,814.74,18.0
2017-03-02 08:00:00,912.49,19.0
2017-03-02 09:00:00,957.86,21.0
2017-03-02 10:00:00,972.52,24.1
2017-03-02 11:00:00,988.15,26.1
2017-03-02 12:00:00,986.1,27.0
2017-03-02 13:00:00,996.42,28.9
2017-03-02 14:00:00,991.59,30.9
2017-03-02 15:00:00,981.7,28.9
2017-03-02 16:00:00,1006.48,27.0
2017-03-02 17:00:00,889.63,28.0
2017-03-02 18:00:00,910.52,25.0
2017-03-02 19:00:00,875.22,24.1
2017-03-02 20:00:00,847.38,23.0
2017-03-02 21:00:00,736.68,21.9
2017-03-02 22:00:00,704.79,21.0
2017-03-02 23:00:00,713.08,19.9
2017-03-03 00:00:00,687.06,19.0
2017-03-03 01:00:00,657.85,16.0
2017-03-03 02:00:00,609.99,16.0
2017-03-03 03:00:00,600.57,16.0
2017-03-03 04:00:00,598.7,15.1
2017-03-03 05:00:00,597.42,15.1
2017-03-03 06:00:00,649.38,15.1
2017-03-03 07:00:00,804.92,12.9
2017-03-03 08:00:00,911.64,15.1
2017-03-03 09:00:00,946.1,17.1
2017-03-03 10:00:00,974.78,19.9
2017-03-03 11:00:00,968.28,23.0
2017-03-03 12:00:00,981.32,26.1
2017-03-03 13:00:00,995.26,28.0
2017-03-03 14:00:00,981.08,30.9
2017-03-03 15:00:00,946.99,30.0
2017-03-03 16:00:00,963.1,28.0
2017-03-03 17:00:00,903.97,27.0
2017-03-03 18:00:00,880.26,26.1
2017-03-03 19:00:00,869.58,25.0
2017-03-03 20:00:00,844.72,25.0
2017-03-03 21:00:00,715.37,25.0
2017-03-03 22:00:00,684.81,26.1
2017-03-03 23:00:00,695.84,26.1
2017-03-04 00:00:00,680.9,27.0
2017-03-04 01:00:00,658.95,27.0
2017-03-04 02:00:00,631.12,27.0
2017-03-04 03:00:00,596.39,27.0
2017-03-04 04:00:00,595.76,27.0
2017-03-04 05:00:00,594.77,26.1
2017-03-04 06:00:00,627.27,26.1
2017-03-04 07:00:00,707.04,26.1
2017-03-04 08:00:00,772.52,27.0
2017-03-04 09:00:00,795.18,28.9
2017-03-04 10:00:00,797.3,32.0
2017-03-04 11:00:00,800.62,35.1
2017-03-04 12:00:00,779.07,37.0
2017-03-04 13:00:00,798.9,39.0
2017-03-04 14:00:00,789.26,41.0
2017-03-04 15:00:00,763.85,42.1
2017-03-04 16:00:00,749.49,42.1
2017-03-04 17:00:00,754.88,39.9
2017-03-04 18:00:00,733.93,39.0
2017-03-04 19:00:00,659.76,39.0
2017-03-04 20:00:00,642.7,37.9
2017-03-04 21:00:00,603.74,37.9
2017-03-04 22:00:00,640.97,37.0
2017-03-04 23:00:00,670.0,36.0
2017-03-05 00:00:00,633.56,36.0
2017-03-05 01:00:00,588.24,36.0
2017-03-05 02:00:00,586.84,36.0
2017-03-05 03:00:00,586.28,36.0
2017-03-05 04:00:00,582.83,35.1
2017-03-05 05:00:00,584.79,37.0
2017-03-05 06:00:00,611.6,37.9
2017-03-05 07:00:00,692.9,39.0
2017-03-05 08:00:00,721.2,41.0
2017-03-05 09:00:00,737.33,44.1
2017-03-05 10:00:00,736.29,46.0
2017-03-05 11:00:00,705.16,52.0
2017-03-05 12:00:00,708.67,55.9
2017-03-05 13:00:00,695.74,57.9
2017-03-05 14:00:00,719.11,59.0
2017-03-05 15:00:00,714.58,57.9
2017-03-05 16:00:00,710.75,55.9
2017-03-05 17:00:00,698.77,53.1
2017-03-05 18:00:00,689.74,52.0
2017-03-05 19:00:00,616.43,51.1
2017-03-05 20:00:00,601.77,51.1
2017-03-05 21:00:00,545.33,50.0
2017-03-05 22:00:00,591.66,50.0
2017-03-05 23:00:00,621.65,50.0
2017-03-06 00:00:00,582.66,50.0
2017-03-06 01:00:00,540.7,50.0
2017-03-06 02:00:00,538.3,50.0
2017-03-06 03:00:00,539.21,51.1
2017-03-06 04:00:00,537.5,51.1
2017-03-06 05:00:00,538.09,52.0
2017-03-06 06:00:00,593.37,52.0
2017-03-06 07:00:00,748.32,52.0
2017-03-06 08:00:00,836.59,52.0
2017-03-06 09:00:00,892.52,52.0
2017-03-06 10:00:00,914.48,53.1
2017-03-06 11:00:00,895.69,53.1
2017-03-06 12:00:00,926.91,54.0
2017-03-06 13:00:00,932.16,55.9
2017-03-06 14:00:00,918.47,57.9
2017-03-06 15:00:00,913.06,61.0
2017-03-06 16:00:00,922.08,64.0
2017-03-06 17:00:00,884.72,64.9
2017-03-06 18:00:00,842.97,64.0
2017-03-06 19:00:00,820.07,59.0
2017-03-06 20:00:00,778.3,55.9
2017-03-06 21:00:00,659.64,53.1
2017-03-06 22:00:00,633.1,46.9
2017-03-06 23:00:00,651.32,43.0
2017-03-07 00:00:00,657.34,39.0
2017-03-07 01:00:00,635.78,36.0
2017-03-07 02:00:00,621.37,34.0
2017-03-07 03:00:00,579.49,30.9
2017-03-07 04:00:00,584.07,28.9
2017-03-07 05:00:00,586.92,28.9
2017-03-07 06:00:00,639.13,30.0
2017-03-07 07:00:00,807.55,30.0
2017-03-07 08:00:00,894.27,32.0
2017-03-07 09:00:00,950.44,34.0
2017-03-07 10:00:00,972.05,37.0
2017-03-07 11:00:00,986.21,41.0
2017-03-07 12:00:00,977.25,44.1
2017-03-07 13:00:00,971.41,45.0
2017-03-07 14:00:00,958.76,46.0
2017-03-07 15:00:00,933.96,46.0
2017-03-07 16:00:00,898.55,46.0
2017-03-07 17:00:00,880.31,46.0
2017-03-07 18:00:00,849.83,45.0
2017-03-07 19:00:00,854.74,43.0
2017-03-07 20:00:00,823.58,42.1
2017-03-07 21:00:00,694.33,39.9
2017-03-07 22:00:00,679.74,37.9
2017-03-07 23:00:00,695.05,37.0
2017-03-08 00:00:00,673.99,36.0
2017-03-08 01:00:00,651.22,35.1
2017-03-08 02:00:00,607.11,33.1
2017-03-08 03:00:00,585.46,30.9
2017-03-08 04:00:00,586.06,28.0
2017-03-08 05:00:00,580.88,28.0
2017-03-08 06:00:00,637.42,27.0
2017-03-08 07:00:00,809.44,25.0
2017-03-08 08:00:00,913.87,24.1
2017-03-08 09:00:00,954.19,25.0
2017-03-08 10:00:00,985.05,26.1
2017-03-08 11:00:00,985.56,28.0
2017-03-08 12:00:00,991.3,30.0
2017-03-08 13:00:00,1003.66,30.9
2017-03-08 14:00:00,1002.69,33.1
2017-03-08 15:00:00,991.92,32.0
2017-03-08 16:00:00,972.28,32.0
2017-03-08 17:00:00,932.54,32.0
2017-03-08 18:00:00,905.37,30.9
2017-03-08 19:00:00,872.91,28.9
2017-03-08 20:00:00,812.75,28.9
2017-03-08 21:00:00,694.47,28.9
2017-03-08 22:00:00,682.04,28.0
2017-03-08 23:00:00,694.96,28.0
2017-03-09 00:00:00,669.32,28.0
2017-03-09 01:00:00,642.01,28.0
2017-03-09 02:00:00,623.26,27.0
2017-03-09 03:00:00,581.38,27.0
2017-03-09 04:00:00,581.22,26.1
2017-03-09 05:00:00,581.58,25.0
2017-03-09 06:00:00,638.06,25.0
2017-03-09 07:00:00,800.84,24.1
2017-03-09 08:00:00,891.44,24.1
2017-03-09 09:00:00,948.23,25.0
2017-03-09 10:00:00,981.34,26.1
2017-03-09 11:00:00,964.04,28.0
2017-03-09 12:00:00,979.58,30.0
2017-03-09 13:00:00,968.69,28.9
2017-03-09 14:00:00,990.22,28.9
2017-03-09 15:00:00,973.28,28.9
2017-03-09 16:00:00,958.43,28.9
2017-03-09 17:00:00,940.77,28.0
2017-03-09 18:00:00,895.82,26.1
2017-03-09 19:00:00,875.17,25.0
2017-03-09 20:00:00,840.91,23.0
2017-03-09 21:00:00,725.33,21.9
2017-03-09 22:00:00,693.57,21.9
2017-03-09 23:00:00,698.06,19.9
2017-03-10 00:00:00,674.56,18.0
2017-03-10 01:00:00,643.78,15.1
2017-03-10 02:00:00,617.66,12.9
2017-03-10 03:00:00,578.06,10.0
2017-03-10 04:00:00,584.1,8.1
2017-03-10 05:00:00,586.36,7.0
2017-03-10 06:00:00,639.13,5.0
2017-03-10 07:00:00,811.62,5.0
2017-03-10 08:00:00,918.23,6.1
2017-03-10 09:00:00,958.73,8.1
2017-03-10 10:00:00,987.9,10.0
2017-03-10 11:00:00,1004.04,12.0
2017-03-10 12:00:00,995.58,14.0
2017-03-10 13:00:00,1000.04,15.1
2017-03-10 14:00:00,986.84,18.0
2017-03-10 15:00:00,973.87,18.0
2017-03-10 16:00:00,955.94,18.0
2017-03-10 17:00:00,931.52,17.1
2017-03-10 18:00:00,871.84,16.0
2017-03-10 19:00:00,859.47,16.0
2017-03-10 20:00:00,828.74,15.1
2017-03-10 21:00:00,728.23,14.0
2017-03-10 22:00:00,678.67,14.0
2017-03-10 23:00:00,679.82,12.9
2017-03-11 00:00:00,665.53,10.9
2017-03-11 01:00:00,646.0,10.9
2017-03-11 02:00:00,595.36,10.9
2017-03-11 03:00:00,580.72,10.0
2017-03-11 04:00:00,583.37,9.0
2017-03-11 05:00:00,584.19,8.1
2017-03-11 06:00:00,613.12,8.1
2017-03-11 07:00:00,699.35,8.1
2017-03-11 08:00:00,756.95,9.0
2017-03-11 09:00:00,753.84,9.0
2017-03-11 10:00:00,756.56,12.0
2017-03-11 11:00:00,754.71,15.1
2017-03-11 12:00:00,759.41,16.0
2017-03-11 13:00:00,753.21,18.0
2017-03-11 14:00:00,742.87,19.0
2017-03-11 15:00:00,684.38,19.9
2017-03-11 16:00:00,681.55,19.9
2017-03-11 17:00:00,656.18,19.9
2017-03-11 18:00:00,651.6,19.9
2017-03-11 19:00:00,654.2,19.9
2017-03-11 20:00:00,643.23,19.0
2017-03-11 21:00:00,591.43,17.1
2017-03-11 22:00:00,617.0,16.0
2017-03-11 23:00:00,656.32,16.0
2017-03-12 00:00:00,604.22,15.1
2017-03-12 01:00:00,580.98,14.0
2017-03-12 02:00:00,289.06,12.9
2017-03-12 03:00:00,289.06,12.9
2017-03-12 04:00:00,576.65,12.9
2017-03-12 05:00:00,576.38,14.0
2017-03-12 06:00:00,605.97,14.0
2017-03-12 07:00:00,682.93,14.0
2017-03-12 08:00:00,727.3,16.0
2017-03-12 09:00:00,697.46,17.1
2017-03-12 10:00:00,711.82,19.0
2017-03-12 11:00:00,688.49,21.0
2017-03-12 12:00:00,698.92,21.9
2017-03-12 13:00:00,690.07,21.9
2017-03-12 14:00:00,692.31,19.9
2017-03-12 15:00:00,686.9,19.0
2017-03-12 16:00:00,696.74,19.0
2017-03-12 17:00:00,718.6,19.9
2017-03-12 18:00:00,711.83,19.0
2017-03-12 19:00:00,649.07,19.0
2017-03-12 20:00:00,645.47,19.9
2017-03-12 21:00:00,582.6,19.0
2017-03-12 22:00:00,600.03,19.0
2017-03-12 23:00:00,657.83,19.0
2017-03-13 00:00:00,605.92,19.0
2017-03-13 01:00:00,580.0,19.0
2017-03-13 02:00:00,574.92,18.0
2017-03-13 03:00:00,576.55,17.1
2017-03-13 04:00:00,578.45,17.1
2017-03-13 05:00:00,576.67,16.0
2017-03-13 06:00:00,634.56,16.0
2017-03-13 07:00:00,787.84,15.1
2017-03-13 08:00:00,903.96,15.1
2017-03-13 09:00:00,928.88,18.0
2017-03-13 10:00:00,958.84,19.0
2017-03-13 11:00:00,948.25,21.9
2017-03-13 12:00:00,969.9,24.1
2017-03-13 13:00:00,973.96,24.1
2017-03-13 14:00:00,977.04,24.1
2017-03-13 15:00:00,964.33,26.1
2017-03-13 16:00:00,955.23,26.1
2017-03-13 17:00:00,933.72,26.1
2017-03-13 18:00:00,897.67,23.0
2017-03-13 19:00:00,865.73,21.9
2017-03-13 20:00:00,838.12,19.9
2017-03-13 21:00:00,705.32,19.0
2017-03-13 22:00:00,693.07,18.0
2017-03-13 23:00:00,698.82,17.1
2017-03-14 00:00:00,669.28,16.0
2017-03-14 01:00:00,644.36,14.0
2017-03-14 02:00:00,621.68,12.9
2017-03-14 03:00:00,625.47,10.9
2017-03-14 04:00:00,629.79,10.9
2017-03-14 05:00:00,625.44,10.0
2017-03-14 06:00:00,659.74,10.9
2017-03-14 07:00:00,790.13,12.0
2017-03-14 08:00:00,885.3,14.0
2017-03-14 09:00:00,939.63,17.1
2017-03-14 10:00:00,958.24,19.9
2017-03-14 11:00:00,976.05,21.0
2017-03-14 12:00:00,972.35,24.1
2017-03-14 13:00:00,986.55,26.1
2017-03-14 14:00:00,985.68,28.0
2017-03-14 15:00:00,981.66,28.0
2017-03-14 16:00:00,969.02,28.9
2017-03-14 17:00:00,938.82,28.0
2017-03-14 18:00:00,881.99,26.1
2017-03-14 19:00:00,856.52,23.0
2017-03-14 20:00:00,850.29,21.0
2017-03-14 21:00:00,707.43,19.9
2017-03-14 22:00:00,687.86,19.0
2017-03-14 23:00:00,696.19,19.0
2017-03-15 00:00:00,669.11,19.0
2017-03-15 01:00:00,640.17,18.0
2017-03-15 02:00:00,626.63,17.1
2017-03-15 03:00:00,625.67,15.1
2017-03-15 04:00:00,622.65,14.0
2017-03-15 05:00:00,623.17,12.9
2017-03-15 06:00:00,637.33,12.0
2017-03-15 07:00:00,798.54,12.0
2017-03-15 08:00:00,884.92,15.1
2017-03-15 09:00:00,936.18,21.0
2017-03-15 10:00:00,970.1,21.9
2017-03-15 11:00:00,973.52,25.0
2017-03-15 12:00:00,974.91,28.0
2017-03-15 13:00:00,971.34,30.0
2017-03-15 14:00:00,971.7,30.0
2017-03-15 15:00:00,987.36,30.9
2017-03-15 16:00:00,972.45,30.0
2017-03-15 17:00:00,938.78,30.0
2017-03-15 18:00:00,904.56,28.9
2017-03-15 19:00:00,873.72,28.0
2017-03-15 20:00:00,861.03,26.1
2017-03-15 21:00:00,717.89,25.0
2017-03-15 22:00:00,701.22,24.1
2017-03-15 23:00:00,700.62,24.1
2017-03-16 00:00:00,675.82,23.0
2017-03-16 01:00:00,655.77,21.0
2017-03-16 02:00:00,641.39,21.0
2017-03-16 03:00:00,638.85,19.9
2017-03-16 04:00:00,634.93,21.0
2017-03-16 05:00:00,632.12,21.9
2017-03-16 06:00:00,663.74,21.9
2017-03-16 07:00:00,805.56,21.9
2017-03-16 08:00:00,910.66,24.1
2017-03-16 09:00:00,949.2,27.0
2017-03-16 10:00:00,961.51,32.0
2017-03-16 11:00:00,987.85,36.0
2017-03-16 12:00:00,988.0,37.9
2017-03-16 13:00:00,977.45,39.0
2017-03-16 14:00:00,974.59,39.9
2017-03-16 15:00:00,976.16,39.0
2017-03-16 16:00:00,938.09,37.9
2017-03-16 17:00:00,916.52,37.9
2017-03-16 18:00:00,877.67,37.0
2017-03-16 19:00:00,863.38,36.0
2017-03-16 20:00:00,859.96,36.0
2017-03-16 21:00:00,748.02,35.1
2017-03-16 22:00:00,703.26,35.1
2017-03-16 23:00:00,696.91,35.1
2017-03-17 00:00:00,671.65,35.1
2017-03-17 01:00:00,645.22,35.1
2017-03-17 02:00:00,625.93,35.1
2017-03-17 03:00:00,587.75,34.0
2017-03-17 04:00:00,583.58,33.1
2017-03-17 05:00:00,582.48,34.0
2017-03-17 06:00:00,625.66,30.0
2017-03-17 07:00:00,806.15,32.0
2017-03-17 08:00:00,893.79,35.1
2017-03-17 09:00:00,912.73,37.0
2017-03-17 10:00:00,915.52,39.0
2017-03-17 11:00:00,923.45,42.1
2017-03-17 12:00:00,908.48,43.0
2017-03-17 13:00:00,904.05,42.1
2017-03-17 14:00:00,900.67,42.1
2017-03-17 15:00:00,898.07,39.9
2017-03-17 16:00:00,884.08,39.0
2017-03-17 17:00:00,862.84,39.0
2017-03-17 18:00:00,848.11,37.9
2017-03-17 19:00:00,849.78,37.0
2017-03-17 20:00:00,823.26,36.0
2017-03-17 21:00:00,779.14,36.0
2017-03-17 22:00:00,674.99,35.1
2017-03-17 23:00:00,680.78,35.1
2017-03-18 00:00:00,671.66,34.0
2017-03-18 01:00:00,643.92,33.1
2017-03-18 02:00:00,620.34,32.0
2017-03-18 03:00:00,581.15,32.0
2017-03-18 04:00:00,582.42,30.9
2017-03-18 05:00:00,580.24,30.9
2017-03-18 06:00:00,590.14,30.0
2017-03-18 07:00:00,704.14,30.0
2017-03-18 08:00:00,775.86,30.0
2017-03-18 09:00:00,782.31,30.9
2017-03-18 10:00:00,788.91,30.9
2017-03-18 11:00:00,774.71,33.1
2017-03-18 12:00:00,760.25,36.0
2017-03-18 13:00:00,690.68,37.0
2017-03-18 14:00:00,681.36,39.0
2017-03-18 15:00:00,690.89,39.9
2017-03-18 16:00:00,691.36,41.0
2017-03-18 17:00:00,698.31,42.1
2017-03-18 18:00:00,684.92,39.9
2017-03-18 19:00:00,617.09,39.0
2017-03-18 20:00:00,604.49,36.0
2017-03-18 21:00:00,605.4,34.0
2017-03-18 22:00:00,613.59,33.1
2017-03-18 23:00:00,643.86,30.9
2017-03-19 00:00:00,619.0,30.9
2017-03-19 01:00:00,577.22,30.0
2017-03-19 02:00:00,574.83,30.0
2017-03-19 03:00:00,578.33,30.0
2017-03-19 04:00:00,574.74,30.0
2017-03-19 05:00:00,576.92,30.9
2017-03-19 06:00:00,578.95,32.0
2017-03-19 07:00:00,637.74,30.9
2017-03-19 08:00:00,584.78,33.1
2017-03-19 09:00:00,605.39,37.9
2017-03-19 10:00:00,620.18,41.0
2017-03-19 11:00:00,626.5,44.1
2017-03-19 12:00:00,631.94,45.0
2017-03-19 13:00:00,616.82,46.9
2017-03-19 14:00:00,614.29,48.0
2017-03-19 15:00:00,613.52,50.0
2017-03-19 16:00:00,601.34,53.1
2017-03-19 17:00:00,583.29,55.0
2017-03-19 18:00:00,558.54,52.0
2017-03-19 19:00:00,532.07,48.9
2017-03-19 20:00:00,521.2,48.9
2017-03-19 21:00:00,519.99,46.9
2017-03-19 22:00:00,522.3,46.9
2017-03-19 23:00:00,525.18,42.1
2017-03-20 00:00:00,504.76,42.1
2017-03-20 01:00:00,479.14,37.9
2017-03-20 02:00:00,477.18,37.0
2017-03-20 03:00:00,499.57,37.9
2017-03-20 04:00:00,502.97,43.0
2017-03-20 05:00:00,502.2,43.0
2017-03-20 06:00:00,560.38,44.1
2017-03-20 07:00:00,744.52,43.0
2017-03-20 08:00:00,877.28,44.1
2017-03-20 09:00:00,914.34,45.0
2017-03-20 10:00:00,938.02,46.9
2017-03-20 11:00:00,941.8,48.0
2017-03-20 12:00:00,936.91,48.0
2017-03-20 13:00:00,934.26,50.0
2017-03-20 14:00:00,928.76,52.0
2017-03-20 15:00:00,911.6,54.0
2017-03-20 16:00:00,910.05,54.0
2017-03-20 17:00:00,876.23,54.0
2017-03-20 18:00:00,848.34,52.0
2017-03-20 19:00:00,814.5,46.9
2017-03-20 20:00:00,792.02,45.0
2017-03-20 21:00:00,659.08,42.1
2017-03-20 22:00:00,628.99,42.1
2017-03-20 23:00:00,633.26,42.1
2017-03-21 00:00:00,612.42,39.0
2017-03-21 01:00:00,610.63,39.9
2017-03-21 02:00:00,581.24,39.0
2017-03-21 03:00:00,554.97,37.0
2017-03-21 04:00:00,553.7,36.0
2017-03-21 05:00:00,558.72,33.1
2017-03-21 06:00:00,613.35,30.0
2017-03-21 07:00:00,796.9,28.0
2017-03-21 08:00:00,901.68,28.0
2017-03-21 09:00:00,960.67,28.0
2017-03-21 10:00:00,974.33,30.9
2017-03-21 11:00:00,991.31,33.1
2017-03-21 12:00:00,999.65,33.1
2017-03-21 13:00:00,1014.38,35.1
2017-03-21 14:00:00,1002.23,37.0
2017-03-21 15:00:00,1001.82,37.0
2017-03-21 16:00:00,979.39,35.1
2017-03-21 17:00:00,949.42,34.0
2017-03-21 18:00:00,914.21,32.0
2017-03-21 19:00:00,876.82,30.9
2017-03-21 20:00:00,840.04,28.9
2017-03-21 21:00:00,733.09,28.0
2017-03-21 22:00:00,689.42,27.0
2017-03-21 23:00:00,684.93,25.0
2017-03-22 00:00:00,669.8,25.0
2017-03-22 01:00:00,640.5,25.0
2017-03-22 02:00:00,605.94,23.0
2017-03-22 03:00:00,575.47,23.0
2017-03-22 04:00:00,574.0,23.0
2017-03-22 05:00:00,570.97,21.9
2017-03-22 06:00:00,627.57,21.9
2017-03-22 07:00:00,812.16,21.9
2017-03-22 08:00:00,899.08,25.0
2017-03-22 09:00:00,947.47,28.0
2017-03-22 10:00:00,983.82,30.9
2017-03-22 11:00:00,984.37,32.0
2017-03-22 12:00:00,1002.62,35.1
2017-03-22 13:00:00,1003.12,36.0
2017-03-22 14:00:00,1003.74,37.0
2017-03-22 15:00:00,964.78,37.9
2017-03-22 16:00:00,951.85,39.0
2017-03-22 17:00:00,927.87,39.0
2017-03-22 18:00:00,890.07,37.9
2017-03-22 19:00:00,855.49,37.9
2017-03-22 20:00:00,834.07,37.0
2017-03-22 21:00:00,715.44,37.0
2017-03-22 22:00:00,675.32,37.9
2017-03-22 23:00:00,676.32,37.0
2017-03-23 00:00:00,661.04,36.0
2017-03-23 01:00:00,633.83,36.0
2017-03-23 02:00:00,601.5,37.0
2017-03-23 03:00:00,570.54,37.0
2017-03-23 04:00:00,566.91,37.0
2017-03-23 05:00:00,566.69,37.0
2017-03-23 06:00:00,614.43,37.0
2017-03-23 07:00:00,816.17,37.0
2017-03-23 08:00:00,919.83,37.9
2017-03-23 09:00:00,965.48,37.9
2017-03-23 10:00:00,968.31,39.0
2017-03-23 11:00:00,971.74,39.0
2017-03-23 12:00:00,985.74,39.0
2017-03-23 13:00:00,979.92,39.0
2017-03-23 14:00:00,976.72,39.0
2017-03-23 15:00:00,952.43,39.0
2017-03-23 16:00:00,944.79,37.9
2017-03-23 17:00:00,909.07,39.0
2017-03-23 18:00:00,873.18,39.0
2017-03-23 19:00:00,868.94,39.0
2017-03-23 20:00:00,834.64,39.0
2017-03-23 21:00:00,723.56,39.0
2017-03-23 22:00:00,669.99,39.0
2017-03-23 23:00:00,677.78,37.9
2017-03-24 00:00:00,659.76,39.0
2017-03-24 01:00:00,631.13,39.0
2017-03-24 02:00:00,620.27,39.0
2017-03-24 03:00:00,619.71,39.0
2017-03-24 04:00:00,614.97,39.0
2017-03-24 05:00:00,612.55,39.0
2017-03-24 06:00:00,631.07,37.9
2017-03-24 07:00:00,811.22,37.9
2017-03-24 08:00:00,914.48,37.9
2017-03-24 09:00:00,959.45,39.0
2017-03-24 10:00:00,978.24,39.0
2017-03-24 11:00:00,977.1,39.9
2017-03-24 12:00:00,963.06,42.1
2017-03-24 13:00:00,973.09,44.1
2017-03-24 14:00:00,963.19,45.0
2017-03-24 15:00:00,936.38,45.0
2017-03-24 16:00:00,925.31,44.1
2017-03-24 17:00:00,880.88,43.0
2017-03-24 18:00:00,863.51,42.1
2017-03-24 19:00:00,839.36,41.0
2017-03-24 20:00:00,824.12,39.9
2017-03-24 21:00:00,719.48,39.9
2017-03-24 22:00:00,660.26,39.9
2017-03-24 23:00:00,668.31,39.0
2017-03-25 00:00:00,658.36,39.0
2017-03-25 01:00:00,633.13,37.9
2017-03-25 02:00:00,621.51,37.9
2017-03-25 03:00:00,618.96,37.9
2017-03-25 04:00:00,613.54,37.0
2017-03-25 05:00:00,608.99,37.0
2017-03-25 06:00:00,608.39,37.0
2017-03-25 07:00:00,719.1,37.0
2017-03-25 08:00:00,774.76,37.0
2017-03-25 09:00:00,797.31,37.9
2017-03-25 10:00:00,791.48,39.0
2017-03-25 11:00:00,774.21,39.9
2017-03-25 12:00:00,782.94,41.0
2017-03-25 13:00:00,768.64,42.1
2017-03-25 14:00:00,763.07,42.1
2017-03-25 15:00:00,737.96,42.1
2017-03-25 16:00:00,731.61,43.0
2017-03-25 17:00:00,695.06,43.0
2017-03-25 18:00:00,675.79,42.1
2017-03-25 19:00:00,617.37,39.9
2017-03-25 20:00:00,618.21,39.9
2017-03-25 21:00:00,605.46,39.9
2017-03-25 22:00:00,606.38,39.9
2017-03-25 23:00:00,638.69,37.9
2017-03-26 00:00:00,610.47,37.9
2017-03-26 01:00:00,570.01,37.9
2017-03-26 02:00:00,565.09,37.0
2017-03-26 03:00:00,573.49,37.0
2017-03-26 04:00:00,571.59,37.0
2017-03-26 05:00:00,571.14,36.0
2017-03-26 06:00:00,568.42,36.0
2017-03-26 07:00:00,643.88,37.0
2017-03-26 08:00:00,692.08,37.0
2017-03-26 09:00:00,706.98,37.9
2017-03-26 10:00:00,706.96,39.0
2017-03-26 11:00:00,688.6,39.0
2017-03-26 12:00:00,700.3,39.9
2017-03-26 13:00:00,691.86,42.1
2017-03-26 14:00:00,682.12,42.1
2017-03-26 15:00:00,683.13,44.1
2017-03-26 16:00:00,695.86,44.1
2017-03-26 17:00:00,652.57,43.0
2017-03-26 18:00:00,651.03,43.0
2017-03-26 19:00:00,611.95,41.0
2017-03-26 20:00:00,612.8,39.9
2017-03-26 21:00:00,603.4,39.0
2017-03-26 22:00:00,605.28,39.9
2017-03-26 23:00:00,637.21,39.0
2017-03-27 00:00:00,612.22,39.0
2017-03-27 01:00:00,568.32,39.0
2017-03-27 02:00:00,563.21,39.0
2017-03-27 03:00:00,566.64,37.9
2017-03-27 04:00:00,563.08,37.9
2017-03-27 05:00:00,568.96,37.9
2017-03-27 06:00:00,616.21,37.9
2017-03-27 07:00:00,808.13,39.0
2017-03-27 08:00:00,909.93,39.9
2017-03-27 09:00:00,920.13,41.0
2017-03-27 10:00:00,954.44,48.0
2017-03-27 11:00:00,960.48,50.0
2017-03-27 12:00:00,960.38,53.1
2017-03-27 13:00:00,1016.29,55.0
2017-03-27 14:00:00,883.22,55.9
2017-03-27 15:00:00,934.0,59.0
2017-03-27 16:00:00,923.82,57.9
2017-03-27 17:00:00,880.07,55.9
2017-03-27 18:00:00,861.18,53.1
2017-03-27 19:00:00,824.85,50.0
2017-03-27 20:00:00,804.44,46.9
2017-03-27 21:00:00,677.81,46.9
2017-03-27 22:00:00,638.12,46.9
2017-03-27 23:00:00,647.49,44.1
2017-03-28 00:00:00,628.34,42.1
2017-03-28 01:00:00,614.4,43.0
2017-03-28 02:00:00,599.42,37.9
2017-03-28 03:00:00,568.93,39.0
2017-03-28 04:00:00,568.62,37.9
2017-03-28 05:00:00,571.3,36.0
2017-03-28 06:00:00,622.3,36.0
2017-03-28 07:00:00,801.93,37.9
2017-03-28 08:00:00,904.35,42.1
2017-03-28 09:00:00,938.7,46.9
2017-03-28 10:00:00,960.86,52.0
2017-03-28 11:00:00,948.53,57.0
2017-03-28 12:00:00,947.01,57.9
2017-03-28 13:00:00,949.77,61.0
2017-03-28 14:00:00,947.33,62.1
2017-03-28 15:00:00,951.2,64.0
2017-03-28 16:00:00,948.14,62.1
2017-03-28 17:00:00,907.4,64.0
2017-03-28 18:00:00,854.33,61.0
2017-03-28 19:00:00,826.93,57.9
2017-03-28 20:00:00,797.91,57.0
2017-03-28 21:00:00,669.26,53.1
2017-03-28 22:00:00,630.83,54.0
2017-03-28 23:00:00,636.26,51.1
2017-03-29 00:00:00,616.86,46.0
2017-03-29 01:00:00,588.37,44.1
2017-03-29 02:00:00,571.85,42.1
2017-03-29 03:00:00,539.32,43.0
2017-03-29 04:00:00,538.18,45.0
2017-03-29 05:00:00,538.56,45.0
2017-03-29 06:00:00,586.43,45.0
2017-03-29 07:00:00,766.52,45.0
2017-03-29 08:00:00,871.48,46.0
2017-03-29 09:00:00,907.8,48.9
2017-03-29 10:00:00,918.5,50.0
2017-03-29 11:00:00,929.01,50.0
2017-03-29 12:00:00,930.36,50.0
2017-03-29 13:00:00,945.79,50.0
2017-03-29 14:00:00,931.82,50.0
2017-03-29 15:00:00,960.11,48.9
2017-03-29 16:00:00,870.12,48.0
2017-03-29 17:00:00,868.96,46.9
2017-03-29 18:00:00,841.5,45.0
2017-03-29 19:00:00,812.35,45.0
2017-03-29 20:00:00,793.37,44.1
2017-03-29 21:00:00,691.66,43.0
2017-03-29 22:00:00,647.78,43.0
2017-03-29 23:00:00,672.87,42.1
2017-03-30 00:00:00,659.7,42.1
2017-03-30 01:00:00,630.1,41.0
2017-03-30 02:00:00,597.83,39.9
2017-03-30 03:00:00,567.56,39.9
2017-03-30 04:00:00,566.37,39.0
2017-03-30 05:00:00,566.27,39.0
2017-03-30 06:00:00,618.82,39.0
2017-03-30 07:00:00,805.37,39.0
2017-03-30 08:00:00,901.83,39.0
2017-03-30 09:00:00,935.42,39.9
2017-03-30 10:00:00,958.43,41.0
2017-03-30 11:00:00,962.63,43.0
2017-03-30 12:00:00,968.27,45.0
2017-03-30 13:00:00,948.78,45.0
2017-03-30 14:00:00,942.64,46.0
2017-03-30 15:00:00,936.49,46.9
2017-03-30 16:00:00,905.28,46.9
2017-03-30 17:00:00,881.05,48.0
2017-03-30 18:00:00,851.83,48.0
2017-03-30 19:00:00,827.92,48.0
2017-03-30 20:00:00,795.52,46.9
2017-03-30 21:00:00,496.06,46.9
2017-03-30 22:00:00,640.55,48.0
2017-03-30 23:00:00,641.61,45.0
2017-03-31 00:00:00,628.17,43.0
2017-03-31 01:00:00,628.59,42.1
2017-03-31 02:00:00,600.13,37.9
2017-03-31 03:00:00,570.89,35.1
2017-03-31 04:00:00,574.74,33.1
2017-03-31 05:00:00,574.96,32.0
2017-03-31 06:00:00,626.61,32.0
2017-03-31 07:00:00,822.32,33.1
2017-03-31 08:00:00,907.66,35.1
2017-03-31 09:00:00,956.21,39.0
2017-03-31 10:00:00,960.04,41.0
2017-03-31 11:00:00,958.92,43.0
2017-03-31 12:00:00,957.41,48.0
2017-03-31 13:00:00,975.76,52.0
2017-03-31 14:00:00,934.58,55.0
2017-03-31 15:00:00,922.4,55.0
2017-03-31 16:00:00,896.56,57.0
2017-03-31 17:00:00,858.0,57.0
2017-03-31 18:00:00,848.8,55.0
2017-03-31 19:00:00,824.91,53.1
2017-03-31 20:00:00,785.45,53.1
2017-03-31 21:00:00,685.47,51.1
2017-03-31 22:00:00,625.53,51.1
2017-03-31 23:00:00,629.04,48.9
2017-04-01 00:00:00,634.88,42.1
2017-04-01 01:00:00,602.99,39.9
2017-04-01 02:00:00,587.36,39.0
2017-04-01 03:00:00,613.34,39.0
2017-04-01 04:00:00,615.66,37.9
2017-04-01 05:00:00,614.81,36.0
2017-04-01 06:00:00,615.12,35.1
2017-04-01 07:00:00,721.83,37.9
2017-04-01 08:00:00,781.53,43.0
2017-04-01 09:00:00,787.58,51.1
2017-04-01 10:00:00,777.4,55.0
2017-04-01 11:00:00,756.5,59.0
2017-04-01 12:00:00,755.4,62.1
2017-04-01 13:00:00,747.25,63.0
2017-04-01 14:00:00,738.77,64.9
2017-04-01 15:00:00,704.9,64.9
2017-04-01 16:00:00,700.81,64.9
2017-04-01 17:00:00,692.28,64.9
2017-04-01 18:00:00,670.13,63.0
2017-04-01 19:00:00,606.8,61.0
2017-04-01 20:00:00,594.29,57.9
2017-04-01 21:00:00,584.34,53.1
2017-04-01 22:00:00,468.35,54.0
2017-04-01 23:00:00,622.96,54.0
2017-04-02 00:00:00,612.63,52.0
2017-04-02 01:00:00,590.52,50.0
2017-04-02 02:00:00,587.91,48.0
2017-04-02 03:00:00,593.89,46.9
2017-04-02 04:00:00,596.47,43.0
2017-04-02 05:00:00,594.88,42.1
2017-04-02 06:00:00,600.8,45.0
2017-04-02 07:00:00,669.81,46.0
2017-04-02 08:00:00,700.66,48.9
2017-04-02 09:00:00,732.79,48.9
2017-04-02 10:00:00,707.06,48.9
2017-04-02 11:00:00,702.69,50.0
2017-04-02 12:00:00,709.27,50.0
2017-04-02 13:00:00,693.74,51.1
2017-04-02 14:00:00,695.39,54.0
2017-04-02 15:00:00,695.99,55.0
2017-04-02 16:00:00,693.69,54.0
2017-04-02 17:00:00,674.02,54.0
2017-04-02 18:00:00,670.92,53.1
2017-04-02 19:00:00,623.9,52.0
2017-04-02 20:00:00,613.96,51.1
2017-04-02 21:00:00,604.47,50.0
2017-04-02 22:00:00,603.51,50.0
2017-04-02 23:00:00,630.77,48.9
2017-04-03 00:00:00,594.26,48.9
2017-04-03 01:00:00,552.51,48.0
2017-04-03 02:00:00,547.96,48.0
2017-04-03 03:00:00,550.77,48.0
2017-04-03 04:00:00,546.54,46.9
2017-04-03 05:00:00,546.3,46.9
2017-04-03 06:00:00,597.02,46.9
2017-04-03 07:00:00,770.9,46.9
2017-04-03 08:00:00,860.87,46.9
2017-04-03 09:00:00,904.04,50.0
2017-04-03 10:00:00,911.79,50.0
2017-04-03 11:00:00,910.43,52.0
2017-04-03 12:00:00,938.91,50.0
2017-04-03 13:00:00,936.73,50.0
2017-04-03 14:00:00,937.7,51.1
2017-04-03 15:00:00,916.14,50.0
2017-04-03 16:00:00,906.6,48.9
2017-04-03 17:00:00,872.92,50.0
2017-04-03 18:00:00,839.49,50.0
2017-04-03 19:00:00,800.18,50.0
2017-04-03 20:00:00,783.17,50.0
2017-04-03 21:00:00,672.61,48.9
2017-04-03 22:00:00,634.62,48.9
2017-04-03 23:00:00,633.12,48.0
2017-04-04 00:00:00,557.69,46.9
2017-04-04 01:00:00,494.74,46.9
2017-04-04 02:00:00,470.7,46.9
2017-04-04 03:00:00,435.43,46.0
2017-04-04 04:00:00,433.94,46.0
2017-04-04 05:00:00,431.8,45.0
2017-04-04 06:00:00,484.32,44.1
2017-04-04 07:00:00,670.48,46.0
2017-04-04 08:00:00,841.04,48.0
2017-04-04 09:00:00,894.15,51.1
2017-04-04 10:00:00,920.06,55.9
2017-04-04 11:00:00,926.39,57.9
2017-04-04 12:00:00,926.77,60.1
2017-04-04 13:00:00,943.97,62.1
2017-04-04 14:00:00,928.48,61.0
2017-04-04 15:00:00,933.05,62.1
2017-04-04 16:00:00,931.07,62.1
2017-04-04 17:00:00,905.97,61.0
2017-04-04 18:00:00,872.92,59.0
2017-04-04 19:00:00,837.06,55.0
2017-04-04 20:00:00,805.24,53.1
2017-04-04 21:00:00,686.42,52.0
2017-04-04 22:00:00,630.78,51.1
2017-04-04 23:00:00,632.22,48.9
2017-04-05 00:00:00,609.94,46.0
2017-04-05 01:00:00,590.14,43.0
2017-04-05 02:00:00,562.81,39.9
2017-04-05 03:00:00,531.37,41.0
2017-04-05 04:00:00,529.47,42.1
2017-04-05 05:00:00,555.64,43.0
2017-04-05 06:00:00,605.54,42.1
2017-04-05 07:00:00,796.12,43.0
2017-04-05 08:00:00,900.41,44.1
2017-04-05 09:00:00,926.65,46.0
2017-04-05 10:00:00,955.13,46.9
2017-04-05 11:00:00,964.77,48.0
2017-04-05 12:00:00,951.2,50.0
2017-04-05 13:00:00,948.42,50.0
2017-04-05 14:00:00,950.56,52.0
2017-04-05 15:00:00,924.25,54.0
2017-04-05 16:00:00,908.81,55.0
2017-04-05 17:00:00,876.91,53.1
2017-04-05 18:00:00,842.48,52.0
2017-04-05 19:00:00,819.37,48.9
2017-04-05 20:00:00,765.92,48.9
2017-04-05 21:00:00,662.48,48.0
2017-04-05 22:00:00,638.64,46.0
2017-04-05 23:00:00,644.6,44.1
2017-04-06 00:00:00,629.07,43.0
2017-04-06 01:00:00,604.05,41.0
2017-04-06 02:00:00,591.37,39.9
2017-04-06 03:00:00,558.77,39.0
2017-04-06 04:00:00,558.82,37.0
2017-04-06 05:00:00,564.14,36.0
2017-04-06 06:00:00,621.72,36.0
2017-04-06 07:00:00,827.09,36.0
2017-04-06 08:00:00,907.9,39.9
2017-04-06 09:00:00,945.82,43.0
2017-04-06 10:00:00,965.32,46.0
2017-04-06 11:00:00,960.7,48.0
2017-04-06 12:00:00,956.17,51.1
2017-04-06 13:00:00,939.62,53.1
2017-04-06 14:00:00,949.5,55.0
2017-04-06 15:00:00,930.31,55.0
2017-04-06 16:00:00,929.53,54.0
2017-04-06 17:00:00,887.6,54.0
2017-04-06 18:00:00,857.03,53.1
2017-04-06 19:00:00,822.57,50.0
2017-04-06 20:00:00,803.98,48.0
2017-04-06 21:00:00,691.82,46.0
2017-04-06 22:00:00,635.53,45.0
2017-04-06 23:00:00,642.29,43.0
2017-04-07 00:00:00,627.86,37.0
2017-04-07 01:00:00,616.42,37.9
2017-04-07 02:00:00,591.52,37.0
2017-04-07 03:00:00,556.7,34.0
2017-04-07 04:00:00,565.05,35.1
2017-04-07 05:00:00,566.65,34.0
2017-04-07 06:00:00,624.58,34.0
2017-04-07 07:00:00,800.34,36.0
2017-04-07 08:00:00,892.82,41.0
2017-04-07 09:00:00,936.81,48.0
2017-04-07 10:00:00,946.56,52.0
2017-04-07 11:00:00,930.32,53.1
2017-04-07 12:00:00,935.5,55.9
2017-04-07 13:00:00,926.38,57.0
2017-04-07 14:00:00,926.05,57.9
2017-04-07 15:00:00,933.79,57.9
2017-04-07 16:00:00,901.42,60.1
2017-04-07 17:00:00,862.39,57.9
2017-04-07 18:00:00,823.85,57.0
2017-04-07 19:00:00,806.11,55.9
2017-04-07 20:00:00,783.22,53.1
2017-04-07 21:00:00,665.44,50.0
2017-04-07 22:00:00,617.95,48.9
2017-04-07 23:00:00,622.95,48.9
2017-04-08 00:00:00,606.82,48.9
2017-04-08 01:00:00,585.38,48.0
2017-04-08 02:00:00,580.42,46.9
2017-04-08 03:00:00,566.08,46.0
2017-04-08 04:00:00,567.09,45.0
2017-04-08 05:00:00,564.6,45.0
2017-04-08 06:00:00,570.98,45.0
2017-04-08 07:00:00,676.73,46.9
2017-04-08 08:00:00,733.98,50.0
2017-04-08 09:00:00,751.09,54.0
2017-04-08 10:00:00,744.56,60.1
2017-04-08 11:00:00,745.93,63.0
2017-04-08 12:00:00,744.6,64.0
2017-04-08 13:00:00,745.96,66.0
2017-04-08 14:00:00,731.42,66.9
2017-04-08 15:00:00,687.88,69.1
2017-04-08 16:00:00,704.79,70.0
2017-04-08 17:00:00,653.27,70.0
2017-04-08 18:00:00,641.47,70.0
2017-04-08 19:00:00,589.8,71.1
2017-04-08 20:00:00,576.41,71.1
2017-04-08 21:00:00,570.86,69.1
2017-04-08 22:00:00,579.84,70.0
2017-04-08 23:00:00,611.56,68.0
2017-04-09 00:00:00,573.88,64.9
2017-04-09 01:00:00,524.17,62.1
2017-04-09 02:00:00,517.29,60.1
2017-04-09 03:00:00,521.9,57.0
2017-04-09 04:00:00,520.88,57.0
2017-04-09 05:00:00,518.17,55.0
2017-04-09 06:00:00,522.54,55.0
2017-04-09 07:00:00,590.84,54.0
2017-04-09 08:00:00,614.32,59.0
2017-04-09 09:00:00,658.33,61.0
2017-04-09 10:00:00,654.5,64.9
2017-04-09 11:00:00,649.09,71.1
2017-04-09 12:00:00,664.21,71.1
2017-04-09 13:00:00,654.14,72.0
2017-04-09 14:00:00,671.11,72.0
2017-04-09 15:00:00,678.68,68.0
2017-04-09 16:00:00,684.18,64.9
2017-04-09 17:00:00,676.55,64.0
2017-04-09 18:00:00,638.9,62.1
2017-04-09 19:00:00,603.62,61.0
2017-04-09 20:00:00,594.34,59.0
2017-04-09 21:00:00,583.97,57.0
2017-04-09 22:00:00,586.04,55.9
2017-04-09 23:00:00,616.18,54.0
2017-04-10 00:00:00,584.8,53.1
2017-04-10 01:00:00,529.35,53.1
2017-04-10 02:00:00,525.14,52.0
2017-04-10 03:00:00,526.2,52.0
2017-04-10 04:00:00,524.53,51.1
2017-04-10 05:00:00,522.02,48.0
2017-04-10 06:00:00,588.92,46.0
2017-04-10 07:00:00,781.94,45.0
2017-04-10 08:00:00,860.72,46.0
2017-04-10 09:00:00,915.58,46.0
2017-04-10 10:00:00,930.69,46.0
2017-04-10 11:00:00,937.97,46.0
2017-04-10 12:00:00,936.57,46.0
2017-04-10 13:00:00,957.8,44.1
2017-04-10 14:00:00,957.3,43.0
2017-04-10 15:00:00,947.89,41.0
2017-04-10 16:00:00,946.61,39.0
2017-04-10 17:00:00,923.01,37.9
2017-04-10 18:00:00,891.51,37.0
2017-04-10 19:00:00,884.06,36.0
2017-04-10 20:00:00,844.48,33.1
2017-04-10 21:00:00,714.94,33.1
2017-04-10 22:00:00,678.72,33.1
2017-04-10 23:00:00,685.41,33.1
2017-04-11 00:00:00,664.07,33.1
2017-04-11 01:00:00,644.04,32.0
2017-04-11 02:00:00,611.57,32.0
2017-04-11 03:00:00,581.19,32.0
2017-04-11 04:00:00,575.55,32.0
2017-04-11 05:00:00,573.74,32.0
2017-04-11 06:00:00,626.5,33.1
2017-04-11 07:00:00,823.26,33.1
2017-04-11 08:00:00,895.58,34.0
2017-04-11 09:00:00,941.85,36.0
2017-04-11 10:00:00,958.44,37.0
2017-04-11 11:00:00,974.47,41.0
2017-04-11 12:00:00,976.5,44.1
2017-04-11 13:00:00,973.81,46.0
2017-04-11 14:00:00,963.96,48.9
2017-04-11 15:00:00,959.84,52.0
2017-04-11 16:00:00,938.08,52.0
2017-04-11 17:00:00,892.26,53.1
2017-04-11 18:00:00,850.88,52.0
2017-04-11 19:00:00,832.6,50.0
2017-04-11 20:00:00,795.58,50.0
2017-04-11 21:00:00,676.59,48.9
2017-04-11 22:00:00,639.24,48.0
2017-04-11 23:00:00,643.15,44.1
2017-04-12 00:00:00,637.94,43.0
2017-04-12 01:00:00,626.08,43.0
2017-04-12 02:00:00,591.96,41.0
2017-04-12 03:00:00,565.82,42.1
2017-04-12 04:00:00,563.72,43.0
2017-04-12 05:00:00,564.37,44.1
2017-04-12 06:00:00,617.7,45.0
2017-04-12 07:00:00,809.06,45.0
2017-04-12 08:00:00,900.85,45.0
2017-04-12 09:00:00,937.68,46.0
2017-04-12 10:00:00,946.26,48.9
2017-04-12 11:00:00,943.37,51.1
2017-04-12 12:00:00,948.73,53.1
2017-04-12 13:00:00,959.08,55.9
2017-04-12 14:00:00,947.41,55.9
2017-04-12 15:00:00,928.3,55.9
2017-04-12 16:00:00,902.15,54.0
2017-04-12 17:00:00,877.83,52.0
2017-04-12 18:00:00,842.06,51.1
2017-04-12 19:00:00,808.17,50.0
2017-04-12 20:00:00,781.41,48.9
2017-04-12 21:00:00,670.23,48.9
2017-04-12 22:00:00,616.85,48.0
2017-04-12 23:00:00,619.09,48.0
2017-04-13 00:00:00,605.14,48.0
2017-04-13 01:00:00,573.43,48.0
2017-04-13 02:00:00,543.53,46.9
2017-04-13 03:00:00,514.02,46.9
2017-04-13 04:00:00,516.34,46.0
2017-04-13 05:00:00,516.26,46.0
2017-04-13 06:00:00,563.91,46.0
2017-04-13 07:00:00,760.9,46.9
2017-04-13 08:00:00,860.96,46.9
2017-04-13 09:00:00,911.69,48.0
2017-04-13 10:00:00,927.31,48.0
2017-04-13 11:00:00,934.05,48.9
2017-04-13 12:00:00,946.4,48.9
2017-04-13 13:00:00,942.88,51.1
2017-04-13 14:00:00,937.45,52.0
2017-04-13 15:00:00,924.92,53.1
2017-04-13 16:00:00,916.63,54.0
2017-04-13 17:00:00,872.59,55.0
2017-04-13 18:00:00,843.54,53.1
2017-04-13 19:00:00,809.68,53.1
2017-04-13 20:00:00,777.66,53.1
2017-04-13 21:00:00,656.57,53.1
2017-04-13 22:00:00,617.92,52.0
2017-04-13 23:00:00,618.95,51.1
2017-04-14 00:00:00,605.32,50.0
2017-04-14 01:00:00,585.48,48.9
2017-04-14 02:00:00,545.56,48.9
2017-04-14 03:00:00,517.67,48.9
2017-04-14 04:00:00,516.62,48.9
2017-04-14 05:00:00,517.96,48.0
2017-04-14 06:00:00,567.91,48.0
2017-04-14 07:00:00,755.38,50.0
2017-04-14 08:00:00,839.13,51.1
2017-04-14 09:00:00,891.42,55.0
2017-04-14 10:00:00,910.1,54.0
2017-04-14 11:00:00,933.75,55.0
2017-04-14 12:00:00,937.93,60.1
2017-04-14 13:00:00,926.71,64.9
2017-04-14 14:00:00,919.66,64.0
2017-04-14 15:00:00,912.82,62.1
2017-04-14 16:00:00,901.21,61.0
2017-04-14 17:00:00,852.7,63.0
2017-04-14 18:00:00,821.12,59.0
2017-04-14 19:00:00,787.11,59.0
2017-04-14 20:00:00,775.63,59.0
2017-04-14 21:00:00,660.94,57.9
2017-04-14 22:00:00,606.45,57.9
2017-04-14 23:00:00,613.09,57.9
2017-04-15 00:00:00,604.02,57.9
2017-04-15 01:00:00,577.68,57.9
2017-04-15 02:00:00,561.37,57.9
2017-04-15 03:00:00,555.64,57.9
2017-04-15 04:00:00,554.71,59.0
2017-04-15 05:00:00,553.43,59.0
2017-04-15 06:00:00,552.18,61.0
2017-04-15 07:00:00,677.39,62.1
2017-04-15 08:00:00,724.49,60.1
2017-04-15 09:00:00,740.61,60.1
2017-04-15 10:00:00,734.68,61.0
2017-04-15 11:00:00,720.94,64.9
2017-04-15 12:00:00,735.8,66.0
2017-04-15 13:00:00,734.07,68.0
2017-04-15 14:00:00,736.76,69.1
2017-04-15 15:00:00,701.62,70.0
2017-04-15 16:00:00,702.63,71.1
2017-04-15 17:00:00,671.76,70.0
2017-04-15 18:00:00,658.15,64.9
2017-04-15 19:00:00,583.5,57.0
2017-04-15 20:00:00,563.69,57.0
2017-04-15 21:00:00,558.86,55.0
2017-04-15 22:00:00,554.07,54.0
2017-04-15 23:00:00,587.64,53.1
2017-04-16 00:00:00,559.2,53.1
2017-04-16 01:00:00,512.87,52.0
2017-04-16 02:00:00,505.26,51.1
2017-04-16 03:00:00,508.34,50.0
2017-04-16 04:00:00,507.99,48.9
2017-04-16 05:00:00,502.9,48.0
2017-04-16 06:00:00,490.06,48.0
2017-04-16 07:00:00,554.74,50.0
2017-04-16 08:00:00,607.34,53.1
2017-04-16 09:00:00,641.15,55.9
2017-04-16 10:00:00,632.69,57.0
2017-04-16 11:00:00,634.85,60.1
2017-04-16 12:00:00,638.47,62.1
2017-04-16 13:00:00,630.93,62.1
2017-04-16 14:00:00,619.32,64.0
2017-04-16 15:00:00,634.46,66.0
2017-04-16 16:00:00,641.72,64.9
2017-04-16 17:00:00,625.96,64.9
2017-04-16 18:00:00,608.29,64.0
2017-04-16 19:00:00,578.32,61.0
2017-04-16 20:00:00,564.38,57.9
2017-04-16 21:00:00,556.08,57.0
2017-04-16 22:00:00,556.62,53.1
2017-04-16 23:00:00,588.62,55.9
2017-04-17 00:00:00,558.97,54.0
2017-04-17 01:00:00,509.75,54.0
2017-04-17 02:00:00,507.79,51.1
2017-04-17 03:00:00,505.82,48.9
2017-04-17 04:00:00,506.78,48.0
2017-04-17 05:00:00,506.99,46.0
2017-04-17 06:00:00,574.23,45.0
2017-04-17 07:00:00,762.69,46.0
2017-04-17 08:00:00,842.48,48.0
2017-04-17 09:00:00,914.36,48.9
2017-04-17 10:00:00,943.2,50.0
2017-04-17 11:00:00,926.76,52.0
2017-04-17 12:00:00,940.32,54.0
2017-04-17 13:00:00,947.08,55.0
2017-04-17 14:00:00,935.33,55.9
2017-04-17 15:00:00,921.54,59.0
2017-04-17 16:00:00,918.08,57.9
2017-04-17 17:00:00,887.31,57.0
2017-04-17 18:00:00,846.55,57.9
2017-04-17 19:00:00,821.32,55.0
2017-04-17 20:00:00,792.26,55.0
2017-04-17 21:00:00,662.24,55.0
2017-04-17 22:00:00,612.35,52.0
2017-04-17 23:00:00,620.54,52.0
2017-04-18 00:00:00,605.24,51.1
2017-04-18 01:00:00,573.88,51.1
2017-04-18 02:00:00,544.44,52.0
2017-04-18 03:00:00,516.12,51.1
2017-04-18 04:00:00,513.71,51.1
2017-04-18 05:00:00,515.44,52.0
2017-04-18 06:00:00,571.84,52.0
2017-04-18 07:00:00,770.67,53.1
2017-04-18 08:00:00,846.68,53.1
2017-04-18 09:00:00,893.96,55.0
2017-04-18 10:00:00,910.74,55.9
2017-04-18 11:00:00,916.47,59.0
2017-04-18 12:00:00,915.64,60.1
2017-04-18 13:00:00,938.41,64.9
2017-04-18 14:00:00,943.37,60.1
2017-04-18 15:00:00,926.68,55.9
2017-04-18 16:00:00,900.68,54.0
2017-04-18 17:00:00,870.07,54.0
2017-04-18 18:00:00,848.7,54.0
2017-04-18 19:00:00,801.16,52.0
2017-04-18 20:00:00,783.83,51.1
2017-04-18 21:00:00,648.12,50.0
2017-04-18 22:00:00,620.89,48.9
2017-04-18 23:00:00,626.68,48.0
2017-04-19 00:00:00,607.34,48.0
2017-04-19 01:00:00,578.19,48.0
2017-04-19 02:00:00,552.92,46.9
2017-04-19 03:00:00,523.16,46.0
2017-04-19 04:00:00,521.68,46.0
2017-04-19 05:00:00,522.33,45.0
2017-04-19 06:00:00,577.73,45.0
2017-04-19 07:00:00,775.52,45.0
2017-04-19 08:00:00,866.02,45.0
2017-04-19 09:00:00,930.73,46.9
2017-04-19 10:00:00,936.84,48.9
2017-04-19 11:00:00,1004.5,48.9
2017-04-19 12:00:00,867.77,50.0
2017-04-19 13:00:00,952.22,48.9
2017-04-19 14:00:00,922.5,48.0
2017-04-19 15:00:00,925.83,46.9
2017-04-19 16:00:00,903.33,46.9
2017-04-19 17:00:00,865.3,46.9
2017-04-19 18:00:00,830.38,46.0
2017-04-19 19:00:00,796.84,46.0
2017-04-19 20:00:00,775.26,46.9
2017-04-19 21:00:00,649.57,46.9
2017-04-19 22:00:00,611.69,46.9
2017-04-19 23:00:00,619.01,46.0
2017-04-20 00:00:00,630.58,46.0
2017-04-20 01:00:00,603.07,44.1
2017-04-20 02:00:00,570.74,42.1
2017-04-20 03:00:00,544.18,41.0
2017-04-20 04:00:00,539.91,41.0
2017-04-20 05:00:00,543.36,41.0
2017-04-20 06:00:00,596.71,41.0
2017-04-20 07:00:00,794.34,41.0
2017-04-20 08:00:00,893.71,41.0
2017-04-20 09:00:00,933.88,43.0
2017-04-20 10:00:00,955.73,43.0
2017-04-20 11:00:00,968.45,45.0
2017-04-20 12:00:00,969.94,45.0
2017-04-20 13:00:00,975.78,46.0
2017-04-20 14:00:00,963.76,46.0
2017-04-20 15:00:00,942.95,48.0
2017-04-20 16:00:00,920.03,50.0
2017-04-20 17:00:00,875.59,50.0
2017-04-20 18:00:00,854.22,50.0
2017-04-20 19:00:00,807.4,48.0
2017-04-20 20:00:00,780.95,46.0
2017-04-20 21:00:00,661.26,45.0
2017-04-20 22:00:00,625.47,44.1
2017-04-20 23:00:00,643.95,43.0
2017-04-21 00:00:00,623.44,43.0
2017-04-21 01:00:00,604.49,39.9
2017-04-21 02:00:00,569.38,39.9
2017-04-21 03:00:00,541.42,37.9
2017-04-21 04:00:00,534.06,37.9
2017-04-21 05:00:00,536.52,37.9
2017-04-21 06:00:00,589.84,39.0
2017-04-21 07:00:00,799.78,44.1
2017-04-21 08:00:00,875.0,48.0
2017-04-21 09:00:00,904.52,52.0
2017-04-21 10:00:00,932.69,55.0
2017-04-21 11:00:00,929.57,57.0
2017-04-21 12:00:00,936.31,59.0
2017-04-21 13:00:00,932.99,60.1
2017-04-21 14:00:00,931.38,62.1
2017-04-21 15:00:00,965.28,62.1
2017-04-21 16:00:00,858.27,61.0
2017-04-21 17:00:00,885.81,62.1
2017-04-21 18:00:00,847.68,61.0
2017-04-21 19:00:00,825.57,59.0
2017-04-21 20:00:00,791.51,57.9
2017-04-21 21:00:00,646.3,54.0
2017-04-21 22:00:00,605.78,53.1
2017-04-21 23:00:00,601.93,51.1
2017-04-22 00:00:00,589.57,48.0
2017-04-22 01:00:00,566.88,46.9
2017-04-22 02:00:00,551.2,44.1
2017-04-22 03:00:00,545.17,44.1
2017-04-22 04:00:00,544.92,43.0
2017-04-22 05:00:00,543.95,42.1
2017-04-22 06:00:00,564.32,43.0
2017-04-22 07:00:00,666.7,48.0
2017-04-22 08:00:00,706.78,52.0
2017-04-22 09:00:00,737.0,57.9
2017-04-22 10:00:00,750.06,60.1
2017-04-22 11:00:00,747.32,64.0
2017-04-22 12:00:00,736.86,66.0
2017-04-22 13:00:00,729.03,68.0
2017-04-22 14:00:00,731.08,69.1
2017-04-22 15:00:00,691.55,68.0
2017-04-22 16:00:00,691.0,69.1
2017-04-22 17:00:00,669.88,68.0
2017-04-22 18:00:00,656.29,66.9
2017-04-22 19:00:00,571.66,64.9
2017-04-22 20:00:00,556.45,64.0
2017-04-22 21:00:00,545.66,61.0
2017-04-22 22:00:00,549.31,57.0
2017-04-22 23:00:00,580.74,55.9
2017-04-23 00:00:00,546.58,55.0
2017-04-23 01:00:00,501.48,54.0
2017-04-23 02:00:00,498.88,53.1
2017-04-23 03:00:00,501.41,52.0
2017-04-23 04:00:00,502.09,51.1
2017-04-23 05:00:00,502.53,51.1
2017-04-23 06:00:00,500.89,48.9
2017-04-23 07:00:00,568.76,51.1
2017-04-23 08:00:00,605.48,52.0
2017-04-23 09:00:00,633.97,55.0
2017-04-23 10:00:00,641.06,57.0
2017-04-23 11:00:00,648.43,60.1
2017-04-23 12:00:00,646.21,64.0
2017-04-23 13:00:00,648.54,64.0
2017-04-23 14:00:00,653.88,66.9
2017-04-23 15:00:00,651.74,68.0
2017-04-23 16:00:00,655.7,69.1
2017-04-23 17:00:00,627.26,69.1
2017-04-23 18:00:00,627.52,68.0
2017-04-23 19:00:00,569.98,66.0
2017-04-23 20:00:00,558.09,61.0
2017-04-23 21:00:00,551.35,55.9
2017-04-23 22:00:00,553.1,54.0
2017-04-23 23:00:00,587.16,52.0
2017-04-24 00:00:00,544.65,51.1
2017-04-24 01:00:00,501.31,50.0
2017-04-24 02:00:00,503.75,50.0
2017-04-24 03:00:00,503.01,50.0
2017-04-24 04:00:00,504.43,55.0
2017-04-24 05:00:00,503.46,55.9
2017-04-24 06:00:00,564.78,55.0
2017-04-24 07:00:00,777.89,55.9
2017-04-24 08:00:00,868.38,57.9
2017-04-24 09:00:00,894.07,61.0
2017-04-24 10:00:00,912.6,62.1
2017-04-24 11:00:00,921.89,64.0
2017-04-24 12:00:00,937.7,66.0
2017-04-24 13:00:00,937.79,69.1
2017-04-24 14:00:00,941.62,71.1
2017-04-24 15:00:00,927.05,70.0
2017-04-24 16:00:00,907.38,69.1
2017-04-24 17:00:00,885.14,68.0
2017-04-24 18:00:00,854.57,66.9
2017-04-24 19:00:00,814.35,68.0
2017-04-24 20:00:00,763.0,66.0
2017-04-24 21:00:00,644.18,66.0
2017-04-24 22:00:00,606.25,66.0
2017-04-24 23:00:00,611.06,61.0
2017-04-25 00:00:00,585.82,57.9
2017-04-25 01:00:00,561.25,61.0
2017-04-25 02:00:00,539.04,61.0
2017-04-25 03:00:00,509.79,61.0
2017-04-25 04:00:00,506.62,60.1
2017-04-25 05:00:00,509.32,57.9
2017-04-25 06:00:00,560.97,57.0
2017-04-25 07:00:00,772.4,55.0
2017-04-25 08:00:00,856.92,53.1
2017-04-25 09:00:00,904.97,53.1
2017-04-25 10:00:00,928.23,57.0
2017-04-25 11:00:00,923.19,57.9
2017-04-25 12:00:00,934.61,55.9
2017-04-25 13:00:00,943.76,55.9
2017-04-25 14:00:00,950.95,53.1
2017-04-25 15:00:00,933.76,53.1
2017-04-25 16:00:00,914.6,53.1
2017-04-25 17:00:00,883.34,54.0
2017-04-25 18:00:00,837.9,54.0
2017-04-25 19:00:00,807.69,54.0
2017-04-25 20:00:00,762.23,54.0
2017-04-25 21:00:00,643.72,54.0
2017-04-25 22:00:00,600.11,52.0
2017-04-25 23:00:00,604.05,51.1
2017-04-26 00:00:00,575.44,46.9
2017-04-26 01:00:00,557.14,46.0
2017-04-26 02:00:00,534.0,44.1
2017-04-26 03:00:00,527.63,42.1
2017-04-26 04:00:00,523.8,39.9
2017-04-26 05:00:00,531.31,37.9
2017-04-26 06:00:00,587.36,36.0
2017-04-26 07:00:00,808.27,36.0
2017-04-26 08:00:00,896.17,36.0
2017-04-26 09:00:00,934.4,37.0
2017-04-26 10:00:00,958.36,37.0
2017-04-26 11:00:00,974.26,37.9
2017-04-26 12:00:00,978.9,39.0
2017-04-26 13:00:00,970.47,39.0
2017-04-26 14:00:00,965.55,39.9
2017-04-26 15:00:00,951.24,39.9
2017-04-26 16:00:00,921.0,41.0
2017-04-26 17:00:00,881.87,39.9
2017-04-26 18:00:00,853.41,39.9
2017-04-26 19:00:00,834.2,39.0
2017-04-26 20:00:00,798.24,37.9
2017-04-26 21:00:00,700.55,37.0
2017-04-26 22:00:00,640.4,37.0
2017-04-26 23:00:00,641.87,36.0
2017-04-27 00:00:00,625.67,36.0
2017-04-27 01:00:00,612.76,36.0
2017-04-27 02:00:00,580.35,35.1
2017-04-27 03:00:00,543.16,35.1
2017-04-27 04:00:00,564.86,34.0
2017-04-27 05:00:00,545.35,34.0
2017-04-27 06:00:00,595.37,34.0
2017-04-27 07:00:00,814.56,33.1
2017-04-27 08:00:00,905.48,33.1
2017-04-27 09:00:00,953.08,33.1
2017-04-27 10:00:00,966.34,34.0
2017-04-27 11:00:00,971.83,34.0
2017-04-27 12:00:00,990.78,34.0
2017-04-27 13:00:00,995.42,34.0
2017-04-27 14:00:00,986.08,34.0
2017-04-27 15:00:00,967.26,35.1
2017-04-27 16:00:00,946.03,35.1
2017-04-27 17:00:00,922.25,34.0
2017-04-27 18:00:00,877.73,34.0
2017-04-27 19:00:00,864.89,34.0
2017-04-27 20:00:00,835.9,34.0
2017-04-27 21:00:00,529.44,35.1
2017-04-27 22:00:00,646.43,35.1
2017-04-27 23:00:00,650.28,36.0
2017-04-28 00:00:00,626.98,35.1
2017-04-28 01:00:00,612.45,35.1
2017-04-28 02:00:00,578.63,36.0
2017-04-28 03:00:00,546.18,36.0
2017-04-28 04:00:00,543.86,36.0
2017-04-28 05:00:00,541.58,36.0
2017-04-28 06:00:00,594.67,37.0
2017-04-28 07:00:00,794.5,37.9
2017-04-28 08:00:00,878.23,39.0
2017-04-28 09:00:00,927.28,39.9
2017-04-28 10:00:00,956.04,43.0
2017-04-28 11:00:00,941.1,43.0
2017-04-28 12:00:00,942.45,46.9
2017-04-28 13:00:00,944.27,48.0
2017-04-28 14:00:00,937.82,48.0
2017-04-28 15:00:00,909.47,51.1
2017-04-28 16:00:00,892.43,48.9
2017-04-28 17:00:00,844.16,51.1
2017-04-28 18:00:00,809.66,50.0
2017-04-28 19:00:00,795.09,48.0
2017-04-28 20:00:00,752.0,46.9
2017-04-28 21:00:00,652.61,46.0
2017-04-28 22:00:00,594.75,44.1
2017-04-28 23:00:00,597.18,41.0
2017-04-29 00:00:00,601.9,44.1
2017-04-29 01:00:00,597.13,43.0
2017-04-29 02:00:00,580.0,42.1
2017-04-29 03:00:00,572.17,39.9
2017-04-29 04:00:00,571.56,39.0
2017-04-29 05:00:00,573.48,39.0
2017-04-29 06:00:00,578.67,39.0
2017-04-29 07:00:00,668.71,39.9
2017-04-29 08:00:00,723.4,41.0
2017-04-29 09:00:00,736.9,45.0
2017-04-29 10:00:00,743.18,48.0
2017-04-29 11:00:00,728.63,51.1
2017-04-29 12:00:00,719.9,52.0
2017-04-29 13:00:00,703.01,53.1
2017-04-29 14:00:00,695.65,53.1
2017-04-29 15:00:00,649.83,54.0
2017-04-29 16:00:00,654.09,55.0
2017-04-29 17:00:00,648.06,55.0
2017-04-29 18:00:00,627.8,54.0
2017-04-29 19:00:00,560.91,54.0
2017-04-29 20:00:00,545.12,52.0
2017-04-29 21:00:00,538.73,51.1
2017-04-29 22:00:00,542.36,50.0
2017-04-29 23:00:00,569.53,48.0
2017-04-30 00:00:00,538.21,46.9
2017-04-30 01:00:00,497.35,46.0
2017-04-30 02:00:00,497.45,46.0
2017-04-30 03:00:00,500.75,45.0
2017-04-30 04:00:00,498.33,45.0
2017-04-30 05:00:00,500.57,44.1
2017-04-30 06:00:00,503.04,44.1
2017-04-30 07:00:00,565.7,43.0
2017-04-30 08:00:00,627.23,43.0
2017-04-30 09:00:00,650.63,43.0
2017-04-30 10:00:00,655.35,42.1
2017-04-30 11:00:00,651.22,43.0
2017-04-30 12:00:00,656.64,44.1
2017-04-30 13:00:00,653.8,45.0
2017-04-30 14:00:00,656.91,45.0
2017-04-30 15:00:00,652.78,46.9
2017-04-30 16:00:00,635.11,48.0
2017-04-30 17:00:00,614.82,48.0
2017-04-30 18:00:00,589.83,46.9
2017-04-30 19:00:00,556.48,45.0
2017-04-30 20:00:00,557.55,44.1
2017-04-30 21:00:00,575.36,42.1
2017-04-30 22:00:00,574.99,39.9
2017-04-30 23:00:00,604.89,39.0
2017-05-01 00:00:00,579.84,37.9
2017-05-01 01:00:00,533.88,39.0
2017-05-01 02:00:00,539.92,37.9
2017-05-01 03:00:00,549.22,37.0
2017-05-01 04:00:00,549.92,37.0
2017-05-01 05:00:00,552.4,37.0
2017-05-01 06:00:00,602.56,37.9
2017-05-01 07:00:00,808.13,37.9
2017-05-01 08:00:00,888.2,39.0
2017-05-01 09:00:00,944.69,39.0
2017-05-01 10:00:00,954.65,41.0
2017-05-01 11:00:00,957.39,41.0
2017-05-01 12:00:00,962.53,39.9
2017-05-01 13:00:00,971.38,39.0
2017-05-01 14:00:00,962.8,35.1
2017-05-01 15:00:00,957.7,37.0
2017-05-01 16:00:00,948.32,37.9
2017-05-01 17:00:00,906.85,39.0
2017-05-01 18:00:00,873.63,39.9
2017-05-01 19:00:00,844.54,39.9
2017-05-01 20:00:00,799.06,39.9
2017-05-01 21:00:00,687.27,39.9
2017-05-01 22:00:00,648.63,39.9
2017-05-01 23:00:00,651.88,39.0
2017-05-02 00:00:00,618.55,37.9
2017-05-02 01:00:00,602.5,37.9
2017-05-02 02:00:00,577.16,37.9
2017-05-02 03:00:00,545.66,39.0
2017-05-02 04:00:00,543.6,39.0
2017-05-02 05:00:00,545.32,39.9
2017-05-02 06:00:00,595.21,39.9
2017-05-02 07:00:00,791.1,42.1
2017-05-02 08:00:00,883.59,46.9
2017-05-02 09:00:00,916.7,48.0
2017-05-02 10:00:00,932.6,50.0
2017-05-02 11:00:00,941.36,52.0
2017-05-02 12:00:00,932.14,54.0
2017-05-02 13:00:00,943.01,57.9
2017-05-02 14:00:00,928.16,59.0
2017-05-02 15:00:00,927.68,60.1
2017-05-02 16:00:00,898.55,61.0
2017-05-02 17:00:00,889.41,60.1
2017-05-02 18:00:00,860.08,60.1
2017-05-02 19:00:00,812.09,59.0
2017-05-02 20:00:00,783.6,57.0
2017-05-02 21:00:00,629.25,57.0
2017-05-02 22:00:00,597.78,53.1
2017-05-02 23:00:00,605.98,51.1
2017-05-03 00:00:00,582.58,50.0
2017-05-03 01:00:00,559.84,48.0
2017-05-03 02:00:00,534.49,46.9
2017-05-03 03:00:00,507.4,46.9
2017-05-03 04:00:00,510.1,46.0
2017-05-03 05:00:00,529.15,46.9
2017-05-03 06:00:00,583.25,46.9
2017-05-03 07:00:00,788.04,51.1
2017-05-03 08:00:00,854.44,53.1
2017-05-03 09:00:00,913.56,57.0
2017-05-03 10:00:00,931.53,59.0
2017-05-03 11:00:00,945.77,61.0
2017-05-03 12:00:00,949.1,63.0
2017-05-03 13:00:00,959.65,63.0
2017-05-03 14:00:00,959.75,64.9
2017-05-03 15:00:00,948.1,64.9
2017-05-03 16:00:00,926.67,64.0
2017-05-03 17:00:00,894.81,63.0
2017-05-03 18:00:00,854.5,61.0
2017-05-03 19:00:00,812.76,61.0
2017-05-03 20:00:00,776.06,60.1
2017-05-03 21:00:00,654.39,60.1
2017-05-03 22:00:00,603.94,57.9
2017-05-03 23:00:00,605.15,55.0
2017-05-04 00:00:00,586.37,53.1
2017-05-04 01:00:00,565.4,51.1
2017-05-04 02:00:00,536.24,50.0
2017-05-04 03:00:00,505.34,48.0
2017-05-04 04:00:00,501.12,45.0
2017-05-04 05:00:00,502.64,45.0
2017-05-04 06:00:00,551.95,48.0
2017-05-04 07:00:00,755.12,51.1
2017-05-04 08:00:00,858.96,55.9
2017-05-04 09:00:00,902.58,59.0
2017-05-04 10:00:00,913.99,62.1
2017-05-04 11:00:00,909.13,64.9
2017-05-04 12:00:00,947.3,64.9
2017-05-04 13:00:00,950.54,66.9
2017-05-04 14:00:00,944.56,69.1
2017-05-04 15:00:00,933.8,66.9
2017-05-04 16:00:00,918.66,66.0
2017-05-04 17:00:00,884.04,69.1
2017-05-04 18:00:00,862.7,66.0
2017-05-04 19:00:00,829.84,64.0
2017-05-04 20:00:00,775.62,64.0
2017-05-04 21:00:00,645.87,63.0
2017-05-04 22:00:00,605.14,59.0
2017-05-04 23:00:00,603.39,55.9
2017-05-05 00:00:00,580.54,53.1
2017-05-05 01:00:00,557.9,52.0
2017-05-05 02:00:00,525.47,50.0
2017-05-05 03:00:00,494.62,50.0
2017-05-05 04:00:00,494.15,48.0
2017-05-05 05:00:00,489.0,48.0
2017-05-05 06:00:00,543.45,48.0
2017-05-05 07:00:00,734.01,52.0
2017-05-05 08:00:00,834.08,57.0
2017-05-05 09:00:00,894.26,61.0
2017-05-05 10:00:00,923.58,64.9
2017-05-05 11:00:00,915.28,66.9
2017-05-05 12:00:00,939.2,71.1
2017-05-05 13:00:00,951.93,73.9
2017-05-05 14:00:00,954.86,73.9
2017-05-05 15:00:00,936.41,75.9
2017-05-05 16:00:00,913.88,77.0
2017-05-05 17:00:00,894.54,77.0
2017-05-05 18:00:00,846.58,77.0
2017-05-05 19:00:00,816.24,75.9
2017-05-05 20:00:00,780.67,73.9
2017-05-05 21:00:00,646.37,64.9
2017-05-05 22:00:00,599.25,62.1
2017-05-05 23:00:00,592.94,57.9
2017-05-06 00:00:00,584.39,55.9
2017-05-06 01:00:00,559.52,53.1
2017-05-06 02:00:00,539.9,50.0
2017-05-06 03:00:00,531.25,48.0
2017-05-06 04:00:00,531.14,46.0
2017-05-06 05:00:00,529.17,44.1
2017-05-06 06:00:00,546.8,46.0
2017-05-06 07:00:00,664.39,50.0
2017-05-06 08:00:00,698.09,53.1
2017-05-06 09:00:00,722.6,57.0
2017-05-06 10:00:00,713.66,60.1
2017-05-06 11:00:00,706.43,62.1
2017-05-06 12:00:00,713.67,64.0
2017-05-06 13:00:00,700.83,66.0
2017-05-06 14:00:00,704.34,68.0
2017-05-06 15:00:00,661.62,68.0
2017-05-06 16:00:00,667.01,68.0
2017-05-06 17:00:00,646.24,66.9
2017-05-06 18:00:00,629.25,64.9
2017-05-06 19:00:00,560.63,64.9
2017-05-06 20:00:00,542.16,64.0
2017-05-06 21:00:00,534.43,62.1
2017-05-06 22:00:00,538.32,59.0
2017-05-06 23:00:00,563.46,57.0
2017-05-07 00:00:00,532.7,55.0
2017-05-07 01:00:00,488.86,53.1
2017-05-07 02:00:00,488.84,52.0
2017-05-07 03:00:00,489.17,51.1
2017-05-07 04:00:00,488.28,50.0
2017-05-07 05:00:00,486.47,50.0
2017-05-07 06:00:00,490.06,50.0
2017-05-07 07:00:00,569.51,50.0
2017-05-07 08:00:00,607.19,50.0
2017-05-07 09:00:00,625.76,52.0
2017-05-07 10:00:00,617.98,55.0
2017-05-07 11:00:00,615.87,57.0
2017-05-07 12:00:00,626.54,59.0
2017-05-07 13:00:00,602.72,61.0
2017-05-07 14:00:00,622.03,64.0
2017-05-07 15:00:00,611.48,64.0
2017-05-07 16:00:00,621.61,66.0
2017-05-07 17:00:00,610.74,66.0
2017-05-07 18:00:00,625.8,64.0
2017-05-07 19:00:00,561.65,63.0
2017-05-07 20:00:00,549.4,61.0
2017-05-07 21:00:00,539.29,59.0
2017-05-07 22:00:00,537.82,57.9
2017-05-07 23:00:00,568.02,55.9
2017-05-08 00:00:00,535.89,54.0
2017-05-08 01:00:00,492.15,52.0
2017-05-08 02:00:00,488.23,50.0
2017-05-08 03:00:00,488.6,48.9
2017-05-08 04:00:00,483.66,48.0
2017-05-08 05:00:00,479.87,46.9
2017-05-08 06:00:00,542.04,46.9
2017-05-08 07:00:00,749.72,48.9
2017-05-08 08:00:00,837.05,53.1
2017-05-08 09:00:00,894.4,57.0
2017-05-08 10:00:00,927.93,61.0
2017-05-08 11:00:00,938.28,64.0
2017-05-08 12:00:00,948.35,66.9
2017-05-08 13:00:00,950.44,66.0
2017-05-08 14:00:00,961.44,69.1
2017-05-08 15:00:00,977.44,70.0
2017-05-08 16:00:00,938.41,68.0
2017-05-08 17:00:00,899.07,68.0
2017-05-08 18:00:00,850.33,66.9
2017-05-08 19:00:00,820.26,64.9
2017-05-08 20:00:00,771.61,63.0
2017-05-08 21:00:00,649.62,57.0
2017-05-08 22:00:00,599.66,55.9
2017-05-08 23:00:00,600.14,53.1
2017-05-09 00:00:00,578.35,53.1
2017-05-09 01:00:00,555.75,53.1
2017-05-09 02:00:00,526.36,53.1
2017-05-09 03:00:00,492.27,53.1
2017-05-09 04:00:00,489.89,52.0
2017-05-09 05:00:00,487.78,53.1
2017-05-09 06:00:00,544.97,53.1
2017-05-09 07:00:00,745.17,54.0
2017-05-09 08:00:00,815.91,55.9
2017-05-09 09:00:00,883.07,57.9
2017-05-09 10:00:00,901.25,62.1
2017-05-09 11:00:00,932.84,64.9
2017-05-09 12:00:00,934.29,66.0
2017-05-09 13:00:00,940.22,66.0
2017-05-09 14:00:00,948.32,70.0
2017-05-09 15:00:00,938.01,70.0
2017-05-09 16:00:00,914.06,70.0
2017-05-09 17:00:00,884.26,70.0
2017-05-09 18:00:00,847.28,68.0
2017-05-09 19:00:00,822.1,63.0
2017-05-09 20:00:00,766.27,63.0
2017-05-09 21:00:00,631.64,62.1
2017-05-09 22:00:00,592.58,62.1
2017-05-09 23:00:00,595.6,59.0
2017-05-10 00:00:00,581.91,59.0
2017-05-10 01:00:00,563.73,55.0
2017-05-10 02:00:00,528.22,55.9
2017-05-10 03:00:00,495.41,54.0
2017-05-10 04:00:00,494.16,55.0
2017-05-10 05:00:00,491.96,54.0
2017-05-10 06:00:00,548.03,55.0
2017-05-10 07:00:00,756.32,57.9
2017-05-10 08:00:00,859.7,62.1
2017-05-10 09:00:00,901.57,64.9
2017-05-10 10:00:00,935.88,66.0
2017-05-10 11:00:00,958.91,66.0
2017-05-10 12:00:00,961.45,66.0
2017-05-10 13:00:00,947.31,66.0
2017-05-10 14:00:00,948.2,61.0
2017-05-10 15:00:00,943.26,62.1
2017-05-10 16:00:00,906.26,66.9
2017-05-10 17:00:00,874.36,68.0
2017-05-10 18:00:00,848.36,68.0
2017-05-10 19:00:00,834.86,66.0
2017-05-10 20:00:00,783.81,64.9
2017-05-10 21:00:00,641.26,62.1
2017-05-10 22:00:00,600.6,60.1
2017-05-10 23:00:00,608.56,61.0
2017-05-11 00:00:00,584.88,57.9
2017-05-11 01:00:00,570.46,55.0
2017-05-11 02:00:00,540.7,53.1
2017-05-11 03:00:00,503.95,51.1
2017-05-11 04:00:00,504.87,48.9
2017-05-11 05:00:00,504.55,46.9
2017-05-11 06:00:00,555.0,48.9
2017-05-11 07:00:00,764.4,51.1
2017-05-11 08:00:00,841.29,54.0
2017-05-11 09:00:00,894.02,55.9
2017-05-11 10:00:00,920.83,57.9
2017-05-11 11:00:00,939.71,61.0
2017-05-11 12:00:00,924.2,63.0
2017-05-11 13:00:00,931.62,64.0
2017-05-11 14:00:00,955.77,64.9
2017-05-11 15:00:00,926.44,66.0
2017-05-11 16:00:00,920.67,66.0
2017-05-11 17:00:00,888.32,66.9
2017-05-11 18:00:00,849.39,64.9
2017-05-11 19:00:00,830.06,63.0
2017-05-11 20:00:00,788.86,60.1
2017-05-11 21:00:00,669.35,59.0
2017-05-11 22:00:00,608.41,57.0
2017-05-11 23:00:00,604.34,55.9
2017-05-12 00:00:00,588.43,54.0
2017-05-12 01:00:00,572.48,53.1
2017-05-12 02:00:00,533.02,53.1
2017-05-12 03:00:00,502.35,51.1
2017-05-12 04:00:00,499.18,50.0
2017-05-12 05:00:00,507.73,46.9
2017-05-12 06:00:00,558.09,50.0
2017-05-12 07:00:00,756.68,55.9
2017-05-12 08:00:00,838.62,59.0
2017-05-12 09:00:00,878.08,62.1
2017-05-12 10:00:00,925.5,66.0
2017-05-12 11:00:00,933.97,68.0
2017-05-12 12:00:00,931.76,68.0
2017-05-12 13:00:00,945.93,70.0
2017-05-12 14:00:00,936.01,72.0
2017-05-12 15:00:00,921.16,73.9
2017-05-12 16:00:00,886.23,73.9
2017-05-12 17:00:00,873.83,75.9
2017-05-12 18:00:00,848.89,75.0
2017-05-12 19:00:00,807.65,71.1
2017-05-12 20:00:00,787.17,68.0
2017-05-12 21:00:00,648.12,70.0
2017-05-12 22:00:00,601.08,71.1
2017-05-12 23:00:00,598.41,70.0
2017-05-13 00:00:00,593.83,69.1
2017-05-13 01:00:00,562.81,64.9
2017-05-13 02:00:00,547.57,63.0
2017-05-13 03:00:00,542.04,62.1
2017-05-13 04:00:00,538.87,57.9
2017-05-13 05:00:00,539.55,55.9
2017-05-13 06:00:00,541.97,57.0
2017-05-13 07:00:00,648.3,60.1
2017-05-13 08:00:00,702.76,63.0
2017-05-13 09:00:00,724.93,66.0
2017-05-13 10:00:00,721.72,70.0
2017-05-13 11:00:00,730.05,72.0
2017-05-13 12:00:00,741.25,73.9
2017-05-13 13:00:00,720.68,77.0
2017-05-13 14:00:00,717.61,79.0
2017-05-13 15:00:00,685.83,79.0
2017-05-13 16:00:00,679.7,80.1
2017-05-13 17:00:00,668.6,80.1
2017-05-13 18:00:00,635.32,78.1
2017-05-13 19:00:00,563.27,75.9
2017-05-13 20:00:00,556.21,73.9
2017-05-13 21:00:00,541.53,70.0
2017-05-13 22:00:00,550.85,69.1
2017-05-13 23:00:00,573.21,68.0
2017-05-14 00:00:00,559.02,66.0
2017-05-14 01:00:00,545.15,63.0
2017-05-14 02:00:00,545.22,62.1
2017-05-14 03:00:00,549.46,60.1
2017-05-14 04:00:00,548.54,57.9
2017-05-14 05:00:00,548.69,55.9
2017-05-14 06:00:00,549.06,57.9
2017-05-14 07:00:00,597.54,61.0
2017-05-14 08:00:00,624.69,66.0
2017-05-14 09:00:00,660.32,68.0
2017-05-14 10:00:00,670.08,72.0
2017-05-14 11:00:00,660.06,75.9
2017-05-14 12:00:00,664.68,79.0
2017-05-14 13:00:00,657.32,82.0
2017-05-14 14:00:00,662.1,82.0
2017-05-14 15:00:00,654.57,82.9
2017-05-14 16:00:00,648.95,82.9
2017-05-14 17:00:00,633.95,82.9
2017-05-14 18:00:00,620.55,82.0
2017-05-14 19:00:00,580.37,80.1
2017-05-14 20:00:00,572.07,78.1
2017-05-14 21:00:00,564.54,75.9
2017-05-14 22:00:00,563.99,73.9
2017-05-14 23:00:00,594.3,72.0
2017-05-15 00:00:00,578.38,70.0
2017-05-15 01:00:00,554.3,69.1
2017-05-15 02:00:00,551.32,66.9
2017-05-15 03:00:00,550.94,64.9
2017-05-15 04:00:00,550.67,63.0
2017-05-15 05:00:00,547.5,62.1
2017-05-15 06:00:00,568.82,61.0
2017-05-15 07:00:00,803.95,61.0
2017-05-15 08:00:00,856.23,63.0
2017-05-15 09:00:00,911.16,64.9
2017-05-15 10:00:00,937.43,66.9
2017-05-15 11:00:00,954.24,68.0
2017-05-15 12:00:00,959.99,68.0
2017-05-15 13:00:00,952.2,61.0
2017-05-15 14:00:00,948.51,62.1
2017-05-15 15:00:00,943.02,66.0
2017-05-15 16:00:00,934.42,68.0
2017-05-15 17:00:00,914.09,69.1
2017-05-15 18:00:00,879.13,66.9
2017-05-15 19:00:00,842.87,66.0
2017-05-15 20:00:00,792.64,64.0
2017-05-15 21:00:00,637.76,64.0
2017-05-15 22:00:00,605.05,62.1
2017-05-15 23:00:00,611.51,62.1
2017-05-16 00:00:00,588.74,61.0
2017-05-16 01:00:00,569.56,62.1
2017-05-16 02:00:00,555.43,62.1
2017-05-16 03:00:00,553.65,63.0
2017-05-16 04:00:00,553.64,66.0
2017-05-16 05:00:00,553.14,66.0
2017-05-16 06:00:00,566.47,64.9
2017-05-16 07:00:00,813.51,64.9
2017-05-16 08:00:00,871.27,64.0
2017-05-16 09:00:00,915.24,64.0
2017-05-16 10:00:00,934.67,66.9
2017-05-16 11:00:00,945.12,69.1
2017-05-16 12:00:00,977.71,75.0
2017-05-16 13:00:00,977.28,79.0
2017-05-16 14:00:00,1009.5,82.0
2017-05-16 15:00:00,994.96,79.0
2017-05-16 16:00:00,965.56,82.0
2017-05-16 17:00:00,932.76,82.0
2017-05-16 18:00:00,888.4,82.9
2017-05-16 19:00:00,868.3,79.0
2017-05-16 20:00:00,792.66,77.0
2017-05-16 21:00:00,645.13,75.0
2017-05-16 22:00:00,611.77,71.1
2017-05-16 23:00:00,621.02,69.1
2017-05-17 00:00:00,593.38,64.9
2017-05-17 01:00:00,571.06,64.9
2017-05-17 02:00:00,557.67,64.0
2017-05-17 03:00:00,547.36,63.0
2017-05-17 04:00:00,548.03,63.0
2017-05-17 05:00:00,547.0,63.0
2017-05-17 06:00:00,565.66,63.0
2017-05-17 07:00:00,793.75,63.0
2017-05-17 08:00:00,885.42,63.0
2017-05-17 09:00:00,939.35,64.9
2017-05-17 10:00:00,938.99,66.0
2017-05-17 11:00:00,963.43,66.9
2017-05-17 12:00:00,958.59,68.0
2017-05-17 13:00:00,961.26,69.1
2017-05-17 14:00:00,972.26,71.1
2017-05-17 15:00:00,962.65,68.0
2017-05-17 16:00:00,963.82,68.0
2017-05-17 17:00:00,909.71,68.0
2017-05-17 18:00:00,854.26,66.9
2017-05-17 19:00:00,826.09,59.0
2017-05-17 20:00:00,776.8,59.0
2017-05-17 21:00:00,650.25,57.9
2017-05-17 22:00:00,604.9,55.9
2017-05-17 23:00:00,610.76,54.0
2017-05-18 00:00:00,585.13,54.0
2017-05-18 01:00:00,568.41,53.1
2017-05-18 02:00:00,551.46,51.1
2017-05-18 03:00:00,547.08,50.0
2017-05-18 04:00:00,544.47,50.0
2017-05-18 05:00:00,545.27,48.9
2017-05-18 06:00:00,553.35,48.0
2017-05-18 07:00:00,748.6,48.9
2017-05-18 08:00:00,847.04,51.1
2017-05-18 09:00:00,892.56,50.0
2017-05-18 10:00:00,904.1,51.1
2017-05-18 11:00:00,934.39,51.1
2017-05-18 12:00:00,932.28,52.0
2017-05-18 13:00:00,918.19,54.0
2017-05-18 14:00:00,930.71,55.0
2017-05-18 15:00:00,914.23,54.0
2017-05-18 16:00:00,895.93,53.1
2017-05-18 17:00:00,868.31,53.1
2017-05-18 18:00:00,842.18,53.1
2017-05-18 19:00:00,813.68,53.1
2017-05-18 20:00:00,782.9,51.1
2017-05-18 21:00:00,662.09,50.0
2017-05-18 22:00:00,602.5,48.9
2017-05-18 23:00:00,603.65,48.0
2017-05-19 00:00:00,583.24,46.9
2017-05-19 01:00:00,562.05,46.9
2017-05-19 02:00:00,552.22,46.9
2017-05-19 03:00:00,546.71,46.0
2017-05-19 04:00:00,544.31,45.0
2017-05-19 05:00:00,554.94,44.1
2017-05-19 06:00:00,585.07,44.1
2017-05-19 07:00:00,783.83,45.0
2017-05-19 08:00:00,869.74,46.0
2017-05-19 09:00:00,899.92,46.9
2017-05-19 10:00:00,917.64,48.0
2017-05-19 11:00:00,917.77,48.9
2017-05-19 12:00:00,934.15,52.0
2017-05-19 13:00:00,928.66,52.0
2017-05-19 14:00:00,919.51,53.1
2017-05-19 15:00:00,912.89,54.0
2017-05-19 16:00:00,913.62,55.0
2017-05-19 17:00:00,879.68,55.0
2017-05-19 18:00:00,842.2,54.0
2017-05-19 19:00:00,807.21,54.0
2017-05-19 20:00:00,770.1,53.1
2017-05-19 21:00:00,637.1,53.1
2017-05-19 22:00:00,599.73,53.1
2017-05-19 23:00:00,602.33,53.1
2017-05-20 00:00:00,588.02,51.1
2017-05-20 01:00:00,566.71,51.1
2017-05-20 02:00:00,553.5,50.0
2017-05-20 03:00:00,553.0,48.9
2017-05-20 04:00:00,553.21,48.9
2017-05-20 05:00:00,550.09,48.0
2017-05-20 06:00:00,554.36,46.9
2017-05-20 07:00:00,650.33,45.0
2017-05-20 08:00:00,700.36,44.1
2017-05-20 09:00:00,753.26,43.0
2017-05-20 10:00:00,758.25,42.1
2017-05-20 11:00:00,745.72,43.0
2017-05-20 12:00:00,746.41,43.0
2017-05-20 13:00:00,741.93,44.1
2017-05-20 14:00:00,722.97,45.0
2017-05-20 15:00:00,704.75,46.0
2017-05-20 16:00:00,700.84,46.9
2017-05-20 17:00:00,662.23,48.0
2017-05-20 18:00:00,656.16,48.0
2017-05-20 19:00:00,577.3,48.9
2017-05-20 20:00:00,557.43,48.9
2017-05-20 21:00:00,551.48,48.9
2017-05-20 22:00:00,549.63,48.9
2017-05-20 23:00:00,576.53,50.0
2017-05-21 00:00:00,563.48,51.1
2017-05-21 01:00:00,543.97,51.1
2017-05-21 02:00:00,543.87,51.1
2017-05-21 03:00:00,546.54,52.0
2017-05-21 04:00:00,545.96,52.0
2017-05-21 05:00:00,544.27,50.0
2017-05-21 06:00:00,542.42,48.9
2017-05-21 07:00:00,588.98,48.0
2017-05-21 08:00:00,623.58,48.9
2017-05-21 09:00:00,648.55,51.1
2017-05-21 10:00:00,649.66,51.1
2017-05-21 11:00:00,656.37,50.0
2017-05-21 12:00:00,645.35,50.0
2017-05-21 13:00:00,639.29,48.9
2017-05-21 14:00:00,649.28,50.0
2017-05-21 15:00:00,650.92,48.9
2017-05-21 16:00:00,644.66,48.0
2017-05-21 17:00:00,622.14,48.0
2017-05-21 18:00:00,602.46,48.0
2017-05-21 19:00:00,568.47,46.9
2017-05-21 20:00:00,565.36,46.9
2017-05-21 21:00:00,558.14,46.9
2017-05-21 22:00:00,557.46,46.9
2017-05-21 23:00:00,586.14,46.0
2017-05-22 00:00:00,574.3,46.0
2017-05-22 01:00:00,551.01,46.0
2017-05-22 02:00:00,551.71,45.0
2017-05-22 03:00:00,552.95,45.0
2017-05-22 04:00:00,563.99,46.0
2017-05-22 05:00:00,575.58,46.0
2017-05-22 06:00:00,590.07,46.9
2017-05-22 07:00:00,763.94,50.0
2017-05-22 08:00:00,825.21,53.1
2017-05-22 09:00:00,878.9,57.0
2017-05-22 10:00:00,923.22,59.0
2017-05-22 11:00:00,930.33,61.0
2017-05-22 12:00:00,939.68,63.0
2017-05-22 13:00:00,939.47,64.0
2017-05-22 14:00:00,949.39,64.9
2017-05-22 15:00:00,949.59,66.0
2017-05-22 16:00:00,926.58,66.0
2017-05-22 17:00:00,884.05,64.9
2017-05-22 18:00:00,860.99,63.0
2017-05-22 19:00:00,815.61,61.0
2017-05-22 20:00:00,791.84,59.0
2017-05-22 21:00:00,661.01,59.0
2017-05-22 22:00:00,618.76,57.9
2017-05-22 23:00:00,621.16,55.9
2017-05-23 00:00:00,598.65,54.0
2017-05-23 01:00:00,576.37,53.1
2017-05-23 02:00:00,564.13,53.1
2017-05-23 03:00:00,561.98,52.0
2017-05-23 04:00:00,563.79,51.1
2017-05-23 05:00:00,564.95,48.9
2017-05-23 06:00:00,577.04,51.1
2017-05-23 07:00:00,764.03,52.0
2017-05-23 08:00:00,836.71,54.0
2017-05-23 09:00:00,885.61,55.0
2017-05-23 10:00:00,914.91,55.9
2017-05-23 11:00:00,914.83,57.9
2017-05-23 12:00:00,929.64,59.0
2017-05-23 13:00:00,935.26,60.1
2017-05-23 14:00:00,943.33,59.0
2017-05-23 15:00:00,921.07,60.1
2017-05-23 16:00:00,897.59,60.1
2017-05-23 17:00:00,874.25,59.0
2017-05-23 18:00:00,835.73,59.0
2017-05-23 19:00:00,818.78,57.9
2017-05-23 20:00:00,777.7,57.9
2017-05-23 21:00:00,664.06,57.0
2017-05-23 22:00:00,617.28,55.0
2017-05-23 23:00:00,623.05,53.1
2017-05-24 00:00:00,604.08,51.1
2017-05-24 01:00:00,582.23,48.9
2017-05-24 02:00:00,572.12,48.0
2017-05-24 03:00:00,567.46,46.9
2017-05-24 04:00:00,569.77,46.9
2017-05-24 05:00:00,570.88,46.9
2017-05-24 06:00:00,581.7,48.0
2017-05-24 07:00:00,777.86,48.9
2017-05-24 08:00:00,841.09,50.0
2017-05-24 09:00:00,893.21,53.1
2017-05-24 10:00:00,917.41,55.9
2017-05-24 11:00:00,910.46,57.9
2017-05-24 12:00:00,935.57,59.0
2017-05-24 13:00:00,935.48,59.0
2017-05-24 14:00:00,928.99,60.1
2017-05-24 15:00:00,932.91,62.1
2017-05-24 16:00:00,894.42,62.1
2017-05-24 17:00:00,875.5,61.0
2017-05-24 18:00:00,843.72,61.0
2017-05-24 19:00:00,804.0,60.1
2017-05-24 20:00:00,755.14,59.0
2017-05-24 21:00:00,628.84,59.0
2017-05-24 22:00:00,594.95,57.9
2017-05-24 23:00:00,601.44,57.9
2017-05-25 00:00:00,579.61,54.0
2017-05-25 01:00:00,560.54,53.1
2017-05-25 02:00:00,543.15,52.0
2017-05-25 03:00:00,541.14,51.1
2017-05-25 04:00:00,538.92,51.1
2017-05-25 05:00:00,538.75,50.0
2017-05-25 06:00:00,553.74,52.0
2017-05-25 07:00:00,756.93,55.0
2017-05-25 08:00:00,841.32,57.9
2017-05-25 09:00:00,896.3,62.1
2017-05-25 10:00:00,914.97,63.0
2017-05-25 11:00:00,932.74,66.0
2017-05-25 12:00:00,943.2,66.0
2017-05-25 13:00:00,942.31,66.0
2017-05-25 14:00:00,937.57,69.1
2017-05-25 15:00:00,940.93,66.0
2017-05-25 16:00:00,936.12,70.0
2017-05-25 17:00:00,900.88,71.1
2017-05-25 18:00:00,874.93,69.1
2017-05-25 19:00:00,841.8,69.1
2017-05-25 20:00:00,793.81,66.0
2017-05-25 21:00:00,512.33,64.9
2017-05-25 22:00:00,601.08,64.9
2017-05-25 23:00:00,606.95,63.0
2017-05-26 00:00:00,585.09,62.1
2017-05-26 01:00:00,563.0,62.1
2017-05-26 02:00:00,546.85,62.1
2017-05-26 03:00:00,549.27,61.0
2017-05-26 04:00:00,546.28,61.0
2017-05-26 05:00:00,546.3,61.0
2017-05-26 06:00:00,558.82,62.1
2017-05-26 07:00:00,771.67,62.1
2017-05-26 08:00:00,847.93,64.9
2017-05-26 09:00:00,896.82,66.0
2017-05-26 10:00:00,940.56,66.9
2017-05-26 11:00:00,933.04,70.0
2017-05-26 12:00:00,930.02,72.0
2017-05-26 13:00:00,929.12,75.0
2017-05-26 14:00:00,950.34,75.9
2017-05-26 15:00:00,928.48,78.1
2017-05-26 16:00:00,917.76,78.1
2017-05-26 17:00:00,898.32,79.0
2017-05-26 18:00:00,862.85,78.1
2017-05-26 19:00:00,839.21,75.0
2017-05-26 20:00:00,778.35,70.0
2017-05-26 21:00:00,648.71,66.9
2017-05-26 22:00:00,608.46,64.9
2017-05-26 23:00:00,606.89,63.0
2017-05-27 00:00:00,595.6,62.1
2017-05-27 01:00:00,569.86,61.0
2017-05-27 02:00:00,549.79,61.0
2017-05-27 03:00:00,547.64,57.9
2017-05-27 04:00:00,545.18,55.9
2017-05-27 05:00:00,546.14,55.0
2017-05-27 06:00:00,541.8,57.0
2017-05-27 07:00:00,656.34,63.0
2017-05-27 08:00:00,702.48,66.9
2017-05-27 09:00:00,740.24,69.1
2017-05-27 10:00:00,720.79,70.0
2017-05-27 11:00:00,722.95,70.0
2017-05-27 12:00:00,732.04,69.1
2017-05-27 13:00:00,727.1,69.1
2017-05-27 14:00:00,726.25,69.1
2017-05-27 15:00:00,663.18,69.1
2017-05-27 16:00:00,670.36,69.1
2017-05-27 17:00:00,658.81,70.0
2017-05-27 18:00:00,658.88,71.1
2017-05-27 19:00:00,569.66,70.0
2017-05-27 20:00:00,560.57,68.0
2017-05-27 21:00:00,551.97,66.9
2017-05-27 22:00:00,553.53,66.9
2017-05-27 23:00:00,582.98,66.0
2017-05-28 00:00:00,567.51,64.9
2017-05-28 01:00:00,545.2,63.0
2017-05-28 02:00:00,542.32,61.0
2017-05-28 03:00:00,539.78,60.1
2017-05-28 04:00:00,538.78,59.0
2017-05-28 05:00:00,539.7,57.9
2017-05-28 06:00:00,537.79,59.0
2017-05-28 07:00:00,580.02,61.0
2017-05-28 08:00:00,613.09,63.0
2017-05-28 09:00:00,642.42,63.0
2017-05-28 10:00:00,653.7,64.9
2017-05-28 11:00:00,646.32,68.0
2017-05-28 12:00:00,645.87,70.0
2017-05-28 13:00:00,651.89,70.0
2017-05-28 14:00:00,661.26,71.1
2017-05-28 15:00:00,667.56,73.0
2017-05-28 16:00:00,652.77,68.0
2017-05-28 17:00:00,638.11,70.0
2017-05-28 18:00:00,620.9,66.9
2017-05-28 19:00:00,597.62,66.0
2017-05-28 20:00:00,567.72,59.0
2017-05-28 21:00:00,554.45,57.0
2017-05-28 22:00:00,549.12,55.9
2017-05-28 23:00:00,580.96,57.0
2017-05-29 00:00:00,566.64,57.9
2017-05-29 01:00:00,556.58,57.9
2017-05-29 02:00:00,554.11,55.9
2017-05-29 03:00:00,553.4,55.0
2017-05-29 04:00:00,555.67,55.0
2017-05-29 05:00:00,554.78,55.0
2017-05-29 06:00:00,556.02,55.0
2017-05-29 07:00:00,692.17,55.9
2017-05-29 08:00:00,689.98,55.9
2017-05-29 09:00:00,690.94,57.9
2017-05-29 10:00:00,689.04,59.0
2017-05-29 11:00:00,688.55,59.0
2017-05-29 12:00:00,687.36,63.0
2017-05-29 13:00:00,685.94,62.1
2017-05-29 14:00:00,682.05,63.0
2017-05-29 15:00:00,682.48,64.0
2017-05-29 16:00:00,685.78,63.0
2017-05-29 17:00:00,691.14,62.1
2017-05-29 18:00:00,693.42,63.0
2017-05-29 19:00:00,698.52,60.1
2017-05-29 20:00:00,679.5,60.1
2017-05-29 21:00:00,584.71,57.9
2017-05-29 22:00:00,569.08,57.0
2017-05-29 23:00:00,595.09,55.9
2017-05-30 00:00:00,575.96,55.9
2017-05-30 01:00:00,543.97,54.0
2017-05-30 02:00:00,538.14,54.0
2017-05-30 03:00:00,535.75,54.0
2017-05-30 04:00:00,537.12,53.1
2017-05-30 05:00:00,535.98,53.1
2017-05-30 06:00:00,556.54,54.0
2017-05-30 07:00:00,755.57,54.0
2017-05-30 08:00:00,894.81,57.0
2017-05-30 09:00:00,839.38,55.0
2017-05-30 10:00:00,903.16,55.0
2017-05-30 11:00:00,914.22,55.9
2017-05-30 12:00:00,921.34,57.0
2017-05-30 13:00:00,924.23,57.0
2017-05-30 14:00:00,930.89,57.9
2017-05-30 15:00:00,920.14,59.0
2017-05-30 16:00:00,893.96,57.9
2017-05-30 17:00:00,871.23,57.9
2017-05-30 18:00:00,834.34,57.9
2017-05-30 19:00:00,809.51,57.0
2017-05-30 20:00:00,763.55,57.0
2017-05-30 21:00:00,652.7,55.9
2017-05-30 22:00:00,590.38,55.0
2017-05-30 23:00:00,604.77,53.1
2017-05-31 00:00:00,579.94,53.1
2017-05-31 01:00:00,555.56,53.1
2017-05-31 02:00:00,545.76,53.1
2017-05-31 03:00:00,542.59,53.1
2017-05-31 04:00:00,542.26,51.1
2017-05-31 05:00:00,539.14,51.1
2017-05-31 06:00:00,557.74,53.1
2017-05-31 07:00:00,764.0,57.0
2017-05-31 08:00:00,854.62,62.1
2017-05-31 09:00:00,917.3,64.9
2017-05-31 10:00:00,939.9,68.0
2017-05-31 11:00:00,931.47,70.0
2017-05-31 12:00:00,952.1,71.1
2017-05-31 13:00:00,947.88,73.0
2017-05-31 14:00:00,946.44,73.0
2017-05-31 15:00:00,925.96,73.9
2017-05-31 16:00:00,904.83,75.0
2017-05-31 17:00:00,884.83,73.9
2017-05-31 18:00:00,861.78,73.0
2017-05-31 19:00:00,844.31,72.0
2017-05-31 20:00:00,792.6,66.9
2017-05-31 21:00:00,663.17,64.0
2017-05-31 22:00:00,605.23,61.0
2017-05-31 23:00:00,612.46,55.9
2017-06-01 00:00:00,589.16,53.1
2017-06-01 01:00:00,566.11,55.9
2017-06-01 02:00:00,548.89,53.1
2017-06-01 03:00:00,544.28,52.0
2017-06-01 04:00:00,544.49,51.1
2017-06-01 05:00:00,542.51,50.0
2017-06-01 06:00:00,561.63,54.0
2017-06-01 07:00:00,760.5,59.0
2017-06-01 08:00:00,842.22,64.0
2017-06-01 09:00:00,912.0,68.0
2017-06-01 10:00:00,927.46,71.1
2017-06-01 11:00:00,940.08,73.0
2017-06-01 12:00:00,958.31,73.9
2017-06-01 13:00:00,952.9,75.9
2017-06-01 14:00:00,950.58,77.0
2017-06-01 15:00:00,936.65,78.1
2017-06-01 16:00:00,906.28,78.1
2017-06-01 17:00:00,897.94,79.0
2017-06-01 18:00:00,854.03,78.1
2017-06-01 19:00:00,820.37,75.9
2017-06-01 20:00:00,783.34,73.0
2017-06-01 21:00:00,652.06,69.1
2017-06-01 22:00:00,608.13,66.9
2017-06-01 23:00:00,611.4,64.0
2017-06-02 00:00:00,591.43,64.0
2017-06-02 01:00:00,566.01,63.0
2017-06-02 02:00:00,551.78,62.1
2017-06-02 03:00:00,546.35,60.1
2017-06-02 04:00:00,543.21,57.9
2017-06-02 05:00:00,546.32,57.9
2017-06-02 06:00:00,565.23,61.0
2017-06-02 07:00:00,768.63,64.0
2017-06-02 08:00:00,834.92,68.0
2017-06-02 09:00:00,888.66,72.0
2017-06-02 10:00:00,919.27,78.1
2017-06-02 11:00:00,909.43,82.0
2017-06-02 12:00:00,929.77,84.0
2017-06-02 13:00:00,938.75,87.1
2017-06-02 14:00:00,930.67,88.0
2017-06-02 15:00:00,914.71,89.1
2017-06-02 16:00:00,898.91,89.1
2017-06-02 17:00:00,864.48,89.1
2017-06-02 18:00:00,844.93,89.1
2017-06-02 19:00:00,821.83,84.9
2017-06-02 20:00:00,767.66,82.9
2017-06-02 21:00:00,623.88,81.0
2017-06-02 22:00:00,586.24,79.0
2017-06-02 23:00:00,592.03,80.1
2017-06-03 00:00:00,583.61,79.0
2017-06-03 01:00:00,561.77,79.0
2017-06-03 02:00:00,547.1,79.0
2017-06-03 03:00:00,543.41,77.0
2017-06-03 04:00:00,536.38,75.9
2017-06-03 05:00:00,537.53,75.0
2017-06-03 06:00:00,535.14,75.0
2017-06-03 07:00:00,662.46,77.0
2017-06-03 08:00:00,702.78,77.0
2017-06-03 09:00:00,739.36,80.1
2017-06-03 10:00:00,742.44,82.9
2017-06-03 11:00:00,753.02,86.0
2017-06-03 12:00:00,744.58,88.0
2017-06-03 13:00:00,739.1,88.0
2017-06-03 14:00:00,716.11,88.0
2017-06-03 15:00:00,673.75,87.1
2017-06-03 16:00:00,663.77,86.0
2017-06-03 17:00:00,643.1,86.0
2017-06-03 18:00:00,647.98,86.0
2017-06-03 19:00:00,553.93,84.9
2017-06-03 20:00:00,545.68,82.9
2017-06-03 21:00:00,535.08,79.0
2017-06-03 22:00:00,533.16,73.9
2017-06-03 23:00:00,567.3,73.9
2017-06-04 00:00:00,552.9,72.0
2017-06-04 01:00:00,532.49,69.1
2017-06-04 02:00:00,525.3,68.0
2017-06-04 03:00:00,527.46,64.9
2017-06-04 04:00:00,524.37,64.9
2017-06-04 05:00:00,523.87,63.0
2017-06-04 06:00:00,522.13,64.9
2017-06-04 07:00:00,574.12,69.1
2017-06-04 08:00:00,617.11,75.9
2017-06-04 09:00:00,646.81,82.0
2017-06-04 10:00:00,654.07,84.0
2017-06-04 11:00:00,649.76,87.1
2017-06-04 12:00:00,648.94,87.1
2017-06-04 13:00:00,643.05,87.1
2017-06-04 14:00:00,642.7,89.1
2017-06-04 15:00:00,640.71,89.1
2017-06-04 16:00:00,644.54,90.0
2017-06-04 17:00:00,627.71,88.0
2017-06-04 18:00:00,608.76,87.1
2017-06-04 19:00:00,566.0,82.9
2017-06-04 20:00:00,552.29,80.1
2017-06-04 21:00:00,538.69,77.0
2017-06-04 22:00:00,542.28,73.9
2017-06-04 23:00:00,568.93,72.0
2017-06-05 00:00:00,554.02,69.1
2017-06-05 01:00:00,531.52,66.0
2017-06-05 02:00:00,525.55,64.0
2017-06-05 03:00:00,523.86,63.0
2017-06-05 04:00:00,521.89,61.0
2017-06-05 05:00:00,522.4,61.0
2017-06-05 06:00:00,544.24,62.1
2017-06-05 07:00:00,793.96,64.0
2017-06-05 08:00:00,865.38,64.9
2017-06-05 09:00:00,915.88,68.0
2017-06-05 10:00:00,957.98,68.0
2017-06-05 11:00:00,950.1,73.0
2017-06-05 12:00:00,952.05,77.0
2017-06-05 13:00:00,988.4,80.1
2017-06-05 14:00:00,998.02,81.0
2017-06-05 15:00:00,960.59,81.0
2017-06-05 16:00:00,947.79,82.0
2017-06-05 17:00:00,894.15,81.0
2017-06-05 18:00:00,869.71,80.1
2017-06-05 19:00:00,858.65,79.0
2017-06-05 20:00:00,810.64,77.0
2017-06-05 21:00:00,653.79,73.9
2017-06-05 22:00:00,608.01,71.1
2017-06-05 23:00:00,607.73,69.1
2017-06-06 00:00:00,586.5,66.9
2017-06-06 01:00:00,565.42,64.9
2017-06-06 02:00:00,549.64,63.0
2017-06-06 03:00:00,540.37,60.1
2017-06-06 04:00:00,537.1,57.9
2017-06-06 05:00:00,534.51,59.0
2017-06-06 06:00:00,558.27,60.1
2017-06-06 07:00:00,775.71,64.9
2017-06-06 08:00:00,848.55,68.0
2017-06-06 09:00:00,908.5,71.1
2017-06-06 10:00:00,927.18,75.0
2017-06-06 11:00:00,940.4,75.9
2017-06-06 12:00:00,953.24,77.0
2017-06-06 13:00:00,966.11,80.1
2017-06-06 14:00:00,956.85,80.1
2017-06-06 15:00:00,930.62,80.1
2017-06-06 16:00:00,912.6,81.0
2017-06-06 17:00:00,895.04,81.0
2017-06-06 18:00:00,876.3,80.1
2017-06-06 19:00:00,825.36,78.1
2017-06-06 20:00:00,788.5,75.0
2017-06-06 21:00:00,644.18,71.1
2017-06-06 22:00:00,614.17,70.0
2017-06-06 23:00:00,617.4,68.0
2017-06-07 00:00:00,590.89,66.0
2017-06-07 01:00:00,561.67,64.9
2017-06-07 02:00:00,546.79,64.0
2017-06-07 03:00:00,543.57,66.0
2017-06-07 04:00:00,538.4,63.0
2017-06-07 05:00:00,538.09,62.1
2017-06-07 06:00:00,550.83,64.9
2017-06-07 07:00:00,770.56,71.1
2017-06-07 08:00:00,868.1,73.9
2017-06-07 09:00:00,944.29,75.9
2017-06-07 10:00:00,974.18,79.0
2017-06-07 11:00:00,960.94,82.0
2017-06-07 12:00:00,969.19,84.0
2017-06-07 13:00:00,979.47,84.0
2017-06-07 14:00:00,965.44,86.0
2017-06-07 15:00:00,944.59,86.0
2017-06-07 16:00:00,936.85,86.0
2017-06-07 17:00:00,892.31,87.1
2017-06-07 18:00:00,849.67,86.0
2017-06-07 19:00:00,831.84,84.0
2017-06-07 20:00:00,785.69,82.9
2017-06-07 21:00:00,658.72,80.1
2017-06-07 22:00:00,605.62,79.0
2017-06-07 23:00:00,617.76,72.0
2017-06-08 00:00:00,589.46,71.1
2017-06-08 01:00:00,562.13,73.0
2017-06-08 02:00:00,549.89,73.0
2017-06-08 03:00:00,542.1,72.0
2017-06-08 04:00:00,542.06,71.1
2017-06-08 05:00:00,542.11,70.0
2017-06-08 06:00:00,555.5,69.1
2017-06-08 07:00:00,799.86,72.0
2017-06-08 08:00:00,881.43,73.0
2017-06-08 09:00:00,916.42,75.9
2017-06-08 10:00:00,945.43,78.1
2017-06-08 11:00:00,951.91,80.1
2017-06-08 12:00:00,988.09,82.0
2017-06-08 13:00:00,977.82,82.9
2017-06-08 14:00:00,958.72,82.9
2017-06-08 15:00:00,987.98,84.0
2017-06-08 16:00:00,980.92,82.9
2017-06-08 17:00:00,944.88,84.0
2017-06-08 18:00:00,906.04,82.9
2017-06-08 19:00:00,870.99,80.1
2017-06-08 20:00:00,824.97,77.0
2017-06-08 21:00:00,684.08,75.0
2017-06-08 22:00:00,646.79,73.9
2017-06-08 23:00:00,642.44,71.1
2017-06-09 00:00:00,605.56,71.1
2017-06-09 01:00:00,579.67,70.0
2017-06-09 02:00:00,565.38,68.0
2017-06-09 03:00:00,562.74,66.9
2017-06-09 04:00:00,556.88,66.0
2017-06-09 05:00:00,558.34,64.9
2017-06-09 06:00:00,573.12,66.0
2017-06-09 07:00:00,802.87,68.0
2017-06-09 08:00:00,907.28,71.1
2017-06-09 09:00:00,964.06,73.0
2017-06-09 10:00:00,980.23,75.9
2017-06-09 11:00:00,960.24,79.0
2017-06-09 12:00:00,987.24,81.0
2017-06-09 13:00:00,998.37,82.0
2017-06-09 14:00:00,994.52,82.9
2017-06-09 15:00:00,972.94,84.9
2017-06-09 16:00:00,936.79,84.9
2017-06-09 17:00:00,921.7,86.0
2017-06-09 18:00:00,877.77,84.0
2017-06-09 19:00:00,856.52,82.0
2017-06-09 20:00:00,818.66,80.1
2017-06-09 21:00:00,677.49,78.1
2017-06-09 22:00:00,635.25,77.0
2017-06-09 23:00:00,629.78,75.9
2017-06-10 00:00:00,609.49,78.1
2017-06-10 01:00:00,579.88,79.0
2017-06-10 02:00:00,563.0,79.0
2017-06-10 03:00:00,560.28,78.1
2017-06-10 04:00:00,556.76,77.0
2017-06-10 05:00:00,559.59,77.0
2017-06-10 06:00:00,559.5,77.0
2017-06-10 07:00:00,712.41,79.0
2017-06-10 08:00:00,743.24,81.0
2017-06-10 09:00:00,798.99,84.0
2017-06-10 10:00:00,807.19,87.1
2017-06-10 11:00:00,802.96,90.0
2017-06-10 12:00:00,779.78,91.9
2017-06-10 13:00:00,785.86,95.0
2017-06-10 14:00:00,789.69,95.0
2017-06-10 15:00:00,748.76,93.0
2017-06-10 16:00:00,738.79,93.9
2017-06-10 17:00:00,721.41,93.0
2017-06-10 18:00:00,706.53,91.9
2017-06-10 19:00:00,616.76,89.1
2017-06-10 20:00:00,592.03,84.9
2017-06-10 21:00:00,591.15,84.0
2017-06-10 22:00:00,581.0,82.9
2017-06-10 23:00:00,607.84,80.1
2017-06-11 00:00:00,593.46,79.0
2017-06-11 01:00:00,568.16,78.1
2017-06-11 02:00:00,561.82,75.9
2017-06-11 03:00:00,558.31,75.0
2017-06-11 04:00:00,561.78,73.9
2017-06-11 05:00:00,558.18,75.0
2017-06-11 06:00:00,557.66,75.0
2017-06-11 07:00:00,612.74,75.0
2017-06-11 08:00:00,658.56,64.0
2017-06-11 09:00:00,675.5,62.1
2017-06-11 10:00:00,668.89,62.1
2017-06-11 11:00:00,670.43,64.0
2017-06-11 12:00:00,637.72,66.0
2017-06-11 13:00:00,654.97,71.1
2017-06-11 14:00:00,667.13,73.0
2017-06-11 15:00:00,706.94,73.0
2017-06-11 16:00:00,641.8,73.0
2017-06-11 17:00:00,660.12,73.0
2017-06-11 18:00:00,639.33,73.9
2017-06-11 19:00:00,595.08,73.0
2017-06-11 20:00:00,591.45,72.0
2017-06-11 21:00:00,578.37,72.0
2017-06-11 22:00:00,585.23,71.1
2017-06-11 23:00:00,616.66,70.0
2017-06-12 00:00:00,579.13,69.1
2017-06-12 01:00:00,529.49,69.1
2017-06-12 02:00:00,522.62,68.0
2017-06-12 03:00:00,525.18,68.0
2017-06-12 04:00:00,529.03,66.0
2017-06-12 05:00:00,527.23,66.0
2017-06-12 06:00:00,585.95,66.0
2017-06-12 07:00:00,858.58,70.0
2017-06-12 08:00:00,906.26,72.0
2017-06-12 09:00:00,945.4,73.9
2017-06-12 10:00:00,960.47,78.1
2017-06-12 11:00:00,968.03,80.1
2017-06-12 12:00:00,1000.49,82.0
2017-06-12 13:00:00,1010.72,79.0
2017-06-12 14:00:00,1003.31,73.9
2017-06-12 15:00:00,970.66,71.1
2017-06-12 16:00:00,975.67,71.1
2017-06-12 17:00:00,949.31,72.0
2017-06-12 18:00:00,907.67,73.0
2017-06-12 19:00:00,863.28,73.0
2017-06-12 20:00:00,828.63,72.0
2017-06-12 21:00:00,674.06,71.1
2017-06-12 22:00:00,635.39,69.1
2017-06-12 23:00:00,639.38,69.1
2017-06-13 00:00:00,617.69,68.0
2017-06-13 01:00:00,592.41,68.0
2017-06-13 02:00:00,562.33,68.0
2017-06-13 03:00:00,530.08,68.0
2017-06-13 04:00:00,527.57,68.0
2017-06-13 05:00:00,528.5,68.0
2017-06-13 06:00:00,595.83,69.1
2017-06-13 07:00:00,848.97,70.0
2017-06-13 08:00:00,904.3,73.0
2017-06-13 09:00:00,961.53,75.9
2017-06-13 10:00:00,989.11,77.0
2017-06-13 11:00:00,1017.37,78.1
2017-06-13 12:00:00,1011.27,82.9
2017-06-13 13:00:00,1043.81,86.0
2017-06-13 14:00:00,1022.01,86.0
2017-06-13 15:00:00,1017.36,87.1
2017-06-13 16:00:00,1002.8,90.0
2017-06-13 17:00:00,988.22,91.0
2017-06-13 18:00:00,954.61,90.0
2017-06-13 19:00:00,919.62,88.0
2017-06-13 20:00:00,884.18,86.0
2017-06-13 21:00:00,739.23,84.0
2017-06-13 22:00:00,685.47,82.0
2017-06-13 23:00:00,680.91,82.0
2017-06-14 00:00:00,651.05,66.9
2017-06-14 01:00:00,623.57,66.0
2017-06-14 02:00:00,592.58,66.0
2017-06-14 03:00:00,600.35,66.0
2017-06-14 04:00:00,617.77,66.0
2017-06-14 05:00:00,592.93,66.9
2017-06-14 06:00:00,620.8,68.0
2017-06-14 07:00:00,862.46,69.1
2017-06-14 08:00:00,947.11,72.0
2017-06-14 09:00:00,1005.71,75.0
2017-06-14 10:00:00,1037.79,77.0
2017-06-14 11:00:00,1024.89,77.0
2017-06-14 12:00:00,1029.2,77.0
2017-06-14 13:00:00,1017.18,80.1
2017-06-14 14:00:00,1051.77,81.0
2017-06-14 15:00:00,1013.17,82.0
2017-06-14 16:00:00,984.41,82.0
2017-06-14 17:00:00,950.12,84.0
2017-06-14 18:00:00,908.3,84.0
2017-06-14 19:00:00,888.07,82.0
2017-06-14 20:00:00,833.74,80.1
2017-06-14 21:00:00,672.07,77.0
2017-06-14 22:00:00,639.84,77.0
2017-06-14 23:00:00,645.42,73.9
2017-06-15 00:00:00,616.51,72.0
2017-06-15 01:00:00,569.37,70.0
2017-06-15 02:00:00,567.92,70.0
2017-06-15 03:00:00,574.25,69.1
2017-06-15 04:00:00,575.27,66.9
2017-06-15 05:00:00,569.36,68.0
2017-06-15 06:00:00,581.23,69.1
2017-06-15 07:00:00,818.59,71.1
2017-06-15 08:00:00,902.49,73.9
2017-06-15 09:00:00,964.88,77.0
2017-06-15 10:00:00,983.3,78.1
2017-06-15 11:00:00,988.07,80.1
2017-06-15 12:00:00,985.2,81.0
2017-06-15 13:00:00,991.03,82.9
2017-06-15 14:00:00,1001.82,84.0
2017-06-15 15:00:00,974.37,86.0
2017-06-15 16:00:00,961.36,87.1
2017-06-15 17:00:00,909.46,87.1
2017-06-15 18:00:00,894.46,86.0
2017-06-15 19:00:00,875.24,82.9
2017-06-15 20:00:00,839.88,81.0
2017-06-15 21:00:00,665.02,77.0
2017-06-15 22:00:00,646.13,75.9
2017-06-15 23:00:00,626.36,73.0
2017-06-16 00:00:00,607.89,73.0
2017-06-16 01:00:00,588.13,68.0
2017-06-16 02:00:00,570.56,69.1
2017-06-16 03:00:00,573.88,64.9
2017-06-16 04:00:00,571.7,69.1
2017-06-16 05:00:00,585.98,70.0
2017-06-16 06:00:00,597.86,71.1
2017-06-16 07:00:00,841.34,72.0
2017-06-16 08:00:00,936.66,73.9
2017-06-16 09:00:00,953.41,73.9
2017-06-16 10:00:00,965.8,75.9
2017-06-16 11:00:00,973.31,75.9
2017-06-16 12:00:00,970.34,82.9
2017-06-16 13:00:00,968.35,84.9
2017-06-16 14:00:00,950.66,84.0
2017-06-16 15:00:00,950.01,84.0
2017-06-16 16:00:00,920.52,84.0
2017-06-16 17:00:00,876.57,82.0
2017-06-16 18:00:00,851.93,80.1
2017-06-16 19:00:00,837.01,77.0
2017-06-16 20:00:00,792.52,75.0
2017-06-16 21:00:00,660.57,75.0
2017-06-16 22:00:00,626.25,73.9
2017-06-16 23:00:00,620.2,70.0
2017-06-17 00:00:00,599.57,70.0
2017-06-17 01:00:00,581.01,68.0
2017-06-17 02:00:00,571.02,68.0
2017-06-17 03:00:00,565.09,66.9
2017-06-17 04:00:00,560.72,64.9
2017-06-17 05:00:00,559.51,64.9
2017-06-17 06:00:00,556.7,66.9
2017-06-17 07:00:00,716.06,71.1
2017-06-17 08:00:00,735.95,75.0
2017-06-17 09:00:00,774.82,75.9
2017-06-17 10:00:00,764.28,77.0
2017-06-17 11:00:00,758.67,81.0
2017-06-17 12:00:00,766.06,81.0
2017-06-17 13:00:00,750.87,82.9
2017-06-17 14:00:00,756.12,84.0
2017-06-17 15:00:00,702.94,82.0
2017-06-17 16:00:00,701.91,81.0
2017-06-17 17:00:00,686.63,80.1
2017-06-17 18:00:00,663.4,69.1
2017-06-17 19:00:00,589.57,68.0
2017-06-17 20:00:00,580.61,64.9
2017-06-17 21:00:00,573.21,64.0
2017-06-17 22:00:00,576.09,64.0
2017-06-17 23:00:00,604.73,63.0
2017-06-18 00:00:00,586.95,63.0
2017-06-18 01:00:00,556.91,63.0
2017-06-18 02:00:00,551.12,62.1
2017-06-18 03:00:00,556.57,61.0
2017-06-18 04:00:00,555.36,60.1
2017-06-18 05:00:00,554.91,60.1
2017-06-18 06:00:00,553.5,62.1
2017-06-18 07:00:00,611.65,63.0
2017-06-18 08:00:00,651.72,64.9
2017-06-18 09:00:00,673.95,64.9
2017-06-18 10:00:00,677.17,66.9
2017-06-18 11:00:00,656.64,69.1
2017-06-18 12:00:00,666.53,71.1
2017-06-18 13:00:00,660.23,72.0
2017-06-18 14:00:00,668.64,69.1
2017-06-18 15:00:00,658.23,71.1
2017-06-18 16:00:00,668.5,73.0
2017-06-18 17:00:00,657.89,72.0
2017-06-18 18:00:00,639.78,72.0
2017-06-18 19:00:00,605.8,71.1
2017-06-18 20:00:00,588.4,69.1
2017-06-18 21:00:00,572.72,66.0
2017-06-18 22:00:00,566.83,64.0
2017-06-18 23:00:00,590.08,64.0
2017-06-19 00:00:00,578.38,64.0
2017-06-19 01:00:00,557.1,64.0
2017-06-19 02:00:00,555.58,63.0
2017-06-19 03:00:00,556.22,62.1
2017-06-19 04:00:00,553.45,61.0
2017-06-19 05:00:00,554.83,61.0
2017-06-19 06:00:00,573.03,62.1
2017-06-19 07:00:00,822.03,64.0
2017-06-19 08:00:00,878.5,66.0
2017-06-19 09:00:00,930.99,66.0
2017-06-19 10:00:00,954.67,66.9
2017-06-19 11:00:00,945.34,69.1
2017-06-19 12:00:00,973.97,71.1
2017-06-19 13:00:00,977.14,72.0
2017-06-19 14:00:00,977.29,72.0
2017-06-19 15:00:00,975.74,73.9
2017-06-19 16:00:00,950.39,72.0
2017-06-19 17:00:00,895.46,73.0
2017-06-19 18:00:00,884.53,72.0
2017-06-19 19:00:00,855.16,71.1
2017-06-19 20:00:00,814.9,69.1
2017-06-19 21:00:00,658.47,66.9
2017-06-19 22:00:00,642.1,66.0
2017-06-19 23:00:00,636.17,64.0
2017-06-20 00:00:00,609.46,64.0
2017-06-20 01:00:00,581.12,63.0
2017-06-20 02:00:00,567.37,63.0
2017-06-20 03:00:00,563.65,62.1
2017-06-20 04:00:00,559.87,62.1
2017-06-20 05:00:00,563.27,60.1
2017-06-20 06:00:00,588.01,60.1
2017-06-20 07:00:00,829.13,60.1
2017-06-20 08:00:00,882.66,63.0
2017-06-20 09:00:00,933.44,66.0
2017-06-20 10:00:00,987.49,70.0
2017-06-20 11:00:00,989.47,71.1
2017-06-20 12:00:00,991.64,73.0
2017-06-20 13:00:00,988.2,73.9
2017-06-20 14:00:00,979.92,75.0
2017-06-20 15:00:00,981.04,75.9
2017-06-20 16:00:00,945.26,73.9
2017-06-20 17:00:00,906.41,75.0
2017-06-20 18:00:00,884.82,73.9
2017-06-20 19:00:00,861.84,73.9
2017-06-20 20:00:00,824.84,69.1
2017-06-20 21:00:00,678.17,70.0
2017-06-20 22:00:00,635.68,66.9
2017-06-20 23:00:00,639.06,66.0
2017-06-21 00:00:00,616.7,63.0
2017-06-21 01:00:00,586.92,62.1
2017-06-21 02:00:00,566.5,60.1
2017-06-21 03:00:00,563.72,60.1
2017-06-21 04:00:00,560.08,61.0
2017-06-21 05:00:00,558.58,60.1
2017-06-21 06:00:00,583.99,63.0
2017-06-21 07:00:00,819.56,66.9
2017-06-21 08:00:00,896.17,69.1
2017-06-21 09:00:00,954.0,70.0
2017-06-21 10:00:00,979.15,73.9
2017-06-21 11:00:00,984.62,75.9
2017-06-21 12:00:00,984.81,77.0
2017-06-21 13:00:00,991.42,78.1
2017-06-21 14:00:00,983.7,80.1
2017-06-21 15:00:00,990.14,81.0
2017-06-21 16:00:00,973.28,80.1
2017-06-21 17:00:00,937.34,81.0
2017-06-21 18:00:00,897.51,79.0
2017-06-21 19:00:00,876.37,78.1
2017-06-21 20:00:00,820.14,75.9
2017-06-21 21:00:00,675.57,73.9
2017-06-21 22:00:00,643.4,73.0
2017-06-21 23:00:00,644.73,73.0
2017-06-22 00:00:00,614.11,72.0
2017-06-22 01:00:00,588.2,72.0
2017-06-22 02:00:00,568.87,70.0
2017-06-22 03:00:00,572.22,69.1
2017-06-22 04:00:00,571.92,68.0
2017-06-22 05:00:00,568.0,70.0
2017-06-22 06:00:00,587.5,69.1
2017-06-22 07:00:00,865.55,70.0
2017-06-22 08:00:00,948.53,72.0
2017-06-22 09:00:00,985.63,70.0
2017-06-22 10:00:00,990.45,70.0
2017-06-22 11:00:00,989.11,69.1
2017-06-22 12:00:00,1004.15,70.0
2017-06-22 13:00:00,979.67,70.0
2017-06-22 14:00:00,992.38,69.1
2017-06-22 15:00:00,967.48,68.0
2017-06-22 16:00:00,951.56,66.0
2017-06-22 17:00:00,900.92,71.1
2017-06-22 18:00:00,882.5,72.0
2017-06-22 19:00:00,879.22,70.0
2017-06-22 20:00:00,827.55,69.1
2017-06-22 21:00:00,674.14,66.0
2017-06-22 22:00:00,636.24,64.0
2017-06-22 23:00:00,645.18,64.0
2017-06-23 00:00:00,617.9,63.0
2017-06-23 01:00:00,588.27,61.0
2017-06-23 02:00:00,575.96,60.1
2017-06-23 03:00:00,570.85,60.1
2017-06-23 04:00:00,571.08,59.0
2017-06-23 05:00:00,574.19,59.0
2017-06-23 06:00:00,583.79,62.1
2017-06-23 07:00:00,805.42,63.0
2017-06-23 08:00:00,877.25,64.9
2017-06-23 09:00:00,957.81,66.0
2017-06-23 10:00:00,965.88,66.0
2017-06-23 11:00:00,973.69,69.1
2017-06-23 12:00:00,982.41,69.1
2017-06-23 13:00:00,962.87,72.0
2017-06-23 14:00:00,962.96,73.0
2017-06-23 15:00:00,947.28,72.0
2017-06-23 16:00:00,923.79,73.0
2017-06-23 17:00:00,890.27,70.0
2017-06-23 18:00:00,861.49,69.1
2017-06-23 19:00:00,851.16,66.9
2017-06-23 20:00:00,794.78,66.0
2017-06-23 21:00:00,665.01,64.9
2017-06-23 22:00:00,613.22,64.0
2017-06-23 23:00:00,620.59,62.1
2017-06-24 00:00:00,603.76,62.1
2017-06-24 01:00:00,571.24,59.0
2017-06-24 02:00:00,562.02,59.0
2017-06-24 03:00:00,558.07,57.0
2017-06-24 04:00:00,564.77,55.9
2017-06-24 05:00:00,556.26,55.0
2017-06-24 06:00:00,564.42,55.9
2017-06-24 07:00:00,692.45,57.9
2017-06-24 08:00:00,730.22,60.1
2017-06-24 09:00:00,767.37,63.0
2017-06-24 10:00:00,756.26,64.0
2017-06-24 11:00:00,747.07,64.0
2017-06-24 12:00:00,763.11,63.0
2017-06-24 13:00:00,746.29,66.0
2017-06-24 14:00:00,751.79,55.0
2017-06-24 15:00:00,715.0,62.1
2017-06-24 16:00:00,679.08,64.9
2017-06-24 17:00:00,677.64,63.0
2017-06-24 18:00:00,662.01,63.0
2017-06-24 19:00:00,596.71,63.0
2017-06-24 20:00:00,590.62,60.1
2017-06-24 21:00:00,570.51,60.1
2017-06-24 22:00:00,569.63,57.0
2017-06-24 23:00:00,590.45,57.0
2017-06-25 00:00:00,580.13,57.0
2017-06-25 01:00:00,556.79,57.0
2017-06-25 02:00:00,553.45,55.9
2017-06-25 03:00:00,560.63,57.0
2017-06-25 04:00:00,551.43,55.9
2017-06-25 05:00:00,556.84,55.0
2017-06-25 06:00:00,554.42,55.0
2017-06-25 07:00:00,608.17,55.9
2017-06-25 08:00:00,663.33,55.9
2017-06-25 09:00:00,664.19,55.9
2017-06-25 10:00:00,662.77,59.0
2017-06-25 11:00:00,657.54,59.0
2017-06-25 12:00:00,665.45,62.1
2017-06-25 13:00:00,660.11,66.9
2017-06-25 14:00:00,676.82,68.0
2017-06-25 15:00:00,669.04,66.9
2017-06-25 16:00:00,682.31,68.0
2017-06-25 17:00:00,668.32,66.0
2017-06-25 18:00:00,647.98,66.9
2017-06-25 19:00:00,610.57,64.9
2017-06-25 20:00:00,595.28,62.1
2017-06-25 21:00:00,581.86,63.0
2017-06-25 22:00:00,574.85,60.1
2017-06-25 23:00:00,597.43,59.0
2017-06-26 00:00:00,584.78,57.0
2017-06-26 01:00:00,563.98,54.0
2017-06-26 02:00:00,561.47,54.0
2017-06-26 03:00:00,560.47,53.1
2017-06-26 04:00:00,558.53,51.1
2017-06-26 05:00:00,561.15,51.1
2017-06-26 06:00:00,577.91,54.0
2017-06-26 07:00:00,818.55,57.0
2017-06-26 08:00:00,886.17,60.1
2017-06-26 09:00:00,939.89,62.1
2017-06-26 10:00:00,972.58,64.0
2017-06-26 11:00:00,975.48,66.0
2017-06-26 12:00:00,991.75,68.0
2017-06-26 13:00:00,992.74,69.1
2017-06-26 14:00:00,993.98,69.1
2017-06-26 15:00:00,976.12,72.0
2017-06-26 16:00:00,947.58,71.1
2017-06-26 17:00:00,936.49,68.0
2017-06-26 18:00:00,904.14,70.0
2017-06-26 19:00:00,879.06,70.0
2017-06-26 20:00:00,827.43,66.9
2017-06-26 21:00:00,662.8,64.0
2017-06-26 22:00:00,634.01,62.1
2017-06-26 23:00:00,639.86,63.0
2017-06-27 00:00:00,609.12,59.0
2017-06-27 01:00:00,574.44,57.9
2017-06-27 02:00:00,564.6,57.0
2017-06-27 03:00:00,562.2,55.9
2017-06-27 04:00:00,558.72,55.0
2017-06-27 05:00:00,560.23,55.0
2017-06-27 06:00:00,577.09,55.9
2017-06-27 07:00:00,809.08,62.1
2017-06-27 08:00:00,893.02,66.0
2017-06-27 09:00:00,943.64,68.0
2017-06-27 10:00:00,964.24,71.1
2017-06-27 11:00:00,980.21,72.0
2017-06-27 12:00:00,1003.62,73.0
2017-06-27 13:00:00,984.94,73.9
2017-06-27 14:00:00,994.23,75.0
2017-06-27 15:00:00,971.34,75.0
2017-06-27 16:00:00,957.11,77.0
2017-06-27 17:00:00,938.12,75.9
2017-06-27 18:00:00,899.99,75.0
2017-06-27 19:00:00,856.28,73.9
2017-06-27 20:00:00,818.63,73.0
2017-06-27 21:00:00,701.66,71.1
2017-06-27 22:00:00,643.76,71.1
2017-06-27 23:00:00,650.72,70.0
2017-06-28 00:00:00,615.29,66.9
2017-06-28 01:00:00,579.39,66.9
2017-06-28 02:00:00,567.59,66.9
2017-06-28 03:00:00,562.28,64.0
2017-06-28 04:00:00,562.7,62.1
2017-06-28 05:00:00,562.38,63.0
2017-06-28 06:00:00,578.96,63.0
2017-06-28 07:00:00,834.17,64.9
2017-06-28 08:00:00,917.13,66.9
2017-06-28 09:00:00,965.03,66.9
2017-06-28 10:00:00,1005.63,68.0
2017-06-28 11:00:00,976.75,70.0
2017-06-28 12:00:00,1004.83,75.0
2017-06-28 13:00:00,1018.9,78.1
2017-06-28 14:00:00,1026.1,82.0
2017-06-28 15:00:00,1018.59,82.0
2017-06-28 16:00:00,974.24,75.2
2017-06-28 17:00:00,938.35,79.0
2017-06-28 18:00:00,914.81,79.0
2017-06-28 19:00:00,880.18,77.0
2017-06-28 20:00:00,820.45,75.0
2017-06-28 21:00:00,689.25,73.9
2017-06-28 22:00:00,641.13,70.0
2017-06-28 23:00:00,646.71,70.0
2017-06-29 00:00:00,620.84,70.0
2017-06-29 01:00:00,584.93,69.1
2017-06-29 02:00:00,574.89,68.0
2017-06-29 03:00:00,576.4,66.9
2017-06-29 04:00:00,569.74,66.0
2017-06-29 05:00:00,571.6,64.9
2017-06-29 06:00:00,589.03,66.0
2017-06-29 07:00:00,828.84,66.0
2017-06-29 08:00:00,928.06,66.9
2017-06-29 09:00:00,962.58,66.9
2017-06-29 10:00:00,980.73,68.0
2017-06-29 11:00:00,984.02,70.0
2017-06-29 12:00:00,996.87,70.0
2017-06-29 13:00:00,971.26,71.1
2017-06-29 14:00:00,983.9,73.0
2017-06-29 15:00:00,963.82,73.9
2017-06-29 16:00:00,945.23,75.9
2017-06-29 17:00:00,920.76,77.0
2017-06-29 18:00:00,902.96,75.0
2017-06-29 19:00:00,881.32,73.9
2017-06-29 20:00:00,836.5,73.9
2017-06-29 21:00:00,535.09,73.0
2017-06-29 22:00:00,637.43,71.1
2017-06-29 23:00:00,641.71,71.1
2017-06-30 00:00:00,624.35,69.1
2017-06-30 01:00:00,596.56,68.0
2017-06-30 02:00:00,574.15,66.9
2017-06-30 03:00:00,572.34,66.9
2017-06-30 04:00:00,571.63,64.0
2017-06-30 05:00:00,577.18,62.1
2017-06-30 06:00:00,594.11,64.0
2017-06-30 07:00:00,829.83,68.0
2017-06-30 08:00:00,895.08,68.0
2017-06-30 09:00:00,950.49,71.1
2017-06-30 10:00:00,975.02,73.0
2017-06-30 11:00:00,986.69,75.0
2017-06-30 12:00:00,998.32,77.0
2017-06-30 13:00:00,974.03,78.1
2017-06-30 14:00:00,974.34,79.0
2017-06-30 15:00:00,971.59,77.0
2017-06-30 16:00:00,939.93,66.9
2017-06-30 17:00:00,902.4,70.0
2017-06-30 18:00:00,861.55,71.1
2017-06-30 19:00:00,841.38,73.0
2017-06-30 20:00:00,806.63,72.0
2017-06-30 21:00:00,658.66,70.0
2017-06-30 22:00:00,617.75,69.1
2017-06-30 23:00:00,626.56,68.0
2017-07-01 00:00:00,613.81,66.0
2017-07-01 01:00:00,584.64,64.9
2017-07-01 02:00:00,567.61,64.0
2017-07-01 03:00:00,569.52,63.0
2017-07-01 04:00:00,560.52,62.1
2017-07-01 05:00:00,567.25,62.1
2017-07-01 06:00:00,566.47,62.1
2017-07-01 07:00:00,696.05,64.0
2017-07-01 08:00:00,726.61,66.9
2017-07-01 09:00:00,769.94,70.0
2017-07-01 10:00:00,779.05,70.0
2017-07-01 11:00:00,782.58,72.0
2017-07-01 12:00:00,766.92,71.1
2017-07-01 13:00:00,744.45,71.1
2017-07-01 14:00:00,731.79,73.9
2017-07-01 15:00:00,712.58,75.9
2017-07-01 16:00:00,715.5,75.9
2017-07-01 17:00:00,696.31,73.9
2017-07-01 18:00:00,676.71,75.0
2017-07-01 19:00:00,599.22,75.0
2017-07-01 20:00:00,586.43,73.9
2017-07-01 21:00:00,571.93,73.0
2017-07-01 22:00:00,569.95,72.0
2017-07-01 23:00:00,592.47,72.0
2017-07-02 00:00:00,582.61,70.0
2017-07-02 01:00:00,557.9,70.0
2017-07-02 02:00:00,556.71,68.0
2017-07-02 03:00:00,557.91,69.1
2017-07-02 04:00:00,552.89,66.9
2017-07-02 05:00:00,554.98,66.9
2017-07-02 06:00:00,554.63,64.9
2017-07-02 07:00:00,622.3,66.9
2017-07-02 08:00:00,669.35,69.1
2017-07-02 09:00:00,701.85,72.0
2017-07-02 10:00:00,690.56,73.0
2017-07-02 11:00:00,693.5,73.9
2017-07-02 12:00:00,684.12,75.0
2017-07-02 13:00:00,681.85,77.0
2017-07-02 14:00:00,685.74,79.0
2017-07-02 15:00:00,694.02,79.0
2017-07-02 16:00:00,697.82,80.1
2017-07-02 17:00:00,667.64,79.0
2017-07-02 18:00:00,642.15,79.0
2017-07-02 19:00:00,593.28,78.1
2017-07-02 20:00:00,587.85,75.9
2017-07-02 21:00:00,573.43,72.0
2017-07-02 22:00:00,573.49,71.1
2017-07-02 23:00:00,598.5,68.0
2017-07-03 00:00:00,580.31,68.0
2017-07-03 01:00:00,559.69,68.0
2017-07-03 02:00:00,558.58,64.9
2017-07-03 03:00:00,563.64,64.0
2017-07-03 04:00:00,553.86,64.0
2017-07-03 05:00:00,557.43,64.0
2017-07-03 06:00:00,572.51,64.9
2017-07-03 07:00:00,848.0,66.9
2017-07-03 08:00:00,890.04,70.0
2017-07-03 09:00:00,924.24,73.9
2017-07-03 10:00:00,954.75,75.0
2017-07-03 11:00:00,945.13,77.0
2017-07-03 12:00:00,949.22,79.0
2017-07-03 13:00:00,927.49,79.0
2017-07-03 14:00:00,933.06,80.1
2017-07-03 15:00:00,929.07,80.1
2017-07-03 16:00:00,904.58,81.0
2017-07-03 17:00:00,888.97,80.1
2017-07-03 18:00:00,885.99,80.1
2017-07-03 19:00:00,862.18,79.0
2017-07-03 20:00:00,814.27,77.0
2017-07-03 21:00:00,687.62,75.9
2017-07-03 22:00:00,644.32,73.0
2017-07-03 23:00:00,645.65,72.0
2017-07-04 00:00:00,605.29,71.1
2017-07-04 01:00:00,573.27,70.0
2017-07-04 02:00:00,570.25,69.1
2017-07-04 03:00:00,567.54,68.0
2017-07-04 04:00:00,565.66,68.0
2017-07-04 05:00:00,567.87,66.9
2017-07-04 06:00:00,584.6,68.0
2017-07-04 07:00:00,802.49,70.0
2017-07-04 08:00:00,815.02,72.0
2017-07-04 09:00:00,771.9,75.9
2017-07-04 10:00:00,771.87,78.1
2017-07-04 11:00:00,770.4,81.0
2017-07-04 12:00:00,780.12,81.0
2017-07-04 13:00:00,791.27,84.0
2017-07-04 14:00:00,781.65,84.9
2017-07-04 15:00:00,767.15,86.0
2017-07-04 16:00:00,775.7,86.0
2017-07-04 17:00:00,787.24,84.9
2017-07-04 18:00:00,791.68,84.9
2017-07-04 19:00:00,795.5,82.9
2017-07-04 20:00:00,755.44,82.0
2017-07-04 21:00:00,629.78,80.1
2017-07-04 22:00:00,615.14,79.0
2017-07-04 23:00:00,638.97,79.0
2017-07-05 00:00:00,610.21,78.1
2017-07-05 01:00:00,588.78,73.0
2017-07-05 02:00:00,578.14,73.0
2017-07-05 03:00:00,577.25,75.9
2017-07-05 04:00:00,573.52,75.9
2017-07-05 05:00:00,575.02,75.9
2017-07-05 06:00:00,609.85,73.9
2017-07-05 07:00:00,856.0,75.0
2017-07-05 08:00:00,926.28,77.0
2017-07-05 09:00:00,973.2,77.0
2017-07-05 10:00:00,1006.97,79.0
2017-07-05 11:00:00,1009.07,80.1
2017-07-05 12:00:00,1028.04,82.9
2017-07-05 13:00:00,1018.94,87.1
2017-07-05 14:00:00,1032.61,88.0
2017-07-05 15:00:00,1013.08,89.1
2017-07-05 16:00:00,984.06,91.0
2017-07-05 17:00:00,976.4,90.0
2017-07-05 18:00:00,939.38,90.0
2017-07-05 19:00:00,924.82,89.1
2017-07-05 20:00:00,863.35,88.0
2017-07-05 21:00:00,694.25,86.0
2017-07-05 22:00:00,665.07,82.9
2017-07-05 23:00:00,652.93,82.0
2017-07-06 00:00:00,632.25,81.0
2017-07-06 01:00:00,593.86,80.1
2017-07-06 02:00:00,585.57,78.1
2017-07-06 03:00:00,585.35,77.0
2017-07-06 04:00:00,581.87,77.0
2017-07-06 05:00:00,583.82,77.0
2017-07-06 06:00:00,597.81,75.9
2017-07-06 07:00:00,874.58,75.9
2017-07-06 08:00:00,950.58,77.0
2017-07-06 09:00:00,986.54,78.1
2017-07-06 10:00:00,997.83,81.0
2017-07-06 11:00:00,1009.78,84.9
2017-07-06 12:00:00,1021.05,88.0
2017-07-06 13:00:00,1015.5,90.0
2017-07-06 14:00:00,1009.37,91.9
2017-07-06 15:00:00,1018.04,93.0
2017-07-06 16:00:00,999.59,91.0
2017-07-06 17:00:00,981.89,93.0
2017-07-06 18:00:00,952.47,90.0
2017-07-06 19:00:00,920.29,88.0
2017-07-06 20:00:00,860.35,86.0
2017-07-06 21:00:00,715.53,84.9
2017-07-06 22:00:00,654.33,81.0
2017-07-06 23:00:00,648.83,78.1
2017-07-07 00:00:00,620.02,75.9
2017-07-07 01:00:00,592.73,73.0
2017-07-07 02:00:00,573.14,71.1
2017-07-07 03:00:00,575.63,70.0
2017-07-07 04:00:00,570.05,69.1
2017-07-07 05:00:00,568.88,68.0
2017-07-07 06:00:00,581.33,69.1
2017-07-07 07:00:00,842.08,72.0
2017-07-07 08:00:00,926.49,73.9
2017-07-07 09:00:00,973.55,77.0
2017-07-07 10:00:00,980.93,79.0
2017-07-07 11:00:00,981.56,80.1
2017-07-07 12:00:00,999.85,82.0
2017-07-07 13:00:00,983.28,84.0
2017-07-07 14:00:00,983.51,82.0
2017-07-07 15:00:00,966.05,81.0
2017-07-07 16:00:00,938.14,81.0
2017-07-07 17:00:00,921.87,80.1
2017-07-07 18:00:00,893.13,77.0
2017-07-07 19:00:00,855.54,73.9
2017-07-07 20:00:00,807.15,73.0
2017-07-07 21:00:00,692.54,72.0
2017-07-07 22:00:00,627.05,69.1
2017-07-07 23:00:00,632.06,68.0
2017-07-08 00:00:00,613.21,66.0
2017-07-08 01:00:00,571.93,66.0
2017-07-08 02:00:00,559.22,64.9
2017-07-08 03:00:00,565.05,64.0
2017-07-08 04:00:00,560.54,63.0
2017-07-08 05:00:00,564.59,63.0
2017-07-08 06:00:00,558.64,66.0
2017-07-08 07:00:00,711.74,66.9
2017-07-08 08:00:00,737.4,71.1
2017-07-08 09:00:00,756.92,73.0
2017-07-08 10:00:00,761.53,75.9
2017-07-08 11:00:00,753.99,77.0
2017-07-08 12:00:00,765.93,78.1
2017-07-08 13:00:00,757.89,81.0
2017-07-08 14:00:00,751.25,82.9
2017-07-08 15:00:00,706.61,84.0
2017-07-08 16:00:00,714.62,84.9
2017-07-08 17:00:00,697.47,84.0
2017-07-08 18:00:00,686.65,80.1
2017-07-08 19:00:00,599.65,80.1
2017-07-08 20:00:00,591.26,79.0
2017-07-08 21:00:00,571.88,77.0
2017-07-08 22:00:00,567.6,75.0
2017-07-08 23:00:00,589.12,73.9
2017-07-09 00:00:00,582.58,72.0
2017-07-09 01:00:00,560.0,69.1
2017-07-09 02:00:00,552.72,68.0
2017-07-09 03:00:00,557.73,68.0
2017-07-09 04:00:00,556.97,66.9
2017-07-09 05:00:00,551.57,68.0
2017-07-09 06:00:00,552.87,69.1
2017-07-09 07:00:00,613.35,70.0
2017-07-09 08:00:00,658.29,73.9
2017-07-09 09:00:00,690.76,73.0
2017-07-09 10:00:00,679.09,73.0
2017-07-09 11:00:00,667.69,75.0
2017-07-09 12:00:00,695.05,78.1
2017-07-09 13:00:00,671.69,79.0
2017-07-09 14:00:00,706.39,80.1
2017-07-09 15:00:00,699.42,84.0
2017-07-09 16:00:00,688.32,84.0
2017-07-09 17:00:00,680.89,82.9
2017-07-09 18:00:00,662.98,82.9
2017-07-09 19:00:00,605.13,82.0
2017-07-09 20:00:00,591.59,79.0
2017-07-09 21:00:00,576.06,72.0
2017-07-09 22:00:00,584.83,71.1
2017-07-09 23:00:00,607.18,71.1
2017-07-10 00:00:00,594.4,70.0
2017-07-10 01:00:00,566.02,70.0
2017-07-10 02:00:00,564.27,69.1
2017-07-10 03:00:00,565.42,69.1
2017-07-10 04:00:00,567.01,69.1
2017-07-10 05:00:00,563.0,69.1
2017-07-10 06:00:00,588.61,70.0
2017-07-10 07:00:00,874.36,70.0
2017-07-10 08:00:00,949.46,72.0
2017-07-10 09:00:00,994.66,73.0
2017-07-10 10:00:00,1004.65,75.9
2017-07-10 11:00:00,1017.53,78.1
2017-07-10 12:00:00,1028.02,81.0
2017-07-10 13:00:00,1043.59,82.9
2017-07-10 14:00:00,1035.61,82.9
2017-07-10 15:00:00,1022.46,84.9
2017-07-10 16:00:00,1004.66,84.9
2017-07-10 17:00:00,981.35,84.0
2017-07-10 18:00:00,938.21,82.9
2017-07-10 19:00:00,896.25,82.0
2017-07-10 20:00:00,840.49,80.1
2017-07-10 21:00:00,676.58,79.0
2017-07-10 22:00:00,650.07,75.9
2017-07-10 23:00:00,657.53,73.9
2017-07-11 00:00:00,612.42,73.0
2017-07-11 01:00:00,592.45,71.1
2017-07-11 02:00:00,576.41,69.1
2017-07-11 03:00:00,570.86,66.9
2017-07-11 04:00:00,570.9,68.0
2017-07-11 05:00:00,558.69,66.9
2017-07-11 06:00:00,585.62,71.1
2017-07-11 07:00:00,859.91,73.0
2017-07-11 08:00:00,945.32,75.9
2017-07-11 09:00:00,981.5,79.0
2017-07-11 10:00:00,1009.52,81.0
2017-07-11 11:00:00,1011.45,80.1
2017-07-11 12:00:00,1044.13,80.1
2017-07-11 13:00:00,1035.1,82.0
2017-07-11 14:00:00,1024.11,84.0
2017-07-11 15:00:00,1035.01,84.0
2017-07-11 16:00:00,1007.24,86.0
2017-07-11 17:00:00,982.04,86.0
2017-07-11 18:00:00,944.54,84.9
2017-07-11 19:00:00,895.92,82.9
2017-07-11 20:00:00,844.18,82.0
2017-07-11 21:00:00,693.59,80.1
2017-07-11 22:00:00,655.5,78.1
2017-07-11 23:00:00,663.72,78.1
2017-07-12 00:00:00,638.22,78.1
2017-07-12 01:00:00,600.5,77.0
2017-07-12 02:00:00,589.94,77.0
2017-07-12 03:00:00,585.22,70.0
2017-07-12 04:00:00,577.73,71.1
2017-07-12 05:00:00,569.7,70.0
2017-07-12 06:00:00,593.79,71.1
2017-07-12 07:00:00,870.85,75.0
2017-07-12 08:00:00,1003.77,77.0
2017-07-12 09:00:00,920.91,82.0
2017-07-12 10:00:00,1017.17,86.0
2017-07-12 11:00:00,1024.78,84.0
2017-07-12 12:00:00,1108.23,88.0
2017-07-12 13:00:00,985.86,88.0
2017-07-12 14:00:00,1043.0,88.0
2017-07-12 15:00:00,1016.42,87.1
2017-07-12 16:00:00,996.41,86.0
2017-07-12 17:00:00,958.69,84.0
2017-07-12 18:00:00,918.9,79.0
2017-07-12 19:00:00,889.86,75.9
2017-07-12 20:00:00,817.23,73.0
2017-07-12 21:00:00,668.18,73.0
2017-07-12 22:00:00,643.49,72.0
2017-07-12 23:00:00,647.61,71.1
2017-07-13 00:00:00,621.83,71.1
2017-07-13 01:00:00,591.75,70.0
2017-07-13 02:00:00,574.09,69.1
2017-07-13 03:00:00,575.9,66.9
2017-07-13 04:00:00,571.1,63.0
2017-07-13 05:00:00,567.12,60.1
2017-07-13 06:00:00,582.16,59.0
2017-07-13 07:00:00,811.51,59.0
2017-07-13 08:00:00,876.92,60.1
2017-07-13 09:00:00,919.08,62.1
2017-07-13 10:00:00,949.09,63.0
2017-07-13 11:00:00,952.02,66.9
2017-07-13 12:00:00,958.84,70.0
2017-07-13 13:00:00,961.26,71.1
2017-07-13 14:00:00,994.02,69.1
2017-07-13 15:00:00,972.31,68.0
2017-07-13 16:00:00,929.24,66.9
2017-07-13 17:00:00,887.77,66.9
2017-07-13 18:00:00,843.44,66.9
2017-07-13 19:00:00,826.48,66.0
2017-07-13 20:00:00,780.05,64.9
2017-07-13 21:00:00,660.24,64.0
2017-07-13 22:00:00,628.71,63.0
2017-07-13 23:00:00,644.46,63.0
2017-07-14 00:00:00,628.91,62.1
2017-07-14 01:00:00,586.9,62.1
2017-07-14 02:00:00,568.64,62.1
2017-07-14 03:00:00,566.85,61.0
2017-07-14 04:00:00,565.89,60.1
2017-07-14 05:00:00,566.6,60.1
2017-07-14 06:00:00,590.15,62.1
2017-07-14 07:00:00,832.89,62.1
2017-07-14 08:00:00,912.12,64.9
2017-07-14 09:00:00,953.4,66.0
2017-07-14 10:00:00,950.68,68.0
2017-07-14 11:00:00,974.75,69.1
2017-07-14 12:00:00,973.64,73.9
2017-07-14 13:00:00,979.22,72.0
2017-07-14 14:00:00,972.86,73.9
2017-07-14 15:00:00,947.1,77.0
2017-07-14 16:00:00,933.64,75.9
2017-07-14 17:00:00,886.57,75.9
2017-07-14 18:00:00,867.51,75.0
2017-07-14 19:00:00,842.0,73.9
2017-07-14 20:00:00,790.12,72.0
2017-07-14 21:00:00,663.79,72.0
2017-07-14 22:00:00,627.08,70.0
2017-07-14 23:00:00,625.38,68.0
2017-07-15 00:00:00,611.29,66.9
2017-07-15 01:00:00,577.2,66.0
2017-07-15 02:00:00,565.07,64.0
2017-07-15 03:00:00,559.83,63.0
2017-07-15 04:00:00,560.47,64.9
2017-07-15 05:00:00,554.86,64.9
2017-07-15 06:00:00,559.03,68.0
2017-07-15 07:00:00,688.19,70.0
2017-07-15 08:00:00,744.15,73.9
2017-07-15 09:00:00,785.44,78.1
2017-07-15 10:00:00,766.69,82.0
2017-07-15 11:00:00,790.18,86.0
2017-07-15 12:00:00,776.99,89.1
2017-07-15 13:00:00,771.46,90.0
2017-07-15 14:00:00,782.8,93.0
2017-07-15 15:00:00,740.81,93.0
2017-07-15 16:00:00,754.88,93.9
2017-07-15 17:00:00,692.84,91.9
2017-07-15 18:00:00,682.82,90.0
2017-07-15 19:00:00,573.24,84.9
2017-07-15 20:00:00,568.88,82.0
2017-07-15 21:00:00,563.27,81.0
2017-07-15 22:00:00,561.48,78.1
2017-07-15 23:00:00,601.25,75.9
2017-07-16 00:00:00,565.52,73.9
2017-07-16 01:00:00,521.41,72.0
2017-07-16 02:00:00,508.76,71.1
2017-07-16 03:00:00,513.79,69.1
2017-07-16 04:00:00,515.41,68.0
2017-07-16 05:00:00,507.88,68.0
2017-07-16 06:00:00,515.84,69.1
2017-07-16 07:00:00,580.86,70.0
2017-07-16 08:00:00,615.6,73.9
2017-07-16 09:00:00,657.5,77.0
2017-07-16 10:00:00,668.98,81.0
2017-07-16 11:00:00,652.0,80.1
2017-07-16 12:00:00,648.68,82.0
2017-07-16 13:00:00,670.95,82.9
2017-07-16 14:00:00,679.29,84.0
2017-07-16 15:00:00,671.02,84.9
2017-07-16 16:00:00,675.41,86.0
2017-07-16 17:00:00,655.28,84.9
2017-07-16 18:00:00,638.37,82.9
2017-07-16 19:00:00,576.45,81.0
2017-07-16 20:00:00,570.85,78.1
2017-07-16 21:00:00,561.12,77.0
2017-07-16 22:00:00,564.33,73.9
2017-07-16 23:00:00,596.0,73.0
2017-07-17 00:00:00,562.44,72.0
2017-07-17 01:00:00,512.3,71.1
2017-07-17 02:00:00,508.14,69.1
2017-07-17 03:00:00,511.49,68.0
2017-07-17 04:00:00,507.31,69.1
2017-07-17 05:00:00,513.54,69.1
2017-07-17 06:00:00,580.3,71.1
2017-07-17 07:00:00,862.37,73.9
2017-07-17 08:00:00,938.51,75.9
2017-07-17 09:00:00,992.05,78.1
2017-07-17 10:00:00,1009.76,82.0
2017-07-17 11:00:00,1022.27,84.0
2017-07-17 12:00:00,1035.82,87.1
2017-07-17 13:00:00,1037.21,89.1
2017-07-17 14:00:00,1041.63,91.0
2017-07-17 15:00:00,1042.04,90.0
2017-07-17 16:00:00,1022.8,90.0
2017-07-17 17:00:00,1010.44,89.1
2017-07-17 18:00:00,981.01,88.0
2017-07-17 19:00:00,949.15,87.1
2017-07-17 20:00:00,888.72,84.0
2017-07-17 21:00:00,716.92,75.9
2017-07-17 22:00:00,667.89,70.0
2017-07-17 23:00:00,661.96,69.1
2017-07-18 00:00:00,630.81,70.0
2017-07-18 01:00:00,596.08,70.0
2017-07-18 02:00:00,556.03,71.1
2017-07-18 03:00:00,537.26,71.1
2017-07-18 04:00:00,535.71,73.0
2017-07-18 05:00:00,528.98,73.9
2017-07-18 06:00:00,599.35,75.0
2017-07-18 07:00:00,871.64,77.0
2017-07-18 08:00:00,940.68,77.0
2017-07-18 09:00:00,982.74,75.9
2017-07-18 10:00:00,1004.48,78.1
2017-07-18 11:00:00,1021.2,82.0
2017-07-18 12:00:00,1035.18,79.0
2017-07-18 13:00:00,1056.57,79.0
2017-07-18 14:00:00,1026.34,77.0
2017-07-18 15:00:00,1010.9,80.1
2017-07-18 16:00:00,994.26,79.0
2017-07-18 17:00:00,954.83,79.0
2017-07-18 18:00:00,911.06,79.0
2017-07-18 19:00:00,879.72,78.1
2017-07-18 20:00:00,832.85,73.9
2017-07-18 21:00:00,673.48,73.9
2017-07-18 22:00:00,647.65,71.1
2017-07-18 23:00:00,648.96,68.0
2017-07-19 00:00:00,624.08,66.9
2017-07-19 01:00:00,596.24,66.9
2017-07-19 02:00:00,563.86,64.9
2017-07-19 03:00:00,527.99,64.0
2017-07-19 04:00:00,523.31,62.1
2017-07-19 05:00:00,523.7,64.9
2017-07-19 06:00:00,585.97,66.0
2017-07-19 07:00:00,839.64,69.1
2017-07-19 08:00:00,926.9,73.9
2017-07-19 09:00:00,963.15,75.9
2017-07-19 10:00:00,1001.34,79.0
2017-07-19 11:00:00,1003.23,81.0
2017-07-19 12:00:00,1022.06,82.0
2017-07-19 13:00:00,1010.04,82.0
2017-07-19 14:00:00,1005.66,80.1
2017-07-19 15:00:00,991.64,66.9
2017-07-19 16:00:00,956.04,68.0
2017-07-19 17:00:00,942.4,68.0
2017-07-19 18:00:00,905.89,71.1
2017-07-19 19:00:00,857.16,72.0
2017-07-19 20:00:00,814.29,72.0
2017-07-19 21:00:00,685.98,72.0
2017-07-19 22:00:00,649.82,69.1
2017-07-19 23:00:00,653.79,70.0
2017-07-20 00:00:00,626.17,70.0
2017-07-20 01:00:00,602.4,70.0
2017-07-20 02:00:00,559.26,70.0
2017-07-20 03:00:00,533.19,69.1
2017-07-20 04:00:00,525.18,69.1
2017-07-20 05:00:00,539.73,68.0
2017-07-20 06:00:00,592.3,70.0
2017-07-20 07:00:00,874.16,72.0
2017-07-20 08:00:00,947.08,73.9
2017-07-20 09:00:00,954.49,75.0
2017-07-20 10:00:00,982.07,79.0
2017-07-20 11:00:00,1008.56,81.0
2017-07-20 12:00:00,1005.44,81.0
2017-07-20 13:00:00,1010.98,82.9
2017-07-20 14:00:00,993.82,84.9
2017-07-20 15:00:00,1001.51,88.0
2017-07-20 16:00:00,984.34,88.0
2017-07-20 17:00:00,957.89,88.0
2017-07-20 18:00:00,933.04,88.0
2017-07-20 19:00:00,901.02,86.0
2017-07-20 20:00:00,835.29,84.9
2017-07-20 21:00:00,710.2,80.1
2017-07-20 22:00:00,659.34,78.1
2017-07-20 23:00:00,652.43,75.9
2017-07-21 00:00:00,628.33,75.0
2017-07-21 01:00:00,598.43,73.0
2017-07-21 02:00:00,565.3,70.0
2017-07-21 03:00:00,531.15,70.0
2017-07-21 04:00:00,533.82,70.0
2017-07-21 05:00:00,532.13,71.1
2017-07-21 06:00:00,593.92,72.0
2017-07-21 07:00:00,856.04,73.0
2017-07-21 08:00:00,929.86,73.0
2017-07-21 09:00:00,962.68,73.0
2017-07-21 10:00:00,970.0,73.9
2017-07-21 11:00:00,985.87,73.9
2017-07-21 12:00:00,983.28,75.0
2017-07-21 13:00:00,999.26,77.0
2017-07-21 14:00:00,999.91,80.1
2017-07-21 15:00:00,1008.91,82.0
2017-07-21 16:00:00,984.62,82.0
2017-07-21 17:00:00,942.76,82.9
2017-07-21 18:00:00,903.5,81.0
2017-07-21 19:00:00,868.55,80.1
2017-07-21 20:00:00,830.43,79.0
2017-07-21 21:00:00,706.64,78.1
2017-07-21 22:00:00,635.92,75.9
2017-07-21 23:00:00,632.52,75.9
2017-07-22 00:00:00,621.34,72.0
2017-07-22 01:00:00,586.37,71.1
2017-07-22 02:00:00,569.06,72.0
2017-07-22 03:00:00,557.88,72.0
2017-07-22 04:00:00,561.99,72.0
2017-07-22 05:00:00,560.17,71.1
2017-07-22 06:00:00,557.19,71.1
2017-07-22 07:00:00,698.04,72.0
2017-07-22 08:00:00,717.66,73.9
2017-07-22 09:00:00,769.82,79.0
2017-07-22 10:00:00,780.58,81.0
2017-07-22 11:00:00,801.68,84.0
2017-07-22 12:00:00,789.18,86.0
2017-07-22 13:00:00,776.3,87.1
2017-07-22 14:00:00,781.32,88.0
2017-07-22 15:00:00,715.45,89.1
2017-07-22 16:00:00,726.08,90.0
2017-07-22 17:00:00,706.67,89.1
2017-07-22 18:00:00,671.14,87.1
2017-07-22 19:00:00,578.8,84.9
2017-07-22 20:00:00,568.17,82.9
2017-07-22 21:00:00,564.48,80.1
2017-07-22 22:00:00,573.94,79.0
2017-07-22 23:00:00,605.55,75.0
2017-07-23 00:00:00,571.22,72.0
2017-07-23 01:00:00,528.97,72.0
2017-07-23 02:00:00,522.01,72.0
2017-07-23 03:00:00,523.63,73.0
2017-07-23 04:00:00,519.51,71.1
2017-07-23 05:00:00,517.76,70.0
2017-07-23 06:00:00,514.82,69.1
2017-07-23 07:00:00,589.0,70.0
2017-07-23 08:00:00,625.38,72.0
2017-07-23 09:00:00,666.22,73.9
2017-07-23 10:00:00,673.38,73.9
2017-07-23 11:00:00,667.18,72.0
2017-07-23 12:00:00,677.53,73.9
2017-07-23 13:00:00,652.0,73.9
2017-07-23 14:00:00,668.34,75.0
2017-07-23 15:00:00,679.52,78.1
2017-07-23 16:00:00,663.23,78.1
2017-07-23 17:00:00,656.04,75.0
2017-07-23 18:00:00,633.72,73.9
2017-07-23 19:00:00,579.38,73.0
2017-07-23 20:00:00,572.53,71.1
2017-07-23 21:00:00,566.98,69.1
2017-07-23 22:00:00,567.59,66.9
2017-07-23 23:00:00,603.12,64.9
2017-07-24 00:00:00,569.39,64.0
2017-07-24 01:00:00,519.71,63.0
2017-07-24 02:00:00,515.31,62.1
2017-07-24 03:00:00,514.01,62.1
2017-07-24 04:00:00,518.36,61.0
2017-07-24 05:00:00,514.1,61.0
2017-07-24 06:00:00,573.85,62.1
2017-07-24 07:00:00,822.48,64.0
2017-07-24 08:00:00,903.58,66.0
2017-07-24 09:00:00,972.75,69.1
2017-07-24 10:00:00,1008.91,71.1
2017-07-24 11:00:00,992.06,73.0
2017-07-24 12:00:00,999.9,73.0
2017-07-24 13:00:00,1016.8,75.0
2017-07-24 14:00:00,999.76,75.9
2017-07-24 15:00:00,985.57,77.0
2017-07-24 16:00:00,978.76,78.1
2017-07-24 17:00:00,965.6,77.0
2017-07-24 18:00:00,906.47,75.9
2017-07-24 19:00:00,855.9,75.0
2017-07-24 20:00:00,821.16,73.0
2017-07-24 21:00:00,681.02,71.1
2017-07-24 22:00:00,640.08,70.0
2017-07-24 23:00:00,645.68,69.1
2017-07-25 00:00:00,615.07,68.0
2017-07-25 01:00:00,580.52,68.0
2017-07-25 02:00:00,547.41,68.0
2017-07-25 03:00:00,518.1,66.9
2017-07-25 04:00:00,514.38,68.0
2017-07-25 05:00:00,517.63,66.9
2017-07-25 06:00:00,587.65,68.0
2017-07-25 07:00:00,846.3,68.0
2017-07-25 08:00:00,927.68,69.1
2017-07-25 09:00:00,960.17,72.0
2017-07-25 10:00:00,965.43,77.0
2017-07-25 11:00:00,1002.51,79.0
2017-07-25 12:00:00,1036.72,78.1
2017-07-25 13:00:00,1024.48,79.0
2017-07-25 14:00:00,1019.63,81.0
2017-07-25 15:00:00,1013.24,81.0
2017-07-25 16:00:00,989.78,82.0
2017-07-25 17:00:00,956.11,84.0
2017-07-25 18:00:00,899.63,80.1
2017-07-25 19:00:00,891.93,79.0
2017-07-25 20:00:00,845.94,79.0
2017-07-25 21:00:00,692.4,80.1
2017-07-25 22:00:00,653.62,79.0
2017-07-25 23:00:00,659.19,78.1
2017-07-26 00:00:00,638.55,77.0
2017-07-26 01:00:00,610.33,77.0
2017-07-26 02:00:00,595.88,75.9
2017-07-26 03:00:00,591.46,75.0
2017-07-26 04:00:00,582.58,73.0
2017-07-26 05:00:00,583.11,73.0
2017-07-26 06:00:00,608.35,73.0
2017-07-26 07:00:00,865.39,72.0
2017-07-26 08:00:00,935.02,72.0
2017-07-26 09:00:00,995.91,73.0
2017-07-26 10:00:00,1019.41,73.9
2017-07-26 11:00:00,1016.61,75.0
2017-07-26 12:00:00,1027.41,78.1
2017-07-26 13:00:00,1024.47,82.0
2017-07-26 14:00:00,1019.26,81.0
2017-07-26 15:00:00,1006.05,84.0
2017-07-26 16:00:00,984.8,84.0
2017-07-26 17:00:00,956.82,84.0
2017-07-26 18:00:00,917.03,82.0
2017-07-26 19:00:00,887.91,80.1
2017-07-26 20:00:00,811.7,77.0
2017-07-26 21:00:00,676.04,77.0
2017-07-26 22:00:00,650.41,75.0
2017-07-26 23:00:00,652.74,71.1
2017-07-27 00:00:00,620.4,69.1
2017-07-27 01:00:00,589.44,70.0
2017-07-27 02:00:00,574.87,69.1
2017-07-27 03:00:00,577.08,68.0
2017-07-27 04:00:00,571.62,68.0
2017-07-27 05:00:00,570.53,66.9
2017-07-27 06:00:00,593.16,68.0
2017-07-27 07:00:00,842.73,71.1
2017-07-27 08:00:00,934.59,75.0
2017-07-27 09:00:00,980.99,78.1
2017-07-27 10:00:00,976.25,80.1
2017-07-27 11:00:00,1008.48,82.0
2017-07-27 12:00:00,1008.04,84.0
2017-07-27 13:00:00,995.81,84.0
2017-07-27 14:00:00,997.0,84.0
2017-07-27 15:00:00,978.51,82.9
2017-07-27 16:00:00,956.08,84.9
2017-07-27 17:00:00,935.33,84.0
2017-07-27 18:00:00,903.14,82.9
2017-07-27 19:00:00,867.69,82.0
2017-07-27 20:00:00,830.63,78.1
2017-07-27 21:00:00,536.29,75.9
2017-07-27 22:00:00,648.41,73.9
2017-07-27 23:00:00,657.1,73.9
2017-07-28 00:00:00,619.86,71.1
2017-07-28 01:00:00,588.8,70.0
2017-07-28 02:00:00,573.48,69.1
2017-07-28 03:00:00,573.33,68.0
2017-07-28 04:00:00,565.67,66.0
2017-07-28 05:00:00,569.21,66.0
2017-07-28 06:00:00,597.34,66.9
2017-07-28 07:00:00,860.63,70.0
2017-07-28 08:00:00,942.79,73.0
2017-07-28 09:00:00,971.88,75.9
2017-07-28 10:00:00,995.61,80.1
2017-07-28 11:00:00,1004.17,80.1
2017-07-28 12:00:00,998.96,82.0
2017-07-28 13:00:00,985.94,82.0
2017-07-28 14:00:00,986.48,82.0
2017-07-28 15:00:00,973.0,82.9
2017-07-28 16:00:00,934.33,82.0
2017-07-28 17:00:00,906.66,81.0
2017-07-28 18:00:00,881.42,81.0
2017-07-28 19:00:00,861.87,80.1
2017-07-28 20:00:00,803.27,77.0
2017-07-28 21:00:00,663.31,73.9
2017-07-28 22:00:00,639.92,73.9
2017-07-28 23:00:00,631.02,71.1
2017-07-29 00:00:00,609.87,71.1
2017-07-29 01:00:00,581.51,68.0
2017-07-29 02:00:00,564.53,69.1
2017-07-29 03:00:00,564.44,66.9
2017-07-29 04:00:00,564.39,64.9
2017-07-29 05:00:00,561.87,64.9
2017-07-29 06:00:00,566.89,66.9
2017-07-29 07:00:00,707.46,71.1
2017-07-29 08:00:00,732.3,73.9
2017-07-29 09:00:00,781.16,78.1
2017-07-29 10:00:00,761.6,79.0
2017-07-29 11:00:00,771.54,81.0
2017-07-29 12:00:00,771.51,82.9
2017-07-29 13:00:00,763.78,81.0
2017-07-29 14:00:00,742.79,82.9
2017-07-29 15:00:00,716.67,84.0
2017-07-29 16:00:00,711.48,82.9
2017-07-29 17:00:00,693.95,82.9
2017-07-29 18:00:00,680.77,82.0
2017-07-29 19:00:00,592.04,81.0
2017-07-29 20:00:00,586.6,80.1
2017-07-29 21:00:00,580.69,77.0
2017-07-29 22:00:00,577.08,75.0
2017-07-29 23:00:00,597.55,75.9
2017-07-30 00:00:00,591.4,71.1
2017-07-30 01:00:00,562.15,70.0
2017-07-30 02:00:00,562.24,68.0
2017-07-30 03:00:00,561.48,68.0
2017-07-30 04:00:00,562.49,66.0
2017-07-30 05:00:00,562.52,68.0
2017-07-30 06:00:00,565.48,69.1
2017-07-30 07:00:00,625.46,72.0
2017-07-30 08:00:00,663.29,75.0
2017-07-30 09:00:00,681.24,78.1
2017-07-30 10:00:00,678.29,80.1
2017-07-30 11:00:00,690.93,82.0
2017-07-30 12:00:00,694.13,82.9
2017-07-30 13:00:00,685.21,82.9
2017-07-30 14:00:00,711.97,84.0
2017-07-30 15:00:00,693.14,84.9
2017-07-30 16:00:00,681.34,84.0
2017-07-30 17:00:00,669.97,84.0
2017-07-30 18:00:00,655.02,82.9
2017-07-30 19:00:00,600.83,82.0
2017-07-30 20:00:00,589.87,81.0
2017-07-30 21:00:00,579.03,78.1
2017-07-30 22:00:00,584.14,78.1
2017-07-30 23:00:00,610.17,77.0
2017-07-31 00:00:00,594.19,73.0
2017-07-31 01:00:00,571.62,73.0
2017-07-31 02:00:00,567.52,72.0
2017-07-31 03:00:00,571.3,72.0
2017-07-31 04:00:00,566.78,71.1
2017-07-31 05:00:00,570.47,71.1
2017-07-31 06:00:00,593.98,70.0
2017-07-31 07:00:00,896.75,73.9
2017-07-31 08:00:00,971.17,78.1
2017-07-31 09:00:00,1011.45,79.0
2017-07-31 10:00:00,1021.76,81.0
2017-07-31 11:00:00,1025.86,82.9
2017-07-31 12:00:00,1045.03,84.0
2017-07-31 13:00:00,1044.1,82.9
2017-07-31 14:00:00,1027.16,84.0
2017-07-31 15:00:00,1023.3,82.9
2017-07-31 16:00:00,1000.15,82.9
2017-07-31 17:00:00,948.29,82.0
2017-07-31 18:00:00,919.58,81.0
2017-07-31 19:00:00,905.38,81.0
2017-07-31 20:00:00,832.87,80.1
2017-07-31 21:00:00,689.68,79.0
2017-07-31 22:00:00,656.99,77.0
2017-07-31 23:00:00,653.15,73.9
2017-08-01 00:00:00,622.32,73.9
2017-08-01 01:00:00,584.55,72.0
2017-08-01 02:00:00,555.26,71.1
2017-08-01 03:00:00,529.69,70.0
2017-08-01 04:00:00,525.99,69.1
2017-08-01 05:00:00,528.22,66.9
2017-08-01 06:00:00,591.89,68.0
2017-08-01 07:00:00,881.6,70.0
2017-08-01 08:00:00,909.13,72.0
2017-08-01 09:00:00,967.97,73.9
2017-08-01 10:00:00,980.7,79.0
2017-08-01 11:00:00,1018.8,82.0
2017-08-01 12:00:00,1040.55,84.9
2017-08-01 13:00:00,1044.64,84.9
2017-08-01 14:00:00,1026.85,86.0
2017-08-01 15:00:00,1025.15,88.0
2017-08-01 16:00:00,992.86,88.0
2017-08-01 17:00:00,951.09,87.1
2017-08-01 18:00:00,912.4,84.0
2017-08-01 19:00:00,885.46,82.0
2017-08-01 20:00:00,826.38,79.0
2017-08-01 21:00:00,665.84,78.1
2017-08-01 22:00:00,650.83,77.0
2017-08-01 23:00:00,656.82,73.9
2017-08-02 00:00:00,612.12,73.9
2017-08-02 01:00:00,580.92,73.0
2017-08-02 02:00:00,551.19,71.1
2017-08-02 03:00:00,522.37,70.0
2017-08-02 04:00:00,516.41,70.0
2017-08-02 05:00:00,518.15,68.0
2017-08-02 06:00:00,583.55,66.9
2017-08-02 07:00:00,853.36,69.1
2017-08-02 08:00:00,909.92,73.0
2017-08-02 09:00:00,985.65,75.0
2017-08-02 10:00:00,1000.88,78.1
2017-08-02 11:00:00,1015.74,81.0
2017-08-02 12:00:00,1024.63,81.0
2017-08-02 13:00:00,1013.33,80.1
2017-08-02 14:00:00,1003.08,82.0
2017-08-02 15:00:00,1006.37,82.9
2017-08-02 16:00:00,983.01,80.1
2017-08-02 17:00:00,926.98,80.1
2017-08-02 18:00:00,894.1,79.0
2017-08-02 19:00:00,887.18,75.9
2017-08-02 20:00:00,838.88,73.9
2017-08-02 21:00:00,691.93,72.0
2017-08-02 22:00:00,645.91,70.0
2017-08-02 23:00:00,650.5,69.1
2017-08-03 00:00:00,617.31,68.0
2017-08-03 01:00:00,577.94,66.0
2017-08-03 02:00:00,555.68,66.0
2017-08-03 03:00:00,522.72,64.9
2017-08-03 04:00:00,523.06,66.0
2017-08-03 05:00:00,521.44,66.0
2017-08-03 06:00:00,581.62,64.9
2017-08-03 07:00:00,853.92,60.1
2017-08-03 08:00:00,909.24,59.0
2017-08-03 09:00:00,945.11,57.9
2017-08-03 10:00:00,968.81,57.0
2017-08-03 11:00:00,966.86,55.0
2017-08-03 12:00:00,972.96,55.9
2017-08-03 13:00:00,965.32,55.9
2017-08-03 14:00:00,972.2,57.0
2017-08-03 15:00:00,959.4,57.0
2017-08-03 16:00:00,939.74,59.0
2017-08-03 17:00:00,906.62,55.9
2017-08-03 18:00:00,867.23,57.0
2017-08-03 19:00:00,843.48,57.0
2017-08-03 20:00:00,806.33,57.0
2017-08-03 21:00:00,662.35,55.9
2017-08-03 22:00:00,631.3,55.0
2017-08-03 23:00:00,633.49,54.0
2017-08-04 00:00:00,605.88,54.0
2017-08-04 01:00:00,579.72,55.0
2017-08-04 02:00:00,547.95,55.9
2017-08-04 03:00:00,516.75,55.0
2017-08-04 04:00:00,510.44,55.0
2017-08-04 05:00:00,513.78,55.0
2017-08-04 06:00:00,581.16,55.0
2017-08-04 07:00:00,786.34,57.0
2017-08-04 08:00:00,861.97,62.1
2017-08-04 09:00:00,926.14,64.9
2017-08-04 10:00:00,973.8,69.1
2017-08-04 11:00:00,965.91,72.0
2017-08-04 12:00:00,967.92,75.0
2017-08-04 13:00:00,953.01,77.0
2017-08-04 14:00:00,955.39,73.9
2017-08-04 15:00:00,947.76,75.0
2017-08-04 16:00:00,927.59,78.1
2017-08-04 17:00:00,883.32,77.0
2017-08-04 18:00:00,860.64,77.0
2017-08-04 19:00:00,845.54,73.0
2017-08-04 20:00:00,811.52,71.1
2017-08-04 21:00:00,663.48,70.0
2017-08-04 22:00:00,636.99,68.0
2017-08-04 23:00:00,623.38,66.0
2017-08-05 00:00:00,602.48,63.0
2017-08-05 01:00:00,569.61,64.0
2017-08-05 02:00:00,558.35,61.0
2017-08-05 03:00:00,553.81,61.0
2017-08-05 04:00:00,553.83,60.1
2017-08-05 05:00:00,552.7,57.9
2017-08-05 06:00:00,550.66,60.1
2017-08-05 07:00:00,676.51,61.0
2017-08-05 08:00:00,717.4,64.9
2017-08-05 09:00:00,742.32,68.0
2017-08-05 10:00:00,739.86,70.0
2017-08-05 11:00:00,742.22,73.0
2017-08-05 12:00:00,733.99,77.0
2017-08-05 13:00:00,734.43,75.9
2017-08-05 14:00:00,735.7,75.9
2017-08-05 15:00:00,695.92,73.0
2017-08-05 16:00:00,697.75,75.0
2017-08-05 17:00:00,668.14,66.0
2017-08-05 18:00:00,657.23,64.9
2017-08-05 19:00:00,571.76,66.9
2017-08-05 20:00:00,566.16,68.0
2017-08-05 21:00:00,564.48,64.9
2017-08-05 22:00:00,565.11,66.0
2017-08-05 23:00:00,591.58,64.0
2017-08-06 00:00:00,564.9,62.1
2017-08-06 01:00:00,515.06,64.0
2017-08-06 02:00:00,517.79,64.0
2017-08-06 03:00:00,511.4,64.0
2017-08-06 04:00:00,518.26,63.0
2017-08-06 05:00:00,519.36,64.0
2017-08-06 06:00:00,517.76,64.0
2017-08-06 07:00:00,587.39,64.9
2017-08-06 08:00:00,627.45,66.9
2017-08-06 09:00:00,644.82,69.1
2017-08-06 10:00:00,650.4,72.0
2017-08-06 11:00:00,645.98,75.0
2017-08-06 12:00:00,666.38,75.9
2017-08-06 13:00:00,651.81,71.1
2017-08-06 14:00:00,651.79,69.1
2017-08-06 15:00:00,657.99,69.1
2017-08-06 16:00:00,648.5,70.0
2017-08-06 17:00:00,655.53,70.0
2017-08-06 18:00:00,631.87,69.1
2017-08-06 19:00:00,575.22,66.0
2017-08-06 20:00:00,567.52,64.0
2017-08-06 21:00:00,568.92,64.0
2017-08-06 22:00:00,570.32,63.0
2017-08-06 23:00:00,602.52,63.0
2017-08-07 00:00:00,573.95,62.1
2017-08-07 01:00:00,520.1,61.0
2017-08-07 02:00:00,516.97,60.1
2017-08-07 03:00:00,517.76,60.1
2017-08-07 04:00:00,520.55,57.0
2017-08-07 05:00:00,522.77,57.9
2017-08-07 06:00:00,583.43,59.0
2017-08-07 07:00:00,814.68,62.1
2017-08-07 08:00:00,895.57,64.9
2017-08-07 09:00:00,938.49,68.0
2017-08-07 10:00:00,1015.57,72.0
2017-08-07 11:00:00,994.59,73.9
2017-08-07 12:00:00,1005.2,78.1
2017-08-07 13:00:00,990.33,79.0
2017-08-07 14:00:00,968.4,77.0
2017-08-07 15:00:00,955.35,80.1
2017-08-07 16:00:00,950.36,81.0
2017-08-07 17:00:00,914.09,81.0
2017-08-07 18:00:00,880.44,78.1
2017-08-07 19:00:00,848.55,75.9
2017-08-07 20:00:00,797.98,75.9
2017-08-07 21:00:00,675.3,72.0
2017-08-07 22:00:00,651.06,70.0
2017-08-07 23:00:00,642.97,68.0
2017-08-08 00:00:00,611.56,68.0
2017-08-08 01:00:00,578.24,66.0
2017-08-08 02:00:00,550.28,66.0
2017-08-08 03:00:00,516.05,64.0
2017-08-08 04:00:00,517.81,63.0
2017-08-08 05:00:00,514.81,62.1
2017-08-08 06:00:00,585.58,62.1
2017-08-08 07:00:00,827.82,64.9
2017-08-08 08:00:00,884.08,70.0
2017-08-08 09:00:00,933.46,73.9
2017-08-08 10:00:00,980.41,75.9
2017-08-08 11:00:00,996.58,79.0
2017-08-08 12:00:00,995.01,81.0
2017-08-08 13:00:00,997.87,80.1
2017-08-08 14:00:00,995.88,82.9
2017-08-08 15:00:00,989.52,82.9
2017-08-08 16:00:00,975.63,82.0
2017-08-08 17:00:00,960.97,81.0
2017-08-08 18:00:00,909.1,81.0
2017-08-08 19:00:00,864.66,79.0
2017-08-08 20:00:00,829.73,78.1
2017-08-08 21:00:00,703.4,75.0
2017-08-08 22:00:00,656.04,73.0
2017-08-08 23:00:00,648.28,72.0
2017-08-09 00:00:00,611.04,70.0
2017-08-09 01:00:00,579.57,70.0
2017-08-09 02:00:00,554.0,69.1
2017-08-09 03:00:00,527.07,68.0
2017-08-09 04:00:00,522.22,66.9
2017-08-09 05:00:00,525.78,66.0
2017-08-09 06:00:00,587.01,66.0
2017-08-09 07:00:00,840.09,66.0
2017-08-09 08:00:00,895.75,69.1
2017-08-09 09:00:00,966.27,66.9
2017-08-09 10:00:00,1005.74,68.0
2017-08-09 11:00:00,1004.56,69.1
2017-08-09 12:00:00,1008.7,64.9
2017-08-09 13:00:00,1015.77,66.0
2017-08-09 14:00:00,1021.28,66.0
2017-08-09 15:00:00,1000.25,66.9
2017-08-09 16:00:00,968.45,68.0
2017-08-09 17:00:00,938.83,66.0
2017-08-09 18:00:00,889.03,66.9
2017-08-09 19:00:00,845.0,66.9
2017-08-09 20:00:00,802.2,68.0
2017-08-09 21:00:00,668.9,66.9
2017-08-09 22:00:00,642.41,66.9
2017-08-09 23:00:00,642.0,66.9
2017-08-10 00:00:00,618.84,63.0
2017-08-10 01:00:00,588.65,62.1
2017-08-10 02:00:00,559.92,61.0
2017-08-10 03:00:00,530.19,61.0
2017-08-10 04:00:00,526.95,62.1
2017-08-10 05:00:00,523.27,62.1
2017-08-10 06:00:00,586.86,62.1
2017-08-10 07:00:00,821.2,62.1
2017-08-10 08:00:00,909.89,62.1
2017-08-10 09:00:00,942.06,64.9
2017-08-10 10:00:00,965.48,66.9
2017-08-10 11:00:00,961.21,72.0
2017-08-10 12:00:00,1023.83,71.1
2017-08-10 13:00:00,1003.11,72.0
2017-08-10 14:00:00,970.05,69.1
2017-08-10 15:00:00,981.14,71.1
2017-08-10 16:00:00,961.05,71.1
2017-08-10 17:00:00,946.53,72.0
2017-08-10 18:00:00,898.48,71.1
2017-08-10 19:00:00,864.3,69.1
2017-08-10 20:00:00,796.62,66.9
2017-08-10 21:00:00,672.48,66.0
2017-08-10 22:00:00,634.81,64.9
2017-08-10 23:00:00,633.26,63.0
2017-08-11 00:00:00,613.48,62.1
2017-08-11 01:00:00,589.75,61.0
2017-08-11 02:00:00,555.64,60.1
2017-08-11 03:00:00,520.41,59.0
2017-08-11 04:00:00,523.5,59.0
2017-08-11 05:00:00,527.75,59.0
2017-08-11 06:00:00,592.67,59.0
2017-08-11 07:00:00,810.87,60.1
2017-08-11 08:00:00,896.89,64.9
2017-08-11 09:00:00,925.22,69.1
2017-08-11 10:00:00,963.78,73.0
2017-08-11 11:00:00,981.96,73.9
2017-08-11 12:00:00,990.84,77.0
2017-08-11 13:00:00,972.64,75.9
2017-08-11 14:00:00,963.94,78.1
2017-08-11 15:00:00,953.56,77.0
2017-08-11 16:00:00,939.52,78.1
2017-08-11 17:00:00,893.33,75.9
2017-08-11 18:00:00,864.98,75.9
2017-08-11 19:00:00,843.43,75.0
2017-08-11 20:00:00,790.59,72.0
2017-08-11 21:00:00,662.22,68.0
2017-08-11 22:00:00,633.32,66.9
2017-08-11 23:00:00,619.97,66.9
2017-08-12 00:00:00,608.6,66.0
2017-08-12 01:00:00,571.33,64.9
2017-08-12 02:00:00,559.68,63.0
2017-08-12 03:00:00,550.36,62.1
2017-08-12 04:00:00,551.65,59.0
2017-08-12 05:00:00,549.14,57.9
2017-08-12 06:00:00,555.08,60.1
2017-08-12 07:00:00,676.25,64.9
2017-08-12 08:00:00,715.9,68.0
2017-08-12 09:00:00,755.16,71.1
2017-08-12 10:00:00,764.42,73.9
2017-08-12 11:00:00,764.06,75.9
2017-08-12 12:00:00,763.2,78.1
2017-08-12 13:00:00,752.98,77.0
2017-08-12 14:00:00,747.38,78.1
2017-08-12 15:00:00,714.68,78.1
2017-08-12 16:00:00,712.23,79.0
2017-08-12 17:00:00,673.56,78.1
2017-08-12 18:00:00,662.85,75.0
2017-08-12 19:00:00,584.01,73.0
2017-08-12 20:00:00,570.35,72.0
2017-08-12 21:00:00,563.47,68.0
2017-08-12 22:00:00,562.44,70.0
2017-08-12 23:00:00,587.29,66.9
2017-08-13 00:00:00,564.58,64.9
2017-08-13 01:00:00,519.18,64.9
2017-08-13 02:00:00,511.26,63.0
2017-08-13 03:00:00,510.18,62.1
2017-08-13 04:00:00,510.27,62.1
2017-08-13 05:00:00,510.18,62.1
2017-08-13 06:00:00,505.3,62.1
2017-08-13 07:00:00,583.73,62.1
2017-08-13 08:00:00,635.9,64.0
2017-08-13 09:00:00,651.95,66.0
2017-08-13 10:00:00,664.0,66.9
2017-08-13 11:00:00,657.49,71.1
2017-08-13 12:00:00,652.11,70.0
2017-08-13 13:00:00,656.14,68.0
2017-08-13 14:00:00,668.15,66.0
2017-08-13 15:00:00,665.9,68.0
2017-08-13 16:00:00,678.37,71.1
2017-08-13 17:00:00,643.51,71.1
2017-08-13 18:00:00,652.94,70.0
2017-08-13 19:00:00,580.73,68.0
2017-08-13 20:00:00,570.96,68.0
2017-08-13 21:00:00,575.29,66.9
2017-08-13 22:00:00,574.4,64.9
2017-08-13 23:00:00,599.17,63.0
2017-08-14 00:00:00,568.43,63.0
2017-08-14 01:00:00,522.72,63.0
2017-08-14 02:00:00,515.98,63.0
2017-08-14 03:00:00,514.76,63.0
2017-08-14 04:00:00,517.85,63.0
2017-08-14 05:00:00,515.01,62.1
2017-08-14 06:00:00,582.8,62.1
2017-08-14 07:00:00,838.31,63.0
2017-08-14 08:00:00,897.37,64.0
2017-08-14 09:00:00,945.6,64.9
2017-08-14 10:00:00,998.58,66.0
2017-08-14 11:00:00,991.49,66.0
2017-08-14 12:00:00,983.68,68.0
2017-08-14 13:00:00,987.42,70.0
2017-08-14 14:00:00,982.36,71.1
2017-08-14 15:00:00,978.49,73.0
2017-08-14 16:00:00,951.66,73.0
2017-08-14 17:00:00,939.29,73.0
2017-08-14 18:00:00,907.85,73.9
2017-08-14 19:00:00,868.86,73.0
2017-08-14 20:00:00,826.34,70.0
2017-08-14 21:00:00,700.17,66.9
2017-08-14 22:00:00,654.72,66.0
2017-08-14 23:00:00,650.08,64.9
2017-08-15 00:00:00,627.97,64.0
2017-08-15 01:00:00,591.13,62.1
2017-08-15 02:00:00,562.52,62.1
2017-08-15 03:00:00,535.15,61.0
2017-08-15 04:00:00,528.64,61.0
2017-08-15 05:00:00,530.19,60.1
2017-08-15 06:00:00,595.35,62.1
2017-08-15 07:00:00,839.46,62.1
2017-08-15 08:00:00,882.06,62.1
2017-08-15 09:00:00,944.4,64.0
2017-08-15 10:00:00,976.18,66.9
2017-08-15 11:00:00,978.98,70.0
2017-08-15 12:00:00,998.73,72.0
2017-08-15 13:00:00,999.72,75.0
2017-08-15 14:00:00,994.35,77.0
2017-08-15 15:00:00,978.92,75.9
2017-08-15 16:00:00,965.7,75.9
2017-08-15 17:00:00,939.91,75.0
2017-08-15 18:00:00,897.26,73.0
2017-08-15 19:00:00,890.04,71.1
2017-08-15 20:00:00,842.32,70.0
2017-08-15 21:00:00,697.71,69.1
2017-08-15 22:00:00,665.8,68.0
2017-08-15 23:00:00,673.82,66.9
2017-08-16 00:00:00,644.77,66.9
2017-08-16 01:00:00,618.54,66.9
2017-08-16 02:00:00,589.3,66.0
2017-08-16 03:00:00,558.34,64.0
2017-08-16 04:00:00,553.1,64.9
2017-08-16 05:00:00,551.82,66.0
2017-08-16 06:00:00,611.9,66.0
2017-08-16 07:00:00,856.33,66.0
2017-08-16 08:00:00,950.23,66.9
2017-08-16 09:00:00,962.84,66.9
2017-08-16 10:00:00,988.43,68.0
2017-08-16 11:00:00,1002.8,71.1
2017-08-16 12:00:00,1025.42,72.0
2017-08-16 13:00:00,1015.34,75.0
2017-08-16 14:00:00,1023.94,75.9
2017-08-16 15:00:00,1025.06,78.1
2017-08-16 16:00:00,1016.37,78.1
2017-08-16 17:00:00,974.28,77.0
2017-08-16 18:00:00,924.62,75.9
2017-08-16 19:00:00,899.61,73.9
2017-08-16 20:00:00,879.4,72.0
2017-08-16 21:00:00,715.5,70.0
2017-08-16 22:00:00,674.46,71.1
2017-08-16 23:00:00,672.47,72.0
2017-08-17 00:00:00,643.19,72.0
2017-08-17 01:00:00,609.91,69.1
2017-08-17 02:00:00,584.28,68.0
2017-08-17 03:00:00,549.77,66.9
2017-08-17 04:00:00,546.33,66.9
2017-08-17 05:00:00,547.26,66.9
2017-08-17 06:00:00,605.73,66.0
2017-08-17 07:00:00,832.44,66.9
2017-08-17 08:00:00,919.51,68.0
2017-08-17 09:00:00,956.74,66.9
2017-08-17 10:00:00,979.12,66.0
2017-08-17 11:00:00,981.26,66.0
2017-08-17 12:00:00,988.68,64.9
2017-08-17 13:00:00,986.04,70.0
2017-08-17 14:00:00,977.41,72.0
2017-08-17 15:00:00,994.48,73.0
2017-08-17 16:00:00,995.26,73.0
2017-08-17 17:00:00,952.29,72.0
2017-08-17 18:00:00,890.78,72.0
2017-08-17 19:00:00,863.76,71.1
2017-08-17 20:00:00,832.3,71.1
2017-08-17 21:00:00,706.6,69.1
2017-08-17 22:00:00,656.87,66.0
2017-08-17 23:00:00,654.76,64.0
2017-08-18 00:00:00,625.92,63.0
2017-08-18 01:00:00,595.07,63.0
2017-08-18 02:00:00,566.98,62.1
2017-08-18 03:00:00,539.38,61.0
2017-08-18 04:00:00,537.63,61.0
2017-08-18 05:00:00,539.92,61.0
2017-08-18 06:00:00,600.06,63.0
2017-08-18 07:00:00,807.36,63.0
2017-08-18 08:00:00,886.16,66.0
2017-08-18 09:00:00,923.72,66.9
2017-08-18 10:00:00,955.61,66.0
2017-08-18 11:00:00,957.35,66.9
2017-08-18 12:00:00,967.66,66.0
2017-08-18 13:00:00,975.98,64.9
2017-08-18 14:00:00,961.4,68.0
2017-08-18 15:00:00,942.31,73.0
2017-08-18 16:00:00,904.05,73.0
2017-08-18 17:00:00,889.49,73.0
2017-08-18 18:00:00,860.73,72.0
2017-08-18 19:00:00,837.93,71.1
2017-08-18 20:00:00,806.51,69.1
2017-08-18 21:00:00,686.37,68.0
2017-08-18 22:00:00,650.47,66.9
2017-08-18 23:00:00,636.93,66.0
2017-08-19 00:00:00,627.88,63.0
2017-08-19 01:00:00,601.45,62.1
2017-08-19 02:00:00,582.42,62.1
2017-08-19 03:00:00,574.64,62.1
2017-08-19 04:00:00,577.64,61.0
2017-08-19 05:00:00,575.99,60.1
2017-08-19 06:00:00,574.97,60.1
2017-08-19 07:00:00,689.17,61.0
2017-08-19 08:00:00,735.49,63.0
2017-08-19 09:00:00,774.36,64.0
2017-08-19 10:00:00,789.85,69.1
2017-08-19 11:00:00,813.68,73.0
2017-08-19 12:00:00,790.1,75.0
2017-08-19 13:00:00,762.58,78.1
2017-08-19 14:00:00,758.87,78.1
2017-08-19 15:00:00,722.79,79.0
2017-08-19 16:00:00,723.91,80.1
2017-08-19 17:00:00,708.8,80.1
2017-08-19 18:00:00,689.4,79.0
2017-08-19 19:00:00,601.6,77.0
2017-08-19 20:00:00,587.31,75.9
2017-08-19 21:00:00,586.64,71.1
2017-08-19 22:00:00,587.72,70.0
2017-08-19 23:00:00,619.09,69.1
2017-08-20 00:00:00,592.12,69.1
2017-08-20 01:00:00,546.47,69.1
2017-08-20 02:00:00,540.63,68.0
2017-08-20 03:00:00,538.32,66.0
2017-08-20 04:00:00,536.77,66.9
2017-08-20 05:00:00,536.82,66.9
2017-08-20 06:00:00,539.4,66.0
2017-08-20 07:00:00,605.06,66.9
2017-08-20 08:00:00,640.85,71.1
2017-08-20 09:00:00,671.62,75.9
2017-08-20 10:00:00,696.81,78.1
2017-08-20 11:00:00,697.41,82.0
2017-08-20 12:00:00,694.39,82.9
2017-08-20 13:00:00,701.27,84.0
2017-08-20 14:00:00,725.19,84.0
2017-08-20 15:00:00,717.32,86.0
2017-08-20 16:00:00,715.24,84.9
2017-08-20 17:00:00,695.8,82.0
2017-08-20 18:00:00,672.13,81.0
2017-08-20 19:00:00,608.18,79.0
2017-08-20 20:00:00,603.01,75.0
2017-08-20 21:00:00,610.62,73.9
2017-08-20 22:00:00,602.11,73.0
2017-08-20 23:00:00,630.35,71.1
2017-08-21 00:00:00,602.92,70.0
2017-08-21 01:00:00,547.57,68.0
2017-08-21 02:00:00,540.29,69.1
2017-08-21 03:00:00,540.81,69.1
2017-08-21 04:00:00,539.1,66.9
2017-08-21 05:00:00,539.39,66.0
2017-08-21 06:00:00,606.99,68.0
2017-08-21 07:00:00,854.34,68.0
2017-08-21 08:00:00,903.51,68.0
2017-08-21 09:00:00,970.69,73.0
2017-08-21 10:00:00,979.01,78.1
2017-08-21 11:00:00,995.25,79.0
2017-08-21 12:00:00,994.0,78.1
2017-08-21 13:00:00,1003.34,77.0
2017-08-21 14:00:00,987.51,73.0
2017-08-21 15:00:00,972.31,72.0
2017-08-21 16:00:00,954.7,70.0
2017-08-21 17:00:00,915.23,69.1
2017-08-21 18:00:00,879.06,70.0
2017-08-21 19:00:00,857.51,70.0
2017-08-21 20:00:00,833.57,69.1
2017-08-21 21:00:00,696.26,69.1
2017-08-21 22:00:00,663.64,70.0
2017-08-21 23:00:00,658.73,68.0
2017-08-22 00:00:00,632.47,66.9
2017-08-22 01:00:00,601.5,66.0
2017-08-22 02:00:00,575.42,64.9
2017-08-22 03:00:00,544.84,63.0
2017-08-22 04:00:00,546.16,63.0
2017-08-22 05:00:00,540.2,61.0
2017-08-22 06:00:00,603.76,60.1
2017-08-22 07:00:00,813.44,61.0
2017-08-22 08:00:00,873.91,63.0
2017-08-22 09:00:00,927.52,66.0
2017-08-22 10:00:00,923.87,68.0
2017-08-22 11:00:00,954.48,71.1
2017-08-22 12:00:00,960.98,73.9
2017-08-22 13:00:00,982.69,75.0
2017-08-22 14:00:00,979.41,75.0
2017-08-22 15:00:00,955.27,73.9
2017-08-22 16:00:00,945.83,73.9
2017-08-22 17:00:00,930.93,73.0
2017-08-22 18:00:00,882.47,71.1
2017-08-22 19:00:00,850.93,69.1
2017-08-22 20:00:00,811.5,66.9
2017-08-22 21:00:00,691.38,66.9
2017-08-22 22:00:00,653.47,64.0
2017-08-22 23:00:00,654.26,62.1
2017-08-23 00:00:00,629.78,61.0
2017-08-23 01:00:00,601.0,60.1
2017-08-23 02:00:00,570.4,60.1
2017-08-23 03:00:00,538.12,60.1
2017-08-23 04:00:00,539.05,59.0
2017-08-23 05:00:00,535.12,57.0
2017-08-23 06:00:00,604.58,57.0
2017-08-23 07:00:00,809.47,59.0
2017-08-23 08:00:00,861.13,63.0
2017-08-23 09:00:00,898.34,66.9
2017-08-23 10:00:00,956.32,70.0
2017-08-23 11:00:00,958.62,71.1
2017-08-23 12:00:00,968.94,73.0
2017-08-23 13:00:00,990.75,75.0
2017-08-23 14:00:00,978.22,75.9
2017-08-23 15:00:00,955.32,75.9
2017-08-23 16:00:00,938.02,75.9
2017-08-23 17:00:00,917.08,75.0
2017-08-23 18:00:00,889.58,73.9
2017-08-23 19:00:00,856.47,72.0
2017-08-23 20:00:00,805.39,70.0
2017-08-23 21:00:00,678.83,68.0
2017-08-23 22:00:00,642.57,66.0
2017-08-23 23:00:00,633.88,64.9
2017-08-24 00:00:00,606.08,64.9
2017-08-24 01:00:00,572.36,64.0
2017-08-24 02:00:00,547.03,61.0
2017-08-24 03:00:00,515.38,61.0
2017-08-24 04:00:00,517.43,60.1
2017-08-24 05:00:00,518.36,60.1
2017-08-24 06:00:00,577.54,59.0
2017-08-24 07:00:00,830.88,60.1
2017-08-24 08:00:00,880.25,61.0
2017-08-24 09:00:00,928.05,63.0
2017-08-24 10:00:00,964.2,64.9
2017-08-24 11:00:00,973.96,68.0
2017-08-24 12:00:00,978.97,70.0
2017-08-24 13:00:00,988.86,72.0
2017-08-24 14:00:00,982.96,72.0
2017-08-24 15:00:00,987.15,72.0
2017-08-24 16:00:00,957.91,72.0
2017-08-24 17:00:00,918.42,71.1
2017-08-24 18:00:00,881.75,70.0
2017-08-24 19:00:00,854.29,68.0
2017-08-24 20:00:00,821.44,66.9
2017-08-24 21:00:00,706.88,64.9
2017-08-24 22:00:00,638.8,64.0
2017-08-24 23:00:00,632.73,64.0
2017-08-25 00:00:00,605.33,63.0
2017-08-25 01:00:00,573.31,62.1
2017-08-25 02:00:00,543.93,63.0
2017-08-25 03:00:00,512.9,62.1
2017-08-25 04:00:00,511.94,62.1
2017-08-25 05:00:00,512.77,60.1
2017-08-25 06:00:00,572.43,57.9
2017-08-25 07:00:00,822.24,57.9
2017-08-25 08:00:00,878.38,59.0
2017-08-25 09:00:00,943.57,61.0
2017-08-25 10:00:00,940.39,63.0
2017-08-25 11:00:00,956.61,66.0
2017-08-25 12:00:00,977.55,69.1
2017-08-25 13:00:00,971.3,70.0
2017-08-25 14:00:00,986.43,70.0
2017-08-25 15:00:00,962.36,70.0
2017-08-25 16:00:00,919.91,70.0
2017-08-25 17:00:00,889.87,70.0
2017-08-25 18:00:00,856.74,68.0
2017-08-25 19:00:00,826.98,66.9
2017-08-25 20:00:00,792.88,66.9
2017-08-25 21:00:00,668.2,66.0
2017-08-25 22:00:00,627.85,63.0
2017-08-25 23:00:00,618.8,62.1
2017-08-26 00:00:00,610.52,62.1
2017-08-26 01:00:00,568.48,62.1
2017-08-26 02:00:00,559.23,61.0
2017-08-26 03:00:00,552.07,61.0
2017-08-26 04:00:00,554.32,61.0
2017-08-26 05:00:00,553.08,61.0
2017-08-26 06:00:00,558.49,61.0
2017-08-26 07:00:00,671.32,61.0
2017-08-26 08:00:00,712.14,61.0
2017-08-26 09:00:00,732.19,62.1
2017-08-26 10:00:00,741.37,64.0
2017-08-26 11:00:00,741.79,66.0
2017-08-26 12:00:00,739.31,66.9
2017-08-26 13:00:00,733.83,66.0
2017-08-26 14:00:00,723.13,64.9
2017-08-26 15:00:00,694.84,64.9
2017-08-26 16:00:00,687.31,66.0
2017-08-26 17:00:00,660.36,66.0
2017-08-26 18:00:00,640.22,66.0
2017-08-26 19:00:00,568.95,66.9
2017-08-26 20:00:00,566.83,66.9
2017-08-26 21:00:00,565.29,66.0
2017-08-26 22:00:00,569.27,66.9
2017-08-26 23:00:00,595.22,66.9
2017-08-27 00:00:00,569.15,66.0
2017-08-27 01:00:00,520.38,64.9
2017-08-27 02:00:00,516.8,64.9
2017-08-27 03:00:00,517.66,63.0
2017-08-27 04:00:00,519.66,63.0
2017-08-27 05:00:00,513.95,64.0
2017-08-27 06:00:00,512.63,64.0
2017-08-27 07:00:00,584.88,64.0
2017-08-27 08:00:00,617.76,64.9
2017-08-27 09:00:00,646.7,66.0
2017-08-27 10:00:00,660.1,68.0
2017-08-27 11:00:00,641.24,71.1
2017-08-27 12:00:00,661.32,72.0
2017-08-27 13:00:00,637.52,73.0
2017-08-27 14:00:00,668.59,72.0
2017-08-27 15:00:00,667.54,70.0
2017-08-27 16:00:00,658.37,69.1
2017-08-27 17:00:00,653.12,68.0
2017-08-27 18:00:00,633.7,66.9
2017-08-27 19:00:00,573.91,66.0
2017-08-27 20:00:00,570.24,66.0
2017-08-27 21:00:00,569.91,64.9
2017-08-27 22:00:00,573.17,64.9
2017-08-27 23:00:00,599.71,64.0
2017-08-28 00:00:00,573.52,64.0
2017-08-28 01:00:00,525.12,64.0
2017-08-28 02:00:00,521.96,64.0
2017-08-28 03:00:00,522.48,63.0
2017-08-28 04:00:00,519.45,62.1
2017-08-28 05:00:00,518.92,62.1
2017-08-28 06:00:00,579.26,63.0
2017-08-28 07:00:00,822.97,63.0
2017-08-28 08:00:00,907.2,63.0
2017-08-28 09:00:00,890.73,64.9
2017-08-28 10:00:00,989.57,68.0
2017-08-28 11:00:00,967.7,66.0
2017-08-28 12:00:00,985.24,69.1
2017-08-28 13:00:00,1003.52,69.1
2017-08-28 14:00:00,993.44,69.1
2017-08-28 15:00:00,981.53,71.1
2017-08-28 16:00:00,942.5,73.0
2017-08-28 17:00:00,934.1,73.9
2017-08-28 18:00:00,924.29,73.0
2017-08-28 19:00:00,874.67,70.0
2017-08-28 20:00:00,837.62,68.0
2017-08-28 21:00:00,690.34,64.9
2017-08-28 22:00:00,646.37,64.9
2017-08-28 23:00:00,643.34,64.9
2017-08-29 00:00:00,621.16,62.1
2017-08-29 01:00:00,590.04,60.1
2017-08-29 02:00:00,555.61,61.0
2017-08-29 03:00:00,525.24,59.0
2017-08-29 04:00:00,527.33,59.0
2017-08-29 05:00:00,526.6,59.0
2017-08-29 06:00:00,581.29,59.0
2017-08-29 07:00:00,825.23,62.1
2017-08-29 08:00:00,864.11,66.0
2017-08-29 09:00:00,940.62,70.0
2017-08-29 10:00:00,990.09,73.0
2017-08-29 11:00:00,984.91,73.9
2017-08-29 12:00:00,989.26,75.0
2017-08-29 13:00:00,991.61,75.9
2017-08-29 14:00:00,978.98,80.1
2017-08-29 15:00:00,974.9,78.1
2017-08-29 16:00:00,971.47,78.1
2017-08-29 17:00:00,941.01,77.0
2017-08-29 18:00:00,900.48,75.0
2017-08-29 19:00:00,862.48,73.9
2017-08-29 20:00:00,827.98,73.9
2017-08-29 21:00:00,706.88,72.0
2017-08-29 22:00:00,652.98,70.0
2017-08-29 23:00:00,653.24,69.1
2017-08-30 00:00:00,626.4,68.0
2017-08-30 01:00:00,591.14,66.9
2017-08-30 02:00:00,560.34,64.9
2017-08-30 03:00:00,531.73,64.9
2017-08-30 04:00:00,529.43,64.0
2017-08-30 05:00:00,529.73,64.0
2017-08-30 06:00:00,591.51,64.9
2017-08-30 07:00:00,835.67,66.9
2017-08-30 08:00:00,936.52,71.1
2017-08-30 09:00:00,961.16,73.9
2017-08-30 10:00:00,992.15,78.1
2017-08-30 11:00:00,999.94,80.1
2017-08-30 12:00:00,1009.63,82.0
2017-08-30 13:00:00,1019.43,82.0
2017-08-30 14:00:00,1011.9,82.0
2017-08-30 15:00:00,1009.87,81.0
2017-08-30 16:00:00,961.25,75.0
2017-08-30 17:00:00,948.56,73.9
2017-08-30 18:00:00,920.33,73.0
2017-08-30 19:00:00,871.0,72.0
2017-08-30 20:00:00,820.54,70.0
2017-08-30 21:00:00,689.89,68.0
2017-08-30 22:00:00,646.91,64.9
2017-08-30 23:00:00,641.3,64.0
2017-08-31 00:00:00,618.98,62.1
2017-08-31 01:00:00,582.75,61.0
2017-08-31 02:00:00,549.27,60.1
2017-08-31 03:00:00,521.35,59.0
2017-08-31 04:00:00,517.98,57.0
2017-08-31 05:00:00,522.72,55.9
2017-08-31 06:00:00,576.88,55.9
2017-08-31 07:00:00,813.94,57.0
2017-08-31 08:00:00,871.15,59.0
2017-08-31 09:00:00,914.38,61.0
2017-08-31 10:00:00,953.66,64.0
2017-08-31 11:00:00,955.61,66.0
2017-08-31 12:00:00,955.69,68.0
2017-08-31 13:00:00,975.51,69.1
2017-08-31 14:00:00,975.34,70.0
2017-08-31 15:00:00,940.36,70.0
2017-08-31 16:00:00,934.02,70.0
2017-08-31 17:00:00,905.68,70.0
2017-08-31 18:00:00,872.41,68.0
2017-08-31 19:00:00,855.63,66.0
2017-08-31 20:00:00,809.98,64.0
2017-08-31 21:00:00,523.44,62.1
2017-08-31 22:00:00,634.22,60.1
2017-08-31 23:00:00,632.61,60.1
2017-09-01 00:00:00,602.21,57.9
2017-09-01 01:00:00,566.08,55.9
2017-09-01 02:00:00,543.83,55.0
2017-09-01 03:00:00,510.67,54.0
2017-09-01 04:00:00,513.43,54.0
2017-09-01 05:00:00,510.11,54.0
2017-09-01 06:00:00,574.36,53.1
2017-09-01 07:00:00,797.63,53.1
2017-09-01 08:00:00,864.01,55.0
2017-09-01 09:00:00,922.62,57.9
2017-09-01 10:00:00,936.16,62.1
2017-09-01 11:00:00,958.29,64.9
2017-09-01 12:00:00,961.56,66.9
2017-09-01 13:00:00,945.8,69.1
2017-09-01 14:00:00,943.12,70.0
2017-09-01 15:00:00,913.54,72.0
2017-09-01 16:00:00,893.59,72.0
2017-09-01 17:00:00,855.65,71.1
2017-09-01 18:00:00,857.97,70.0
2017-09-01 19:00:00,838.09,69.1
2017-09-01 20:00:00,781.31,69.1
2017-09-01 21:00:00,665.91,68.0
2017-09-01 22:00:00,634.08,66.0
2017-09-01 23:00:00,621.36,66.0
2017-09-02 00:00:00,603.23,66.0
2017-09-02 01:00:00,568.34,64.9
2017-09-02 02:00:00,556.51,64.9
2017-09-02 03:00:00,555.47,64.9
2017-09-02 04:00:00,553.26,64.9
2017-09-02 05:00:00,552.71,64.9
2017-09-02 06:00:00,550.14,64.9
2017-09-02 07:00:00,684.32,64.9
2017-09-02 08:00:00,707.2,64.9
2017-09-02 09:00:00,735.67,66.0
2017-09-02 10:00:00,744.16,68.0
2017-09-02 11:00:00,737.78,72.0
2017-09-02 12:00:00,745.12,75.9
2017-09-02 13:00:00,751.61,79.0
2017-09-02 14:00:00,737.3,81.0
2017-09-02 15:00:00,722.84,81.0
2017-09-02 16:00:00,691.05,80.1
2017-09-02 17:00:00,674.42,79.0
2017-09-02 18:00:00,676.35,75.9
2017-09-02 19:00:00,584.55,73.0
2017-09-02 20:00:00,566.71,71.1
2017-09-02 21:00:00,568.84,69.1
2017-09-02 22:00:00,564.78,68.0
2017-09-02 23:00:00,596.43,66.0
2017-09-03 00:00:00,565.58,64.9
2017-09-03 01:00:00,522.27,63.0
2017-09-03 02:00:00,510.46,62.1
2017-09-03 03:00:00,514.62,61.0
2017-09-03 04:00:00,515.56,61.0
2017-09-03 05:00:00,516.06,60.1
2017-09-03 06:00:00,513.17,60.1
2017-09-03 07:00:00,591.5,63.0
2017-09-03 08:00:00,645.18,66.9
2017-09-03 09:00:00,662.71,71.1
2017-09-03 10:00:00,687.84,73.9
2017-09-03 11:00:00,674.81,79.0
2017-09-03 12:00:00,673.37,81.0
2017-09-03 13:00:00,660.7,82.9
2017-09-03 14:00:00,681.9,84.9
2017-09-03 15:00:00,674.2,84.0
2017-09-03 16:00:00,682.62,84.0
2017-09-03 17:00:00,659.26,82.9
2017-09-03 18:00:00,636.23,81.0
2017-09-03 19:00:00,587.53,80.1
2017-09-03 20:00:00,583.29,78.1
2017-09-03 21:00:00,593.19,77.0
2017-09-03 22:00:00,585.92,77.0
2017-09-03 23:00:00,613.57,75.9
2017-09-04 00:00:00,584.07,73.9
2017-09-04 01:00:00,539.18,73.0
2017-09-04 02:00:00,531.25,72.0
2017-09-04 03:00:00,536.94,70.0
2017-09-04 04:00:00,533.43,68.0
2017-09-04 05:00:00,527.53,64.9
2017-09-04 06:00:00,577.46,63.0
2017-09-04 07:00:00,750.73,63.0
2017-09-04 08:00:00,735.38,64.0
2017-09-04 09:00:00,731.31,68.0
2017-09-04 10:00:00,748.37,70.0
2017-09-04 11:00:00,752.14,72.0
2017-09-04 12:00:00,761.34,73.9
2017-09-04 13:00:00,756.2,75.0
2017-09-04 14:00:00,744.71,75.0
2017-09-04 15:00:00,744.99,71.1
2017-09-04 16:00:00,742.09,57.9
2017-09-04 17:00:00,740.56,57.0
2017-09-04 18:00:00,723.99,59.0
2017-09-04 19:00:00,717.76,57.0
2017-09-04 20:00:00,700.43,57.0
2017-09-04 21:00:00,615.24,55.9
2017-09-04 22:00:00,600.02,55.0
2017-09-04 23:00:00,617.34,55.0
2017-09-05 00:00:00,584.37,55.0
2017-09-05 01:00:00,556.1,54.0
2017-09-05 02:00:00,531.38,53.1
2017-09-05 03:00:00,513.35,53.1
2017-09-05 04:00:00,506.83,53.1
2017-09-05 05:00:00,513.46,52.0
2017-09-05 06:00:00,579.8,51.1
2017-09-05 07:00:00,792.14,53.1
2017-09-05 08:00:00,860.6,55.0
2017-09-05 09:00:00,924.8,59.0
2017-09-05 10:00:00,932.58,61.0
2017-09-05 11:00:00,950.86,61.0
2017-09-05 12:00:00,980.74,63.0
2017-09-05 13:00:00,985.28,63.0
2017-09-05 14:00:00,972.37,62.1
2017-09-05 15:00:00,961.27,62.1
2017-09-05 16:00:00,923.62,62.1
2017-09-05 17:00:00,902.72,62.1
2017-09-05 18:00:00,870.06,60.1
2017-09-05 19:00:00,834.94,57.0
2017-09-05 20:00:00,768.78,57.0
2017-09-05 21:00:00,670.74,55.9
2017-09-05 22:00:00,632.31,55.9
2017-09-05 23:00:00,634.76,54.0
2017-09-06 00:00:00,609.93,55.0
2017-09-06 01:00:00,575.75,54.0
2017-09-06 02:00:00,543.02,54.0
2017-09-06 03:00:00,517.18,52.0
2017-09-06 04:00:00,515.8,51.1
2017-09-06 05:00:00,518.42,50.0
2017-09-06 06:00:00,578.46,50.0
2017-09-06 07:00:00,791.41,53.1
2017-09-06 08:00:00,870.91,57.0
2017-09-06 09:00:00,927.49,59.0
2017-09-06 10:00:00,957.27,62.1
2017-09-06 11:00:00,973.13,64.9
2017-09-06 12:00:00,1002.86,66.0
2017-09-06 13:00:00,987.4,66.9
2017-09-06 14:00:00,987.96,64.9
2017-09-06 15:00:00,946.56,64.9
2017-09-06 16:00:00,938.19,66.0
2017-09-06 17:00:00,918.69,64.9
2017-09-06 18:00:00,876.36,64.9
2017-09-06 19:00:00,844.56,63.0
2017-09-06 20:00:00,793.3,60.1
2017-09-06 21:00:00,675.54,59.0
2017-09-06 22:00:00,635.59,57.0
2017-09-06 23:00:00,631.13,53.1
2017-09-07 00:00:00,597.09,53.1
2017-09-07 01:00:00,566.63,54.0
2017-09-07 02:00:00,533.37,53.1
2017-09-07 03:00:00,512.04,50.0
2017-09-07 04:00:00,513.02,50.0
2017-09-07 05:00:00,516.4,50.0
2017-09-07 06:00:00,572.49,50.0
2017-09-07 07:00:00,800.58,51.1
2017-09-07 08:00:00,877.64,54.0
2017-09-07 09:00:00,934.82,55.9
2017-09-07 10:00:00,956.55,60.1
2017-09-07 11:00:00,966.18,64.0
2017-09-07 12:00:00,971.16,69.1
2017-09-07 13:00:00,979.99,71.1
2017-09-07 14:00:00,965.86,72.0
2017-09-07 15:00:00,931.04,73.9
2017-09-07 16:00:00,928.9,75.0
2017-09-07 17:00:00,924.97,75.0
2017-09-07 18:00:00,890.32,73.9
2017-09-07 19:00:00,855.9,72.0
2017-09-07 20:00:00,823.34,66.9
2017-09-07 21:00:00,693.72,66.9
2017-09-07 22:00:00,641.88,63.0
2017-09-07 23:00:00,632.93,59.0
2017-09-08 00:00:00,608.8,57.0
2017-09-08 01:00:00,576.92,57.0
2017-09-08 02:00:00,541.82,55.9
2017-09-08 03:00:00,518.57,55.0
2017-09-08 04:00:00,515.14,54.0
2017-09-08 05:00:00,513.76,53.1
2017-09-08 06:00:00,576.65,52.0
2017-09-08 07:00:00,810.39,53.1
2017-09-08 08:00:00,867.19,55.0
2017-09-08 09:00:00,944.37,57.9
2017-09-08 10:00:00,958.03,60.1
2017-09-08 11:00:00,964.48,62.1
2017-09-08 12:00:00,982.43,64.9
2017-09-08 13:00:00,967.64,66.0
2017-09-08 14:00:00,959.85,66.9
2017-09-08 15:00:00,945.19,68.0
2017-09-08 16:00:00,914.96,68.0
2017-09-08 17:00:00,901.5,66.9
2017-09-08 18:00:00,882.08,64.9
2017-09-08 19:00:00,841.81,63.0
2017-09-08 20:00:00,787.67,60.1
2017-09-08 21:00:00,676.03,59.0
2017-09-08 22:00:00,633.32,57.9
2017-09-08 23:00:00,618.66,57.0
2017-09-09 00:00:00,600.92,55.9
2017-09-09 01:00:00,566.88,55.0
2017-09-09 02:00:00,552.57,54.0
2017-09-09 03:00:00,545.57,54.0
2017-09-09 04:00:00,549.83,53.1
2017-09-09 05:00:00,545.51,55.0
2017-09-09 06:00:00,539.51,54.0
2017-09-09 07:00:00,667.55,55.0
2017-09-09 08:00:00,704.85,57.9
2017-09-09 09:00:00,744.77,62.1
2017-09-09 10:00:00,744.2,64.9
2017-09-09 11:00:00,751.68,68.0
2017-09-09 12:00:00,747.84,71.1
2017-09-09 13:00:00,753.18,73.0
2017-09-09 14:00:00,751.0,73.9
2017-09-09 15:00:00,704.99,75.0
2017-09-09 16:00:00,705.6,75.0
2017-09-09 17:00:00,670.72,75.0
2017-09-09 18:00:00,670.31,72.0
2017-09-09 19:00:00,580.0,71.1
2017-09-09 20:00:00,567.26,69.1
2017-09-09 21:00:00,566.63,68.0
2017-09-09 22:00:00,563.54,66.9
2017-09-09 23:00:00,589.0,64.9
2017-09-10 00:00:00,558.79,63.0
2017-09-10 01:00:00,515.31,63.0
2017-09-10 02:00:00,510.28,63.0
2017-09-10 03:00:00,509.3,62.1
2017-09-10 04:00:00,507.58,62.1
2017-09-10 05:00:00,510.62,62.1
2017-09-10 06:00:00,509.58,62.1
2017-09-10 07:00:00,583.06,62.1
2017-09-10 08:00:00,616.13,63.0
2017-09-10 09:00:00,642.19,63.0
2017-09-10 10:00:00,659.02,64.9
2017-09-10 11:00:00,639.49,69.1
2017-09-10 12:00:00,655.3,75.0
2017-09-10 13:00:00,652.14,77.0
2017-09-10 14:00:00,676.8,79.0
2017-09-10 15:00:00,681.27,80.1
2017-09-10 16:00:00,684.86,79.0
2017-09-10 17:00:00,647.43,78.1
2017-09-10 18:00:00,645.84,75.9
2017-09-10 19:00:00,574.3,73.0
2017-09-10 20:00:00,578.29,72.0
2017-09-10 21:00:00,579.92,71.1
2017-09-10 22:00:00,577.09,70.0
2017-09-10 23:00:00,602.85,68.0
2017-09-11 00:00:00,589.8,66.9
2017-09-11 01:00:00,567.78,66.0
2017-09-11 02:00:00,564.93,64.9
2017-09-11 03:00:00,562.9,64.0
2017-09-11 04:00:00,559.02,62.1
2017-09-11 05:00:00,558.4,61.0
2017-09-11 06:00:00,590.21,60.1
2017-09-11 07:00:00,826.96,63.0
2017-09-11 08:00:00,900.17,64.0
2017-09-11 09:00:00,936.95,66.0
2017-09-11 10:00:00,954.73,70.0
2017-09-11 11:00:00,986.96,73.9
2017-09-11 12:00:00,992.59,75.9
2017-09-11 13:00:00,1014.43,78.1
2017-09-11 14:00:00,1034.44,79.0
2017-09-11 15:00:00,976.81,82.0
2017-09-11 16:00:00,958.69,82.0
2017-09-11 17:00:00,939.88,81.0
2017-09-11 18:00:00,920.26,80.1
2017-09-11 19:00:00,878.51,75.9
2017-09-11 20:00:00,826.1,73.0
2017-09-11 21:00:00,682.16,71.1
2017-09-11 22:00:00,651.9,70.0
2017-09-11 23:00:00,653.46,69.1
2017-09-12 00:00:00,624.71,64.9
2017-09-12 01:00:00,590.16,66.9
2017-09-12 02:00:00,581.35,64.9
2017-09-12 03:00:00,574.09,64.9
2017-09-12 04:00:00,573.18,64.9
2017-09-12 05:00:00,573.45,64.0
2017-09-12 06:00:00,594.64,63.0
2017-09-12 07:00:00,852.39,64.0
2017-09-12 08:00:00,911.51,66.0
2017-09-12 09:00:00,958.27,70.0
2017-09-12 10:00:00,978.33,75.0
2017-09-12 11:00:00,998.75,78.1
2017-09-12 12:00:00,994.07,80.1
2017-09-12 13:00:00,1027.22,82.0
2017-09-12 14:00:00,1032.04,82.9
2017-09-12 15:00:00,1003.73,84.0
2017-09-12 16:00:00,996.64,84.0
2017-09-12 17:00:00,950.58,84.0
2017-09-12 18:00:00,923.44,82.0
2017-09-12 19:00:00,903.16,80.1
2017-09-12 20:00:00,843.28,75.9
2017-09-12 21:00:00,697.52,73.9
2017-09-12 22:00:00,661.18,73.0
2017-09-12 23:00:00,651.85,73.0
2017-09-13 00:00:00,611.59,70.0
2017-09-13 01:00:00,600.31,69.1
2017-09-13 02:00:00,587.92,66.9
2017-09-13 03:00:00,581.9,66.9
2017-09-13 04:00:00,580.87,66.0
2017-09-13 05:00:00,578.07,64.9
2017-09-13 06:00:00,600.49,64.9
2017-09-13 07:00:00,858.19,66.0
2017-09-13 08:00:00,924.71,70.0
2017-09-13 09:00:00,967.38,75.0
2017-09-13 10:00:00,988.24,79.0
2017-09-13 11:00:00,1018.98,81.0
2017-09-13 12:00:00,1038.62,82.9
2017-09-13 13:00:00,1028.62,84.9
2017-09-13 14:00:00,1013.58,86.0
2017-09-13 15:00:00,1022.31,84.9
2017-09-13 16:00:00,974.65,84.9
2017-09-13 17:00:00,955.39,86.0
2017-09-13 18:00:00,912.2,82.9
2017-09-13 19:00:00,902.24,79.0
2017-09-13 20:00:00,867.54,78.1
2017-09-13 21:00:00,711.1,79.0
2017-09-13 22:00:00,680.88,77.0
2017-09-13 23:00:00,688.78,75.9
2017-09-14 00:00:00,659.08,72.0
2017-09-14 01:00:00,625.67,70.0
2017-09-14 02:00:00,609.15,68.0
2017-09-14 03:00:00,602.58,66.9
2017-09-14 04:00:00,602.66,66.9
2017-09-14 05:00:00,601.92,68.0
2017-09-14 06:00:00,629.04,66.9
2017-09-14 07:00:00,885.24,68.0
2017-09-14 08:00:00,927.34,71.1
2017-09-14 09:00:00,977.94,75.0
2017-09-14 10:00:00,1001.76,79.0
2017-09-14 11:00:00,1044.38,82.0
2017-09-14 12:00:00,1024.21,84.0
2017-09-14 13:00:00,1045.36,84.9
2017-09-14 14:00:00,1033.45,87.1
2017-09-14 15:00:00,1001.19,91.0
2017-09-14 16:00:00,973.81,89.1
2017-09-14 17:00:00,960.8,88.0
2017-09-14 18:00:00,916.58,84.9
2017-09-14 19:00:00,891.26,80.1
2017-09-14 20:00:00,847.06,80.1
2017-09-14 21:00:00,709.08,79.0
2017-09-14 22:00:00,675.1,78.1
2017-09-14 23:00:00,680.54,77.0
2017-09-15 00:00:00,651.66,78.1
2017-09-15 01:00:00,620.71,77.0
2017-09-15 02:00:00,607.46,75.9
2017-09-15 03:00:00,601.27,73.9
2017-09-15 04:00:00,598.76,73.9
2017-09-15 05:00:00,602.66,73.0
2017-09-15 06:00:00,622.4,71.1
2017-09-15 07:00:00,862.01,70.0
2017-09-15 08:00:00,924.02,71.1
2017-09-15 09:00:00,943.03,73.9
2017-09-15 10:00:00,984.29,77.0
2017-09-15 11:00:00,1002.21,80.1
2017-09-15 12:00:00,1007.26,81.0
2017-09-15 13:00:00,1005.24,81.0
2017-09-15 14:00:00,976.14,82.9
2017-09-15 15:00:00,957.71,81.0
2017-09-15 16:00:00,947.03,82.0
2017-09-15 17:00:00,931.9,82.0
2017-09-15 18:00:00,901.25,81.0
2017-09-15 19:00:00,860.81,81.0
2017-09-15 20:00:00,842.49,79.0
2017-09-15 21:00:00,711.66,77.0
2017-09-15 22:00:00,662.3,77.0
2017-09-15 23:00:00,658.63,77.0
2017-09-16 00:00:00,648.39,79.0
2017-09-16 01:00:00,621.95,79.0
2017-09-16 02:00:00,607.45,78.1
2017-09-16 03:00:00,602.8,78.1
2017-09-16 04:00:00,603.81,77.0
2017-09-16 05:00:00,602.75,75.9
2017-09-16 06:00:00,605.39,73.9
2017-09-16 07:00:00,746.98,71.1
2017-09-16 08:00:00,777.92,72.0
2017-09-16 09:00:00,802.1,73.0
2017-09-16 10:00:00,814.85,75.9
2017-09-16 11:00:00,821.44,73.9
2017-09-16 12:00:00,816.38,70.0
2017-09-16 13:00:00,808.75,72.0
2017-09-16 14:00:00,775.48,71.1
2017-09-16 15:00:00,724.81,73.9
2017-09-16 16:00:00,729.92,73.0
2017-09-16 17:00:00,706.42,71.1
2017-09-16 18:00:00,685.43,69.1
2017-09-16 19:00:00,606.44,64.9
2017-09-16 20:00:00,601.13,63.0
2017-09-16 21:00:00,596.96,61.0
2017-09-16 22:00:00,595.7,60.1
2017-09-16 23:00:00,630.78,59.0
2017-09-17 00:00:00,619.19,57.9
2017-09-17 01:00:00,597.47,57.9
2017-09-17 02:00:00,585.65,55.9
2017-09-17 03:00:00,586.88,55.9
2017-09-17 04:00:00,585.93,55.0
2017-09-17 05:00:00,583.87,54.0
2017-09-17 06:00:00,587.18,53.1
2017-09-17 07:00:00,630.28,53.1
2017-09-17 08:00:00,656.57,54.0
2017-09-17 09:00:00,680.71,55.0
2017-09-17 10:00:00,676.96,57.9
2017-09-17 11:00:00,680.48,59.0
2017-09-17 12:00:00,692.84,63.0
2017-09-17 13:00:00,684.88,64.9
2017-09-17 14:00:00,692.28,64.9
2017-09-17 15:00:00,702.5,66.0
2017-09-17 16:00:00,687.3,66.9
2017-09-17 17:00:00,675.18,64.9
2017-09-17 18:00:00,660.83,63.0
2017-09-17 19:00:00,616.43,61.0
2017-09-17 20:00:00,602.74,59.0
2017-09-17 21:00:00,598.94,59.0
2017-09-17 22:00:00,597.07,57.0
2017-09-17 23:00:00,628.1,55.9
2017-09-18 00:00:00,616.69,55.9
2017-09-18 01:00:00,594.08,55.9
2017-09-18 02:00:00,586.84,57.0
2017-09-18 03:00:00,589.76,57.0
2017-09-18 04:00:00,589.26,57.0
2017-09-18 05:00:00,587.95,57.0
2017-09-18 06:00:00,617.78,57.0
2017-09-18 07:00:00,848.85,57.0
2017-09-18 08:00:00,903.02,57.0
2017-09-18 09:00:00,948.58,55.0
2017-09-18 10:00:00,969.7,55.0
2017-09-18 11:00:00,978.93,55.9
2017-09-18 12:00:00,996.41,57.0
2017-09-18 13:00:00,983.32,55.0
2017-09-18 14:00:00,1009.45,55.0
2017-09-18 15:00:00,986.22,55.9
2017-09-18 16:00:00,952.19,57.0
2017-09-18 17:00:00,938.89,57.0
2017-09-18 18:00:00,898.27,57.0
2017-09-18 19:00:00,861.54,57.9
2017-09-18 20:00:00,828.22,59.0
2017-09-18 21:00:00,685.38,59.0
2017-09-18 22:00:00,657.21,59.0
2017-09-18 23:00:00,663.78,59.0
2017-09-19 00:00:00,641.27,59.0
2017-09-19 01:00:00,610.17,59.0
2017-09-19 02:00:00,600.76,60.1
2017-09-19 03:00:00,591.37,60.1
2017-09-19 04:00:00,591.4,60.1
2017-09-19 05:00:00,592.88,60.1
2017-09-19 06:00:00,613.83,60.1
2017-09-19 07:00:00,838.7,61.0
2017-09-19 08:00:00,913.11,63.0
2017-09-19 09:00:00,950.9,66.0
2017-09-19 10:00:00,975.33,70.0
2017-09-19 11:00:00,1020.91,72.0
2017-09-19 12:00:00,1017.75,75.0
2017-09-19 13:00:00,1026.13,77.0
2017-09-19 14:00:00,1015.93,78.1
2017-09-19 15:00:00,1007.99,79.0
2017-09-19 16:00:00,977.3,78.1
2017-09-19 17:00:00,954.78,77.0
2017-09-19 18:00:00,924.22,75.9
2017-09-19 19:00:00,874.6,75.0
2017-09-19 20:00:00,845.69,73.9
2017-09-19 21:00:00,718.73,72.0
2017-09-19 22:00:00,664.25,72.0
2017-09-19 23:00:00,683.12,72.0
2017-09-20 00:00:00,647.98,72.0
2017-09-20 01:00:00,623.26,71.1
2017-09-20 02:00:00,609.54,73.0
2017-09-20 03:00:00,604.83,72.0
2017-09-20 04:00:00,602.16,71.1
2017-09-20 05:00:00,599.61,71.1
2017-09-20 06:00:00,628.68,71.1
2017-09-20 07:00:00,885.94,70.0
2017-09-20 08:00:00,939.19,68.0
2017-09-20 09:00:00,980.98,69.1
2017-09-20 10:00:00,997.46,71.1
2017-09-20 11:00:00,1004.75,72.0
2017-09-20 12:00:00,1010.99,73.9
2017-09-20 13:00:00,1014.89,75.0
2017-09-20 14:00:00,989.43,75.0
2017-09-20 15:00:00,986.11,75.0
2017-09-20 16:00:00,985.59,73.9
2017-09-20 17:00:00,937.77,73.0
2017-09-20 18:00:00,898.49,70.0
2017-09-20 19:00:00,883.9,68.0
2017-09-20 20:00:00,830.9,66.0
2017-09-20 21:00:00,712.52,63.0
2017-09-20 22:00:00,660.46,61.0
2017-09-20 23:00:00,639.3,62.1
2017-09-21 00:00:00,615.8,57.9
2017-09-21 01:00:00,581.4,57.0
2017-09-21 02:00:00,543.24,57.9
2017-09-21 03:00:00,521.23,54.0
2017-09-21 04:00:00,513.2,55.9
2017-09-21 05:00:00,515.74,55.9
2017-09-21 06:00:00,580.03,55.9
2017-09-21 07:00:00,834.19,57.0
2017-09-21 08:00:00,894.56,62.1
2017-09-21 09:00:00,946.86,66.0
2017-09-21 10:00:00,973.02,69.1
2017-09-21 11:00:00,1000.92,73.9
2017-09-21 12:00:00,1002.6,75.9
2017-09-21 13:00:00,1001.76,79.0
2017-09-21 14:00:00,1011.69,81.0
2017-09-21 15:00:00,999.47,82.9
2017-09-21 16:00:00,992.94,82.9
2017-09-21 17:00:00,953.27,82.9
2017-09-21 18:00:00,925.01,81.0
2017-09-21 19:00:00,898.26,80.1
2017-09-21 20:00:00,856.92,79.0
2017-09-21 21:00:00,714.59,78.1
2017-09-21 22:00:00,654.83,75.9
2017-09-21 23:00:00,656.14,75.9
2017-09-22 00:00:00,636.3,75.9
2017-09-22 01:00:00,603.65,75.9
2017-09-22 02:00:00,566.97,75.0
2017-09-22 03:00:00,536.43,73.9
2017-09-22 04:00:00,532.21,73.9
2017-09-22 05:00:00,538.08,73.0
2017-09-22 06:00:00,600.1,75.0
2017-09-22 07:00:00,871.3,73.9
2017-09-22 08:00:00,951.76,75.9
2017-09-22 09:00:00,982.25,79.0
2017-09-22 10:00:00,1027.58,81.0
2017-09-22 11:00:00,1020.2,84.9
2017-09-22 12:00:00,1045.78,89.1
2017-09-22 13:00:00,1035.13,91.0
2017-09-22 14:00:00,1038.6,93.0
2017-09-22 15:00:00,1040.58,93.9
2017-09-22 16:00:00,1009.26,93.9
2017-09-22 17:00:00,971.36,93.0
2017-09-22 18:00:00,927.49,89.1
2017-09-22 19:00:00,878.06,88.0
2017-09-22 20:00:00,836.57,86.0
2017-09-22 21:00:00,676.85,84.9
2017-09-22 22:00:00,641.07,84.9
2017-09-22 23:00:00,630.58,82.9
2017-09-23 00:00:00,627.33,82.0
2017-09-23 01:00:00,597.08,82.0
2017-09-23 02:00:00,581.24,81.0
2017-09-23 03:00:00,576.82,80.1
2017-09-23 04:00:00,571.12,79.0
2017-09-23 05:00:00,573.45,78.1
2017-09-23 06:00:00,569.55,73.9
2017-09-23 07:00:00,716.55,73.9
2017-09-23 08:00:00,730.96,77.0
2017-09-23 09:00:00,779.21,79.0
2017-09-23 10:00:00,806.8,81.0
2017-09-23 11:00:00,811.09,84.0
2017-09-23 12:00:00,807.8,84.9
2017-09-23 13:00:00,776.51,86.0
2017-09-23 14:00:00,774.91,88.0
2017-09-23 15:00:00,731.57,89.1
2017-09-23 16:00:00,731.47,87.1
2017-09-23 17:00:00,686.71,86.0
2017-09-23 18:00:00,678.79,84.0
2017-09-23 19:00:00,577.55,82.9
2017-09-23 20:00:00,579.31,81.0
2017-09-23 21:00:00,574.23,79.0
2017-09-23 22:00:00,573.14,80.1
2017-09-23 23:00:00,610.66,79.0
2017-09-24 00:00:00,587.32,78.1
2017-09-24 01:00:00,540.76,77.0
2017-09-24 02:00:00,531.74,77.0
2017-09-24 03:00:00,532.45,75.9
2017-09-24 04:00:00,530.18,75.0
2017-09-24 05:00:00,533.0,73.0
2017-09-24 06:00:00,526.65,71.1
2017-09-24 07:00:00,596.26,71.1
2017-09-24 08:00:00,628.62,73.9
2017-09-24 09:00:00,655.32,77.0
2017-09-24 10:00:00,666.8,82.0
2017-09-24 11:00:00,681.98,86.0
2017-09-24 12:00:00,694.01,88.0
2017-09-24 13:00:00,679.67,89.1
2017-09-24 14:00:00,678.71,89.1
2017-09-24 15:00:00,684.83,90.0
2017-09-24 16:00:00,675.88,90.0
2017-09-24 17:00:00,665.69,88.0
2017-09-24 18:00:00,644.83,86.0
2017-09-24 19:00:00,586.84,77.0
2017-09-24 20:00:00,580.92,75.0
2017-09-24 21:00:00,578.87,73.9
2017-09-24 22:00:00,581.33,73.0
2017-09-24 23:00:00,606.05,72.0
2017-09-25 00:00:00,586.89,70.0
2017-09-25 01:00:00,532.21,68.0
2017-09-25 02:00:00,526.68,66.0
2017-09-25 03:00:00,523.98,64.9
2017-09-25 04:00:00,520.58,64.0
2017-09-25 05:00:00,525.38,61.0
2017-09-25 06:00:00,582.79,61.0
2017-09-25 07:00:00,854.34,60.1
2017-09-25 08:00:00,918.24,60.1
2017-09-25 09:00:00,965.05,60.1
2017-09-25 10:00:00,990.65,60.1
2017-09-25 11:00:00,996.51,61.0
2017-09-25 12:00:00,1015.55,62.1
2017-09-25 13:00:00,983.85,63.0
2017-09-25 14:00:00,994.14,62.1
2017-09-25 15:00:00,985.02,61.0
2017-09-25 16:00:00,948.56,62.1
2017-09-25 17:00:00,907.41,61.0
2017-09-25 18:00:00,892.12,60.1
2017-09-25 19:00:00,858.4,60.1
2017-09-25 20:00:00,803.63,59.0
2017-09-25 21:00:00,683.98,59.0
2017-09-25 22:00:00,635.29,59.0
2017-09-25 23:00:00,638.41,57.9
2017-09-26 00:00:00,615.07,57.9
2017-09-26 01:00:00,590.3,57.9
2017-09-26 02:00:00,555.33,57.9
2017-09-26 03:00:00,526.87,57.9
2017-09-26 04:00:00,523.58,59.0
2017-09-26 05:00:00,522.91,57.9
2017-09-26 06:00:00,586.02,57.9
2017-09-26 07:00:00,829.19,57.9
2017-09-26 08:00:00,870.18,59.0
2017-09-26 09:00:00,936.31,60.1
2017-09-26 10:00:00,953.19,60.1
2017-09-26 11:00:00,965.59,60.1
2017-09-26 12:00:00,988.47,61.0
2017-09-26 13:00:00,978.05,62.1
2017-09-26 14:00:00,971.94,64.0
2017-09-26 15:00:00,958.53,63.0
2017-09-26 16:00:00,932.13,64.0
2017-09-26 17:00:00,906.71,63.0
2017-09-26 18:00:00,868.12,62.1
2017-09-26 19:00:00,826.32,60.1
2017-09-26 20:00:00,804.75,59.0
2017-09-26 21:00:00,680.75,57.0
2017-09-26 22:00:00,640.89,55.0
2017-09-26 23:00:00,642.43,54.0
2017-09-27 00:00:00,609.0,53.1
2017-09-27 01:00:00,578.07,52.0
2017-09-27 02:00:00,546.57,52.0
2017-09-27 03:00:00,521.54,51.1
2017-09-27 04:00:00,517.69,51.1
2017-09-27 05:00:00,521.86,48.9
2017-09-27 06:00:00,583.13,48.0
2017-09-27 07:00:00,810.9,48.9
2017-09-27 08:00:00,876.9,51.1
2017-09-27 09:00:00,918.0,54.0
2017-09-27 10:00:00,941.29,57.0
2017-09-27 11:00:00,962.82,61.0
2017-09-27 12:00:00,981.94,63.0
2017-09-27 13:00:00,986.52,64.9
2017-09-27 14:00:00,1000.86,63.0
2017-09-27 15:00:00,975.86,63.0
2017-09-27 16:00:00,951.64,64.9
2017-09-27 17:00:00,904.0,64.0
2017-09-27 18:00:00,880.09,62.1
2017-09-27 19:00:00,844.4,60.1
2017-09-27 20:00:00,805.92,60.1
2017-09-27 21:00:00,679.2,57.9
2017-09-27 22:00:00,640.44,57.0
2017-09-27 23:00:00,644.05,55.0
2017-09-28 00:00:00,608.79,54.0
2017-09-28 01:00:00,580.68,53.1
2017-09-28 02:00:00,549.6,53.1
2017-09-28 03:00:00,520.11,53.1
2017-09-28 04:00:00,519.47,55.0
2017-09-28 05:00:00,523.75,54.0
2017-09-28 06:00:00,572.76,54.0
2017-09-28 07:00:00,800.55,55.0
2017-09-28 08:00:00,889.58,57.0
2017-09-28 09:00:00,928.16,59.0
2017-09-28 10:00:00,943.48,63.0
2017-09-28 11:00:00,962.36,64.9
2017-09-28 12:00:00,990.24,69.1
2017-09-28 13:00:00,968.71,72.0
2017-09-28 14:00:00,961.79,73.0
2017-09-28 15:00:00,964.24,73.0
2017-09-28 16:00:00,951.84,71.1
2017-09-28 17:00:00,901.92,70.0
2017-09-28 18:00:00,879.71,68.0
2017-09-28 19:00:00,843.18,66.0
2017-09-28 20:00:00,642.54,64.0
2017-09-28 21:00:00,617.51,63.0
2017-09-28 22:00:00,631.85,60.1
2017-09-28 23:00:00,630.75,57.0
2017-09-29 00:00:00,596.86,55.9
2017-09-29 01:00:00,569.96,55.9
2017-09-29 02:00:00,544.09,54.0
2017-09-29 03:00:00,512.74,52.0
2017-09-29 04:00:00,514.88,51.1
2017-09-29 05:00:00,511.84,50.0
2017-09-29 06:00:00,576.79,48.0
2017-09-29 07:00:00,805.37,50.0
2017-09-29 08:00:00,870.97,52.0
2017-09-29 09:00:00,925.24,55.9
2017-09-29 10:00:00,953.14,57.9
2017-09-29 11:00:00,961.14,60.1
2017-09-29 12:00:00,969.18,62.1
2017-09-29 13:00:00,939.73,63.0
2017-09-29 14:00:00,954.5,63.0
2017-09-29 15:00:00,947.26,64.9
2017-09-29 16:00:00,929.8,64.9
2017-09-29 17:00:00,889.03,63.0
2017-09-29 18:00:00,859.6,60.1
2017-09-29 19:00:00,845.21,59.0
2017-09-29 20:00:00,792.32,57.0
2017-09-29 21:00:00,630.82,55.0
2017-09-29 22:00:00,623.74,54.0
2017-09-29 23:00:00,616.51,53.1
2017-09-30 00:00:00,601.68,51.1
2017-09-30 01:00:00,571.82,50.0
2017-09-30 02:00:00,559.99,48.9
2017-09-30 03:00:00,558.92,48.0
2017-09-30 04:00:00,562.04,48.0
2017-09-30 05:00:00,560.39,48.0
2017-09-30 06:00:00,565.38,46.9
2017-09-30 07:00:00,666.26,48.0
2017-09-30 08:00:00,714.21,52.0
2017-09-30 09:00:00,740.66,57.0
2017-09-30 10:00:00,739.06,60.1
2017-09-30 11:00:00,755.78,64.0
2017-09-30 12:00:00,744.68,66.0
2017-09-30 13:00:00,743.21,68.0
2017-09-30 14:00:00,725.04,69.1
2017-09-30 15:00:00,675.64,68.0
2017-09-30 16:00:00,677.75,66.9
2017-09-30 17:00:00,671.19,66.9
2017-09-30 18:00:00,650.16,64.9
2017-09-30 19:00:00,574.59,64.0
2017-09-30 20:00:00,570.04,63.0
2017-09-30 21:00:00,563.9,61.0
2017-09-30 22:00:00,563.98,60.1
2017-09-30 23:00:00,589.14,61.0
2017-10-01 00:00:00,563.26,62.1
2017-10-01 01:00:00,509.57,60.1
2017-10-01 02:00:00,509.15,59.0
2017-10-01 03:00:00,513.3,57.0
2017-10-01 04:00:00,513.12,57.0
2017-10-01 05:00:00,508.04,55.9
2017-10-01 06:00:00,511.66,57.0
2017-10-01 07:00:00,582.58,57.0
2017-10-01 08:00:00,629.23,57.9
2017-10-01 09:00:00,655.08,59.0
2017-10-01 10:00:00,646.3,60.1
2017-10-01 11:00:00,654.68,62.1
2017-10-01 12:00:00,648.52,57.0
2017-10-01 13:00:00,652.53,57.0
2017-10-01 14:00:00,652.79,60.1
2017-10-01 15:00:00,653.72,63.0
2017-10-01 16:00:00,642.71,62.1
2017-10-01 17:00:00,634.64,62.1
2017-10-01 18:00:00,612.4,62.1
2017-10-01 19:00:00,573.23,60.1
2017-10-01 20:00:00,573.69,60.1
2017-10-01 21:00:00,569.41,59.0
2017-10-01 22:00:00,572.89,61.0
2017-10-01 23:00:00,596.12,62.1
2017-10-02 00:00:00,569.03,60.1
2017-10-02 01:00:00,518.42,61.0
2017-10-02 02:00:00,511.4,55.0
2017-10-02 03:00:00,514.81,55.0
2017-10-02 04:00:00,514.32,55.0
2017-10-02 05:00:00,513.94,55.0
2017-10-02 06:00:00,580.17,55.0
2017-10-02 07:00:00,825.96,55.9
2017-10-02 08:00:00,896.93,57.9
2017-10-02 09:00:00,946.65,62.1
2017-10-02 10:00:00,984.97,62.1
2017-10-02 11:00:00,986.15,64.0
2017-10-02 12:00:00,994.39,66.9
2017-10-02 13:00:00,995.52,71.1
2017-10-02 14:00:00,994.12,70.0
2017-10-02 15:00:00,981.5,66.9
2017-10-02 16:00:00,953.71,66.0
2017-10-02 17:00:00,923.96,64.9
2017-10-02 18:00:00,874.87,66.0
2017-10-02 19:00:00,848.19,66.0
2017-10-02 20:00:00,809.12,66.0
2017-10-02 21:00:00,674.17,66.0
2017-10-02 22:00:00,635.93,64.0
2017-10-02 23:00:00,634.5,64.0
2017-10-03 00:00:00,616.3,64.9
2017-10-03 01:00:00,580.13,64.9
2017-10-03 02:00:00,559.65,64.9
2017-10-03 03:00:00,531.07,66.9
2017-10-03 04:00:00,523.06,71.1
2017-10-03 05:00:00,535.12,64.0
2017-10-03 06:00:00,588.58,63.0
2017-10-03 07:00:00,832.01,63.0
2017-10-03 08:00:00,897.08,63.0
2017-10-03 09:00:00,930.3,64.9
2017-10-03 10:00:00,962.55,68.0
2017-10-03 11:00:00,998.11,69.1
2017-10-03 12:00:00,997.13,69.1
2017-10-03 13:00:00,997.23,66.0
2017-10-03 14:00:00,985.75,62.1
2017-10-03 15:00:00,950.15,62.1
2017-10-03 16:00:00,924.05,64.0
2017-10-03 17:00:00,912.71,63.0
2017-10-03 18:00:00,879.37,60.1
2017-10-03 19:00:00,843.12,59.0
2017-10-03 20:00:00,795.53,55.9
2017-10-03 21:00:00,678.32,55.0
2017-10-03 22:00:00,635.07,53.1
2017-10-03 23:00:00,637.69,52.0
2017-10-04 00:00:00,618.24,52.0
2017-10-04 01:00:00,586.63,51.1
2017-10-04 02:00:00,561.21,50.0
2017-10-04 03:00:00,528.13,48.9
2017-10-04 04:00:00,529.59,48.9
2017-10-04 05:00:00,525.33,48.0
2017-10-04 06:00:00,590.26,46.9
2017-10-04 07:00:00,798.8,46.9
2017-10-04 08:00:00,868.23,48.9
2017-10-04 09:00:00,932.55,51.1
2017-10-04 10:00:00,946.74,53.1
2017-10-04 11:00:00,958.1,55.9
2017-10-04 12:00:00,976.06,57.0
2017-10-04 13:00:00,969.95,57.9
2017-10-04 14:00:00,961.42,57.9
2017-10-04 15:00:00,952.4,59.0
2017-10-04 16:00:00,928.84,60.1
2017-10-04 17:00:00,908.85,57.9
2017-10-04 18:00:00,871.99,55.9
2017-10-04 19:00:00,850.4,54.0
2017-10-04 20:00:00,812.06,53.1
2017-10-04 21:00:00,680.33,53.1
2017-10-04 22:00:00,632.51,51.1
2017-10-04 23:00:00,635.05,51.1
2017-10-05 00:00:00,613.83,50.0
2017-10-05 01:00:00,583.05,48.9
2017-10-05 02:00:00,550.83,48.9
2017-10-05 03:00:00,522.25,48.9
2017-10-05 04:00:00,520.43,50.0
2017-10-05 05:00:00,520.64,52.0
2017-10-05 06:00:00,576.54,52.0
2017-10-05 07:00:00,797.87,53.1
2017-10-05 08:00:00,887.05,55.0
2017-10-05 09:00:00,921.94,55.0
2017-10-05 10:00:00,941.16,57.9
2017-10-05 11:00:00,948.97,61.0
2017-10-05 12:00:00,966.1,62.1
2017-10-05 13:00:00,969.05,64.0
2017-10-05 14:00:00,972.57,63.0
2017-10-05 15:00:00,961.64,63.0
2017-10-05 16:00:00,926.56,62.1
2017-10-05 17:00:00,904.06,62.1
2017-10-05 18:00:00,871.42,60.1
2017-10-05 19:00:00,847.89,60.1
2017-10-05 20:00:00,811.5,57.9
2017-10-05 21:00:00,683.8,55.9
2017-10-05 22:00:00,636.21,55.9
2017-10-05 23:00:00,634.23,55.0
2017-10-06 00:00:00,611.26,55.0
2017-10-06 01:00:00,581.31,53.1
2017-10-06 02:00:00,548.92,50.0
2017-10-06 03:00:00,521.47,50.0
2017-10-06 04:00:00,515.79,50.0
2017-10-06 05:00:00,519.04,48.9
2017-10-06 06:00:00,581.93,48.9
2017-10-06 07:00:00,805.3,51.1
2017-10-06 08:00:00,865.77,53.1
2017-10-06 09:00:00,917.87,57.0
2017-10-06 10:00:00,953.84,59.0
2017-10-06 11:00:00,951.96,59.0
2017-10-06 12:00:00,956.08,60.1
2017-10-06 13:00:00,954.69,60.1
2017-10-06 14:00:00,932.96,57.9
2017-10-06 15:00:00,928.59,57.0
2017-10-06 16:00:00,894.07,55.9
2017-10-06 17:00:00,875.19,57.0
2017-10-06 18:00:00,820.12,55.9
2017-10-06 19:00:00,806.02,55.9
2017-10-06 20:00:00,770.85,55.9
2017-10-06 21:00:00,673.9,55.9
2017-10-06 22:00:00,618.35,55.9
2017-10-06 23:00:00,622.51,55.9
2017-10-07 00:00:00,615.29,55.9
2017-10-07 01:00:00,585.98,55.9
2017-10-07 02:00:00,563.64,55.9
2017-10-07 03:00:00,560.95,55.9
2017-10-07 04:00:00,558.49,55.0
2017-10-07 05:00:00,556.64,54.0
2017-10-07 06:00:00,560.52,54.0
2017-10-07 07:00:00,668.07,54.0
2017-10-07 08:00:00,716.51,54.0
2017-10-07 09:00:00,738.85,55.0
2017-10-07 10:00:00,739.0,55.9
2017-10-07 11:00:00,738.77,55.9
2017-10-07 12:00:00,731.74,59.0
2017-10-07 13:00:00,715.57,59.0
2017-10-07 14:00:00,724.35,61.0
2017-10-07 15:00:00,684.12,64.0
2017-10-07 16:00:00,694.0,66.9
2017-10-07 17:00:00,664.22,66.0
2017-10-07 18:00:00,649.23,63.0
2017-10-07 19:00:00,572.57,63.0
2017-10-07 20:00:00,569.59,60.1
2017-10-07 21:00:00,562.36,60.1
2017-10-07 22:00:00,570.94,59.0
2017-10-07 23:00:00,592.36,57.0
2017-10-08 00:00:00,569.35,55.0
2017-10-08 01:00:00,517.09,54.0
2017-10-08 02:00:00,511.37,54.0
2017-10-08 03:00:00,511.94,53.1
2017-10-08 04:00:00,514.98,51.1
2017-10-08 05:00:00,510.88,50.0
2017-10-08 06:00:00,509.86,50.0
2017-10-08 07:00:00,582.87,52.0
2017-10-08 08:00:00,623.83,55.0
2017-10-08 09:00:00,641.19,60.1
2017-10-08 10:00:00,655.33,64.0
2017-10-08 11:00:00,656.73,68.0
2017-10-08 12:00:00,648.64,71.1
2017-10-08 13:00:00,653.63,72.0
2017-10-08 14:00:00,669.37,70.0
2017-10-08 15:00:00,678.81,70.0
2017-10-08 16:00:00,678.7,69.1
2017-10-08 17:00:00,667.66,66.9
2017-10-08 18:00:00,639.2,63.0
2017-10-08 19:00:00,594.0,60.1
2017-10-08 20:00:00,582.34,57.9
2017-10-08 21:00:00,570.95,55.9
2017-10-08 22:00:00,575.63,55.9
2017-10-08 23:00:00,595.79,55.0
2017-10-09 00:00:00,567.5,53.1
2017-10-09 01:00:00,527.84,52.0
2017-10-09 02:00:00,517.56,50.0
2017-10-09 03:00:00,521.16,48.0
2017-10-09 04:00:00,523.78,48.9
2017-10-09 05:00:00,523.4,46.9
2017-10-09 06:00:00,591.1,46.0
2017-10-09 07:00:00,806.59,48.9
2017-10-09 08:00:00,875.94,51.1
2017-10-09 09:00:00,938.15,54.0
2017-10-09 10:00:00,970.08,57.0
2017-10-09 11:00:00,968.69,55.0
2017-10-09 12:00:00,984.08,54.0
2017-10-09 13:00:00,972.66,55.0
2017-10-09 14:00:00,967.49,52.0
2017-10-09 15:00:00,972.45,50.0
2017-10-09 16:00:00,943.49,48.9
2017-10-09 17:00:00,907.52,48.0
2017-10-09 18:00:00,876.98,48.0
2017-10-09 19:00:00,853.22,48.0
2017-10-09 20:00:00,811.21,46.9
2017-10-09 21:00:00,413.61,44.1
2017-10-09 22:00:00,612.26,43.0
2017-10-09 23:00:00,638.94,42.1
2017-10-10 00:00:00,625.94,39.9
2017-10-10 01:00:00,605.35,39.0
2017-10-10 02:00:00,570.62,39.0
2017-10-10 03:00:00,544.47,37.0
2017-10-10 04:00:00,544.04,37.0
2017-10-10 05:00:00,541.62,35.1
2017-10-10 06:00:00,604.79,35.1
2017-10-10 07:00:00,828.07,36.0
2017-10-10 08:00:00,919.05,39.9
2017-10-10 09:00:00,954.36,43.0
2017-10-10 10:00:00,941.92,48.0
2017-10-10 11:00:00,973.9,48.0
2017-10-10 12:00:00,980.16,50.0
2017-10-10 13:00:00,964.12,50.0
2017-10-10 14:00:00,970.48,51.1
2017-10-10 15:00:00,946.1,51.1
2017-10-10 16:00:00,926.94,50.0
2017-10-10 17:00:00,890.96,50.0
2017-10-10 18:00:00,850.87,48.9
2017-10-10 19:00:00,832.56,48.9
2017-10-10 20:00:00,797.38,48.0
2017-10-10 21:00:00,671.65,46.0
2017-10-10 22:00:00,631.95,45.0
2017-10-10 23:00:00,632.33,44.1
2017-10-11 00:00:00,620.31,42.1
2017-10-11 01:00:00,599.15,41.0
2017-10-11 02:00:00,565.84,39.0
2017-10-11 03:00:00,535.57,39.0
2017-10-11 04:00:00,534.19,39.9
2017-10-11 05:00:00,532.02,39.9
2017-10-11 06:00:00,589.76,39.0
2017-10-11 07:00:00,824.15,42.1
2017-10-11 08:00:00,901.74,45.0
2017-10-11 09:00:00,956.11,46.9
2017-10-11 10:00:00,979.74,48.9
2017-10-11 11:00:00,965.94,50.0
2017-10-11 12:00:00,971.74,52.0
2017-10-11 13:00:00,972.48,53.1
2017-10-11 14:00:00,951.68,54.0
2017-10-11 15:00:00,947.24,54.0
2017-10-11 16:00:00,916.88,55.0
2017-10-11 17:00:00,888.49,54.0
2017-10-11 18:00:00,862.21,52.0
2017-10-11 19:00:00,840.47,51.1
2017-10-11 20:00:00,790.5,51.1
2017-10-11 21:00:00,664.81,52.0
2017-10-11 22:00:00,625.21,53.1
2017-10-11 23:00:00,627.83,53.1
2017-10-12 00:00:00,609.82,53.1
2017-10-12 01:00:00,583.87,54.0
2017-10-12 02:00:00,555.17,54.0
2017-10-12 03:00:00,524.92,55.0
2017-10-12 04:00:00,525.88,55.0
2017-10-12 05:00:00,522.43,55.9
2017-10-12 06:00:00,580.98,55.0
2017-10-12 07:00:00,807.99,55.0
2017-10-12 08:00:00,881.43,55.9
2017-10-12 09:00:00,933.26,57.0
2017-10-12 10:00:00,961.05,57.9
2017-10-12 11:00:00,957.99,59.0
2017-10-12 12:00:00,970.58,60.1
2017-10-12 13:00:00,973.45,62.1
2017-10-12 14:00:00,965.29,63.0
2017-10-12 15:00:00,956.48,64.0
2017-10-12 16:00:00,945.64,64.0
2017-10-12 17:00:00,920.6,63.0
2017-10-12 18:00:00,886.27,59.0
2017-10-12 19:00:00,856.0,59.0
2017-10-12 20:00:00,805.54,57.9
2017-10-12 21:00:00,681.11,57.0
2017-10-12 22:00:00,632.25,55.9
2017-10-12 23:00:00,635.19,55.0
2017-10-13 00:00:00,610.74,55.0
2017-10-13 01:00:00,577.69,55.0
2017-10-13 02:00:00,546.35,54.0
2017-10-13 03:00:00,517.69,52.0
2017-10-13 04:00:00,514.5,50.0
2017-10-13 05:00:00,518.25,48.9
2017-10-13 06:00:00,577.34,48.0
2017-10-13 07:00:00,795.35,46.9
2017-10-13 08:00:00,868.27,50.0
2017-10-13 09:00:00,928.39,51.1
2017-10-13 10:00:00,952.8,52.0
2017-10-13 11:00:00,951.04,52.0
2017-10-13 12:00:00,961.4,55.0
2017-10-13 13:00:00,949.93,57.9
2017-10-13 14:00:00,949.23,59.0
2017-10-13 15:00:00,953.44,60.1
2017-10-13 16:00:00,916.95,59.0
2017-10-13 17:00:00,893.51,57.0
2017-10-13 18:00:00,856.1,57.0
2017-10-13 19:00:00,832.25,55.0
2017-10-13 20:00:00,812.05,53.1
2017-10-13 21:00:00,678.14,52.0
2017-10-13 22:00:00,636.99,50.0
2017-10-13 23:00:00,628.47,48.0
2017-10-14 00:00:00,622.37,45.0
2017-10-14 01:00:00,596.58,45.0
2017-10-14 02:00:00,578.78,46.9
2017-10-14 03:00:00,569.65,46.9
2017-10-14 04:00:00,568.76,46.9
2017-10-14 05:00:00,570.44,46.9
2017-10-14 06:00:00,568.19,48.0
2017-10-14 07:00:00,664.1,48.0
2017-10-14 08:00:00,713.47,48.0
2017-10-14 09:00:00,746.52,50.0
2017-10-14 10:00:00,739.74,57.0
2017-10-14 11:00:00,747.88,57.0
2017-10-14 12:00:00,749.01,57.0
2017-10-14 13:00:00,727.44,57.0
2017-10-14 14:00:00,720.82,54.0
2017-10-14 15:00:00,677.72,52.0
2017-10-14 16:00:00,674.97,51.1
2017-10-14 17:00:00,648.61,50.0
2017-10-14 18:00:00,638.16,50.0
2017-10-14 19:00:00,574.31,50.0
2017-10-14 20:00:00,564.74,48.0
2017-10-14 21:00:00,559.68,48.0
2017-10-14 22:00:00,560.69,48.0
2017-10-14 23:00:00,592.85,46.9
2017-10-15 00:00:00,571.9,46.0
2017-10-15 01:00:00,523.6,45.0
2017-10-15 02:00:00,521.92,43.0
2017-10-15 03:00:00,529.87,42.1
2017-10-15 04:00:00,534.9,42.1
2017-10-15 05:00:00,534.88,42.1
2017-10-15 06:00:00,535.79,41.0
2017-10-15 07:00:00,600.56,42.1
2017-10-15 08:00:00,637.41,45.0
2017-10-15 09:00:00,656.65,45.0
2017-10-15 10:00:00,658.41,48.0
2017-10-15 11:00:00,657.0,48.0
2017-10-15 12:00:00,652.94,51.1
2017-10-15 13:00:00,642.61,51.1
2017-10-15 14:00:00,651.54,53.1
2017-10-15 15:00:00,662.07,53.1
2017-10-15 16:00:00,659.17,52.0
2017-10-15 17:00:00,647.6,50.0
2017-10-15 18:00:00,639.49,50.0
2017-10-15 19:00:00,597.62,48.9
2017-10-15 20:00:00,585.25,50.0
2017-10-15 21:00:00,578.55,46.9
2017-10-15 22:00:00,572.62,46.9
2017-10-15 23:00:00,603.48,46.0
2017-10-16 00:00:00,581.33,45.0
2017-10-16 01:00:00,534.96,43.0
2017-10-16 02:00:00,536.28,43.0
2017-10-16 03:00:00,536.02,42.1
2017-10-16 04:00:00,536.09,41.0
2017-10-16 05:00:00,538.53,39.9
2017-10-16 06:00:00,602.44,39.9
2017-10-16 07:00:00,829.07,39.0
2017-10-16 08:00:00,915.02,42.1
2017-10-16 09:00:00,962.68,46.0
2017-10-16 10:00:00,998.1,50.0
2017-10-16 11:00:00,965.07,54.0
2017-10-16 12:00:00,967.96,57.9
2017-10-16 13:00:00,970.66,62.1
2017-10-16 14:00:00,953.76,64.0
2017-10-16 15:00:00,973.63,66.0
2017-10-16 16:00:00,935.07,66.0
2017-10-16 17:00:00,907.56,64.9
2017-10-16 18:00:00,894.2,62.1
2017-10-16 19:00:00,848.89,61.0
2017-10-16 20:00:00,796.04,61.0
2017-10-16 21:00:00,682.16,60.1
2017-10-16 22:00:00,637.28,57.9
2017-10-16 23:00:00,641.63,57.0
2017-10-17 00:00:00,614.77,55.9
2017-10-17 01:00:00,585.26,54.0
2017-10-17 02:00:00,560.01,52.0
2017-10-17 03:00:00,526.41,51.1
2017-10-17 04:00:00,529.34,50.0
2017-10-17 05:00:00,528.61,48.9
2017-10-17 06:00:00,602.48,48.9
2017-10-17 07:00:00,813.7,48.0
2017-10-17 08:00:00,881.12,48.9
2017-10-17 09:00:00,936.5,53.1
2017-10-17 10:00:00,956.38,55.9
2017-10-17 11:00:00,964.09,61.0
2017-10-17 12:00:00,998.58,64.9
2017-10-17 13:00:00,979.24,68.0
2017-10-17 14:00:00,995.97,71.1
2017-10-17 15:00:00,976.32,73.0
2017-10-17 16:00:00,960.36,73.0
2017-10-17 17:00:00,931.13,72.0
2017-10-17 18:00:00,882.78,66.0
2017-10-17 19:00:00,856.26,64.9
2017-10-17 20:00:00,815.36,64.9
2017-10-17 21:00:00,672.01,63.0
2017-10-17 22:00:00,638.35,63.0
2017-10-17 23:00:00,636.32,62.1
2017-10-18 00:00:00,603.35,61.0
2017-10-18 01:00:00,579.58,59.0
2017-10-18 02:00:00,546.67,57.9
2017-10-18 03:00:00,516.85,55.9
2017-10-18 04:00:00,518.65,51.1
2017-10-18 05:00:00,516.82,50.0
2017-10-18 06:00:00,588.98,48.9
2017-10-18 07:00:00,817.5,50.0
2017-10-18 08:00:00,892.3,53.1
2017-10-18 09:00:00,925.64,57.0
2017-10-18 10:00:00,945.33,61.0
2017-10-18 11:00:00,951.52,64.0
2017-10-18 12:00:00,981.98,64.9
2017-10-18 13:00:00,979.33,66.9
2017-10-18 14:00:00,963.81,70.0
2017-10-18 15:00:00,970.38,72.0
2017-10-18 16:00:00,952.46,71.1
2017-10-18 17:00:00,921.96,66.9
2017-10-18 18:00:00,885.85,62.1
2017-10-18 19:00:00,858.38,59.0
2017-10-18 20:00:00,815.5,55.9
2017-10-18 21:00:00,669.64,55.0
2017-10-18 22:00:00,639.81,55.0
2017-10-18 23:00:00,645.58,54.0
2017-10-19 00:00:00,625.14,52.0
2017-10-19 01:00:00,581.05,52.0
2017-10-19 02:00:00,554.62,50.0
2017-10-19 03:00:00,527.09,46.9
2017-10-19 04:00:00,523.5,46.9
2017-10-19 05:00:00,528.07,46.0
2017-10-19 06:00:00,606.98,46.0
2017-10-19 07:00:00,814.49,45.0
2017-10-19 08:00:00,904.63,46.0
2017-10-19 09:00:00,953.94,51.1
2017-10-19 10:00:00,960.53,55.9
2017-10-19 11:00:00,953.54,63.0
2017-10-19 12:00:00,975.55,66.9
2017-10-19 13:00:00,968.8,71.1
2017-10-19 14:00:00,960.36,73.0
2017-10-19 15:00:00,968.76,73.0
2017-10-19 16:00:00,945.76,72.0
2017-10-19 17:00:00,907.69,71.1
2017-10-19 18:00:00,880.89,68.0
2017-10-19 19:00:00,845.93,64.0
2017-10-19 20:00:00,801.91,62.1
2017-10-19 21:00:00,686.43,57.9
2017-10-19 22:00:00,634.54,55.9
2017-10-19 23:00:00,636.6,55.0
2017-10-20 00:00:00,610.12,55.0
2017-10-20 01:00:00,578.02,55.0
2017-10-20 02:00:00,546.16,55.0
2017-10-20 03:00:00,515.09,55.0
2017-10-20 04:00:00,511.2,53.1
2017-10-20 05:00:00,513.21,54.0
2017-10-20 06:00:00,576.3,54.0
2017-10-20 07:00:00,797.08,54.0
2017-10-20 08:00:00,885.72,57.0
2017-10-20 09:00:00,869.35,62.1
2017-10-20 10:00:00,923.42,68.0
2017-10-20 11:00:00,932.29,72.0
2017-10-20 12:00:00,949.19,75.0
2017-10-20 13:00:00,957.29,75.9
2017-10-20 14:00:00,951.93,77.0
2017-10-20 15:00:00,931.88,77.0
2017-10-20 16:00:00,931.3,77.0
2017-10-20 17:00:00,871.05,75.0
2017-10-20 18:00:00,848.18,71.1
2017-10-20 19:00:00,826.4,69.1
2017-10-20 20:00:00,791.2,68.0
2017-10-20 21:00:00,658.94,68.0
2017-10-20 22:00:00,630.18,68.0
2017-10-20 23:00:00,614.54,66.9
2017-10-21 00:00:00,603.63,66.0
2017-10-21 01:00:00,568.6,64.0
2017-10-21 02:00:00,557.55,64.0
2017-10-21 03:00:00,547.9,63.0
2017-10-21 04:00:00,551.91,63.0
2017-10-21 05:00:00,549.69,63.0
2017-10-21 06:00:00,551.26,63.0
2017-10-21 07:00:00,684.97,60.1
2017-10-21 08:00:00,719.28,61.0
2017-10-21 09:00:00,742.32,61.0
2017-10-21 10:00:00,744.38,61.0
2017-10-21 11:00:00,733.08,63.0
2017-10-21 12:00:00,725.68,64.9
2017-10-21 13:00:00,728.56,66.0
2017-10-21 14:00:00,721.84,66.9
2017-10-21 15:00:00,710.03,68.0
2017-10-21 16:00:00,708.3,69.1
2017-10-21 17:00:00,667.69,69.1
2017-10-21 18:00:00,644.73,68.0
2017-10-21 19:00:00,595.87,57.0
2017-10-21 20:00:00,568.92,57.0
2017-10-21 21:00:00,562.42,55.9
2017-10-21 22:00:00,562.33,54.0
2017-10-21 23:00:00,593.13,53.1
2017-10-22 00:00:00,566.97,52.0
2017-10-22 01:00:00,520.67,51.1
2017-10-22 02:00:00,514.12,50.0
2017-10-22 03:00:00,514.33,50.0
2017-10-22 04:00:00,515.32,50.0
2017-10-22 05:00:00,517.81,48.9
2017-10-22 06:00:00,518.64,48.9
2017-10-22 07:00:00,583.7,48.0
2017-10-22 08:00:00,624.84,48.9
2017-10-22 09:00:00,649.58,50.0
2017-10-22 10:00:00,656.44,50.0
2017-10-22 11:00:00,637.53,55.0
2017-10-22 12:00:00,643.91,60.1
2017-10-22 13:00:00,650.63,62.1
2017-10-22 14:00:00,669.82,63.0
2017-10-22 15:00:00,653.96,64.0
2017-10-22 16:00:00,679.1,63.0
2017-10-22 17:00:00,648.45,62.1
2017-10-22 18:00:00,630.59,57.0
2017-10-22 19:00:00,587.5,57.9
2017-10-22 20:00:00,579.7,55.9
2017-10-22 21:00:00,571.29,57.0
2017-10-22 22:00:00,571.32,55.9
2017-10-22 23:00:00,601.98,55.9
2017-10-23 00:00:00,578.27,55.9
2017-10-23 01:00:00,532.46,55.9
2017-10-23 02:00:00,524.86,55.9
2017-10-23 03:00:00,523.66,54.0
2017-10-23 04:00:00,522.5,51.1
2017-10-23 05:00:00,523.24,48.0
2017-10-23 06:00:00,582.87,52.0
2017-10-23 07:00:00,802.0,51.1
2017-10-23 08:00:00,902.95,52.0
2017-10-23 09:00:00,943.6,57.0
2017-10-23 10:00:00,951.57,57.0
2017-10-23 11:00:00,960.4,60.1
2017-10-23 12:00:00,989.16,59.0
2017-10-23 13:00:00,981.82,59.0
2017-10-23 14:00:00,969.94,55.9
2017-10-23 15:00:00,948.58,52.0
2017-10-23 16:00:00,919.74,51.1
2017-10-23 17:00:00,888.34,50.0
2017-10-23 18:00:00,872.8,48.9
2017-10-23 19:00:00,846.63,48.9
2017-10-23 20:00:00,804.77,48.9
2017-10-23 21:00:00,690.18,48.0
2017-10-23 22:00:00,642.69,46.9
2017-10-23 23:00:00,641.84,45.0
2017-10-24 00:00:00,624.98,43.0
2017-10-24 01:00:00,604.4,42.1
2017-10-24 02:00:00,581.09,42.1
2017-10-24 03:00:00,546.3,43.0
2017-10-24 04:00:00,546.36,43.0
2017-10-24 05:00:00,543.72,43.0
2017-10-24 06:00:00,612.58,42.1
2017-10-24 07:00:00,807.66,39.9
2017-10-24 08:00:00,909.29,41.0
2017-10-24 09:00:00,939.03,41.0
2017-10-24 10:00:00,942.29,42.1
2017-10-24 11:00:00,964.7,45.0
2017-10-24 12:00:00,987.7,46.9
2017-10-24 13:00:00,980.86,50.0
2017-10-24 14:00:00,971.9,50.0
2017-10-24 15:00:00,949.98,51.1
2017-10-24 16:00:00,928.7,50.0
2017-10-24 17:00:00,908.17,48.0
2017-10-24 18:00:00,863.51,46.0
2017-10-24 19:00:00,842.45,45.0
2017-10-24 20:00:00,796.35,43.0
2017-10-24 21:00:00,697.57,43.0
2017-10-24 22:00:00,650.78,44.1
2017-10-24 23:00:00,647.1,43.0
2017-10-25 00:00:00,636.51,43.0
2017-10-25 01:00:00,607.98,44.1
2017-10-25 02:00:00,575.54,42.1
2017-10-25 03:00:00,543.77,41.0
2017-10-25 04:00:00,542.98,41.0
2017-10-25 05:00:00,542.01,39.9
2017-10-25 06:00:00,605.14,39.9
2017-10-25 07:00:00,839.24,39.0
2017-10-25 08:00:00,915.98,42.1
2017-10-25 09:00:00,958.63,46.0
2017-10-25 10:00:00,968.52,48.9
2017-10-25 11:00:00,971.31,51.1
2017-10-25 12:00:00,985.75,53.1
2017-10-25 13:00:00,960.03,54.0
2017-10-25 14:00:00,961.47,55.0
2017-10-25 15:00:00,942.29,55.9
2017-10-25 16:00:00,943.75,55.9
2017-10-25 17:00:00,896.18,55.0
2017-10-25 18:00:00,876.45,50.0
2017-10-25 19:00:00,849.21,51.1
2017-10-25 20:00:00,801.33,48.9
2017-10-25 21:00:00,694.34,46.9
2017-10-25 22:00:00,633.59,46.9
2017-10-25 23:00:00,638.84,46.0
2017-10-26 00:00:00,618.91,45.0
2017-10-26 01:00:00,589.97,46.0
2017-10-26 02:00:00,565.38,45.0
2017-10-26 03:00:00,529.2,45.0
2017-10-26 04:00:00,531.56,45.0
2017-10-26 05:00:00,530.12,46.0
2017-10-26 06:00:00,597.69,48.0
2017-10-26 07:00:00,820.42,48.0
2017-10-26 08:00:00,892.8,48.9
2017-10-26 09:00:00,933.27,50.0
2017-10-26 10:00:00,947.75,52.0
2017-10-26 11:00:00,953.34,57.0
2017-10-26 12:00:00,970.69,57.0
2017-10-26 13:00:00,976.37,51.1
2017-10-26 14:00:00,967.17,50.0
2017-10-26 15:00:00,940.81,45.0
2017-10-26 16:00:00,930.97,42.1
2017-10-26 17:00:00,901.54,39.9
2017-10-26 18:00:00,882.17,39.0
2017-10-26 19:00:00,864.9,37.9
2017-10-26 20:00:00,820.73,36.0
2017-10-26 21:00:00,683.84,36.0
2017-10-26 22:00:00,652.93,36.0
2017-10-26 23:00:00,661.81,35.1
2017-10-27 00:00:00,638.77,35.1
2017-10-27 01:00:00,620.06,35.1
2017-10-27 02:00:00,590.2,35.1
2017-10-27 03:00:00,557.79,35.1
2017-10-27 04:00:00,555.15,34.0
2017-10-27 05:00:00,555.24,35.1
2017-10-27 06:00:00,617.77,34.0
2017-10-27 07:00:00,850.18,34.0
2017-10-27 08:00:00,935.99,34.0
2017-10-27 09:00:00,976.68,33.4
2017-10-27 10:00:00,987.14,33.1
2017-10-27 11:00:00,977.56,34.0
2017-10-27 12:00:00,1001.62,33.1
2017-10-27 13:00:00,980.86,33.1
2017-10-27 14:00:00,982.32,34.0
2017-10-27 15:00:00,950.16,33.1
2017-10-27 16:00:00,928.41,34.0
2017-10-27 17:00:00,903.53,34.0
2017-10-27 18:00:00,861.96,33.1
2017-10-27 19:00:00,855.98,34.0
2017-10-27 20:00:00,815.24,34.0
2017-10-27 21:00:00,695.46,33.1
2017-10-27 22:00:00,647.75,33.1
2017-10-27 23:00:00,647.67,33.1
2017-10-28 00:00:00,642.58,32.0
2017-10-28 01:00:00,612.86,30.9
2017-10-28 02:00:00,601.42,30.9
2017-10-28 03:00:00,594.37,30.0
2017-10-28 04:00:00,594.96,32.0
2017-10-28 05:00:00,590.57,32.0
2017-10-28 06:00:00,584.13,32.0
2017-10-28 07:00:00,696.65,32.0
2017-10-28 08:00:00,747.54,32.0
2017-10-28 09:00:00,765.68,32.0
2017-10-28 10:00:00,781.02,33.1
2017-10-28 11:00:00,768.08,33.1
2017-10-28 12:00:00,770.3,33.1
2017-10-28 13:00:00,777.48,34.0
2017-10-28 14:00:00,734.76,34.0
2017-10-28 15:00:00,706.94,34.0
2017-10-28 16:00:00,696.58,34.0
2017-10-28 17:00:00,686.44,34.0
2017-10-28 18:00:00,674.93,33.1
2017-10-28 19:00:00,607.74,30.9
2017-10-28 20:00:00,596.19,30.0
2017-10-28 21:00:00,599.46,30.0
2017-10-28 22:00:00,593.38,30.0
2017-10-28 23:00:00,627.81,30.0
2017-10-29 00:00:00,604.38,30.0
2017-10-29 01:00:00,559.33,30.0
2017-10-29 02:00:00,556.5,28.9
2017-10-29 03:00:00,554.29,30.0
2017-10-29 04:00:00,559.95,30.0
2017-10-29 05:00:00,555.51,30.9
2017-10-29 06:00:00,557.67,32.0
2017-10-29 07:00:00,627.08,32.0
2017-10-29 08:00:00,660.63,33.1
2017-10-29 09:00:00,672.58,34.0
2017-10-29 10:00:00,685.42,37.0
2017-10-29 11:00:00,679.9,39.0
2017-10-29 12:00:00,680.72,39.9
2017-10-29 13:00:00,659.16,43.0
2017-10-29 14:00:00,671.75,43.0
2017-10-29 15:00:00,671.85,43.0
2017-10-29 16:00:00,441.14,43.0
2017-10-29 17:00:00,645.14,43.0
2017-10-29 18:00:00,625.23,43.0
2017-10-29 19:00:00,606.44,42.1
2017-10-29 20:00:00,582.15,43.0
2017-10-29 21:00:00,587.9,43.0
2017-10-29 22:00:00,580.82,42.1
2017-10-29 23:00:00,616.67,42.1
2017-10-30 00:00:00,590.61,39.9
2017-10-30 01:00:00,541.76,37.9
2017-10-30 02:00:00,536.05,39.0
2017-10-30 03:00:00,537.52,39.0
2017-10-30 04:00:00,543.64,37.9
2017-10-30 05:00:00,543.31,37.9
2017-10-30 06:00:00,618.33,36.0
2017-10-30 07:00:00,836.13,36.0
2017-10-30 08:00:00,925.53,36.0
2017-10-30 09:00:00,988.38,37.0
2017-10-30 10:00:00,998.0,37.0
2017-10-30 11:00:00,1006.59,37.9
2017-10-30 12:00:00,1008.74,37.9
2017-10-30 13:00:00,997.58,37.0
2017-10-30 14:00:00,991.94,36.0
2017-10-30 15:00:00,991.47,34.0
2017-10-30 16:00:00,961.85,34.0
2017-10-30 17:00:00,926.29,33.1
2017-10-30 18:00:00,909.1,33.1
2017-10-30 19:00:00,877.08,32.0
2017-10-30 20:00:00,840.56,32.0
2017-10-30 21:00:00,730.59,32.0
2017-10-30 22:00:00,667.9,32.0
2017-10-30 23:00:00,674.73,30.9
2017-10-31 00:00:00,647.21,30.9
2017-10-31 01:00:00,616.37,30.9
2017-10-31 02:00:00,586.98,30.9
2017-10-31 03:00:00,550.78,30.9
2017-10-31 04:00:00,551.41,30.0
2017-10-31 05:00:00,550.34,28.9
2017-10-31 06:00:00,613.39,28.9
2017-10-31 07:00:00,850.08,28.9
2017-10-31 08:00:00,923.81,28.9
2017-10-31 09:00:00,977.15,30.0
2017-10-31 10:00:00,981.76,30.0
2017-10-31 11:00:00,994.2,30.0
2017-10-31 12:00:00,1017.71,30.9
2017-10-31 13:00:00,1001.59,32.0
2017-10-31 14:00:00,999.88,33.1
2017-10-31 15:00:00,980.57,34.0
2017-10-31 16:00:00,966.5,34.0
2017-10-31 17:00:00,930.77,34.0
2017-10-31 18:00:00,886.98,32.0
2017-10-31 19:00:00,859.59,32.0
2017-10-31 20:00:00,830.45,28.0
2017-10-31 21:00:00,725.68,28.0
2017-10-31 22:00:00,665.88,27.0
2017-10-31 23:00:00,665.12,28.0
2017-11-01 00:00:00,646.58,28.0
2017-11-01 01:00:00,613.05,27.0
2017-11-01 02:00:00,585.48,27.0
2017-11-01 03:00:00,557.14,28.9
2017-11-01 04:00:00,555.82,28.9
2017-11-01 05:00:00,560.68,30.0
2017-11-01 06:00:00,618.1,30.9
2017-11-01 07:00:00,842.58,32.0
2017-11-01 08:00:00,935.97,32.0
2017-11-01 09:00:00,976.35,32.0
2017-11-01 10:00:00,984.49,33.1
2017-11-01 11:00:00,998.52,34.0
2017-11-01 12:00:00,1009.61,37.0
2017-11-01 13:00:00,1009.8,34.0
2017-11-01 14:00:00,990.66,34.0
2017-11-01 15:00:00,982.92,34.0
2017-11-01 16:00:00,970.67,34.0
2017-11-01 17:00:00,950.4,34.0
2017-11-01 18:00:00,901.96,35.1
2017-11-01 19:00:00,890.76,35.1
2017-11-01 20:00:00,838.68,36.0
2017-11-01 21:00:00,701.19,36.0
2017-11-01 22:00:00,671.19,35.1
2017-11-01 23:00:00,664.82,35.1
2017-11-02 00:00:00,642.31,35.1
2017-11-02 01:00:00,612.77,34.0
2017-11-02 02:00:00,579.45,34.0
2017-11-02 03:00:00,551.26,35.1
2017-11-02 04:00:00,545.92,36.0
2017-11-02 05:00:00,545.54,37.0
2017-11-02 06:00:00,609.4,37.0
2017-11-02 07:00:00,817.53,37.0
2017-11-02 08:00:00,921.76,37.9
2017-11-02 09:00:00,971.4,39.0
2017-11-02 10:00:00,984.85,39.0
2017-11-02 11:00:00,988.8,39.0
2017-11-02 12:00:00,998.28,37.9
2017-11-02 13:00:00,1000.96,39.9
2017-11-02 14:00:00,996.98,39.9
2017-11-02 15:00:00,979.28,39.0
2017-11-02 16:00:00,951.5,37.9
2017-11-02 17:00:00,917.13,37.0
2017-11-02 18:00:00,904.56,37.0
2017-11-02 19:00:00,871.01,37.0
2017-11-02 20:00:00,828.04,37.0
2017-11-02 21:00:00,720.87,37.0
2017-11-02 22:00:00,662.38,37.0
2017-11-02 23:00:00,658.53,36.0
2017-11-03 00:00:00,642.02,35.1
2017-11-03 01:00:00,611.86,33.1
2017-11-03 02:00:00,584.93,32.0
2017-11-03 03:00:00,554.5,30.9
2017-11-03 04:00:00,554.24,28.9
2017-11-03 05:00:00,550.98,28.0
2017-11-03 06:00:00,620.75,28.0
2017-11-03 07:00:00,833.42,27.0
2017-11-03 08:00:00,920.11,30.0
2017-11-03 09:00:00,980.66,30.9
2017-11-03 10:00:00,975.72,32.0
2017-11-03 11:00:00,988.61,33.1
2017-11-03 12:00:00,993.66,33.1
2017-11-03 13:00:00,996.47,34.0
2017-11-03 14:00:00,987.84,34.0
2017-11-03 15:00:00,970.05,30.9
2017-11-03 16:00:00,944.12,30.9
2017-11-03 17:00:00,912.6,30.9
2017-11-03 18:00:00,883.07,32.0
2017-11-03 19:00:00,841.5,33.1
2017-11-03 20:00:00,801.61,33.1
2017-11-03 21:00:00,703.37,33.1
2017-11-03 22:00:00,663.9,33.1
2017-11-03 23:00:00,657.36,34.0
2017-11-04 00:00:00,657.01,34.0
2017-11-04 01:00:00,615.21,34.0
2017-11-04 02:00:00,608.03,34.0
2017-11-04 03:00:00,595.1,35.1
2017-11-04 04:00:00,599.46,35.1
2017-11-04 05:00:00,596.97,36.0
2017-11-04 06:00:00,591.56,36.0
2017-11-04 07:00:00,708.19,36.0
2017-11-04 08:00:00,762.26,37.0
2017-11-04 09:00:00,789.51,37.0
2017-11-04 10:00:00,784.91,37.9
2017-11-04 11:00:00,790.31,39.0
2017-11-04 12:00:00,774.37,39.9
2017-11-04 13:00:00,753.63,39.9
2017-11-04 14:00:00,757.54,41.0
2017-11-04 15:00:00,722.56,41.0
2017-11-04 16:00:00,722.21,41.0
2017-11-04 17:00:00,674.99,41.0
2017-11-04 18:00:00,675.11,41.0
2017-11-04 19:00:00,606.83,41.0
2017-11-04 20:00:00,594.39,42.1
2017-11-04 21:00:00,589.28,42.1
2017-11-04 22:00:00,590.99,42.1
2017-11-04 23:00:00,621.92,42.1
2017-11-05 00:00:00,600.46,43.0
2017-11-05 01:00:00,548.59,43.0
2017-11-05 02:00:00,1080.85,43.0
2017-11-05 03:00:00,545.62,43.0
2017-11-05 04:00:00,543.78,42.1
2017-11-05 05:00:00,540.91,39.0
2017-11-05 06:00:00,551.84,37.0
2017-11-05 07:00:00,624.06,36.0
2017-11-05 08:00:00,659.31,36.0
2017-11-05 09:00:00,687.49,34.0
2017-11-05 10:00:00,693.4,33.1
2017-11-05 11:00:00,698.0,34.0
2017-11-05 12:00:00,686.69,32.0
2017-11-05 13:00:00,687.99,34.0
2017-11-05 14:00:00,702.5,33.1
2017-11-05 15:00:00,703.13,30.9
2017-11-05 16:00:00,688.7,30.9
2017-11-05 17:00:00,686.85,30.9
2017-11-05 18:00:00,689.09,30.0
2017-11-05 19:00:00,635.82,28.9
2017-11-05 20:00:00,618.1,28.9
2017-11-05 21:00:00,612.41,27.0
2017-11-05 22:00:00,609.97,27.0
2017-11-05 23:00:00,644.33,26.1
2017-11-06 00:00:00,618.55,26.1
2017-11-06 01:00:00,568.58,24.1
2017-11-06 02:00:00,557.67,24.1
2017-11-06 03:00:00,557.5,23.0
2017-11-06 04:00:00,559.0,23.0
2017-11-06 05:00:00,557.14,23.0
2017-11-06 06:00:00,622.81,21.9
2017-11-06 07:00:00,847.88,23.0
2017-11-06 08:00:00,933.08,24.1
2017-11-06 09:00:00,991.82,26.1
2017-11-06 10:00:00,997.13,27.0
2017-11-06 11:00:00,1000.32,28.9
2017-11-06 12:00:00,1008.96,30.0
2017-11-06 13:00:00,1020.95,30.9
2017-11-06 14:00:00,1024.84,32.0
2017-11-06 15:00:00,1013.25,33.1
2017-11-06 16:00:00,989.03,32.0
2017-11-06 17:00:00,955.31,32.0
2017-11-06 18:00:00,933.94,30.9
2017-11-06 19:00:00,895.37,30.9
2017-11-06 20:00:00,853.44,28.9
2017-11-06 21:00:00,708.7,30.0
2017-11-06 22:00:00,666.56,28.9
2017-11-06 23:00:00,665.6,28.9
2017-11-07 00:00:00,650.1,28.9
2017-11-07 01:00:00,611.28,28.9
2017-11-07 02:00:00,584.71,28.9
2017-11-07 03:00:00,552.86,30.0
2017-11-07 04:00:00,553.89,28.9
2017-11-07 05:00:00,553.07,28.9
2017-11-07 06:00:00,622.6,28.9
2017-11-07 07:00:00,843.34,28.9
2017-11-07 08:00:00,916.12,28.0
2017-11-07 09:00:00,979.58,28.9
2017-11-07 10:00:00,980.71,28.0
2017-11-07 11:00:00,1024.41,30.9
2017-11-07 12:00:00,1034.14,33.1
2017-11-07 13:00:00,1017.7,35.1
2017-11-07 14:00:00,1017.02,36.0
2017-11-07 15:00:00,1010.82,36.0
2017-11-07 16:00:00,974.05,35.1
2017-11-07 17:00:00,955.93,33.1
2017-11-07 18:00:00,936.34,30.9
2017-11-07 19:00:00,888.53,30.9
2017-11-07 20:00:00,863.07,30.0
2017-11-07 21:00:00,725.72,28.9
2017-11-07 22:00:00,668.29,28.0
2017-11-07 23:00:00,680.18,28.9
2017-11-08 00:00:00,651.9,30.0
2017-11-08 01:00:00,621.24,30.0
2017-11-08 02:00:00,592.95,28.9
2017-11-08 03:00:00,564.4,28.0
2017-11-08 04:00:00,563.04,28.0
2017-11-08 05:00:00,559.47,28.0
2017-11-08 06:00:00,627.09,27.0
2017-11-08 07:00:00,869.42,27.0
2017-11-08 08:00:00,931.91,27.0
2017-11-08 09:00:00,983.67,30.0
2017-11-08 10:00:00,1000.74,30.9
2017-11-08 11:00:00,1016.7,34.0
2017-11-08 12:00:00,1027.34,36.0
2017-11-08 13:00:00,1030.61,39.0
2017-11-08 14:00:00,1021.31,39.9
2017-11-08 15:00:00,997.8,41.0
2017-11-08 16:00:00,962.65,42.1
2017-11-08 17:00:00,925.15,39.9
2017-11-08 18:00:00,886.88,37.9
2017-11-08 19:00:00,872.98,39.0
2017-11-08 20:00:00,837.71,37.0
2017-11-08 21:00:00,711.46,36.0
2017-11-08 22:00:00,667.16,34.0
2017-11-08 23:00:00,678.13,33.1
2017-11-09 00:00:00,656.85,30.0
2017-11-09 01:00:00,627.91,30.0
2017-11-09 02:00:00,590.87,28.0
2017-11-09 03:00:00,572.64,27.0
2017-11-09 04:00:00,560.5,24.1
2017-11-09 05:00:00,567.19,21.0
2017-11-09 06:00:00,635.13,21.0
2017-11-09 07:00:00,852.23,19.0
2017-11-09 08:00:00,952.46,19.0
2017-11-09 09:00:00,989.54,19.0
2017-11-09 10:00:00,989.44,21.0
2017-11-09 11:00:00,999.58,21.0
2017-11-09 12:00:00,1029.41,21.9
2017-11-09 13:00:00,1012.98,21.9
2017-11-09 14:00:00,1009.41,21.0
2017-11-09 15:00:00,989.04,21.0
2017-11-09 16:00:00,967.86,19.9
2017-11-09 17:00:00,930.74,17.1
2017-11-09 18:00:00,905.05,16.0
2017-11-09 19:00:00,889.88,16.0
2017-11-09 20:00:00,841.53,15.1
2017-11-09 21:00:00,721.53,14.0
2017-11-09 22:00:00,686.84,14.0
2017-11-09 23:00:00,688.06,12.9
2017-11-10 00:00:00,665.41,12.0
2017-11-10 01:00:00,636.76,12.0
2017-11-10 02:00:00,608.14,10.9
2017-11-10 03:00:00,572.04,10.9
2017-11-10 04:00:00,567.15,10.9
2017-11-10 05:00:00,572.53,12.0
2017-11-10 06:00:00,641.61,12.0
2017-11-10 07:00:00,856.57,12.0
2017-11-10 08:00:00,940.89,12.9
2017-11-10 09:00:00,974.32,15.1
2017-11-10 10:00:00,991.34,17.1
2017-11-10 11:00:00,993.66,18.0
2017-11-10 12:00:00,1034.73,19.9
2017-11-10 13:00:00,998.92,19.9
2017-11-10 14:00:00,977.74,21.9
2017-11-10 15:00:00,977.98,23.0
2017-11-10 16:00:00,951.81,23.0
2017-11-10 17:00:00,925.82,23.0
2017-11-10 18:00:00,912.1,24.1
2017-11-10 19:00:00,872.71,24.1
2017-11-10 20:00:00,845.7,25.0
2017-11-10 21:00:00,702.71,25.0
2017-11-10 22:00:00,664.49,25.0
2017-11-10 23:00:00,666.61,24.1
2017-11-11 00:00:00,658.84,24.1
2017-11-11 01:00:00,623.04,27.0
2017-11-11 02:00:00,601.35,27.0
2017-11-11 03:00:00,591.67,28.0
2017-11-11 04:00:00,591.82,30.0
2017-11-11 05:00:00,596.1,30.9
2017-11-11 06:00:00,599.97,30.9
2017-11-11 07:00:00,700.46,30.0
2017-11-11 08:00:00,757.28,30.9
2017-11-11 09:00:00,780.99,32.0
2017-11-11 10:00:00,784.38,34.0
2017-11-11 11:00:00,782.34,37.0
2017-11-11 12:00:00,769.36,39.9
2017-11-11 13:00:00,749.54,42.1
2017-11-11 14:00:00,751.06,43.0
2017-11-11 15:00:00,716.24,43.0
2017-11-11 16:00:00,720.92,43.0
2017-11-11 17:00:00,691.55,42.1
2017-11-11 18:00:00,691.87,39.9
2017-11-11 19:00:00,612.14,37.0
2017-11-11 20:00:00,594.09,35.1
2017-11-11 21:00:00,595.16,32.0
2017-11-11 22:00:00,601.97,30.9
2017-11-11 23:00:00,629.14,32.0
2017-11-12 00:00:00,606.75,28.9
2017-11-12 01:00:00,559.37,27.0
2017-11-12 02:00:00,555.13,28.0
2017-11-12 03:00:00,552.52,28.0
2017-11-12 04:00:00,550.54,27.0
2017-11-12 05:00:00,551.94,26.1
2017-11-12 06:00:00,556.91,26.1
2017-11-12 07:00:00,621.77,25.0
2017-11-12 08:00:00,655.82,27.0
2017-11-12 09:00:00,677.11,30.9
2017-11-12 10:00:00,700.38,33.1
2017-11-12 11:00:00,686.58,32.0
2017-11-12 12:00:00,686.91,33.1
2017-11-12 13:00:00,686.17,33.1
2017-11-12 14:00:00,678.46,35.1
2017-11-12 15:00:00,697.11,36.0
2017-11-12 16:00:00,691.61,35.1
2017-11-12 17:00:00,673.86,34.0
2017-11-12 18:00:00,672.73,32.0
2017-11-12 19:00:00,627.8,32.0
2017-11-12 20:00:00,612.45,30.9
2017-11-12 21:00:00,602.34,30.9
2017-11-12 22:00:00,600.86,30.0
2017-11-12 23:00:00,635.12,28.9
2017-11-13 00:00:00,610.16,28.0
2017-11-13 01:00:00,559.66,27.0
2017-11-13 02:00:00,557.75,27.0
2017-11-13 03:00:00,558.12,26.1
2017-11-13 04:00:00,555.76,26.1
2017-11-13 05:00:00,554.59,26.1
2017-11-13 06:00:00,628.28,27.0
2017-11-13 07:00:00,848.26,27.0
2017-11-13 08:00:00,930.09,28.0
2017-11-13 09:00:00,985.9,30.9
2017-11-13 10:00:00,971.89,36.0
2017-11-13 11:00:00,980.13,39.0
2017-11-13 12:00:00,980.13,41.0
2017-11-13 13:00:00,1011.87,45.0
2017-11-13 14:00:00,996.69,43.0
2017-11-13 15:00:00,980.82,46.0
2017-11-13 16:00:00,946.02,46.0
2017-11-13 17:00:00,907.76,44.1
2017-11-13 18:00:00,884.08,42.1
2017-11-13 19:00:00,864.97,41.0
2017-11-13 20:00:00,815.27,39.9
2017-11-13 21:00:00,685.58,39.9
2017-11-13 22:00:00,661.09,39.0
2017-11-13 23:00:00,667.8,39.0
2017-11-14 00:00:00,653.94,39.0
2017-11-14 01:00:00,614.55,39.0
2017-11-14 02:00:00,582.67,39.9
2017-11-14 03:00:00,550.84,39.9
2017-11-14 04:00:00,539.66,39.9
2017-11-14 05:00:00,548.79,39.0
2017-11-14 06:00:00,623.19,39.9
2017-11-14 07:00:00,846.06,39.9
2017-11-14 08:00:00,909.87,39.9
2017-11-14 09:00:00,962.74,41.0
2017-11-14 10:00:00,977.24,42.1
2017-11-14 11:00:00,999.16,43.0
2017-11-14 12:00:00,1017.08,44.1
2017-11-14 13:00:00,986.3,44.1
2017-11-14 14:00:00,984.07,44.1
2017-11-14 15:00:00,983.32,44.1
2017-11-14 16:00:00,935.88,44.1
2017-11-14 17:00:00,919.6,44.1
2017-11-14 18:00:00,899.53,43.0
2017-11-14 19:00:00,872.76,43.0
2017-11-14 20:00:00,824.47,43.0
2017-11-14 21:00:00,719.58,44.1
2017-11-14 22:00:00,643.51,44.1
2017-11-14 23:00:00,655.0,44.1
2017-11-15 00:00:00,637.69,45.0
2017-11-15 01:00:00,604.48,45.0
2017-11-15 02:00:00,575.2,46.0
2017-11-15 03:00:00,539.95,45.0
2017-11-15 04:00:00,539.9,45.0
2017-11-15 05:00:00,539.01,44.1
2017-11-15 06:00:00,604.88,43.0
2017-11-15 07:00:00,822.93,39.0
2017-11-15 08:00:00,910.62,37.9
2017-11-15 09:00:00,988.64,37.0
2017-11-15 10:00:00,1003.66,35.1
2017-11-15 11:00:00,1013.73,33.1
2017-11-15 12:00:00,1029.1,32.0
2017-11-15 13:00:00,1038.69,33.1
2017-11-15 14:00:00,1024.99,33.1
2017-11-15 15:00:00,993.84,33.1
2017-11-15 16:00:00,986.52,32.0
2017-11-15 17:00:00,954.43,30.9
2017-11-15 18:00:00,927.72,30.0
2017-11-15 19:00:00,891.54,30.0
2017-11-15 20:00:00,853.8,28.9
2017-11-15 21:00:00,707.56,28.0
2017-11-15 22:00:00,672.11,28.0
2017-11-15 23:00:00,674.28,28.0
2017-11-16 00:00:00,659.15,28.0
2017-11-16 01:00:00,619.14,27.0
2017-11-16 02:00:00,595.31,28.0
2017-11-16 03:00:00,555.25,28.0
2017-11-16 04:00:00,557.29,28.9
2017-11-16 05:00:00,562.04,28.9
2017-11-16 06:00:00,619.5,28.9
2017-11-16 07:00:00,846.83,28.9
2017-11-16 08:00:00,944.26,28.9
2017-11-16 09:00:00,999.4,28.9
2017-11-16 10:00:00,1004.82,28.9
2017-11-16 11:00:00,1016.9,30.0
2017-11-16 12:00:00,1022.4,30.0
2017-11-16 13:00:00,1033.92,30.9
2017-11-16 14:00:00,1021.46,32.0
2017-11-16 15:00:00,1010.36,32.0
2017-11-16 16:00:00,961.92,32.0
2017-11-16 17:00:00,935.53,32.0
2017-11-16 18:00:00,914.54,32.0
2017-11-16 19:00:00,885.24,33.1
2017-11-16 20:00:00,841.79,33.1
2017-11-16 21:00:00,704.76,34.0
2017-11-16 22:00:00,671.17,33.1
2017-11-16 23:00:00,671.38,34.0
2017-11-17 00:00:00,655.5,34.0
2017-11-17 01:00:00,623.36,35.1
2017-11-17 02:00:00,588.46,35.1
2017-11-17 03:00:00,551.65,35.1
2017-11-17 04:00:00,561.4,36.0
2017-11-17 05:00:00,559.09,36.0
2017-11-17 06:00:00,622.17,37.0
2017-11-17 07:00:00,832.72,37.0
2017-11-17 08:00:00,936.08,36.0
2017-11-17 09:00:00,988.03,36.0
2017-11-17 10:00:00,984.11,36.0
2017-11-17 11:00:00,984.28,37.0
2017-11-17 12:00:00,994.55,37.0
2017-11-17 13:00:00,990.56,37.0
2017-11-17 14:00:00,972.24,37.9
2017-11-17 15:00:00,970.84,37.9
2017-11-17 16:00:00,938.51,37.9
2017-11-17 17:00:00,918.91,37.9
2017-11-17 18:00:00,901.7,37.9
2017-11-17 19:00:00,866.5,39.0
2017-11-17 20:00:00,820.9,37.9
2017-11-17 21:00:00,698.24,37.9
2017-11-17 22:00:00,651.88,37.0
2017-11-17 23:00:00,651.89,37.0
2017-11-18 00:00:00,651.56,36.0
2017-11-18 01:00:00,612.76,36.0
2017-11-18 02:00:00,598.49,36.0
2017-11-18 03:00:00,591.4,35.1
2017-11-18 04:00:00,593.52,35.1
2017-11-18 05:00:00,596.43,34.0
2017-11-18 06:00:00,602.02,34.0
2017-11-18 07:00:00,703.11,33.1
2017-11-18 08:00:00,743.03,32.0
2017-11-18 09:00:00,785.15,32.0
2017-11-18 10:00:00,776.84,34.0
2017-11-18 11:00:00,787.81,35.1
2017-11-18 12:00:00,790.94,36.0
2017-11-18 13:00:00,775.77,37.0
2017-11-18 14:00:00,766.52,35.1
2017-11-18 15:00:00,727.39,33.1
2017-11-18 16:00:00,720.27,32.0
2017-11-18 17:00:00,701.45,28.9
2017-11-18 18:00:00,690.9,28.0
2017-11-18 19:00:00,612.5,26.1
2017-11-18 20:00:00,611.62,23.0
2017-11-18 21:00:00,609.05,21.9
2017-11-18 22:00:00,612.6,21.9
2017-11-18 23:00:00,640.5,21.0
2017-11-19 00:00:00,614.46,21.0
2017-11-19 01:00:00,567.06,19.9
2017-11-19 02:00:00,562.82,19.9
2017-11-19 03:00:00,564.24,19.0
2017-11-19 04:00:00,558.23,19.0
2017-11-19 05:00:00,561.91,18.0
2017-11-19 06:00:00,556.36,19.0
2017-11-19 07:00:00,630.74,18.0
2017-11-19 08:00:00,669.91,18.0
2017-11-19 09:00:00,686.6,21.0
2017-11-19 10:00:00,697.91,23.0
2017-11-19 11:00:00,696.38,28.0
2017-11-19 12:00:00,692.36,30.9
2017-11-19 13:00:00,690.18,35.1
2017-11-19 14:00:00,680.39,37.9
2017-11-19 15:00:00,690.06,39.9
2017-11-19 16:00:00,676.73,41.0
2017-11-19 17:00:00,664.14,39.0
2017-11-19 18:00:00,667.75,36.0
2017-11-19 19:00:00,625.87,37.9
2017-11-19 20:00:00,605.16,37.9
2017-11-19 21:00:00,590.01,37.9
2017-11-19 22:00:00,604.0,37.9
2017-11-19 23:00:00,623.27,37.0
2017-11-20 00:00:00,603.93,37.0
2017-11-20 01:00:00,550.02,35.1
2017-11-20 02:00:00,542.51,35.1
2017-11-20 03:00:00,549.68,32.0
2017-11-20 04:00:00,543.35,30.0
2017-11-20 05:00:00,538.35,30.0
2017-11-20 06:00:00,619.42,28.9
2017-11-20 07:00:00,841.27,30.0
2017-11-20 08:00:00,936.87,30.0
2017-11-20 09:00:00,982.95,34.0
2017-11-20 10:00:00,1009.56,37.0
2017-11-20 11:00:00,1005.65,42.1
2017-11-20 12:00:00,1000.84,43.0
2017-11-20 13:00:00,1004.23,45.0
2017-11-20 14:00:00,986.13,45.0
2017-11-20 15:00:00,986.61,46.0
2017-11-20 16:00:00,949.65,46.9
2017-11-20 17:00:00,931.2,46.9
2017-11-20 18:00:00,906.7,46.9
2017-11-20 19:00:00,861.18,45.0
2017-11-20 20:00:00,823.89,44.1
2017-11-20 21:00:00,698.01,43.0
2017-11-20 22:00:00,647.14,43.0
2017-11-20 23:00:00,651.44,43.0
2017-11-21 00:00:00,635.53,42.1
2017-11-21 01:00:00,595.33,39.0
2017-11-21 02:00:00,576.43,36.0
2017-11-21 03:00:00,548.9,33.1
2017-11-21 04:00:00,551.51,30.0
2017-11-21 05:00:00,557.04,28.0
2017-11-21 06:00:00,619.71,28.0
2017-11-21 07:00:00,842.26,27.0
2017-11-21 08:00:00,928.98,24.1
2017-11-21 09:00:00,979.91,23.0
2017-11-21 10:00:00,993.75,23.0
2017-11-21 11:00:00,1023.78,25.0
2017-11-21 12:00:00,1049.17,26.1
2017-11-21 13:00:00,1032.15,27.0
2017-11-21 14:00:00,1017.36,28.0
2017-11-21 15:00:00,1006.1,28.9
2017-11-21 16:00:00,983.43,28.0
2017-11-21 17:00:00,939.17,26.1
2017-11-21 18:00:00,914.36,25.0
2017-11-21 19:00:00,874.63,24.1
2017-11-21 20:00:00,856.36,21.9
2017-11-21 21:00:00,732.0,19.9
2017-11-21 22:00:00,684.75,19.9
2017-11-21 23:00:00,682.58,19.0
2017-11-22 00:00:00,661.81,19.0
2017-11-22 01:00:00,625.87,18.0
2017-11-22 02:00:00,597.08,16.0
2017-11-22 03:00:00,566.14,16.0
2017-11-22 04:00:00,562.42,15.1
2017-11-22 05:00:00,562.99,16.0
2017-11-22 06:00:00,629.66,16.0
2017-11-22 07:00:00,854.05,16.0
2017-11-22 08:00:00,923.14,16.0
2017-11-22 09:00:00,974.86,19.0
2017-11-22 10:00:00,993.87,21.0
2017-11-22 11:00:00,994.32,23.0
2017-11-22 12:00:00,992.28,23.0
2017-11-22 13:00:00,998.06,24.1
2017-11-22 14:00:00,995.71,26.1
2017-11-22 15:00:00,979.32,27.0
2017-11-22 16:00:00,943.25,28.9
2017-11-22 17:00:00,900.81,28.9
2017-11-22 18:00:00,892.51,30.0
2017-11-22 19:00:00,867.17,30.0
2017-11-22 20:00:00,845.96,30.9
2017-11-22 21:00:00,723.36,32.0
2017-11-22 22:00:00,662.58,32.0
2017-11-22 23:00:00,659.71,32.0
2017-11-23 00:00:00,645.84,30.0
2017-11-23 01:00:00,618.42,28.0
2017-11-23 02:00:00,584.23,27.0
2017-11-23 03:00:00,559.97,26.1
2017-11-23 04:00:00,549.46,26.1
2017-11-23 05:00:00,554.17,23.0
2017-11-23 06:00:00,604.73,23.0
2017-11-23 07:00:00,752.48,23.0
2017-11-23 08:00:00,752.26,26.1
2017-11-23 09:00:00,753.57,30.0
2017-11-23 10:00:00,747.76,33.1
2017-11-23 11:00:00,750.72,35.1
2017-11-23 12:00:00,743.7,37.9
2017-11-23 13:00:00,734.14,41.0
2017-11-23 14:00:00,731.21,43.0
2017-11-23 15:00:00,734.04,44.1
2017-11-23 16:00:00,737.88,45.0
2017-11-23 17:00:00,737.79,42.1
2017-11-23 18:00:00,732.62,43.0
2017-11-23 19:00:00,736.14,42.1
2017-11-23 20:00:00,728.32,37.9
2017-11-23 21:00:00,632.05,37.9
2017-11-23 22:00:00,617.97,46.0
2017-11-23 23:00:00,635.07,48.0
2017-11-24 00:00:00,609.38,48.0
2017-11-24 01:00:00,585.28,48.0
2017-11-24 02:00:00,560.19,48.9
2017-11-24 03:00:00,541.09,48.0
2017-11-24 04:00:00,540.07,46.9
2017-11-24 05:00:00,538.76,46.9
2017-11-24 06:00:00,597.63,48.0
2017-11-24 07:00:00,785.94,48.0
2017-11-24 08:00:00,846.2,48.9
2017-11-24 09:00:00,855.88,50.0
2017-11-24 10:00:00,859.5,53.1
2017-11-24 11:00:00,864.48,54.0
2017-11-24 12:00:00,854.69,57.9
2017-11-24 13:00:00,859.03,60.1
2017-11-24 14:00:00,842.88,57.9
2017-11-24 15:00:00,824.24,57.0
2017-11-24 16:00:00,806.68,53.1
2017-11-24 17:00:00,816.36,50.0
2017-11-24 18:00:00,798.72,46.0
2017-11-24 19:00:00,775.25,46.0
2017-11-24 20:00:00,753.01,45.0
2017-11-24 21:00:00,644.08,45.0
2017-11-24 22:00:00,621.71,43.0
2017-11-24 23:00:00,629.41,41.0
2017-11-25 00:00:00,625.2,41.0
2017-11-25 01:00:00,591.41,39.0
2017-11-25 02:00:00,579.52,39.0
2017-11-25 03:00:00,574.86,37.9
2017-11-25 04:00:00,578.21,37.0
2017-11-25 05:00:00,585.36,36.0
2017-11-25 06:00:00,589.03,34.0
2017-11-25 07:00:00,701.76,33.1
2017-11-25 08:00:00,748.16,33.1
2017-11-25 09:00:00,772.7,34.0
2017-11-25 10:00:00,781.02,35.1
2017-11-25 11:00:00,758.31,37.0
2017-11-25 12:00:00,770.72,37.0
2017-11-25 13:00:00,750.75,39.0
2017-11-25 14:00:00,758.7,39.9
2017-11-25 15:00:00,716.41,39.0
2017-11-25 16:00:00,710.38,39.0
2017-11-25 17:00:00,702.23,36.0
2017-11-25 18:00:00,685.01,35.1
2017-11-25 19:00:00,607.68,33.1
2017-11-25 20:00:00,588.96,30.9
2017-11-25 21:00:00,589.63,30.0
2017-11-25 22:00:00,594.31,30.9
2017-11-25 23:00:00,625.36,28.9
2017-11-26 00:00:00,601.94,28.9
2017-11-26 01:00:00,552.85,28.0
2017-11-26 02:00:00,550.69,28.0
2017-11-26 03:00:00,548.72,27.0
2017-11-26 04:00:00,547.21,27.0
2017-11-26 05:00:00,547.62,28.0
2017-11-26 06:00:00,544.27,30.0
2017-11-26 07:00:00,621.91,30.0
2017-11-26 08:00:00,666.51,33.1
2017-11-26 09:00:00,682.27,36.0
2017-11-26 10:00:00,675.04,39.0
2017-11-26 11:00:00,675.2,42.1
2017-11-26 12:00:00,657.78,46.0
2017-11-26 13:00:00,656.47,50.0
2017-11-26 14:00:00,680.01,48.9
2017-11-26 15:00:00,669.55,48.9
2017-11-26 16:00:00,658.98,48.0
2017-11-26 17:00:00,654.21,46.9
2017-11-26 18:00:00,649.17,46.0
2017-11-26 19:00:00,594.6,45.0
2017-11-26 20:00:00,573.29,43.0
2017-11-26 21:00:00,574.3,44.1
2017-11-26 22:00:00,582.83,41.0
2017-11-26 23:00:00,611.53,37.9
2017-11-27 00:00:00,593.03,36.0
2017-11-27 01:00:00,550.46,37.0
2017-11-27 02:00:00,544.9,34.0
2017-11-27 03:00:00,546.17,33.1
2017-11-27 04:00:00,548.64,32.0
2017-11-27 05:00:00,548.19,34.0
2017-11-27 06:00:00,614.92,36.0
2017-11-27 07:00:00,851.5,36.0
2017-11-27 08:00:00,917.4,37.0
2017-11-27 09:00:00,966.82,39.9
2017-11-27 10:00:00,986.02,44.1
2017-11-27 11:00:00,996.81,50.0
2017-11-27 12:00:00,1005.23,55.0
2017-11-27 13:00:00,1006.35,57.9
2017-11-27 14:00:00,1004.67,60.1
2017-11-27 15:00:00,984.93,60.1
2017-11-27 16:00:00,945.57,59.0
2017-11-27 17:00:00,904.78,57.0
2017-11-27 18:00:00,886.42,55.0
2017-11-27 19:00:00,849.37,55.0
2017-11-27 20:00:00,812.46,55.0
2017-11-27 21:00:00,698.71,57.0
2017-11-27 22:00:00,642.2,57.0
2017-11-27 23:00:00,640.58,55.0
2017-11-28 00:00:00,618.92,53.1
2017-11-28 01:00:00,594.84,51.1
2017-11-28 02:00:00,563.76,48.9
2017-11-28 03:00:00,535.92,48.0
2017-11-28 04:00:00,529.16,46.0
2017-11-28 05:00:00,533.47,46.0
2017-11-28 06:00:00,596.41,45.0
2017-11-28 07:00:00,825.51,45.0
2017-11-28 08:00:00,888.61,45.0
2017-11-28 09:00:00,930.61,45.0
2017-11-28 10:00:00,955.92,46.0
2017-11-28 11:00:00,970.33,45.0
2017-11-28 12:00:00,990.83,51.1
2017-11-28 13:00:00,983.82,53.1
2017-11-28 14:00:00,973.16,52.0
2017-11-28 15:00:00,979.28,50.0
2017-11-28 16:00:00,942.45,48.0
2017-11-28 17:00:00,909.03,46.0
2017-11-28 18:00:00,885.58,44.1
2017-11-28 19:00:00,874.57,42.1
2017-11-28 20:00:00,825.19,41.0
2017-11-28 21:00:00,695.98,37.9
2017-11-28 22:00:00,661.64,37.9
2017-11-28 23:00:00,667.17,35.1
2017-11-29 00:00:00,652.06,34.0
2017-11-29 01:00:00,622.05,32.0
2017-11-29 02:00:00,596.66,32.0
2017-11-29 03:00:00,567.54,28.9
2017-11-29 04:00:00,561.57,28.9
2017-11-29 05:00:00,563.08,27.0
2017-11-29 06:00:00,623.8,28.9
2017-11-29 07:00:00,847.17,28.0
2017-11-29 08:00:00,938.81,26.1
2017-11-29 09:00:00,996.21,30.0
2017-11-29 10:00:00,1015.74,33.1
2017-11-29 11:00:00,1017.42,37.0
2017-11-29 12:00:00,1021.85,39.0
2017-11-29 13:00:00,1028.75,43.0
2017-11-29 14:00:00,1014.07,45.0
2017-11-29 15:00:00,1001.23,46.0
2017-11-29 16:00:00,953.3,44.1
2017-11-29 17:00:00,924.54,43.0
2017-11-29 18:00:00,904.55,41.0
2017-11-29 19:00:00,880.85,41.0
2017-11-29 20:00:00,823.66,42.1
2017-11-29 21:00:00,695.95,43.0
2017-11-29 22:00:00,661.01,44.1
2017-11-29 23:00:00,661.67,43.0
2017-11-30 00:00:00,635.13,43.0
2017-11-30 01:00:00,611.04,44.1
2017-11-30 02:00:00,581.98,43.0
2017-11-30 03:00:00,544.18,42.1
2017-11-30 04:00:00,547.46,39.9
2017-11-30 05:00:00,542.95,39.0
2017-11-30 06:00:00,604.57,37.9
2017-11-30 07:00:00,830.77,37.9
2017-11-30 08:00:00,922.68,37.0
2017-11-30 09:00:00,954.72,37.9
2017-11-30 10:00:00,995.55,41.0
2017-11-30 11:00:00,984.6,43.0
2017-11-30 12:00:00,1008.02,45.0
2017-11-30 13:00:00,996.76,46.0
2017-11-30 14:00:00,997.15,46.9
2017-11-30 15:00:00,977.69,46.9
2017-11-30 16:00:00,942.57,46.0
2017-11-30 17:00:00,904.17,43.0
2017-11-30 18:00:00,896.23,41.0
2017-11-30 19:00:00,870.3,41.0
2017-11-30 20:00:00,814.97,39.9
2017-11-30 21:00:00,489.33,37.9
2017-11-30 22:00:00,646.67,37.9
2017-11-30 23:00:00,664.22,36.0
2017-12-01 00:00:00,642.96,32.0
2017-12-01 01:00:00,619.04,30.9
2017-12-01 02:00:00,586.25,28.9
2017-12-01 03:00:00,554.14,28.9
2017-12-01 04:00:00,556.79,28.9
2017-12-01 05:00:00,553.24,28.9
2017-12-01 06:00:00,620.7,30.0
2017-12-01 07:00:00,855.42,30.9
2017-12-01 08:00:00,926.88,32.0
2017-12-01 09:00:00,970.88,34.0
2017-12-01 10:00:00,998.17,37.9
2017-12-01 11:00:00,980.89,45.0
2017-12-01 12:00:00,982.87,48.9
2017-12-01 13:00:00,951.66,50.0
2017-12-01 14:00:00,952.13,50.0
2017-12-01 15:00:00,924.59,51.1
2017-12-01 16:00:00,909.11,50.0
2017-12-01 17:00:00,888.34,48.0
2017-12-01 18:00:00,857.07,48.0
2017-12-01 19:00:00,845.23,46.0
2017-12-01 20:00:00,801.66,44.1
2017-12-01 21:00:00,681.54,43.0
2017-12-01 22:00:00,643.25,43.0
2017-12-01 23:00:00,648.36,39.9
2017-12-02 00:00:00,632.86,37.9
2017-12-02 01:00:00,617.53,35.1
2017-12-02 02:00:00,599.97,34.0
2017-12-02 03:00:00,597.09,33.1
2017-12-02 04:00:00,594.94,32.0
2017-12-02 05:00:00,592.94,32.0
2017-12-02 06:00:00,601.86,30.9
2017-12-02 07:00:00,704.07,30.9
2017-12-02 08:00:00,753.52,30.0
2017-12-02 09:00:00,772.84,32.0
2017-12-02 10:00:00,782.43,35.1
2017-12-02 11:00:00,767.67,37.9
2017-12-02 12:00:00,764.88,42.1
2017-12-02 13:00:00,771.49,45.0
2017-12-02 14:00:00,746.07,45.0
2017-12-02 15:00:00,711.25,46.9
2017-12-02 16:00:00,701.78,46.0
2017-12-02 17:00:00,685.4,43.0
2017-12-02 18:00:00,669.06,42.1
2017-12-02 19:00:00,602.29,41.0
2017-12-02 20:00:00,600.72,39.0
2017-12-02 21:00:00,597.0,36.0
2017-12-02 22:00:00,595.55,34.0
2017-12-02 23:00:00,631.63,33.1
2017-12-03 00:00:00,604.53,30.9
2017-12-03 01:00:00,559.38,32.0
2017-12-03 02:00:00,554.86,28.9
2017-12-03 03:00:00,549.12,30.0
2017-12-03 04:00:00,553.7,32.0
2017-12-03 05:00:00,553.73,32.0
2017-12-03 06:00:00,551.73,30.9
2017-12-03 07:00:00,620.41,30.9
2017-12-03 08:00:00,641.18,35.1
2017-12-03 09:00:00,681.13,37.0
2017-12-03 10:00:00,677.6,37.9
2017-12-03 11:00:00,674.98,41.0
2017-12-03 12:00:00,662.49,45.0
2017-12-03 13:00:00,668.9,46.0
2017-12-03 14:00:00,659.18,46.9
2017-12-03 15:00:00,669.79,48.0
2017-12-03 16:00:00,668.65,48.0
2017-12-03 17:00:00,651.57,46.9
2017-12-03 18:00:00,657.66,46.9
2017-12-03 19:00:00,601.24,46.9
2017-12-03 20:00:00,588.12,46.9
2017-12-03 21:00:00,576.46,48.0
2017-12-03 22:00:00,572.66,48.0
2017-12-03 23:00:00,605.28,50.0
2017-12-04 00:00:00,585.35,50.0
2017-12-04 01:00:00,539.22,51.1
2017-12-04 02:00:00,526.32,51.1
2017-12-04 03:00:00,524.27,51.1
2017-12-04 04:00:00,528.09,53.1
2017-12-04 05:00:00,524.03,53.1
2017-12-04 06:00:00,585.37,53.1
2017-12-04 07:00:00,804.68,53.1
2017-12-04 08:00:00,886.01,53.1
2017-12-04 09:00:00,956.81,53.1
2017-12-04 10:00:00,980.03,54.0
2017-12-04 11:00:00,962.34,55.0
2017-12-04 12:00:00,976.58,57.0
2017-12-04 13:00:00,994.89,55.9
2017-12-04 14:00:00,974.1,57.0
2017-12-04 15:00:00,968.29,55.9
2017-12-04 16:00:00,939.07,54.0
2017-12-04 17:00:00,907.5,48.9
2017-12-04 18:00:00,875.9,43.0
2017-12-04 19:00:00,851.43,39.9
2017-12-04 20:00:00,819.68,37.0
2017-12-04 21:00:00,703.3,34.0
2017-12-04 22:00:00,661.12,30.9
2017-12-04 23:00:00,674.56,28.0
2017-12-05 00:00:00,655.43,27.0
2017-12-05 01:00:00,627.25,25.0
2017-12-05 02:00:00,595.62,23.0
2017-12-05 03:00:00,566.08,21.9
2017-12-05 04:00:00,567.85,21.9
2017-12-05 05:00:00,558.1,21.0
2017-12-05 06:00:00,634.24,18.0
2017-12-05 07:00:00,845.5,17.1
2017-12-05 08:00:00,924.32,16.0
2017-12-05 09:00:00,960.64,17.1
2017-12-05 10:00:00,996.38,17.1
2017-12-05 11:00:00,1013.32,18.0
2017-12-05 12:00:00,1014.53,19.0
2017-12-05 13:00:00,1036.78,19.9
2017-12-05 14:00:00,1020.65,19.9
2017-12-05 15:00:00,987.58,19.9
2017-12-05 16:00:00,979.87,21.0
2017-12-05 17:00:00,936.67,21.0
2017-12-05 18:00:00,921.78,19.9
2017-12-05 19:00:00,897.09,19.9
2017-12-05 20:00:00,859.56,19.9
2017-12-05 21:00:00,739.85,19.9
2017-12-05 22:00:00,685.26,19.0
2017-12-05 23:00:00,687.91,19.0
2017-12-06 00:00:00,658.78,18.0
2017-12-06 01:00:00,629.08,18.0
2017-12-06 02:00:00,606.74,18.0
2017-12-06 03:00:00,561.74,17.1
2017-12-06 04:00:00,559.41,17.1
2017-12-06 05:00:00,563.66,17.1
2017-12-06 06:00:00,633.19,16.0
2017-12-06 07:00:00,848.41,16.0
2017-12-06 08:00:00,956.42,16.0
2017-12-06 09:00:00,981.73,17.1
2017-12-06 10:00:00,1008.27,18.0
2017-12-06 11:00:00,1025.41,19.0
2017-12-06 12:00:00,1035.97,19.0
2017-12-06 13:00:00,1040.62,19.0
2017-12-06 14:00:00,1031.98,19.9
2017-12-06 15:00:00,1017.97,17.1
2017-12-06 16:00:00,999.39,16.0
2017-12-06 17:00:00,963.9,16.0
2017-12-06 18:00:00,921.92,17.1
2017-12-06 19:00:00,887.44,18.0
2017-12-06 20:00:00,862.35,18.0
2017-12-06 21:00:00,730.69,18.0
2017-12-06 22:00:00,691.96,18.0
2017-12-06 23:00:00,702.21,18.0
2017-12-07 00:00:00,673.02,16.0
2017-12-07 01:00:00,643.31,15.1
2017-12-07 02:00:00,613.44,14.0
2017-12-07 03:00:00,584.89,12.9
2017-12-07 04:00:00,581.89,12.0
2017-12-07 05:00:00,584.0,10.0
2017-12-07 06:00:00,638.89,9.0
2017-12-07 07:00:00,861.98,8.1
2017-12-07 08:00:00,948.45,8.1
2017-12-07 09:00:00,1002.24,10.0
2017-12-07 10:00:00,1010.48,12.0
2017-12-07 11:00:00,1030.58,14.0
2017-12-07 12:00:00,1034.64,15.1
2017-12-07 13:00:00,1043.86,16.0
2017-12-07 14:00:00,1012.21,17.1
2017-12-07 15:00:00,1007.42,17.1
2017-12-07 16:00:00,966.39,17.1
2017-12-07 17:00:00,950.1,17.1
2017-12-07 18:00:00,915.23,18.0
2017-12-07 19:00:00,895.29,19.9
2017-12-07 20:00:00,856.65,19.9
2017-12-07 21:00:00,753.22,19.9
2017-12-07 22:00:00,697.32,21.0
2017-12-07 23:00:00,694.93,21.0
2017-12-08 00:00:00,676.75,21.0
2017-12-08 01:00:00,647.14,21.9
2017-12-08 02:00:00,615.25,21.0
2017-12-08 03:00:00,583.91,21.0
2017-12-08 04:00:00,584.47,21.0
2017-12-08 05:00:00,580.79,21.0
2017-12-08 06:00:00,649.0,19.9
2017-12-08 07:00:00,857.83,21.0
2017-12-08 08:00:00,930.52,23.0
2017-12-08 09:00:00,990.87,24.1
2017-12-08 10:00:00,999.2,24.1
2017-12-08 11:00:00,1003.99,27.0
2017-12-08 12:00:00,1009.11,27.0
2017-12-08 13:00:00,986.21,28.0
2017-12-08 14:00:00,988.4,28.0
2017-12-08 15:00:00,980.2,28.0
2017-12-08 16:00:00,957.75,28.9
2017-12-08 17:00:00,917.86,28.0
2017-12-08 18:00:00,905.9,28.9
2017-12-08 19:00:00,865.18,28.9
2017-12-08 20:00:00,836.14,30.9
2017-12-08 21:00:00,735.45,30.9
2017-12-08 22:00:00,680.86,30.9
2017-12-08 23:00:00,664.48,30.9
2017-12-09 00:00:00,663.87,30.0
2017-12-09 01:00:00,639.9,27.0
2017-12-09 02:00:00,614.8,25.0
2017-12-09 03:00:00,614.98,24.1
2017-12-09 04:00:00,615.4,23.0
2017-12-09 05:00:00,616.29,23.0
2017-12-09 06:00:00,612.81,21.0
2017-12-09 07:00:00,723.25,19.9
2017-12-09 08:00:00,773.7,19.9
2017-12-09 09:00:00,815.45,19.0
2017-12-09 10:00:00,800.61,19.0
2017-12-09 11:00:00,799.73,19.9
2017-12-09 12:00:00,801.45,19.9
2017-12-09 13:00:00,783.52,21.0
2017-12-09 14:00:00,779.31,21.9
2017-12-09 15:00:00,747.86,21.0
2017-12-09 16:00:00,747.98,21.9
2017-12-09 17:00:00,713.54,21.0
2017-12-09 18:00:00,700.51,21.9
2017-12-09 19:00:00,640.38,21.9
2017-12-09 20:00:00,618.07,21.9
2017-12-09 21:00:00,615.27,21.9
2017-12-09 22:00:00,613.06,23.0
2017-12-09 23:00:00,641.81,24.1
2017-12-10 00:00:00,617.19,23.0
2017-12-10 01:00:00,573.5,23.0
2017-12-10 02:00:00,570.25,21.0
2017-12-10 03:00:00,565.3,21.0
2017-12-10 04:00:00,569.24,19.9
2017-12-10 05:00:00,564.11,23.0
2017-12-10 06:00:00,566.66,24.1
2017-12-10 07:00:00,646.56,26.1
2017-12-10 08:00:00,684.76,26.1
2017-12-10 09:00:00,701.63,27.0
2017-12-10 10:00:00,701.08,28.0
2017-12-10 11:00:00,710.34,28.0
2017-12-10 12:00:00,703.47,28.0
2017-12-10 13:00:00,688.72,28.9
2017-12-10 14:00:00,710.74,28.9
2017-12-10 15:00:00,709.12,28.9
2017-12-10 16:00:00,693.75,28.9
2017-12-10 17:00:00,695.75,27.0
2017-12-10 18:00:00,685.88,27.0
2017-12-10 19:00:00,626.88,25.0
2017-12-10 20:00:00,612.14,27.0
2017-12-10 21:00:00,611.39,25.0
2017-12-10 22:00:00,614.71,24.1
2017-12-10 23:00:00,640.29,25.0
2017-12-11 00:00:00,624.0,25.0
2017-12-11 01:00:00,574.86,26.1
2017-12-11 02:00:00,569.71,25.0
2017-12-11 03:00:00,569.75,26.1
2017-12-11 04:00:00,564.31,27.0
2017-12-11 05:00:00,554.5,28.0
2017-12-11 06:00:00,625.87,28.9
2017-12-11 07:00:00,841.52,28.9
2017-12-11 08:00:00,937.0,30.9
2017-12-11 09:00:00,969.58,30.9
2017-12-11 10:00:00,998.94,33.1
2017-12-11 11:00:00,999.29,34.0
2017-12-11 12:00:00,1018.43,35.1
2017-12-11 13:00:00,1005.85,35.1
2017-12-11 14:00:00,1005.8,34.0
2017-12-11 15:00:00,994.58,34.0
2017-12-11 16:00:00,968.34,30.9
2017-12-11 17:00:00,944.14,28.9
2017-12-11 18:00:00,927.0,27.0
2017-12-11 19:00:00,884.94,25.0
2017-12-11 20:00:00,871.18,21.9
2017-12-11 21:00:00,738.84,21.0
2017-12-11 22:00:00,691.63,19.9
2017-12-11 23:00:00,699.66,18.0
2017-12-12 00:00:00,672.1,16.0
2017-12-12 01:00:00,644.46,12.9
2017-12-12 02:00:00,615.54,12.0
2017-12-12 03:00:00,581.04,10.0
2017-12-12 04:00:00,578.89,9.0
2017-12-12 05:00:00,583.79,8.1
2017-12-12 06:00:00,651.28,7.0
2017-12-12 07:00:00,826.99,6.1
2017-12-12 08:00:00,946.05,7.0
2017-12-12 09:00:00,985.27,9.0
2017-12-12 10:00:00,1012.01,12.0
2017-12-12 11:00:00,1027.94,12.9
2017-12-12 12:00:00,1034.6,15.1
2017-12-12 13:00:00,1042.69,16.0
2017-12-12 14:00:00,1012.04,18.0
2017-12-12 15:00:00,1008.86,19.0
2017-12-12 16:00:00,985.52,19.9
2017-12-12 17:00:00,956.63,21.0
2017-12-12 18:00:00,927.8,19.9
2017-12-12 19:00:00,914.86,21.0
2017-12-12 20:00:00,844.37,23.0
2017-12-12 21:00:00,737.35,24.1
2017-12-12 22:00:00,701.81,25.0
2017-12-12 23:00:00,695.79,26.1
2017-12-13 00:00:00,663.88,26.1
2017-12-13 01:00:00,636.53,26.1
2017-12-13 02:00:00,606.37,28.0
2017-12-13 03:00:00,572.17,28.9
2017-12-13 04:00:00,577.78,28.0
2017-12-13 05:00:00,572.84,28.0
2017-12-13 06:00:00,640.93,30.0
2017-12-13 07:00:00,870.3,27.0
2017-12-13 08:00:00,955.89,28.0
2017-12-13 09:00:00,981.38,26.1
2017-12-13 10:00:00,1019.87,26.1
2017-12-13 11:00:00,1020.11,27.0
2017-12-13 12:00:00,1036.13,25.0
2017-12-13 13:00:00,1034.54,24.1
2017-12-13 14:00:00,1034.09,25.0
2017-12-13 15:00:00,1025.89,24.1
2017-12-13 16:00:00,997.37,24.1
2017-12-13 17:00:00,958.17,24.1
2017-12-13 18:00:00,913.73,24.1
2017-12-13 19:00:00,894.4,23.0
2017-12-13 20:00:00,852.53,21.0
2017-12-13 21:00:00,734.95,19.9
2017-12-13 22:00:00,692.47,19.0
2017-12-13 23:00:00,693.41,18.0
2017-12-14 00:00:00,669.31,17.1
2017-12-14 01:00:00,650.77,18.0
2017-12-14 02:00:00,613.44,19.9
2017-12-14 03:00:00,586.03,19.9
2017-12-14 04:00:00,581.05,19.0
2017-12-14 05:00:00,578.75,19.0
2017-12-14 06:00:00,643.84,17.1
2017-12-14 07:00:00,856.68,17.1
2017-12-14 08:00:00,923.17,16.0
2017-12-14 09:00:00,977.82,18.0
2017-12-14 10:00:00,1007.89,19.0
2017-12-14 11:00:00,1020.84,19.9
2017-12-14 12:00:00,1025.0,21.0
2017-12-14 13:00:00,1036.23,21.0
2017-12-14 14:00:00,1016.81,21.9
2017-12-14 15:00:00,1000.48,21.9
2017-12-14 16:00:00,982.74,23.0
2017-12-14 17:00:00,955.33,21.9
2017-12-14 18:00:00,916.26,21.9
2017-12-14 19:00:00,891.54,23.0
2017-12-14 20:00:00,861.44,23.0
2017-12-14 21:00:00,723.75,23.0
2017-12-14 22:00:00,692.5,23.0
2017-12-14 23:00:00,698.03,23.0
2017-12-15 00:00:00,676.89,23.0
2017-12-15 01:00:00,658.04,23.0
2017-12-15 02:00:00,615.63,23.0
2017-12-15 03:00:00,587.88,23.0
2017-12-15 04:00:00,591.1,24.1
2017-12-15 05:00:00,591.8,24.1
2017-12-15 06:00:00,652.71,24.1
2017-12-15 07:00:00,855.45,21.9
2017-12-15 08:00:00,945.65,23.0
2017-12-15 09:00:00,971.18,24.1
2017-12-15 10:00:00,992.8,25.0
2017-12-15 11:00:00,996.15,25.0
2017-12-15 12:00:00,998.04,25.0
2017-12-15 13:00:00,988.09,26.1
2017-12-15 14:00:00,970.79,27.0
2017-12-15 15:00:00,963.88,27.0
2017-12-15 16:00:00,941.21,28.0
2017-12-15 17:00:00,915.52,27.0
2017-12-15 18:00:00,889.63,27.0
2017-12-15 19:00:00,866.38,27.0
2017-12-15 20:00:00,823.2,27.0
2017-12-15 21:00:00,710.82,27.0
2017-12-15 22:00:00,678.55,28.0
2017-12-15 23:00:00,667.46,28.9
2017-12-16 00:00:00,663.39,30.0
2017-12-16 01:00:00,628.06,30.0
2017-12-16 02:00:00,613.21,30.9
2017-12-16 03:00:00,601.48,30.0
2017-12-16 04:00:00,601.67,28.0
2017-12-16 05:00:00,600.52,27.0
2017-12-16 06:00:00,609.15,27.0
2017-12-16 07:00:00,714.81,26.1
2017-12-16 08:00:00,765.24,25.0
2017-12-16 09:00:00,804.43,25.0
2017-12-16 10:00:00,817.69,26.1
2017-12-16 11:00:00,804.74,28.0
2017-12-16 12:00:00,792.18,28.0
2017-12-16 13:00:00,784.73,28.0
2017-12-16 14:00:00,778.81,28.9
2017-12-16 15:00:00,741.83,28.9
2017-12-16 16:00:00,726.25,28.9
2017-12-16 17:00:00,702.92,28.0
2017-12-16 18:00:00,690.87,27.0
2017-12-16 19:00:00,625.25,26.1
2017-12-16 20:00:00,611.35,26.1
2017-12-16 21:00:00,607.39,26.1
2017-12-16 22:00:00,605.94,25.0
2017-12-16 23:00:00,649.02,23.0
2017-12-17 00:00:00,622.72,23.0
2017-12-17 01:00:00,577.14,21.0
2017-12-17 02:00:00,565.06,19.9
2017-12-17 03:00:00,571.48,19.0
2017-12-17 04:00:00,564.83,19.9
2017-12-17 05:00:00,567.26,21.9
2017-12-17 06:00:00,569.01,21.0
2017-12-17 07:00:00,647.48,21.9
2017-12-17 08:00:00,673.58,23.0
2017-12-17 09:00:00,713.49,24.1
2017-12-17 10:00:00,709.63,24.1
2017-12-17 11:00:00,699.61,25.0
2017-12-17 12:00:00,689.66,27.0
2017-12-17 13:00:00,702.36,27.0
2017-12-17 14:00:00,703.45,28.0
2017-12-17 15:00:00,703.29,27.0
2017-12-17 16:00:00,698.68,28.0
2017-12-17 17:00:00,678.54,28.0
2017-12-17 18:00:00,681.69,28.0
2017-12-17 19:00:00,647.09,27.0
2017-12-17 20:00:00,611.46,27.0
2017-12-17 21:00:00,609.93,27.0
2017-12-17 22:00:00,608.79,27.0
2017-12-17 23:00:00,638.4,27.0
2017-12-18 00:00:00,612.35,26.1
2017-12-18 01:00:00,567.1,26.1
2017-12-18 02:00:00,560.93,26.1
2017-12-18 03:00:00,560.82,26.1
2017-12-18 04:00:00,556.5,25.0
2017-12-18 05:00:00,560.69,26.1
2017-12-18 06:00:00,623.04,26.1
2017-12-18 07:00:00,836.91,28.0
2017-12-18 08:00:00,931.11,25.0
2017-12-18 09:00:00,978.11,28.9
2017-12-18 10:00:00,995.49,30.9
2017-12-18 11:00:00,1004.54,34.0
2017-12-18 12:00:00,1001.7,35.1
2017-12-18 13:00:00,1003.41,36.0
2017-12-18 14:00:00,1006.35,36.0
2017-12-18 15:00:00,973.2,37.0
2017-12-18 16:00:00,967.86,39.0
2017-12-18 17:00:00,938.46,39.0
2017-12-18 18:00:00,916.96,41.0
2017-12-18 19:00:00,887.23,42.1
2017-12-18 20:00:00,847.66,42.1
2017-12-18 21:00:00,725.68,41.0
2017-12-18 22:00:00,677.54,39.0
2017-12-18 23:00:00,693.28,37.0
2017-12-19 00:00:00,678.15,36.0
2017-12-19 01:00:00,648.43,36.0
2017-12-19 02:00:00,613.95,36.0
2017-12-19 03:00:00,566.56,37.0
2017-12-19 04:00:00,574.28,37.0
2017-12-19 05:00:00,568.7,36.0
2017-12-19 06:00:00,637.38,34.0
2017-12-19 07:00:00,846.7,33.1
2017-12-19 08:00:00,923.06,32.0
2017-12-19 09:00:00,994.04,33.1
2017-12-19 10:00:00,1003.24,34.0
2017-12-19 11:00:00,1035.98,35.1
2017-12-19 12:00:00,1039.3,35.1
2017-12-19 13:00:00,1006.91,35.1
2017-12-19 14:00:00,1014.89,34.0
2017-12-19 15:00:00,999.63,34.0
2017-12-19 16:00:00,978.78,32.0
2017-12-19 17:00:00,942.32,30.0
2017-12-19 18:00:00,922.88,30.0
2017-12-19 19:00:00,887.67,28.0
2017-12-19 20:00:00,868.9,27.0
2017-12-19 21:00:00,737.47,26.1
2017-12-19 22:00:00,690.5,25.0
2017-12-19 23:00:00,692.26,24.1
2017-12-20 00:00:00,677.62,24.1
2017-12-20 01:00:00,653.87,23.0
2017-12-20 02:00:00,613.02,23.0
2017-12-20 03:00:00,580.07,21.9
2017-12-20 04:00:00,581.52,21.0
2017-12-20 05:00:00,581.72,19.0
2017-12-20 06:00:00,648.74,19.0
2017-12-20 07:00:00,867.87,18.0
2017-12-20 08:00:00,940.16,18.0
2017-12-20 09:00:00,1015.4,18.0
2017-12-20 10:00:00,1022.2,19.0
2017-12-20 11:00:00,1024.71,19.0
2017-12-20 12:00:00,1050.94,19.0
2017-12-20 13:00:00,1048.85,19.0
2017-12-20 14:00:00,1029.26,18.0
2017-12-20 15:00:00,1045.93,18.0
2017-12-20 16:00:00,1003.94,19.0
2017-12-20 17:00:00,949.01,19.0
2017-12-20 18:00:00,929.04,19.0
2017-12-20 19:00:00,878.6,19.0
2017-12-20 20:00:00,849.04,19.9
2017-12-20 21:00:00,746.7,19.0
2017-12-20 22:00:00,688.71,19.0
2017-12-20 23:00:00,697.54,19.0
2017-12-21 00:00:00,677.54,19.0
2017-12-21 01:00:00,643.7,19.9
2017-12-21 02:00:00,616.51,19.9
2017-12-21 03:00:00,585.91,19.9
2017-12-21 04:00:00,577.12,19.9
2017-12-21 05:00:00,574.14,19.9
2017-12-21 06:00:00,636.83,19.9
2017-12-21 07:00:00,851.53,21.0
2017-12-21 08:00:00,941.25,21.0
2017-12-21 09:00:00,1004.5,21.0
2017-12-21 10:00:00,993.8,21.0
2017-12-21 11:00:00,1017.67,21.0
2017-12-21 12:00:00,1017.21,21.9
2017-12-21 13:00:00,1006.56,23.0
2017-12-21 14:00:00,1010.91,23.0
2017-12-21 15:00:00,997.42,23.0
2017-12-21 16:00:00,968.28,23.0
2017-12-21 17:00:00,951.74,23.0
2017-12-21 18:00:00,923.3,23.0
2017-12-21 19:00:00,900.7,23.0
2017-12-21 20:00:00,865.81,21.9
2017-12-21 21:00:00,757.04,23.0
2017-12-21 22:00:00,702.92,21.9
2017-12-21 23:00:00,696.34,21.9
2017-12-22 00:00:00,674.85,21.0
2017-12-22 01:00:00,651.78,21.0
2017-12-22 02:00:00,611.73,19.0
2017-12-22 03:00:00,581.8,18.0
2017-12-22 04:00:00,580.51,18.0
2017-12-22 05:00:00,576.28,19.0
2017-12-22 06:00:00,644.49,19.0
2017-12-22 07:00:00,846.8,19.0
2017-12-22 08:00:00,961.03,19.0
2017-12-22 09:00:00,951.6,19.0
2017-12-22 10:00:00,995.45,19.9
2017-12-22 11:00:00,975.52,21.0
2017-12-22 12:00:00,1000.71,23.0
2017-12-22 13:00:00,984.49,23.0
2017-12-22 14:00:00,973.74,25.0
2017-12-22 15:00:00,951.32,26.1
2017-12-22 16:00:00,930.55,25.0
2017-12-22 17:00:00,892.21,25.0
2017-12-22 18:00:00,889.17,24.1
2017-12-22 19:00:00,877.75,23.0
2017-12-22 20:00:00,855.8,21.0
2017-12-22 21:00:00,723.58,23.0
2017-12-22 22:00:00,674.28,24.1
2017-12-22 23:00:00,682.47,21.9
2017-12-23 00:00:00,672.94,19.9
2017-12-23 01:00:00,636.61,16.0
2017-12-23 02:00:00,625.6,14.0
2017-12-23 03:00:00,613.49,15.1
2017-12-23 04:00:00,619.32,15.1
2017-12-23 05:00:00,612.44,12.0
2017-12-23 06:00:00,617.55,12.0
2017-12-23 07:00:00,725.16,12.0
2017-12-23 08:00:00,775.62,12.0
2017-12-23 09:00:00,802.19,12.9
2017-12-23 10:00:00,790.13,14.0
2017-12-23 11:00:00,794.22,17.1
2017-12-23 12:00:00,800.6,19.0
2017-12-23 13:00:00,771.75,21.0
2017-12-23 14:00:00,801.88,21.9
2017-12-23 15:00:00,749.46,23.0
2017-12-23 16:00:00,739.24,21.9
2017-12-23 17:00:00,719.74,21.9
2017-12-23 18:00:00,700.66,19.9
2017-12-23 19:00:00,650.06,19.9
2017-12-23 20:00:00,614.92,18.0
2017-12-23 21:00:00,611.65,17.1
2017-12-23 22:00:00,610.52,17.1
2017-12-23 23:00:00,646.76,17.1
2017-12-24 00:00:00,624.21,16.0
2017-12-24 01:00:00,570.52,16.0
2017-12-24 02:00:00,566.73,17.1
2017-12-24 03:00:00,566.67,17.1
2017-12-24 04:00:00,569.45,16.0
2017-12-24 05:00:00,567.03,16.0
2017-12-24 06:00:00,565.36,16.0
2017-12-24 07:00:00,635.58,16.0
2017-12-24 08:00:00,673.62,16.0
2017-12-24 09:00:00,699.29,16.0
2017-12-24 10:00:00,688.54,17.1
2017-12-24 11:00:00,681.86,18.0
2017-12-24 12:00:00,693.02,19.0
2017-12-24 13:00:00,693.57,21.0
2017-12-24 14:00:00,694.23,21.9
2017-12-24 15:00:00,693.27,21.9
2017-12-24 16:00:00,684.79,19.9
2017-12-24 17:00:00,662.81,19.0
2017-12-24 18:00:00,664.72,18.0
2017-12-24 19:00:00,634.62,17.1
2017-12-24 20:00:00,618.75,14.0
2017-12-24 21:00:00,616.05,12.0
2017-12-24 22:00:00,619.38,9.0
2017-12-24 23:00:00,656.51,7.0
2017-12-25 00:00:00,629.5,5.0
2017-12-25 01:00:00,579.91,1.9
2017-12-25 02:00:00,573.0,3.0
2017-12-25 03:00:00,576.03,1.9
2017-12-25 04:00:00,574.4,1.9
2017-12-25 05:00:00,573.2,1.9
2017-12-25 06:00:00,626.5,1.9
2017-12-25 07:00:00,759.17,1.0
2017-12-25 08:00:00,770.36,-0.0
2017-12-25 09:00:00,770.76,-2.0
2017-12-25 10:00:00,771.67,-2.9
2017-12-25 11:00:00,768.25,-2.0
2017-12-25 12:00:00,765.94,-2.0
2017-12-25 13:00:00,770.91,-0.9
2017-12-25 14:00:00,766.91,-0.9
2017-12-25 15:00:00,769.31,-2.0
2017-12-25 16:00:00,777.1,-2.0
2017-12-25 17:00:00,784.0,-2.9
2017-12-25 18:00:00,779.56,-2.9
2017-12-25 19:00:00,777.37,-2.9
2017-12-25 20:00:00,782.43,-2.9
2017-12-25 21:00:00,707.1,-4.0
2017-12-25 22:00:00,691.74,-4.0
2017-12-25 23:00:00,704.25,-5.1
2017-12-26 00:00:00,676.42,-6.0
2017-12-26 01:00:00,656.76,-6.0
2017-12-26 02:00:00,632.36,-6.0
2017-12-26 03:00:00,605.17,-6.0
2017-12-26 04:00:00,609.91,-7.1
2017-12-26 05:00:00,617.72,-7.1
2017-12-26 06:00:00,669.72,-8.0
2017-12-26 07:00:00,839.82,-8.0
2017-12-26 08:00:00,887.54,-8.0
2017-12-26 09:00:00,906.47,-7.1
2017-12-26 10:00:00,906.7,-6.0
2017-12-26 11:00:00,918.94,-4.0
2017-12-26 12:00:00,918.91,-2.0
2017-12-26 13:00:00,914.95,-2.0
2017-12-26 14:00:00,905.05,-0.0
2017-12-26 15:00:00,915.14,1.0
2017-12-26 16:00:00,907.61,-0.0
2017-12-26 17:00:00,870.4,-0.0
2017-12-26 18:00:00,880.84,-0.9
2017-12-26 19:00:00,853.9,-0.0
2017-12-26 20:00:00,837.85,-0.9
2017-12-26 21:00:00,746.25,-2.9
2017-12-26 22:00:00,716.36,-4.0
2017-12-26 23:00:00,714.17,-5.1
2017-12-27 00:00:00,701.7,-5.1
2017-12-27 01:00:00,669.75,-6.0
2017-12-27 02:00:00,645.74,-6.0
2017-12-27 03:00:00,615.02,-7.1
2017-12-27 04:00:00,614.32,-7.1
2017-12-27 05:00:00,613.93,-7.1
2017-12-27 06:00:00,670.99,-8.0
2017-12-27 07:00:00,841.85,-8.0
2017-12-27 08:00:00,919.16,-8.0
2017-12-27 09:00:00,958.19,-6.0
2017-12-27 10:00:00,983.83,-2.0
2017-12-27 11:00:00,975.38,-0.0
2017-12-27 12:00:00,1003.76,1.0
2017-12-27 13:00:00,1003.35,1.9
2017-12-27 14:00:00,1006.68,5.0
2017-12-27 15:00:00,976.16,3.9
2017-12-27 16:00:00,942.16,3.9
2017-12-27 17:00:00,923.08,3.9
2017-12-27 18:00:00,888.04,3.9
2017-12-27 19:00:00,894.9,1.9
2017-12-27 20:00:00,863.63,1.9
2017-12-27 21:00:00,740.74,1.9
2017-12-27 22:00:00,713.94,1.9
2017-12-27 23:00:00,701.27,1.9
2017-12-28 00:00:00,675.27,3.0
2017-12-28 01:00:00,652.7,3.0
2017-12-28 02:00:00,619.66,3.0
2017-12-28 03:00:00,587.93,3.9
2017-12-28 04:00:00,583.29,3.0
2017-12-28 05:00:00,592.58,3.0
2017-12-28 06:00:00,653.45,3.0
2017-12-28 07:00:00,856.18,3.9
2017-12-28 08:00:00,944.46,3.9
2017-12-28 09:00:00,964.13,5.0
2017-12-28 10:00:00,977.89,5.0
2017-12-28 11:00:00,980.53,6.1
2017-12-28 12:00:00,994.93,7.0
2017-12-28 13:00:00,996.77,8.1
2017-12-28 14:00:00,985.93,9.0
2017-12-28 15:00:00,963.73,9.0
2017-12-28 16:00:00,941.41,9.0
2017-12-28 17:00:00,910.03,9.0
2017-12-28 18:00:00,901.42,10.0
2017-12-28 19:00:00,887.12,10.0
2017-12-28 20:00:00,873.8,10.0
2017-12-28 21:00:00,548.48,10.9
2017-12-28 22:00:00,697.16,10.9
2017-12-28 23:00:00,711.93,8.1
2017-12-29 00:00:00,688.56,5.0
2017-12-29 01:00:00,663.19,3.0
2017-12-29 02:00:00,629.28,1.0
2017-12-29 03:00:00,601.23,-0.0
2017-12-29 04:00:00,600.8,-0.9
2017-12-29 05:00:00,622.74,-0.9
2017-12-29 06:00:00,684.43,-2.0
2017-12-29 07:00:00,872.08,-0.9
2017-12-29 08:00:00,925.7,-2.0
2017-12-29 09:00:00,978.28,-0.9
2017-12-29 10:00:00,985.07,-0.0
2017-12-29 11:00:00,991.88,-0.0
2017-12-29 12:00:00,1012.79,1.0
2017-12-29 13:00:00,979.54,1.0
2017-12-29 14:00:00,978.5,1.9
2017-12-29 15:00:00,958.51,1.9
2017-12-29 16:00:00,935.66,1.9
2017-12-29 17:00:00,915.58,1.9
2017-12-29 18:00:00,896.18,1.9
2017-12-29 19:00:00,881.43,1.9
2017-12-29 20:00:00,859.97,1.0
2017-12-29 21:00:00,741.52,-0.0
2017-12-29 22:00:00,710.37,-0.9
2017-12-29 23:00:00,725.68,-2.9
2017-12-30 00:00:00,714.74,-5.1
2017-12-30 01:00:00,691.82,-7.1
2017-12-30 02:00:00,666.47,-9.0
2017-12-30 03:00:00,669.17,-9.9
2017-12-30 04:00:00,662.76,-11.0
2017-12-30 05:00:00,665.49,-11.9
2017-12-30 06:00:00,670.88,-11.9
2017-12-30 07:00:00,757.33,-14.1
2017-12-30 08:00:00,804.45,-14.1
2017-12-30 09:00:00,830.71,-14.1
2017-12-30 10:00:00,835.59,-11.9
2017-12-30 11:00:00,824.62,-11.0
2017-12-30 12:00:00,819.16,-9.9
2017-12-30 13:00:00,813.49,-8.0
2017-12-30 14:00:00,809.26,-7.1
2017-12-30 15:00:00,781.63,-7.1
2017-12-30 16:00:00,769.45,-7.1
2017-12-30 17:00:00,744.47,-9.0
2017-12-30 18:00:00,754.81,-9.0
2017-12-30 19:00:00,671.69,-9.0
2017-12-30 20:00:00,666.34,-8.0
2017-12-30 21:00:00,659.39,-7.1
2017-12-30 22:00:00,659.11,-7.1
2017-12-30 23:00:00,694.75,-7.1
2017-12-31 00:00:00,662.86,-7.1
2017-12-31 01:00:00,622.24,-7.1
2017-12-31 02:00:00,610.2,-8.0
2017-12-31 03:00:00,615.74,-9.0
2017-12-31 04:00:00,615.28,-9.9
2017-12-31 05:00:00,608.33,-9.9
2017-12-31 06:00:00,616.06,-11.9
2017-12-31 07:00:00,679.79,-14.1
2017-12-31 08:00:00,711.91,-15.0
2017-12-31 09:00:00,726.9,-15.0
2017-12-31 10:00:00,749.44,-14.1
2017-12-31 11:00:00,750.97,-11.9
2017-12-31 12:00:00,727.42,-9.9
2017-12-31 13:00:00,726.85,-8.0
2017-12-31 14:00:00,742.28,-6.0
2017-12-31 15:00:00,756.83,-5.1
2017-12-31 16:00:00,735.57,-6.0
2017-12-31 17:00:00,723.23,-7.1
2017-12-31 18:00:00,714.06,-9.0
2017-12-31 19:00:00,666.91,-9.9
2017-12-31 20:00:00,658.87,-9.9
2017-12-31 21:00:00,659.78,-11.0
2017-12-31 22:00:00,656.88,-11.0
2017-12-31 23:00:00,683.87,-11.0
