timestamp,kWh,air_temp_F
2017-01-01 00:00:00,1547.81,16.9
2017-01-01 01:00:00,1556.88,17.6
2017-01-01 02:00:00,1561.57,20.3
2017-01-01 03:00:00,1574.93,19.6
2017-01-01 04:00:00,1572.25,20.8
2017-01-01 05:00:00,1544.97,21.0
2017-01-01 06:00:00,1549.5,21.4
2017-01-01 07:00:00,1553.9,21.6
2017-01-01 08:00:00,1520.34,20.5
2017-01-01 09:00:00,1520.02,19.2
2017-01-01 10:00:00,1514.18,19.0
2017-01-01 11:00:00,1513.22,20.1
2017-01-01 12:00:00,1493.11,22.5
2017-01-01 13:00:00,1514.13,23.9
2017-01-01 14:00:00,1526.03,25.3
2017-01-01 15:00:00,1545.0,25.7
2017-01-01 16:00:00,1571.33,25.7
2017-01-01 17:00:00,1555.56,19.8
2017-01-01 18:00:00,1582.38,19.2
2017-01-01 19:00:00,1581.87,18.3
2017-01-01 20:00:00,1590.24,17.1
2017-01-01 21:00:00,1586.68,14.5
2017-01-01 22:00:00,1589.69,13.3
2017-01-01 23:00:00,1571.3,13.8
2017-01-02 00:00:00,1582.64,11.7
2017-01-02 01:00:00,1591.75,14.9
2017-01-02 02:00:00,1583.57,10.6
2017-01-02 03:00:00,1590.73,10.6
2017-01-02 04:00:00,1595.06,10.8
2017-01-02 05:00:00,2402.0,10.4
2017-01-02 06:00:00,2840.34,12.2
2017-01-02 07:00:00,2851.18,12.9
2017-01-02 08:00:00,2818.51,14.7
2017-01-02 09:00:00,2865.05,16.3
2017-01-02 10:00:00,2858.43,19.2
2017-01-02 11:00:00,2864.89,20.7
2017-01-02 12:00:00,2859.92,23.4
2017-01-02 13:00:00,2840.13,26.6
2017-01-02 14:00:00,2849.06,29.5
2017-01-02 15:00:00,2860.99,31.3
2017-01-02 16:00:00,2864.39,30.2
2017-01-02 17:00:00,2743.98,28.0
2017-01-02 18:00:00,1483.88,26.4
2017-01-02 19:00:00,1510.38,26.1
2017-01-02 20:00:00,1589.96,25.3
2017-01-02 21:00:00,1537.74,24.6
2017-01-02 22:00:00,1552.23,25.5
2017-01-02 23:00:00,1552.65,26.2
2017-01-03 00:00:00,1552.77,27.1
2017-01-03 01:00:00,1536.14,27.3
2017-01-03 02:00:00,1543.45,29.3
2017-01-03 03:00:00,1550.58,27.5
2017-01-03 04:00:00,1555.32,27.3
2017-01-03 05:00:00,2426.72,27.3
2017-01-03 06:00:00,3369.4,26.6
2017-01-03 07:00:00,3913.38,26.2
2017-01-03 08:00:00,3989.55,26.8
2017-01-03 09:00:00,3994.99,28.6
2017-01-03 10:00:00,3997.18,29.3
2017-01-03 11:00:00,3997.64,29.7
2017-01-03 12:00:00,3992.81,30.2
2017-01-03 13:00:00,3997.5,30.7
2017-01-03 14:00:00,3994.81,31.5
2017-01-03 15:00:00,3976.21,31.6
2017-01-03 16:00:00,3913.95,32.0
2017-01-03 17:00:00,3681.36,32.0
2017-01-03 18:00:00,1749.6,32.2
2017-01-03 19:00:00,1591.02,32.2
2017-01-03 20:00:00,1506.12,32.4
2017-01-03 21:00:00,1452.89,32.4
2017-01-03 22:00:00,1442.91,32.4
2017-01-03 23:00:00,1443.18,32.4
2017-01-04 00:00:00,1448.83,32.2
2017-01-04 01:00:00,1459.35,32.2
2017-01-04 02:00:00,1451.41,32.2
2017-01-04 03:00:00,1451.65,32.0
2017-01-04 04:00:00,1520.84,31.3
2017-01-04 05:00:00,2440.43,30.7
2017-01-04 06:00:00,3447.74,30.4
2017-01-04 07:00:00,3913.18,29.8
2017-01-04 08:00:00,3996.86,29.7
2017-01-04 09:00:00,3996.59,29.8
2017-01-04 10:00:00,3997.25,30.9
2017-01-04 11:00:00,3998.64,32.9
2017-01-04 12:00:00,3997.48,35.4
2017-01-04 13:00:00,3998.02,35.8
2017-01-04 14:00:00,3998.06,36.5
2017-01-04 15:00:00,3987.21,32.0
2017-01-04 16:00:00,3941.63,31.3
2017-01-04 17:00:00,3669.83,29.5
2017-01-04 18:00:00,1480.77,27.0
2017-01-04 19:00:00,2590.65,25.0
2017-01-04 20:00:00,2495.34,24.3
2017-01-04 21:00:00,2406.55,23.9
2017-01-04 22:00:00,2411.88,21.4
2017-01-04 23:00:00,2442.3,20.5
2017-01-05 00:00:00,2428.25,19.6
2017-01-05 01:00:00,2413.99,19.0
2017-01-05 02:00:00,2405.91,18.7
2017-01-05 03:00:00,2434.83,18.7
2017-01-05 04:00:00,2433.87,16.3
2017-01-05 05:00:00,2641.17,12.9
2017-01-05 06:00:00,3444.0,11.1
2017-01-05 07:00:00,3936.57,9.5
2017-01-05 08:00:00,3997.06,7.9
2017-01-05 09:00:00,3998.33,8.2
2017-01-05 10:00:00,3998.36,11.5
2017-01-05 11:00:00,3997.09,14.5
2017-01-05 12:00:00,3995.85,17.2
2017-01-05 13:00:00,3997.7,18.7
2017-01-05 14:00:00,3995.02,19.9
2017-01-05 15:00:00,3980.97,20.5
2017-01-05 16:00:00,3915.34,20.7
2017-01-05 17:00:00,3791.98,20.7
2017-01-05 18:00:00,3048.56,20.8
2017-01-05 19:00:00,2846.59,20.7
2017-01-05 20:00:00,2735.51,19.8
2017-01-05 21:00:00,2677.77,18.1
2017-01-05 22:00:00,2645.31,16.7
2017-01-05 23:00:00,2655.13,15.8
2017-01-06 00:00:00,2665.11,14.5
2017-01-06 01:00:00,2658.84,12.7
2017-01-06 02:00:00,2651.06,11.1
2017-01-06 03:00:00,2635.97,10.6
2017-01-06 04:00:00,2662.02,7.5
2017-01-06 05:00:00,2717.46,3.2
2017-01-06 06:00:00,3343.98,5.5
2017-01-06 07:00:00,3878.21,2.1
2017-01-06 08:00:00,3988.32,0.7
2017-01-06 09:00:00,3995.72,6.1
2017-01-06 10:00:00,3997.11,9.5
2017-01-06 11:00:00,3997.05,11.1
2017-01-06 12:00:00,3991.85,14.9
2017-01-06 13:00:00,3996.35,14.4
2017-01-06 14:00:00,3997.95,16.0
2017-01-06 15:00:00,3988.53,17.1
2017-01-06 16:00:00,3951.56,16.2
2017-01-06 17:00:00,3869.21,10.2
2017-01-06 18:00:00,3022.07,7.0
2017-01-06 19:00:00,2757.62,4.1
2017-01-06 20:00:00,2734.52,5.5
2017-01-06 21:00:00,2682.25,1.6
2017-01-06 22:00:00,2658.59,2.1
2017-01-06 23:00:00,2670.67,1.9
2017-01-07 00:00:00,2679.39,3.7
2017-01-07 01:00:00,2665.48,-0.4
2017-01-07 02:00:00,2661.69,-0.8
2017-01-07 03:00:00,2665.41,-4.0
2017-01-07 04:00:00,2672.38,-2.4
2017-01-07 05:00:00,2659.72,-3.6
2017-01-07 06:00:00,2647.46,-6.3
2017-01-07 07:00:00,2643.33,-5.6
2017-01-07 08:00:00,2627.29,-6.2
2017-01-07 09:00:00,2645.95,-0.0
2017-01-07 10:00:00,2653.66,3.4
2017-01-07 11:00:00,2623.36,4.8
2017-01-07 12:00:00,2641.25,7.3
2017-01-07 13:00:00,2628.0,8.4
2017-01-07 14:00:00,2652.49,9.1
2017-01-07 15:00:00,2647.44,10.2
2017-01-07 16:00:00,2639.6,8.8
2017-01-07 17:00:00,2673.2,9.0
2017-01-07 18:00:00,2678.57,7.9
2017-01-07 19:00:00,2663.82,0.7
2017-01-07 20:00:00,2666.04,-1.8
2017-01-07 21:00:00,2654.12,-1.1
2017-01-07 22:00:00,2657.29,-0.6
2017-01-07 23:00:00,2641.59,-0.0
2017-01-08 00:00:00,2649.65,0.7
2017-01-08 01:00:00,2639.27,1.4
2017-01-08 02:00:00,2637.95,1.9
2017-01-08 03:00:00,2655.92,2.5
2017-01-08 04:00:00,2646.61,3.2
2017-01-08 05:00:00,2644.53,3.9
2017-01-08 06:00:00,2644.58,4.5
2017-01-08 07:00:00,2645.78,5.0
2017-01-08 08:00:00,2622.08,5.7
2017-01-08 09:00:00,2590.97,7.0
2017-01-08 10:00:00,2617.34,7.0
2017-01-08 11:00:00,2631.61,7.3
2017-01-08 12:00:00,2595.01,7.7
2017-01-08 13:00:00,2614.54,8.1
2017-01-08 14:00:00,2613.3,7.9
2017-01-08 15:00:00,2612.5,7.9
2017-01-08 16:00:00,2631.06,7.7
2017-01-08 17:00:00,2655.17,6.1
2017-01-08 18:00:00,2654.78,4.6
2017-01-08 19:00:00,2661.17,3.0
2017-01-08 20:00:00,2661.85,1.4
2017-01-08 21:00:00,2655.35,-0.4
2017-01-08 22:00:00,2660.02,-2.0
2017-01-08 23:00:00,2660.54,-2.9
2017-01-09 00:00:00,2679.59,-4.0
2017-01-09 01:00:00,2670.77,-8.0
2017-01-09 02:00:00,2675.53,-10.7
2017-01-09 03:00:00,2688.0,-13.0
2017-01-09 04:00:00,2677.44,-10.7
2017-01-09 05:00:00,2765.05,-6.7
2017-01-09 06:00:00,3550.53,-6.3
2017-01-09 07:00:00,3929.5,-3.1
2017-01-09 08:00:00,3999.09,-0.9
2017-01-09 09:00:00,3999.44,1.0
2017-01-09 10:00:00,3999.41,3.2
2017-01-09 11:00:00,3999.44,6.4
2017-01-09 12:00:00,3999.38,9.7
2017-01-09 13:00:00,3999.4,11.1
2017-01-09 14:00:00,3999.34,12.7
2017-01-09 15:00:00,3987.82,9.1
2017-01-09 16:00:00,3956.75,10.0
2017-01-09 17:00:00,3867.65,9.9
2017-01-09 18:00:00,3135.85,9.9
2017-01-09 19:00:00,2970.08,13.6
2017-01-09 20:00:00,2875.7,19.0
2017-01-09 21:00:00,2677.98,19.6
2017-01-09 22:00:00,2674.18,19.6
2017-01-09 23:00:00,2673.52,12.7
2017-01-10 00:00:00,2676.95,13.1
2017-01-10 01:00:00,2661.23,21.2
2017-01-10 02:00:00,2665.04,21.9
2017-01-10 03:00:00,2652.35,21.7
2017-01-10 04:00:00,2669.16,21.2
2017-01-10 05:00:00,2770.76,21.2
2017-01-10 06:00:00,3517.58,20.7
2017-01-10 07:00:00,3973.24,20.7
2017-01-10 08:00:00,3998.93,20.1
2017-01-10 09:00:00,3999.45,22.1
2017-01-10 10:00:00,3999.39,20.8
2017-01-10 11:00:00,3999.44,21.4
2017-01-10 12:00:00,3999.39,23.9
2017-01-10 13:00:00,3999.35,24.8
2017-01-10 14:00:00,3999.32,24.3
2017-01-10 15:00:00,3993.7,21.6
2017-01-10 16:00:00,3959.86,22.3
2017-01-10 17:00:00,3748.24,23.4
2017-01-10 18:00:00,2069.49,24.3
2017-01-10 19:00:00,1891.66,25.7
2017-01-10 20:00:00,1704.48,27.7
2017-01-10 21:00:00,1547.16,29.7
2017-01-10 22:00:00,1564.26,31.6
2017-01-10 23:00:00,1546.8,32.7
2017-01-11 00:00:00,1533.6,33.8
2017-01-11 01:00:00,1529.16,34.3
2017-01-11 02:00:00,1547.87,35.1
2017-01-11 03:00:00,1548.31,36.1
2017-01-11 04:00:00,1594.88,38.3
2017-01-11 05:00:00,2546.76,38.5
2017-01-11 06:00:00,3551.15,38.5
2017-01-11 07:00:00,3960.69,38.7
2017-01-11 08:00:00,3999.36,38.8
2017-01-11 09:00:00,3999.44,38.8
2017-01-11 10:00:00,3999.45,39.0
2017-01-11 11:00:00,3999.45,38.8
2017-01-11 12:00:00,3999.45,39.2
2017-01-11 13:00:00,3999.45,38.8
2017-01-11 14:00:00,3999.37,39.0
2017-01-11 15:00:00,3995.72,37.8
2017-01-11 16:00:00,3971.77,37.6
2017-01-11 17:00:00,3751.29,37.8
2017-01-11 18:00:00,2032.86,37.8
2017-01-11 19:00:00,1772.34,37.0
2017-01-11 20:00:00,1676.82,39.2
2017-01-11 21:00:00,1516.1,39.6
2017-01-11 22:00:00,1548.87,41.0
2017-01-11 23:00:00,1544.59,40.1
2017-01-12 00:00:00,1540.48,41.9
2017-01-12 01:00:00,1503.54,41.4
2017-01-12 02:00:00,1529.1,41.4
2017-01-12 03:00:00,1543.58,42.3
2017-01-12 04:00:00,1587.24,39.7
2017-01-12 05:00:00,2503.66,40.5
2017-01-12 06:00:00,3567.23,37.8
2017-01-12 07:00:00,3976.72,37.4
2017-01-12 08:00:00,3999.24,36.1
2017-01-12 09:00:00,3999.39,36.5
2017-01-12 10:00:00,3999.43,36.5
2017-01-12 11:00:00,3999.41,37.4
2017-01-12 12:00:00,3999.44,37.2
2017-01-12 13:00:00,3999.34,36.5
2017-01-12 14:00:00,3999.36,35.6
2017-01-12 15:00:00,3997.86,34.9
2017-01-12 16:00:00,3978.91,34.5
2017-01-12 17:00:00,3764.49,33.3
2017-01-12 18:00:00,1961.25,32.5
2017-01-12 19:00:00,1736.03,31.3
2017-01-12 20:00:00,1660.54,30.2
2017-01-12 21:00:00,1516.08,28.9
2017-01-12 22:00:00,1541.25,27.5
2017-01-12 23:00:00,1519.1,27.0
2017-01-13 00:00:00,1506.53,26.6
2017-01-13 01:00:00,1488.87,26.2
2017-01-13 02:00:00,1508.43,25.5
2017-01-13 03:00:00,1522.84,25.5
2017-01-13 04:00:00,1577.58,27.7
2017-01-13 05:00:00,2504.34,24.6
2017-01-13 06:00:00,3471.06,23.2
2017-01-13 07:00:00,3979.52,21.7
2017-01-13 08:00:00,3999.29,20.7
2017-01-13 09:00:00,3999.43,19.8
2017-01-13 10:00:00,3999.44,18.9
2017-01-13 11:00:00,3999.45,18.3
2017-01-13 12:00:00,3999.32,17.1
2017-01-13 13:00:00,3997.1,16.7
2017-01-13 14:00:00,3998.9,16.2
2017-01-13 15:00:00,3991.54,15.1
2017-01-13 16:00:00,3957.31,13.8
2017-01-13 17:00:00,3871.59,12.4
2017-01-13 18:00:00,3134.04,11.7
2017-01-13 19:00:00,2952.19,10.8
2017-01-13 20:00:00,2781.15,9.0
2017-01-13 21:00:00,2651.97,9.5
2017-01-13 22:00:00,2658.4,6.6
2017-01-13 23:00:00,2643.68,5.4
2017-01-14 00:00:00,2644.72,4.3
2017-01-14 01:00:00,2636.27,2.8
2017-01-14 02:00:00,2644.6,1.9
2017-01-14 03:00:00,2650.42,1.2
2017-01-14 04:00:00,2659.91,-1.5
2017-01-14 05:00:00,2637.98,-3.3
2017-01-14 06:00:00,2636.17,-4.2
2017-01-14 07:00:00,2635.85,-5.4
2017-01-14 08:00:00,2645.84,0.5
2017-01-14 09:00:00,2654.78,0.7
2017-01-14 10:00:00,2657.29,3.2
2017-01-14 11:00:00,2656.34,6.3
2017-01-14 12:00:00,2685.46,6.6
2017-01-14 13:00:00,2705.02,8.1
2017-01-14 14:00:00,2663.71,9.3
2017-01-14 15:00:00,2662.42,10.6
2017-01-14 16:00:00,2663.7,10.6
2017-01-14 17:00:00,2666.2,10.2
2017-01-14 18:00:00,2677.19,10.4
2017-01-14 19:00:00,2660.09,10.0
2017-01-14 20:00:00,2660.38,10.6
2017-01-14 21:00:00,2634.93,10.9
2017-01-14 22:00:00,2656.99,11.8
2017-01-14 23:00:00,2660.9,13.3
2017-01-15 00:00:00,2654.12,12.4
2017-01-15 01:00:00,2631.72,13.6
2017-01-15 02:00:00,2648.56,14.0
2017-01-15 03:00:00,2641.04,13.5
2017-01-15 04:00:00,2621.53,15.3
2017-01-15 05:00:00,2573.55,17.8
2017-01-15 06:00:00,2594.56,16.5
2017-01-15 07:00:00,2603.79,13.6
2017-01-15 08:00:00,2563.79,15.8
2017-01-15 09:00:00,2571.2,15.6
2017-01-15 10:00:00,2605.59,15.8
2017-01-15 11:00:00,2607.29,17.1
2017-01-15 12:00:00,2626.84,18.1
2017-01-15 13:00:00,2571.19,19.0
2017-01-15 14:00:00,2578.19,19.0
2017-01-15 15:00:00,2622.59,18.7
2017-01-15 16:00:00,2599.68,19.6
2017-01-15 17:00:00,2614.91,17.1
2017-01-15 18:00:00,2633.53,13.5
2017-01-15 19:00:00,2621.39,11.1
2017-01-15 20:00:00,2601.24,10.0
2017-01-15 21:00:00,2616.97,11.3
2017-01-15 22:00:00,2634.6,12.0
2017-01-15 23:00:00,2618.07,9.9
2017-01-16 00:00:00,2610.02,7.9
2017-01-16 01:00:00,2617.64,7.5
2017-01-16 02:00:00,2617.55,6.3
2017-01-16 03:00:00,2625.58,11.7
2017-01-16 04:00:00,2604.95,10.4
2017-01-16 05:00:00,2707.23,8.2
2017-01-16 06:00:00,3543.97,9.7
2017-01-16 07:00:00,3946.31,6.8
2017-01-16 08:00:00,3997.09,6.6
2017-01-16 09:00:00,3999.16,12.4
2017-01-16 10:00:00,3999.25,23.2
2017-01-16 11:00:00,3999.36,30.7
2017-01-16 12:00:00,3998.83,33.4
2017-01-16 13:00:00,3999.07,35.8
2017-01-16 14:00:00,3997.49,37.9
2017-01-16 15:00:00,3981.51,36.5
2017-01-16 16:00:00,3895.84,37.2
2017-01-16 17:00:00,3765.12,32.9
2017-01-16 18:00:00,2103.75,33.3
2017-01-16 19:00:00,1848.49,31.3
2017-01-16 20:00:00,1645.57,30.0
2017-01-16 21:00:00,1519.16,30.2
2017-01-16 22:00:00,1500.58,29.7
2017-01-16 23:00:00,1478.5,28.6
2017-01-17 00:00:00,1505.66,26.4
2017-01-17 01:00:00,1486.02,22.8
2017-01-17 02:00:00,1488.28,21.6
2017-01-17 03:00:00,1500.78,20.1
2017-01-17 04:00:00,1514.37,18.0
2017-01-17 05:00:00,2755.49,17.4
2017-01-17 06:00:00,3622.47,15.4
2017-01-17 07:00:00,3975.76,14.5
2017-01-17 08:00:00,3999.01,15.8
2017-01-17 09:00:00,3999.44,20.3
2017-01-17 10:00:00,3999.35,24.8
2017-01-17 11:00:00,3999.45,28.8
2017-01-17 12:00:00,3999.32,30.0
2017-01-17 13:00:00,3999.44,30.0
2017-01-17 14:00:00,3999.19,30.0
2017-01-17 15:00:00,3988.79,29.7
2017-01-17 16:00:00,3962.32,28.8
2017-01-17 17:00:00,3807.36,27.9
2017-01-17 18:00:00,1981.53,29.3
2017-01-17 19:00:00,1820.28,27.3
2017-01-17 20:00:00,1653.32,27.0
2017-01-17 21:00:00,1530.78,26.2
2017-01-17 22:00:00,1516.55,25.5
2017-01-17 23:00:00,1490.64,25.3
2017-01-18 00:00:00,1517.17,25.0
2017-01-18 01:00:00,1516.9,24.4
2017-01-18 02:00:00,1519.07,24.6
2017-01-18 03:00:00,1514.63,24.4
2017-01-18 04:00:00,1508.37,24.4
2017-01-18 05:00:00,2717.5,24.6
2017-01-18 06:00:00,3561.99,25.0
2017-01-18 07:00:00,3943.74,25.9
2017-01-18 08:00:00,3995.75,26.2
2017-01-18 09:00:00,3996.11,26.8
2017-01-18 10:00:00,3992.87,27.3
2017-01-18 11:00:00,3999.25,28.4
2017-01-18 12:00:00,3999.29,28.8
2017-01-18 13:00:00,3999.34,29.3
2017-01-18 14:00:00,3999.3,30.2
2017-01-18 15:00:00,3995.79,31.1
2017-01-18 16:00:00,3972.13,29.3
2017-01-18 17:00:00,3853.74,30.2
2017-01-18 18:00:00,2053.38,30.2
2017-01-18 19:00:00,1868.5,29.8
2017-01-18 20:00:00,1812.12,29.8
2017-01-18 21:00:00,1628.16,29.5
2017-01-18 22:00:00,1581.82,30.2
2017-01-18 23:00:00,1594.04,31.1
2017-01-19 00:00:00,1644.63,31.8
2017-01-19 01:00:00,1569.62,32.4
2017-01-19 02:00:00,1543.82,32.5
2017-01-19 03:00:00,1536.02,32.7
2017-01-19 04:00:00,1572.17,32.5
2017-01-19 05:00:00,2788.92,32.7
2017-01-19 06:00:00,3662.98,32.4
2017-01-19 07:00:00,3984.95,32.7
2017-01-19 08:00:00,3999.27,32.9
2017-01-19 09:00:00,3999.45,33.6
2017-01-19 10:00:00,3999.14,34.0
2017-01-19 11:00:00,3999.45,33.8
2017-01-19 12:00:00,3999.45,34.9
2017-01-19 13:00:00,3999.42,35.1
2017-01-19 14:00:00,3999.39,35.2
2017-01-19 15:00:00,3997.21,35.6
2017-01-19 16:00:00,3984.77,35.4
2017-01-19 17:00:00,3888.01,35.2
2017-01-19 18:00:00,2077.61,34.9
2017-01-19 19:00:00,1809.29,34.0
2017-01-19 20:00:00,1679.14,33.8
2017-01-19 21:00:00,1602.86,33.8
2017-01-19 22:00:00,1652.97,33.6
2017-01-19 23:00:00,1610.38,34.2
2017-01-20 00:00:00,1808.58,34.3
2017-01-20 01:00:00,1566.49,34.0
2017-01-20 02:00:00,1533.54,33.8
2017-01-20 03:00:00,1539.66,33.3
2017-01-20 04:00:00,1555.77,33.1
2017-01-20 05:00:00,2772.72,33.3
2017-01-20 06:00:00,3590.54,33.1
2017-01-20 07:00:00,3958.02,33.3
2017-01-20 08:00:00,3998.76,33.6
2017-01-20 09:00:00,3999.35,34.3
2017-01-20 10:00:00,3999.31,34.5
2017-01-20 11:00:00,3999.36,34.7
2017-01-20 12:00:00,3999.31,34.9
2017-01-20 13:00:00,3999.39,34.5
2017-01-20 14:00:00,3999.08,34.3
2017-01-20 15:00:00,3996.15,34.3
2017-01-20 16:00:00,3966.87,34.3
2017-01-20 17:00:00,3838.77,34.5
2017-01-20 18:00:00,2048.7,34.3
2017-01-20 19:00:00,1811.15,34.2
2017-01-20 20:00:00,1653.74,33.8
2017-01-20 21:00:00,1493.06,33.6
2017-01-20 22:00:00,1472.68,33.6
2017-01-20 23:00:00,1491.78,33.6
2017-01-21 00:00:00,1506.71,33.3
2017-01-21 01:00:00,1470.36,33.3
2017-01-21 02:00:00,1443.91,33.4
2017-01-21 03:00:00,1480.0,33.4
2017-01-21 04:00:00,1481.65,32.7
2017-01-21 05:00:00,1459.17,32.2
2017-01-21 06:00:00,1441.05,32.2
2017-01-21 07:00:00,1535.06,32.4
2017-01-21 08:00:00,1547.22,32.4
2017-01-21 09:00:00,1577.34,32.7
2017-01-21 10:00:00,1560.7,33.4
2017-01-21 11:00:00,1575.85,33.6
2017-01-21 12:00:00,1553.49,34.3
2017-01-21 13:00:00,1549.16,35.1
2017-01-21 14:00:00,1533.63,35.6
2017-01-21 15:00:00,1522.68,36.0
2017-01-21 16:00:00,1493.25,36.1
2017-01-21 17:00:00,1451.11,36.1
2017-01-21 18:00:00,1458.02,35.6
2017-01-21 19:00:00,1469.55,34.7
2017-01-21 20:00:00,1473.92,34.5
2017-01-21 21:00:00,1457.92,34.7
2017-01-21 22:00:00,1469.7,35.1
2017-01-21 23:00:00,1473.37,34.5
2017-01-22 00:00:00,1480.53,33.8
2017-01-22 01:00:00,1444.59,34.2
2017-01-22 02:00:00,1544.27,34.5
2017-01-22 03:00:00,1626.69,34.9
2017-01-22 04:00:00,1605.8,34.9
2017-01-22 05:00:00,1593.73,34.9
2017-01-22 06:00:00,1608.43,35.1
2017-01-22 07:00:00,1656.68,33.8
2017-01-22 08:00:00,1631.22,32.9
2017-01-22 09:00:00,1662.96,33.1
2017-01-22 10:00:00,1656.41,33.4
2017-01-22 11:00:00,1665.85,34.2
2017-01-22 12:00:00,1655.88,35.2
2017-01-22 13:00:00,1636.25,35.8
2017-01-22 14:00:00,1662.23,36.0
2017-01-22 15:00:00,1639.53,36.1
2017-01-22 16:00:00,1626.83,36.1
2017-01-22 17:00:00,1604.36,36.0
2017-01-22 18:00:00,1617.96,35.2
2017-01-22 19:00:00,1615.68,34.9
2017-01-22 20:00:00,1608.08,34.3
2017-01-22 21:00:00,1613.85,34.0
2017-01-22 22:00:00,1623.39,33.8
2017-01-22 23:00:00,1616.88,33.1
2017-01-23 00:00:00,1612.13,31.6
2017-01-23 01:00:00,1613.47,30.7
2017-01-23 02:00:00,1621.75,30.0
2017-01-23 03:00:00,1628.8,29.5
2017-01-23 04:00:00,1680.16,28.9
2017-01-23 05:00:00,2861.2,28.2
2017-01-23 06:00:00,3697.55,27.9
2017-01-23 07:00:00,3982.34,28.2
2017-01-23 08:00:00,3999.39,28.9
2017-01-23 09:00:00,3999.45,28.9
2017-01-23 10:00:00,3999.44,29.1
2017-01-23 11:00:00,3999.45,29.8
2017-01-23 12:00:00,3999.45,30.2
2017-01-23 13:00:00,3999.44,30.6
2017-01-23 14:00:00,3999.42,31.3
2017-01-23 15:00:00,3998.63,30.6
2017-01-23 16:00:00,3977.35,30.4
2017-01-23 17:00:00,3845.26,30.4
2017-01-23 18:00:00,1998.93,30.4
2017-01-23 19:00:00,1800.79,29.5
2017-01-23 20:00:00,1661.58,29.1
2017-01-23 21:00:00,1536.11,28.2
2017-01-23 22:00:00,1526.56,27.5
2017-01-23 23:00:00,1531.59,27.7
2017-01-24 00:00:00,1551.27,27.3
2017-01-24 01:00:00,1536.99,27.9
2017-01-24 02:00:00,1518.99,27.7
2017-01-24 03:00:00,1535.17,27.7
2017-01-24 04:00:00,1588.64,28.0
2017-01-24 05:00:00,2856.99,28.8
2017-01-24 06:00:00,3709.49,29.1
2017-01-24 07:00:00,3989.38,28.8
2017-01-24 08:00:00,3999.4,28.2
2017-01-24 09:00:00,3999.37,28.2
2017-01-24 10:00:00,3999.41,27.7
2017-01-24 11:00:00,3999.45,27.7
2017-01-24 12:00:00,3997.0,27.7
2017-01-24 13:00:00,3999.4,28.0
2017-01-24 14:00:00,3999.19,28.2
2017-01-24 15:00:00,3995.82,28.9
2017-01-24 16:00:00,3976.49,28.4
2017-01-24 17:00:00,3851.36,28.4
2017-01-24 18:00:00,1975.73,28.0
2017-01-24 19:00:00,1780.77,27.3
2017-01-24 20:00:00,1650.54,26.8
2017-01-24 21:00:00,1577.72,27.0
2017-01-24 22:00:00,1554.77,27.3
2017-01-24 23:00:00,1524.0,27.1
2017-01-25 00:00:00,1515.03,26.8
2017-01-25 01:00:00,1528.25,26.1
2017-01-25 02:00:00,1538.89,26.6
2017-01-25 03:00:00,1528.72,26.4
2017-01-25 04:00:00,1556.29,26.4
2017-01-25 05:00:00,2785.51,26.4
2017-01-25 06:00:00,3613.28,26.6
2017-01-25 07:00:00,3970.42,26.8
2017-01-25 08:00:00,3999.23,26.8
2017-01-25 09:00:00,3999.34,27.3
2017-01-25 10:00:00,3999.43,28.0
2017-01-25 11:00:00,3999.41,28.9
2017-01-25 12:00:00,3999.41,30.0
2017-01-25 13:00:00,3999.44,31.1
2017-01-25 14:00:00,3999.42,32.4
2017-01-25 15:00:00,3998.59,32.5
2017-01-25 16:00:00,3967.17,33.3
2017-01-25 17:00:00,3810.79,33.6
2017-01-25 18:00:00,2018.95,32.7
2017-01-25 19:00:00,1882.37,32.9
2017-01-25 20:00:00,1722.31,32.5
2017-01-25 21:00:00,1586.3,31.1
2017-01-25 22:00:00,1581.81,33.4
2017-01-25 23:00:00,1569.85,33.3
2017-01-26 00:00:00,1551.41,33.3
2017-01-26 01:00:00,1529.46,33.3
2017-01-26 02:00:00,1532.12,33.1
2017-01-26 03:00:00,1546.87,33.1
2017-01-26 04:00:00,1581.35,32.9
2017-01-26 05:00:00,2770.96,33.1
2017-01-26 06:00:00,3570.23,33.4
2017-01-26 07:00:00,3975.43,33.1
2017-01-26 08:00:00,3999.26,33.1
2017-01-26 09:00:00,3999.37,32.9
2017-01-26 10:00:00,3999.44,32.7
2017-01-26 11:00:00,3999.43,31.1
2017-01-26 12:00:00,3999.31,32.4
2017-01-26 13:00:00,3999.41,32.4
2017-01-26 14:00:00,3999.31,32.4
2017-01-26 15:00:00,3996.92,32.4
2017-01-26 16:00:00,3975.31,32.4
2017-01-26 17:00:00,3872.32,32.7
2017-01-26 18:00:00,2074.2,32.7
2017-01-26 19:00:00,1899.13,33.1
2017-01-26 20:00:00,1723.64,33.4
2017-01-26 21:00:00,1601.06,33.3
2017-01-26 22:00:00,1575.43,33.1
2017-01-26 23:00:00,1531.38,33.1
2017-01-27 00:00:00,1487.52,32.9
2017-01-27 01:00:00,1498.08,32.9
2017-01-27 02:00:00,1475.12,32.9
2017-01-27 03:00:00,1494.17,32.7
2017-01-27 04:00:00,1544.53,32.7
2017-01-27 05:00:00,2711.2,32.0
2017-01-27 06:00:00,3464.91,31.1
2017-01-27 07:00:00,3948.14,31.1
2017-01-27 08:00:00,3998.61,31.1
2017-01-27 09:00:00,3999.22,30.2
2017-01-27 10:00:00,3999.06,30.0
2017-01-27 11:00:00,3999.29,30.7
2017-01-27 12:00:00,3999.03,30.9
2017-01-27 13:00:00,3999.0,31.1
2017-01-27 14:00:00,3998.48,30.4
2017-01-27 15:00:00,3993.08,30.0
2017-01-27 16:00:00,3963.43,29.8
2017-01-27 17:00:00,3834.2,29.5
2017-01-27 18:00:00,1970.64,29.5
2017-01-27 19:00:00,1728.58,28.8
2017-01-27 20:00:00,1652.54,29.1
2017-01-27 21:00:00,1538.32,29.3
2017-01-27 22:00:00,1529.26,29.1
2017-01-27 23:00:00,1523.88,28.4
2017-01-28 00:00:00,1508.09,28.4
2017-01-28 01:00:00,1508.28,28.6
2017-01-28 02:00:00,1508.62,28.6
2017-01-28 03:00:00,1516.64,27.3
2017-01-28 04:00:00,1503.7,26.6
2017-01-28 05:00:00,1485.27,27.5
2017-01-28 06:00:00,1492.44,24.8
2017-01-28 07:00:00,1531.42,25.0
2017-01-28 08:00:00,1564.9,25.5
2017-01-28 09:00:00,1585.01,27.0
2017-01-28 10:00:00,1612.22,27.7
2017-01-28 11:00:00,1636.52,29.7
2017-01-28 12:00:00,1595.85,30.6
2017-01-28 13:00:00,1623.18,31.3
2017-01-28 14:00:00,1580.96,32.4
2017-01-28 15:00:00,1630.31,32.5
2017-01-28 16:00:00,1686.33,32.5
2017-01-28 17:00:00,1659.72,32.4
2017-01-28 18:00:00,1659.58,31.8
2017-01-28 19:00:00,1670.82,31.3
2017-01-28 20:00:00,1653.98,30.6
2017-01-28 21:00:00,1652.15,30.0
2017-01-28 22:00:00,1663.26,30.4
2017-01-28 23:00:00,1680.73,31.1
2017-01-29 00:00:00,1656.55,29.1
2017-01-29 01:00:00,1640.52,29.1
2017-01-29 02:00:00,1661.31,28.4
2017-01-29 03:00:00,1670.84,28.8
2017-01-29 04:00:00,1665.09,27.3
2017-01-29 05:00:00,1640.44,25.0
2017-01-29 06:00:00,1659.9,23.0
2017-01-29 07:00:00,1690.2,21.7
2017-01-29 08:00:00,1669.52,23.5
2017-01-29 09:00:00,1660.57,25.7
2017-01-29 10:00:00,1676.68,23.9
2017-01-29 11:00:00,1690.81,23.5
2017-01-29 12:00:00,1696.02,25.3
2017-01-29 13:00:00,1684.0,26.8
2017-01-29 14:00:00,1682.68,26.6
2017-01-29 15:00:00,1693.06,26.1
2017-01-29 16:00:00,1692.3,25.0
2017-01-29 17:00:00,1677.0,22.3
2017-01-29 18:00:00,1652.55,21.2
2017-01-29 19:00:00,1671.22,20.1
2017-01-29 20:00:00,1678.73,19.6
2017-01-29 21:00:00,1677.22,18.1
2017-01-29 22:00:00,1679.89,17.2
2017-01-29 23:00:00,1681.29,18.5
2017-01-30 00:00:00,1680.05,14.7
2017-01-30 01:00:00,1689.87,12.0
2017-01-30 02:00:00,1681.38,8.8
2017-01-30 03:00:00,1696.41,7.0
2017-01-30 04:00:00,1744.09,5.0
2017-01-30 05:00:00,2801.72,4.3
2017-01-30 06:00:00,3631.98,2.8
2017-01-30 07:00:00,3979.14,1.9
2017-01-30 08:00:00,3998.88,3.0
2017-01-30 09:00:00,3999.18,3.7
2017-01-30 10:00:00,3999.4,6.6
2017-01-30 11:00:00,3999.42,8.4
2017-01-30 12:00:00,3998.68,10.0
2017-01-30 13:00:00,3997.36,11.5
2017-01-30 14:00:00,3998.25,12.0
2017-01-30 15:00:00,3989.16,12.7
2017-01-30 16:00:00,3929.78,12.4
2017-01-30 17:00:00,3788.05,12.0
2017-01-30 18:00:00,2084.01,10.2
2017-01-30 19:00:00,1860.17,9.7
2017-01-30 20:00:00,1725.13,9.3
2017-01-30 21:00:00,1590.98,3.7
2017-01-30 22:00:00,1609.08,2.5
2017-01-30 23:00:00,1575.87,0.1
2017-01-31 00:00:00,1583.3,-0.6
2017-01-31 01:00:00,1614.29,-0.9
2017-01-31 02:00:00,1609.67,-2.6
2017-01-31 03:00:00,1607.05,-3.8
2017-01-31 04:00:00,1606.33,-4.2
2017-01-31 05:00:00,2830.37,-4.5
2017-01-31 06:00:00,3661.07,-3.8
2017-01-31 07:00:00,3986.71,0.1
2017-01-31 08:00:00,3999.44,0.3
2017-01-31 09:00:00,3999.45,1.8
2017-01-31 10:00:00,3999.43,4.8
2017-01-31 11:00:00,3999.39,7.5
2017-01-31 12:00:00,3999.43,10.4
2017-01-31 13:00:00,3999.35,13.3
2017-01-31 14:00:00,3998.93,14.9
2017-01-31 15:00:00,3995.55,16.2
2017-01-31 16:00:00,3963.58,15.4
2017-01-31 17:00:00,3820.13,14.7
2017-01-31 18:00:00,2107.48,13.8
2017-01-31 19:00:00,1933.25,14.7
2017-01-31 20:00:00,1834.62,13.8
2017-01-31 21:00:00,1582.84,13.6
2017-01-31 22:00:00,1563.09,12.6
2017-01-31 23:00:00,1562.18,12.0
2017-02-01 00:00:00,1557.21,11.7
2017-02-01 01:00:00,1565.22,11.8
2017-02-01 02:00:00,1585.29,11.5
2017-02-01 03:00:00,1521.65,11.7
2017-02-01 04:00:00,1656.95,11.7
2017-02-01 05:00:00,2819.62,11.8
2017-02-01 06:00:00,3626.28,11.8
2017-02-01 07:00:00,3985.06,11.5
2017-02-01 08:00:00,3999.0,10.9
2017-02-01 09:00:00,3999.42,11.7
2017-02-01 10:00:00,3999.42,13.8
2017-02-01 11:00:00,3999.4,15.6
2017-02-01 12:00:00,3999.41,17.1
2017-02-01 13:00:00,3999.42,19.8
2017-02-01 14:00:00,3999.44,20.1
2017-02-01 15:00:00,3997.99,21.2
2017-02-01 16:00:00,3975.08,20.3
2017-02-01 17:00:00,3823.86,22.5
2017-02-01 18:00:00,1628.81,22.5
2017-02-01 19:00:00,1898.76,19.2
2017-02-01 20:00:00,1713.02,16.3
2017-02-01 21:00:00,1588.94,17.8
2017-02-01 22:00:00,1555.12,20.3
2017-02-01 23:00:00,1544.29,20.3
2017-02-02 00:00:00,1588.08,20.3
2017-02-02 01:00:00,1499.15,20.7
2017-02-02 02:00:00,1512.41,20.5
2017-02-02 03:00:00,1522.19,18.5
2017-02-02 04:00:00,1556.17,14.2
2017-02-02 05:00:00,2754.53,10.9
2017-02-02 06:00:00,3640.86,8.8
2017-02-02 07:00:00,3978.74,6.1
2017-02-02 08:00:00,3999.22,5.4
2017-02-02 09:00:00,3999.44,7.0
2017-02-02 10:00:00,3999.41,8.6
2017-02-02 11:00:00,3999.43,13.5
2017-02-02 12:00:00,3999.1,16.5
2017-02-02 13:00:00,3999.26,19.0
2017-02-02 14:00:00,3999.22,19.8
2017-02-02 15:00:00,3995.87,20.3
2017-02-02 16:00:00,3971.22,19.0
2017-02-02 17:00:00,3829.47,18.9
2017-02-02 18:00:00,2166.29,18.5
2017-02-02 19:00:00,1970.49,17.8
2017-02-02 20:00:00,1829.54,17.2
2017-02-02 21:00:00,1595.6,16.9
2017-02-02 22:00:00,1553.74,16.5
2017-02-02 23:00:00,1550.27,16.3
2017-02-03 00:00:00,1544.66,16.3
2017-02-03 01:00:00,1540.83,16.2
2017-02-03 02:00:00,1534.02,17.1
2017-02-03 03:00:00,1542.27,19.0
2017-02-03 04:00:00,1592.04,19.0
2017-02-03 05:00:00,2798.34,19.6
2017-02-03 06:00:00,3587.96,19.0
2017-02-03 07:00:00,3970.56,18.7
2017-02-03 08:00:00,3999.16,16.5
2017-02-03 09:00:00,3999.41,16.5
2017-02-03 10:00:00,3999.28,17.1
2017-02-03 11:00:00,3999.29,17.6
2017-02-03 12:00:00,3998.99,19.9
2017-02-03 13:00:00,3999.29,21.4
2017-02-03 14:00:00,3998.91,21.9
2017-02-03 15:00:00,3991.16,21.7
2017-02-03 16:00:00,3947.68,21.2
2017-02-03 17:00:00,3824.91,21.0
2017-02-03 18:00:00,2021.35,22.1
2017-02-03 19:00:00,1836.38,20.1
2017-02-03 20:00:00,1703.12,18.3
2017-02-03 21:00:00,1594.91,17.1
2017-02-03 22:00:00,1577.89,14.2
2017-02-03 23:00:00,1576.01,14.9
2017-02-04 00:00:00,1517.8,12.9
2017-02-04 01:00:00,1516.19,12.9
2017-02-04 02:00:00,1508.3,12.4
2017-02-04 03:00:00,1517.78,10.9
2017-02-04 04:00:00,1520.24,10.2
2017-02-04 05:00:00,1527.18,10.4
2017-02-04 06:00:00,1670.38,9.9
2017-02-04 07:00:00,1710.46,6.6
2017-02-04 08:00:00,1751.81,9.1
2017-02-04 09:00:00,1718.79,11.7
2017-02-04 10:00:00,1693.58,17.4
2017-02-04 11:00:00,1734.91,21.0
2017-02-04 12:00:00,1709.62,23.5
2017-02-04 13:00:00,1726.42,25.0
2017-02-04 14:00:00,1718.61,25.9
2017-02-04 15:00:00,1735.76,26.4
2017-02-04 16:00:00,1708.52,26.4
2017-02-04 17:00:00,1697.78,26.1
2017-02-04 18:00:00,1690.54,25.9
2017-02-04 19:00:00,1712.48,25.3
2017-02-04 20:00:00,1688.15,24.8
2017-02-04 21:00:00,1683.54,24.1
2017-02-04 22:00:00,1681.6,23.5
2017-02-04 23:00:00,1678.78,21.9
2017-02-05 00:00:00,1683.77,22.6
2017-02-05 01:00:00,1666.23,22.6
2017-02-05 02:00:00,1653.08,19.9
2017-02-05 03:00:00,1674.81,21.9
2017-02-05 04:00:00,1686.63,23.0
2017-02-05 05:00:00,1653.83,23.0
2017-02-05 06:00:00,1650.02,21.6
2017-02-05 07:00:00,1705.17,22.6
2017-02-05 08:00:00,1714.68,23.2
2017-02-05 09:00:00,1754.4,23.7
2017-02-05 10:00:00,1783.95,24.4
2017-02-05 11:00:00,1746.65,26.4
2017-02-05 12:00:00,1749.7,27.9
2017-02-05 13:00:00,1710.71,28.8
2017-02-05 14:00:00,1701.87,30.4
2017-02-05 15:00:00,1700.17,30.9
2017-02-05 16:00:00,1682.81,31.1
2017-02-05 17:00:00,1694.74,31.3
2017-02-05 18:00:00,1666.48,31.1
2017-02-05 19:00:00,1694.56,28.4
2017-02-05 20:00:00,1690.73,29.3
2017-02-05 21:00:00,1694.0,25.0
2017-02-05 22:00:00,1687.7,20.5
2017-02-05 23:00:00,1688.01,17.1
2017-02-06 00:00:00,1714.58,15.1
2017-02-06 01:00:00,1704.7,13.3
2017-02-06 02:00:00,1708.2,11.3
2017-02-06 03:00:00,1721.84,9.3
2017-02-06 04:00:00,1762.39,8.4
2017-02-06 05:00:00,2832.96,7.0
2017-02-06 06:00:00,3599.49,8.1
2017-02-06 07:00:00,3972.84,7.9
2017-02-06 08:00:00,3999.18,6.1
2017-02-06 09:00:00,3999.39,9.1
2017-02-06 10:00:00,3999.33,11.8
2017-02-06 11:00:00,3999.43,12.9
2017-02-06 12:00:00,3999.33,13.8
2017-02-06 13:00:00,3999.24,14.5
2017-02-06 14:00:00,3998.86,14.7
2017-02-06 15:00:00,3993.99,14.7
2017-02-06 16:00:00,3936.18,14.7
2017-02-06 17:00:00,3780.51,15.3
2017-02-06 18:00:00,2097.6,15.1
2017-02-06 19:00:00,1955.07,14.7
2017-02-06 20:00:00,1736.72,14.5
2017-02-06 21:00:00,1592.67,14.4
2017-02-06 22:00:00,1588.15,14.4
2017-02-06 23:00:00,1560.17,14.4
2017-02-07 00:00:00,1566.67,14.2
2017-02-07 01:00:00,1561.06,13.8
2017-02-07 02:00:00,1560.79,13.6
2017-02-07 03:00:00,1558.37,13.3
2017-02-07 04:00:00,1616.85,13.8
2017-02-07 05:00:00,2822.11,14.0
2017-02-07 06:00:00,3566.33,13.6
2017-02-07 07:00:00,3983.7,12.9
2017-02-07 08:00:00,3999.32,12.7
2017-02-07 09:00:00,3999.45,13.3
2017-02-07 10:00:00,3999.38,12.7
2017-02-07 11:00:00,3999.45,13.3
2017-02-07 12:00:00,3999.45,13.6
2017-02-07 13:00:00,3999.38,14.2
2017-02-07 14:00:00,3999.2,14.4
2017-02-07 15:00:00,3997.7,14.7
2017-02-07 16:00:00,3980.75,14.9
2017-02-07 17:00:00,3866.6,14.9
2017-02-07 18:00:00,2115.81,14.7
2017-02-07 19:00:00,1880.82,14.7
2017-02-07 20:00:00,1780.48,15.8
2017-02-07 21:00:00,1564.04,16.9
2017-02-07 22:00:00,1557.96,18.0
2017-02-07 23:00:00,1568.63,19.8
2017-02-08 00:00:00,1520.64,21.9
2017-02-08 01:00:00,1528.48,23.0
2017-02-08 02:00:00,1524.42,24.4
2017-02-08 03:00:00,1511.58,26.2
2017-02-08 04:00:00,1583.13,30.9
2017-02-08 05:00:00,2809.97,32.0
2017-02-08 06:00:00,3614.0,33.6
2017-02-08 07:00:00,3957.99,35.2
2017-02-08 08:00:00,3998.52,31.8
2017-02-08 09:00:00,3999.43,28.2
2017-02-08 10:00:00,3999.39,24.8
2017-02-08 11:00:00,3999.39,24.4
2017-02-08 12:00:00,3999.21,24.8
2017-02-08 13:00:00,3999.36,25.3
2017-02-08 14:00:00,3998.76,27.5
2017-02-08 15:00:00,3995.39,26.1
2017-02-08 16:00:00,3976.93,25.7
2017-02-08 17:00:00,3931.69,25.0
2017-02-08 18:00:00,3376.7,23.4
2017-02-08 19:00:00,3091.91,20.8
2017-02-08 20:00:00,2984.44,19.0
2017-02-08 21:00:00,2782.34,15.4
2017-02-08 22:00:00,2766.13,12.7
2017-02-08 23:00:00,2707.13,10.9
2017-02-09 00:00:00,2695.97,9.7
2017-02-09 01:00:00,2671.15,8.2
2017-02-09 02:00:00,2695.92,6.4
2017-02-09 03:00:00,2696.94,5.7
2017-02-09 04:00:00,2689.11,5.0
2017-02-09 05:00:00,2756.39,4.5
2017-02-09 06:00:00,3570.73,3.9
2017-02-09 07:00:00,3942.19,2.8
2017-02-09 08:00:00,3997.69,1.8
2017-02-09 09:00:00,3999.1,1.8
2017-02-09 10:00:00,3999.07,3.7
2017-02-09 11:00:00,3998.82,5.9
2017-02-09 12:00:00,3999.18,8.2
2017-02-09 13:00:00,3998.62,8.8
2017-02-09 14:00:00,3998.87,10.2
2017-02-09 15:00:00,3993.04,11.7
2017-02-09 16:00:00,3952.64,12.7
2017-02-09 17:00:00,3857.88,11.5
2017-02-09 18:00:00,3186.01,10.2
2017-02-09 19:00:00,3005.69,8.4
2017-02-09 20:00:00,2933.91,7.9
2017-02-09 21:00:00,2660.09,7.2
2017-02-09 22:00:00,2654.62,6.8
2017-02-09 23:00:00,2672.03,6.6
2017-02-10 00:00:00,2662.33,6.3
2017-02-10 01:00:00,2642.69,5.4
2017-02-10 02:00:00,2643.53,4.1
2017-02-10 03:00:00,2662.73,4.3
2017-02-10 04:00:00,2672.28,4.8
2017-02-10 05:00:00,2724.43,3.9
2017-02-10 06:00:00,3423.5,2.7
2017-02-10 07:00:00,3905.86,1.6
2017-02-10 08:00:00,3992.37,0.5
2017-02-10 09:00:00,3998.56,1.4
2017-02-10 10:00:00,3998.94,2.5
2017-02-10 11:00:00,3999.16,3.7
2017-02-10 12:00:00,3997.76,5.4
2017-02-10 13:00:00,3999.01,6.6
2017-02-10 14:00:00,3997.16,7.5
2017-02-10 15:00:00,3987.75,9.3
2017-02-10 16:00:00,3944.03,8.8
2017-02-10 17:00:00,3812.48,8.8
2017-02-10 18:00:00,2070.77,8.6
2017-02-10 19:00:00,1856.64,7.5
2017-02-10 20:00:00,1700.57,6.4
2017-02-10 21:00:00,1576.12,6.1
2017-02-10 22:00:00,1551.95,5.7
2017-02-10 23:00:00,1550.3,5.7
2017-02-11 00:00:00,1552.05,6.1
2017-02-11 01:00:00,1533.98,5.9
2017-02-11 02:00:00,1534.14,6.1
2017-02-11 03:00:00,1540.83,6.6
2017-02-11 04:00:00,1545.09,7.3
2017-02-11 05:00:00,1509.21,7.2
2017-02-11 06:00:00,1502.15,7.5
2017-02-11 07:00:00,1499.64,7.7
2017-02-11 08:00:00,1559.24,8.1
2017-02-11 09:00:00,1608.04,8.4
2017-02-11 10:00:00,1626.77,9.1
2017-02-11 11:00:00,1645.9,9.9
2017-02-11 12:00:00,1585.38,10.6
2017-02-11 13:00:00,1612.58,11.3
2017-02-11 14:00:00,1715.15,12.2
2017-02-11 15:00:00,1708.3,12.7
2017-02-11 16:00:00,1709.58,13.5
2017-02-11 17:00:00,1718.37,14.5
2017-02-11 18:00:00,1720.26,14.7
2017-02-11 19:00:00,1722.81,14.5
2017-02-11 20:00:00,1714.46,14.4
2017-02-11 21:00:00,1718.05,14.5
2017-02-11 22:00:00,1717.28,14.4
2017-02-11 23:00:00,1719.01,14.0
2017-02-12 00:00:00,1717.98,12.7
2017-02-12 01:00:00,1711.21,12.0
2017-02-12 02:00:00,1713.02,11.7
2017-02-12 03:00:00,1724.44,11.5
2017-02-12 04:00:00,1724.41,11.5
2017-02-12 05:00:00,1653.44,11.1
2017-02-12 06:00:00,1652.22,11.3
2017-02-12 07:00:00,1640.97,11.5
2017-02-12 08:00:00,1636.95,11.7
2017-02-12 09:00:00,1671.64,12.4
2017-02-12 10:00:00,1661.04,12.9
2017-02-12 11:00:00,1655.83,13.6
2017-02-12 12:00:00,1653.89,13.8
2017-02-12 13:00:00,1652.52,14.2
2017-02-12 14:00:00,1635.67,14.4
2017-02-12 15:00:00,1673.09,14.9
2017-02-12 16:00:00,1642.29,15.3
2017-02-12 17:00:00,1662.2,15.8
2017-02-12 18:00:00,1657.57,16.9
2017-02-12 19:00:00,1664.97,18.1
2017-02-12 20:00:00,1656.37,19.2
2017-02-12 21:00:00,1659.19,20.3
2017-02-12 22:00:00,1664.72,20.8
2017-02-12 23:00:00,1667.04,19.2
2017-02-13 00:00:00,1660.93,19.9
2017-02-13 01:00:00,1653.25,20.5
2017-02-13 02:00:00,1644.21,20.5
2017-02-13 03:00:00,1659.5,20.1
2017-02-13 04:00:00,1712.68,19.9
2017-02-13 05:00:00,2785.04,19.6
2017-02-13 06:00:00,3470.18,19.4
2017-02-13 07:00:00,3947.94,19.8
2017-02-13 08:00:00,3998.18,19.8
2017-02-13 09:00:00,3999.32,20.3
2017-02-13 10:00:00,3999.26,21.0
2017-02-13 11:00:00,3999.4,22.1
2017-02-13 12:00:00,3999.32,25.7
2017-02-13 13:00:00,3999.39,24.1
2017-02-13 14:00:00,3999.41,24.3
2017-02-13 15:00:00,3996.34,24.8
2017-02-13 16:00:00,3971.21,24.6
2017-02-13 17:00:00,3849.07,24.3
2017-02-13 18:00:00,2061.22,21.2
2017-02-13 19:00:00,1851.98,20.3
2017-02-13 20:00:00,1730.66,20.3
2017-02-13 21:00:00,1556.6,21.0
2017-02-13 22:00:00,1565.66,18.3
2017-02-13 23:00:00,1574.11,16.5
2017-02-14 00:00:00,1567.47,12.4
2017-02-14 01:00:00,1527.31,8.4
2017-02-14 02:00:00,1517.93,10.2
2017-02-14 03:00:00,1536.22,14.2
2017-02-14 04:00:00,1618.33,11.8
2017-02-14 05:00:00,2815.89,9.1
2017-02-14 06:00:00,3643.01,6.8
2017-02-14 07:00:00,3984.94,10.4
2017-02-14 08:00:00,3999.09,13.6
2017-02-14 09:00:00,3999.44,16.2
2017-02-14 10:00:00,3999.41,16.9
2017-02-14 11:00:00,3999.44,21.2
2017-02-14 12:00:00,3999.39,23.5
2017-02-14 13:00:00,3999.45,24.3
2017-02-14 14:00:00,3999.35,24.6
2017-02-14 15:00:00,3998.12,25.2
2017-02-14 16:00:00,3954.7,25.9
2017-02-14 17:00:00,3810.78,25.0
2017-02-14 18:00:00,2053.7,24.1
2017-02-14 19:00:00,1813.54,24.4
2017-02-14 20:00:00,1677.91,22.6
2017-02-14 21:00:00,1502.05,22.5
2017-02-14 22:00:00,1499.63,22.5
2017-02-14 23:00:00,1505.05,22.5
2017-02-15 00:00:00,1500.01,22.5
2017-02-15 01:00:00,1509.54,21.7
2017-02-15 02:00:00,1499.45,21.7
2017-02-15 03:00:00,1514.91,21.9
2017-02-15 04:00:00,1597.59,22.1
2017-02-15 05:00:00,2756.54,22.3
2017-02-15 06:00:00,3511.79,22.5
2017-02-15 07:00:00,3935.5,22.6
2017-02-15 08:00:00,3995.64,23.0
2017-02-15 09:00:00,3999.23,22.8
2017-02-15 10:00:00,3999.43,24.1
2017-02-15 11:00:00,3999.45,26.1
2017-02-15 12:00:00,3999.22,29.3
2017-02-15 13:00:00,3967.5,28.0
2017-02-15 14:00:00,3999.41,29.5
2017-02-15 15:00:00,3997.9,29.7
2017-02-15 16:00:00,3975.26,30.4
2017-02-15 17:00:00,3853.29,29.1
2017-02-15 18:00:00,2086.5,29.5
2017-02-15 19:00:00,1910.33,29.1
2017-02-15 20:00:00,1746.46,28.6
2017-02-15 21:00:00,1514.61,27.1
2017-02-15 22:00:00,1536.02,26.8
2017-02-15 23:00:00,1528.09,25.9
2017-02-16 00:00:00,1514.27,27.5
2017-02-16 01:00:00,1500.04,24.4
2017-02-16 02:00:00,1502.45,23.0
2017-02-16 03:00:00,1513.6,21.7
2017-02-16 04:00:00,1599.53,21.4
2017-02-16 05:00:00,2760.72,20.1
2017-02-16 06:00:00,3606.17,18.3
2017-02-16 07:00:00,3970.5,17.6
2017-02-16 08:00:00,3999.13,17.4
2017-02-16 09:00:00,3999.32,17.2
2017-02-16 10:00:00,3999.44,18.5
2017-02-16 11:00:00,3999.37,20.7
2017-02-16 12:00:00,3999.22,23.0
2017-02-16 13:00:00,3999.27,25.0
2017-02-16 14:00:00,3999.23,25.5
2017-02-16 15:00:00,3995.21,23.9
2017-02-16 16:00:00,3951.03,24.4
2017-02-16 17:00:00,3793.27,24.8
2017-02-16 18:00:00,2047.23,24.3
2017-02-16 19:00:00,1866.73,23.9
2017-02-16 20:00:00,1719.22,23.4
2017-02-16 21:00:00,1584.45,23.5
2017-02-16 22:00:00,1553.28,23.0
2017-02-16 23:00:00,1544.78,21.9
2017-02-17 00:00:00,1545.77,21.2
2017-02-17 01:00:00,1524.3,18.5
2017-02-17 02:00:00,1531.7,17.4
2017-02-17 03:00:00,1548.71,16.9
2017-02-17 04:00:00,1647.03,16.7
2017-02-17 05:00:00,2805.39,15.8
2017-02-17 06:00:00,3630.3,14.2
2017-02-17 07:00:00,3964.67,12.6
2017-02-17 08:00:00,3998.04,13.5
2017-02-17 09:00:00,3999.25,13.3
2017-02-17 10:00:00,3999.24,15.6
2017-02-17 11:00:00,3999.35,18.5
2017-02-17 12:00:00,3997.69,21.4
2017-02-17 13:00:00,3999.2,23.0
2017-02-17 14:00:00,3998.85,24.1
2017-02-17 15:00:00,3986.48,25.5
2017-02-17 16:00:00,3881.0,25.7
2017-02-17 17:00:00,3691.03,24.4
2017-02-17 18:00:00,2079.66,25.0
2017-02-17 19:00:00,1901.33,19.0
2017-02-17 20:00:00,1728.63,19.0
2017-02-17 21:00:00,1519.31,20.8
2017-02-17 22:00:00,1516.57,25.5
2017-02-17 23:00:00,1513.08,24.8
2017-02-18 00:00:00,1504.54,23.4
2017-02-18 01:00:00,1492.48,23.9
2017-02-18 02:00:00,1492.33,21.6
2017-02-18 03:00:00,1520.9,21.0
2017-02-18 04:00:00,1512.68,22.6
2017-02-18 05:00:00,1466.09,22.3
2017-02-18 06:00:00,1464.39,17.4
2017-02-18 07:00:00,1446.73,17.1
2017-02-18 08:00:00,1475.6,18.1
2017-02-18 09:00:00,1459.88,23.7
2017-02-18 10:00:00,1493.03,27.5
2017-02-18 11:00:00,1489.61,32.0
2017-02-18 12:00:00,1516.34,36.0
2017-02-18 13:00:00,1544.04,39.2
2017-02-18 14:00:00,1550.91,43.0
2017-02-18 15:00:00,1503.0,46.2
2017-02-18 16:00:00,1488.21,46.0
2017-02-18 17:00:00,1492.68,46.2
2017-02-18 18:00:00,1513.95,44.8
2017-02-18 19:00:00,1524.43,43.5
2017-02-18 20:00:00,1532.96,41.7
2017-02-18 21:00:00,1516.15,41.0
2017-02-18 22:00:00,1486.39,42.4
2017-02-18 23:00:00,1486.98,41.7
2017-02-19 00:00:00,1493.09,39.6
2017-02-19 01:00:00,1477.31,39.0
2017-02-19 02:00:00,1475.86,34.7
2017-02-19 03:00:00,1505.07,34.3
2017-02-19 04:00:00,1504.32,33.3
2017-02-19 05:00:00,1470.23,35.4
2017-02-19 06:00:00,1560.64,36.0
2017-02-19 07:00:00,1605.23,34.2
2017-02-19 08:00:00,1640.57,35.2
2017-02-19 09:00:00,1608.62,37.0
2017-02-19 10:00:00,1664.18,40.5
2017-02-19 11:00:00,1650.17,41.9
2017-02-19 12:00:00,1635.37,43.2
2017-02-19 13:00:00,1660.25,43.9
2017-02-19 14:00:00,1670.32,43.9
2017-02-19 15:00:00,1655.53,44.6
2017-02-19 16:00:00,1604.25,43.2
2017-02-19 17:00:00,1625.84,42.8
2017-02-19 18:00:00,1643.11,41.2
2017-02-19 19:00:00,1645.17,39.2
2017-02-19 20:00:00,1633.09,37.8
2017-02-19 21:00:00,1656.77,35.8
2017-02-19 22:00:00,1648.52,34.3
2017-02-19 23:00:00,1650.74,32.0
2017-02-20 00:00:00,1639.02,30.0
2017-02-20 01:00:00,1646.71,27.9
2017-02-20 02:00:00,1654.12,28.0
2017-02-20 03:00:00,1641.7,25.9
2017-02-20 04:00:00,1678.7,26.2
2017-02-20 05:00:00,2793.29,25.5
2017-02-20 06:00:00,3628.34,23.9
2017-02-20 07:00:00,3962.79,21.9
2017-02-20 08:00:00,3997.48,21.9
2017-02-20 09:00:00,3999.17,23.0
2017-02-20 10:00:00,3999.3,24.3
2017-02-20 11:00:00,3998.96,27.0
2017-02-20 12:00:00,3998.86,29.1
2017-02-20 13:00:00,3999.16,30.9
2017-02-20 14:00:00,3998.2,33.1
2017-02-20 15:00:00,3991.62,34.5
2017-02-20 16:00:00,3964.96,34.9
2017-02-20 17:00:00,3811.62,32.9
2017-02-20 18:00:00,1992.62,31.6
2017-02-20 19:00:00,1924.73,26.6
2017-02-20 20:00:00,1738.75,19.8
2017-02-20 21:00:00,1543.98,20.3
2017-02-20 22:00:00,1538.37,17.4
2017-02-20 23:00:00,1542.17,16.5
2017-02-21 00:00:00,1554.1,16.2
2017-02-21 01:00:00,1527.29,15.1
2017-02-21 02:00:00,1491.02,12.9
2017-02-21 03:00:00,1511.64,14.2
2017-02-21 04:00:00,1602.53,14.5
2017-02-21 05:00:00,2809.75,15.3
2017-02-21 06:00:00,3604.78,17.8
2017-02-21 07:00:00,3975.56,18.3
2017-02-21 08:00:00,3999.37,19.6
2017-02-21 09:00:00,3999.43,22.3
2017-02-21 10:00:00,3999.45,25.3
2017-02-21 11:00:00,3999.44,27.9
2017-02-21 12:00:00,3999.27,30.7
2017-02-21 13:00:00,3999.38,34.0
2017-02-21 14:00:00,3999.23,32.9
2017-02-21 15:00:00,3998.09,34.5
2017-02-21 16:00:00,3962.51,33.8
2017-02-21 17:00:00,3790.1,33.4
2017-02-21 18:00:00,2117.74,32.2
2017-02-21 19:00:00,1910.27,31.8
2017-02-21 20:00:00,1759.39,31.6
2017-02-21 21:00:00,1584.64,31.3
2017-02-21 22:00:00,1558.38,31.3
2017-02-21 23:00:00,1546.65,31.5
2017-02-22 00:00:00,1526.88,31.8
2017-02-22 01:00:00,1534.66,31.8
2017-02-22 02:00:00,1536.5,32.0
2017-02-22 03:00:00,1547.57,32.2
2017-02-22 04:00:00,1605.83,32.4
2017-02-22 05:00:00,2822.75,32.5
2017-02-22 06:00:00,3603.52,32.7
2017-02-22 07:00:00,3979.69,32.9
2017-02-22 08:00:00,3999.41,33.1
2017-02-22 09:00:00,3999.44,34.0
2017-02-22 10:00:00,3999.44,35.1
2017-02-22 11:00:00,3999.43,38.5
2017-02-22 12:00:00,3708.63,39.7
2017-02-22 13:00:00,3999.45,39.6
2017-02-22 14:00:00,3999.43,38.3
2017-02-22 15:00:00,3999.08,40.1
2017-02-22 16:00:00,3986.31,40.6
2017-02-22 17:00:00,3868.09,40.6
2017-02-22 18:00:00,2066.02,38.7
2017-02-22 19:00:00,1839.53,38.5
2017-02-22 20:00:00,1759.99,37.8
2017-02-22 21:00:00,1520.45,37.4
2017-02-22 22:00:00,1519.5,37.2
2017-02-22 23:00:00,1534.43,36.9
2017-02-23 00:00:00,1520.33,36.7
2017-02-23 01:00:00,1483.0,36.3
2017-02-23 02:00:00,1488.51,36.1
2017-02-23 03:00:00,1509.23,36.1
2017-02-23 04:00:00,1613.6,36.1
2017-02-23 05:00:00,2797.54,36.1
2017-02-23 06:00:00,3598.48,36.0
2017-02-23 07:00:00,3968.19,36.1
2017-02-23 08:00:00,3999.14,37.8
2017-02-23 09:00:00,3999.34,38.7
2017-02-23 10:00:00,3999.41,42.4
2017-02-23 11:00:00,3999.45,44.2
2017-02-23 12:00:00,3999.42,45.5
2017-02-23 13:00:00,3999.41,47.7
2017-02-23 14:00:00,3999.29,49.1
2017-02-23 15:00:00,3995.9,53.1
2017-02-23 16:00:00,3957.55,52.9
2017-02-23 17:00:00,3721.21,53.6
2017-02-23 18:00:00,2138.93,50.4
2017-02-23 19:00:00,1927.52,46.9
2017-02-23 20:00:00,1754.63,44.2
2017-02-23 21:00:00,1549.22,41.9
2017-02-23 22:00:00,1533.03,40.3
2017-02-23 23:00:00,1525.66,39.4
2017-02-24 00:00:00,1583.33,37.8
2017-02-24 01:00:00,1503.85,36.3
2017-02-24 02:00:00,1508.09,36.1
2017-02-24 03:00:00,1495.75,36.0
2017-02-24 04:00:00,1605.97,34.5
2017-02-24 05:00:00,2778.31,34.2
2017-02-24 06:00:00,3513.21,33.4
2017-02-24 07:00:00,3922.33,33.8
2017-02-24 08:00:00,3997.24,33.8
2017-02-24 09:00:00,3998.55,35.1
2017-02-24 10:00:00,3998.74,35.6
2017-02-24 11:00:00,3999.05,36.1
2017-02-24 12:00:00,3998.48,37.0
2017-02-24 13:00:00,3999.17,36.5
2017-02-24 14:00:00,3998.34,36.3
2017-02-24 15:00:00,3994.06,36.3
2017-02-24 16:00:00,3945.71,36.0
2017-02-24 17:00:00,3756.75,36.3
2017-02-24 18:00:00,1946.32,35.4
2017-02-24 19:00:00,1749.9,35.2
2017-02-24 20:00:00,1622.89,34.9
2017-02-24 21:00:00,1482.18,34.9
2017-02-24 22:00:00,1508.07,34.9
2017-02-24 23:00:00,1492.76,35.1
2017-02-25 00:00:00,1470.03,34.7
2017-02-25 01:00:00,1465.29,34.7
2017-02-25 02:00:00,1462.31,34.5
2017-02-25 03:00:00,1473.6,33.8
2017-02-25 04:00:00,1461.32,33.6
2017-02-25 05:00:00,1454.94,33.3
2017-02-25 06:00:00,1466.32,33.1
2017-02-25 07:00:00,1480.81,33.1
2017-02-25 08:00:00,1491.33,32.7
2017-02-25 09:00:00,1525.42,32.9
2017-02-25 10:00:00,1539.22,33.8
2017-02-25 11:00:00,1513.95,34.5
2017-02-25 12:00:00,1527.9,34.9
2017-02-25 13:00:00,1567.23,35.2
2017-02-25 14:00:00,1501.84,35.2
2017-02-25 15:00:00,1468.31,35.1
2017-02-25 16:00:00,1451.5,38.3
2017-02-25 17:00:00,1458.69,37.9
2017-02-25 18:00:00,1470.76,36.7
2017-02-25 19:00:00,1447.99,38.5
2017-02-25 20:00:00,1474.12,36.1
2017-02-25 21:00:00,1469.4,37.0
2017-02-25 22:00:00,1458.97,36.3
2017-02-25 23:00:00,1467.6,34.5
2017-02-26 00:00:00,1488.49,32.7
2017-02-26 01:00:00,1466.44,31.3
2017-02-26 02:00:00,1457.99,30.2
2017-02-26 03:00:00,1586.53,27.5
2017-02-26 04:00:00,1622.42,25.9
2017-02-26 05:00:00,1617.97,23.7
2017-02-26 06:00:00,1591.16,21.7
2017-02-26 07:00:00,1584.09,19.4
2017-02-26 08:00:00,1621.95,19.9
2017-02-26 09:00:00,1591.8,19.6
2017-02-26 10:00:00,1588.37,20.7
2017-02-26 11:00:00,1656.72,21.9
2017-02-26 12:00:00,1622.09,24.6
2017-02-26 13:00:00,1656.99,26.2
2017-02-26 14:00:00,1597.77,28.6
2017-02-26 15:00:00,1628.17,30.7
2017-02-26 16:00:00,1593.54,32.4
2017-02-26 17:00:00,1599.26,31.5
2017-02-26 18:00:00,1609.24,30.2
2017-02-26 19:00:00,1645.18,30.7
2017-02-26 20:00:00,1643.89,28.2
2017-02-26 21:00:00,1633.6,28.6
2017-02-26 22:00:00,1621.7,30.4
2017-02-26 23:00:00,1636.47,30.0
2017-02-27 00:00:00,1636.01,30.7
2017-02-27 01:00:00,1632.1,31.1
2017-02-27 02:00:00,1613.44,32.4
2017-02-27 03:00:00,1640.56,34.0
2017-02-27 04:00:00,1690.68,33.3
2017-02-27 05:00:00,2778.34,33.1
2017-02-27 06:00:00,3558.72,33.4
2017-02-27 07:00:00,3970.84,34.2
2017-02-27 08:00:00,3998.81,34.9
2017-02-27 09:00:00,3999.29,37.2
2017-02-27 10:00:00,3999.31,38.1
2017-02-27 11:00:00,3999.41,37.4
2017-02-27 12:00:00,3999.34,38.5
2017-02-27 13:00:00,3999.43,38.8
2017-02-27 14:00:00,3999.28,38.5
2017-02-27 15:00:00,3996.95,39.7
2017-02-27 16:00:00,3975.51,39.4
2017-02-27 17:00:00,3823.57,39.4
2017-02-27 18:00:00,2026.35,37.0
2017-02-27 19:00:00,1831.98,35.8
2017-02-27 20:00:00,1689.13,33.3
2017-02-27 21:00:00,1540.89,26.6
2017-02-27 22:00:00,1530.01,32.0
2017-02-27 23:00:00,1513.59,29.5
2017-02-28 00:00:00,1500.79,27.5
2017-02-28 01:00:00,1501.3,22.6
2017-02-28 02:00:00,1498.8,19.9
2017-02-28 03:00:00,1492.6,20.1
2017-02-28 04:00:00,1580.69,22.5
2017-02-28 05:00:00,2797.39,21.6
2017-02-28 06:00:00,3627.87,21.6
2017-02-28 07:00:00,3974.72,24.6
2017-02-28 08:00:00,3998.72,26.2
2017-02-28 09:00:00,3999.34,29.8
2017-02-28 10:00:00,3999.34,33.4
2017-02-28 11:00:00,3999.34,37.2
2017-02-28 12:00:00,3999.38,38.8
2017-02-28 13:00:00,3999.41,39.2
2017-02-28 14:00:00,3999.39,39.4
2017-02-28 15:00:00,3998.57,38.7
2017-02-28 16:00:00,3976.94,38.3
2017-02-28 17:00:00,3835.65,37.8
2017-02-28 18:00:00,2037.6,36.9
2017-02-28 19:00:00,1877.74,36.9
2017-02-28 20:00:00,1793.94,36.9
2017-02-28 21:00:00,1553.23,34.7
2017-02-28 22:00:00,1557.91,36.3
2017-02-28 23:00:00,1565.75,36.0
2017-03-01 00:00:00,1543.65,35.2
2017-03-01 01:00:00,1549.81,34.5
2017-03-01 02:00:00,1547.28,34.3
2017-03-01 03:00:00,1533.35,34.5
2017-03-01 04:00:00,1607.59,34.7
2017-03-01 05:00:00,2784.59,35.1
2017-03-01 06:00:00,3563.47,35.4
2017-03-01 07:00:00,3973.74,36.5
2017-03-01 08:00:00,3998.24,36.1
2017-03-01 09:00:00,3999.27,37.0
2017-03-01 10:00:00,3999.31,36.9
2017-03-01 11:00:00,3999.36,37.8
2017-03-01 12:00:00,3999.31,38.1
2017-03-01 13:00:00,3999.32,39.0
2017-03-01 14:00:00,3999.36,40.5
2017-03-01 15:00:00,3998.78,39.9
2017-03-01 16:00:00,3987.68,39.2
2017-03-01 17:00:00,3778.16,38.8
2017-03-01 18:00:00,1561.79,37.6
2017-03-01 19:00:00,1904.15,37.6
2017-03-01 20:00:00,1754.73,36.1
2017-03-01 21:00:00,1544.33,34.9
2017-03-01 22:00:00,1511.24,33.8
2017-03-01 23:00:00,1512.98,33.1
2017-03-02 00:00:00,1515.27,30.7
2017-03-02 01:00:00,1511.14,27.5
2017-03-02 02:00:00,1510.15,25.5
2017-03-02 03:00:00,1506.22,23.2
2017-03-02 04:00:00,1590.3,19.6
2017-03-02 05:00:00,2772.02,16.5
2017-03-02 06:00:00,3540.66,14.4
2017-03-02 07:00:00,3964.85,12.2
2017-03-02 08:00:00,3998.47,11.8
2017-03-02 09:00:00,3998.9,11.3
2017-03-02 10:00:00,3999.44,10.4
2017-03-02 11:00:00,3999.32,11.1
2017-03-02 12:00:00,3998.22,12.6
2017-03-02 13:00:00,3998.8,12.9
2017-03-02 14:00:00,3998.91,14.7
2017-03-02 15:00:00,3992.58,16.5
2017-03-02 16:00:00,3962.39,16.3
2017-03-02 17:00:00,3783.66,15.6
2017-03-02 18:00:00,2090.46,15.3
2017-03-02 19:00:00,1942.82,15.3
2017-03-02 20:00:00,1766.26,15.3
2017-03-02 21:00:00,1559.73,14.7
2017-03-02 22:00:00,1559.39,14.0
2017-03-02 23:00:00,1556.74,12.9
2017-03-03 00:00:00,1535.35,13.1
2017-03-03 01:00:00,1524.85,9.9
2017-03-03 02:00:00,1519.55,8.8
2017-03-03 03:00:00,1523.88,7.5
2017-03-03 04:00:00,1618.68,6.6
2017-03-03 05:00:00,2769.09,6.6
2017-03-03 06:00:00,3498.09,5.2
2017-03-03 07:00:00,3947.81,5.4
2017-03-03 08:00:00,3997.81,6.8
2017-03-03 09:00:00,3999.31,9.7
2017-03-03 10:00:00,3998.92,9.7
2017-03-03 11:00:00,3998.84,9.5
2017-03-03 12:00:00,3997.28,10.0
2017-03-03 13:00:00,3998.27,11.1
2017-03-03 14:00:00,3997.51,12.7
2017-03-03 15:00:00,3979.14,13.8
2017-03-03 16:00:00,3902.68,12.6
2017-03-03 17:00:00,3737.25,11.8
2017-03-03 18:00:00,1992.69,10.2
2017-03-03 19:00:00,1722.74,8.8
2017-03-03 20:00:00,1624.68,7.7
2017-03-03 21:00:00,1585.55,6.6
2017-03-03 22:00:00,1567.17,6.4
2017-03-03 23:00:00,1553.09,5.7
2017-03-04 00:00:00,1551.7,4.3
2017-03-04 01:00:00,1538.08,4.1
2017-03-04 02:00:00,1548.38,3.6
2017-03-04 03:00:00,1547.08,2.7
2017-03-04 04:00:00,1747.18,2.5
2017-03-04 05:00:00,1779.93,1.0
2017-03-04 06:00:00,1802.4,-1.1
2017-03-04 07:00:00,1795.03,-3.3
2017-03-04 08:00:00,1775.69,-5.1
2017-03-04 09:00:00,1807.12,-5.1
2017-03-04 10:00:00,1809.36,-4.0
2017-03-04 11:00:00,1787.33,-2.0
2017-03-04 12:00:00,1562.97,0.3
2017-03-04 13:00:00,1531.23,3.2
2017-03-04 14:00:00,1545.49,5.4
2017-03-04 15:00:00,1528.96,6.3
2017-03-04 16:00:00,1507.6,7.3
2017-03-04 17:00:00,1506.58,7.0
2017-03-04 18:00:00,1536.17,6.4
2017-03-04 19:00:00,1525.6,5.7
2017-03-04 20:00:00,1533.6,5.2
2017-03-04 21:00:00,1540.63,4.3
2017-03-04 22:00:00,1677.55,3.9
2017-03-04 23:00:00,1682.67,3.6
2017-03-05 00:00:00,1685.47,2.5
2017-03-05 01:00:00,1699.95,2.1
2017-03-05 02:00:00,1738.05,1.4
2017-03-05 03:00:00,1797.28,0.7
2017-03-05 04:00:00,1760.76,-0.0
2017-03-05 05:00:00,1682.6,-0.4
2017-03-05 06:00:00,1769.68,-0.8
2017-03-05 07:00:00,1692.21,-2.0
2017-03-05 08:00:00,1498.81,0.1
2017-03-05 09:00:00,1506.18,3.6
2017-03-05 10:00:00,1498.97,5.4
2017-03-05 11:00:00,1540.92,7.7
2017-03-05 12:00:00,1657.73,14.9
2017-03-05 13:00:00,1654.71,14.5
2017-03-05 14:00:00,1638.94,18.1
2017-03-05 15:00:00,1631.2,19.0
2017-03-05 16:00:00,1622.75,18.9
2017-03-05 17:00:00,1621.24,19.9
2017-03-05 18:00:00,1649.82,17.6
2017-03-05 19:00:00,1667.74,14.5
2017-03-05 20:00:00,1660.74,12.6
2017-03-05 21:00:00,1657.92,13.8
2017-03-05 22:00:00,1658.55,14.4
2017-03-05 23:00:00,1662.72,14.2
2017-03-06 00:00:00,1664.18,13.1
2017-03-06 01:00:00,1656.83,12.7
2017-03-06 02:00:00,1657.82,13.6
2017-03-06 03:00:00,1670.58,13.8
2017-03-06 04:00:00,1725.75,13.6
2017-03-06 05:00:00,2795.36,13.3
2017-03-06 06:00:00,3589.79,13.3
2017-03-06 07:00:00,3963.42,13.6
2017-03-06 08:00:00,3999.09,15.4
2017-03-06 09:00:00,3999.43,17.8
2017-03-06 10:00:00,3999.42,19.8
2017-03-06 11:00:00,3999.44,21.4
2017-03-06 12:00:00,3999.45,22.8
2017-03-06 13:00:00,3999.44,24.8
2017-03-06 14:00:00,3999.36,26.2
2017-03-06 15:00:00,3997.83,27.0
2017-03-06 16:00:00,3984.15,27.7
2017-03-06 17:00:00,3831.43,27.9
2017-03-06 18:00:00,2053.52,27.1
2017-03-06 19:00:00,1899.28,26.8
2017-03-06 20:00:00,1901.18,25.9
2017-03-06 21:00:00,1706.05,26.2
2017-03-06 22:00:00,1622.98,26.8
2017-03-06 23:00:00,1572.13,26.6
2017-03-07 00:00:00,1550.29,26.8
2017-03-07 01:00:00,1528.05,27.0
2017-03-07 02:00:00,1525.98,27.1
2017-03-07 03:00:00,1550.39,27.1
2017-03-07 04:00:00,1736.24,27.5
2017-03-07 05:00:00,2794.26,28.0
2017-03-07 06:00:00,3575.04,28.4
2017-03-07 07:00:00,3970.98,28.9
2017-03-07 08:00:00,3998.56,29.5
2017-03-07 09:00:00,3999.29,30.2
2017-03-07 10:00:00,3999.45,31.1
2017-03-07 11:00:00,3999.4,32.2
2017-03-07 12:00:00,3999.4,32.5
2017-03-07 13:00:00,3999.45,32.9
2017-03-07 14:00:00,3999.4,33.4
2017-03-07 15:00:00,3997.45,34.0
2017-03-07 16:00:00,3985.9,34.7
2017-03-07 17:00:00,3867.03,35.1
2017-03-07 18:00:00,2092.6,35.2
2017-03-07 19:00:00,1937.75,35.6
2017-03-07 20:00:00,1762.27,36.0
2017-03-07 21:00:00,1555.57,36.9
2017-03-07 22:00:00,1536.81,42.1
2017-03-07 23:00:00,1511.06,39.2
2017-03-08 00:00:00,1501.38,42.6
2017-03-08 01:00:00,1518.31,40.6
2017-03-08 02:00:00,1517.2,39.7
2017-03-08 03:00:00,1504.75,39.9
2017-03-08 04:00:00,1615.56,38.3
2017-03-08 05:00:00,2814.9,35.8
2017-03-08 06:00:00,3570.44,34.7
2017-03-08 07:00:00,3970.19,36.3
2017-03-08 08:00:00,3999.22,37.0
2017-03-08 09:00:00,3999.42,38.8
2017-03-08 10:00:00,3999.41,40.5
2017-03-08 11:00:00,3999.45,40.1
2017-03-08 12:00:00,3999.33,43.0
2017-03-08 13:00:00,3999.43,42.8
2017-03-08 14:00:00,3999.39,44.2
2017-03-08 15:00:00,3998.32,45.0
2017-03-08 16:00:00,3977.39,45.0
2017-03-08 17:00:00,3847.94,42.1
2017-03-08 18:00:00,2191.34,40.1
2017-03-08 19:00:00,1871.53,38.1
2017-03-08 20:00:00,1720.49,37.4
2017-03-08 21:00:00,1598.39,37.4
2017-03-08 22:00:00,1545.08,34.5
2017-03-08 23:00:00,1549.3,35.1
2017-03-09 00:00:00,1505.46,32.4
2017-03-09 01:00:00,1518.4,30.9
2017-03-09 02:00:00,1515.39,30.7
2017-03-09 03:00:00,1507.43,29.7
2017-03-09 04:00:00,1630.27,28.0
2017-03-09 05:00:00,2778.08,27.0
2017-03-09 06:00:00,3580.08,25.5
2017-03-09 07:00:00,3956.36,24.8
2017-03-09 08:00:00,3999.09,24.3
2017-03-09 09:00:00,3999.39,25.0
2017-03-09 10:00:00,3999.34,25.0
2017-03-09 11:00:00,3999.34,25.5
2017-03-09 12:00:00,3999.34,25.0
2017-03-09 13:00:00,3999.31,27.0
2017-03-09 14:00:00,3998.76,28.8
2017-03-09 15:00:00,3990.66,29.5
2017-03-09 16:00:00,3915.29,30.2
2017-03-09 17:00:00,3693.75,29.8
2017-03-09 18:00:00,2068.83,28.9
2017-03-09 19:00:00,1929.5,27.7
2017-03-09 20:00:00,1719.15,25.7
2017-03-09 21:00:00,1591.47,25.9
2017-03-09 22:00:00,1556.41,23.0
2017-03-09 23:00:00,1528.99,21.2
2017-03-10 00:00:00,1533.84,23.5
2017-03-10 01:00:00,1518.44,24.3
2017-03-10 02:00:00,1506.0,25.5
2017-03-10 03:00:00,1503.64,25.0
2017-03-10 04:00:00,1629.27,22.6
2017-03-10 05:00:00,2771.73,20.8
2017-03-10 06:00:00,3482.73,18.0
2017-03-10 07:00:00,3936.47,17.1
2017-03-10 08:00:00,3997.99,17.6
2017-03-10 09:00:00,3999.12,17.2
2017-03-10 10:00:00,3999.15,17.2
2017-03-10 11:00:00,3999.13,18.1
2017-03-10 12:00:00,3996.11,18.9
2017-03-10 13:00:00,3998.9,19.2
2017-03-10 14:00:00,3996.72,17.1
2017-03-10 15:00:00,3971.44,17.4
2017-03-10 16:00:00,3897.96,17.8
2017-03-10 17:00:00,3699.71,16.7
2017-03-10 18:00:00,2082.22,12.4
2017-03-10 19:00:00,1884.67,9.1
2017-03-10 20:00:00,1772.71,7.3
2017-03-10 21:00:00,1771.52,5.4
2017-03-10 22:00:00,1713.78,3.4
2017-03-10 23:00:00,1719.34,1.0
2017-03-11 00:00:00,1734.61,-0.4
2017-03-11 01:00:00,1704.86,-1.3
2017-03-11 02:00:00,1689.15,-2.0
2017-03-11 03:00:00,1693.94,-2.4
2017-03-11 04:00:00,1698.52,-2.6
2017-03-11 05:00:00,1681.24,-2.6
2017-03-11 06:00:00,1667.38,-2.9
2017-03-11 07:00:00,1656.25,-2.9
2017-03-11 08:00:00,1776.48,-2.2
2017-03-11 09:00:00,1776.06,-1.7
2017-03-11 10:00:00,1756.84,-1.1
2017-03-11 11:00:00,1713.59,-0.8
2017-03-11 12:00:00,1709.47,2.3
2017-03-11 13:00:00,1778.16,2.3
2017-03-11 14:00:00,1763.94,4.6
2017-03-11 15:00:00,1727.97,4.6
2017-03-11 16:00:00,1728.03,5.0
2017-03-11 17:00:00,1726.52,5.5
2017-03-11 18:00:00,1774.9,5.4
2017-03-11 19:00:00,1762.28,5.2
2017-03-11 20:00:00,1718.77,5.0
2017-03-11 21:00:00,1725.47,4.5
2017-03-11 22:00:00,1707.01,4.1
2017-03-11 23:00:00,1711.49,3.6
2017-03-12 00:00:00,1720.57,3.4
2017-03-12 01:00:00,1714.26,2.5
2017-03-12 02:00:00,1707.95,2.1
2017-03-12 03:00:00,1722.02,1.4
2017-03-12 04:00:00,1685.38,0.5
2017-03-12 05:00:00,1676.12,0.1
2017-03-12 06:00:00,1659.56,-0.4
2017-03-12 07:00:00,1683.03,-0.4
2017-03-12 08:00:00,1722.06,0.5
2017-03-12 09:00:00,1763.11,1.6
2017-03-12 10:00:00,1745.84,3.7
2017-03-12 11:00:00,1678.76,5.2
2017-03-12 12:00:00,1659.62,7.0
2017-03-12 13:00:00,1662.36,9.0
2017-03-12 14:00:00,1634.54,9.3
2017-03-12 15:00:00,1604.31,10.4
2017-03-12 16:00:00,1590.31,11.1
2017-03-12 17:00:00,1591.32,13.1
2017-03-12 18:00:00,1627.08,11.5
2017-03-12 19:00:00,1648.97,10.8
2017-03-12 20:00:00,1653.19,10.4
2017-03-12 21:00:00,1622.75,11.3
2017-03-12 22:00:00,1604.85,8.8
2017-03-12 23:00:00,1589.55,7.9
2017-03-13 00:00:00,1595.62,7.5
2017-03-13 01:00:00,1595.09,6.4
2017-03-13 02:00:00,1601.27,5.9
2017-03-13 03:00:00,1672.63,4.6
2017-03-13 04:00:00,2745.56,4.8
2017-03-13 05:00:00,3490.56,3.9
2017-03-13 06:00:00,3915.3,3.0
2017-03-13 07:00:00,3992.89,3.4
2017-03-13 08:00:00,3998.28,5.5
2017-03-13 09:00:00,3998.91,7.3
2017-03-13 10:00:00,3998.62,8.8
2017-03-13 11:00:00,3998.93,10.6
2017-03-13 12:00:00,3999.13,12.9
2017-03-13 13:00:00,3997.92,13.1
2017-03-13 14:00:00,3992.05,14.4
2017-03-13 15:00:00,3952.7,14.7
2017-03-13 16:00:00,3794.29,14.9
2017-03-13 17:00:00,2235.64,15.1
2017-03-13 18:00:00,2170.9,14.9
2017-03-13 19:00:00,1858.77,14.5
2017-03-13 20:00:00,1742.89,14.4
2017-03-13 21:00:00,1716.45,14.4
2017-03-13 22:00:00,1686.22,14.0
2017-03-13 23:00:00,1605.47,13.8
2017-03-14 00:00:00,1603.63,13.5
2017-03-14 01:00:00,1586.1,13.6
2017-03-14 02:00:00,1590.66,13.6
2017-03-14 03:00:00,1681.42,13.5
2017-03-14 04:00:00,2798.74,13.5
2017-03-14 05:00:00,3513.6,13.5
2017-03-14 06:00:00,3944.94,13.3
2017-03-14 07:00:00,3998.54,12.6
2017-03-14 08:00:00,3998.63,12.7
2017-03-14 09:00:00,3998.88,13.6
2017-03-14 10:00:00,3999.23,14.2
2017-03-14 11:00:00,3998.29,14.4
2017-03-14 12:00:00,3999.03,15.8
2017-03-14 13:00:00,3998.87,16.2
2017-03-14 14:00:00,3988.54,16.0
2017-03-14 15:00:00,3947.18,16.5
2017-03-14 16:00:00,3780.86,16.5
2017-03-14 17:00:00,2123.74,15.6
2017-03-14 18:00:00,2022.23,14.5
2017-03-14 19:00:00,1833.65,14.4
2017-03-14 20:00:00,1619.16,14.5
2017-03-14 21:00:00,1608.25,14.4
2017-03-14 22:00:00,1619.8,13.6
2017-03-14 23:00:00,1671.32,13.6
2017-03-15 00:00:00,1610.13,13.8
2017-03-15 01:00:00,1617.0,14.0
2017-03-15 02:00:00,1599.51,14.4
2017-03-15 03:00:00,1691.43,14.9
2017-03-15 04:00:00,2777.62,14.9
2017-03-15 05:00:00,3453.48,14.4
2017-03-15 06:00:00,3902.62,14.0
2017-03-15 07:00:00,3995.05,13.8
2017-03-15 08:00:00,3998.68,14.0
2017-03-15 09:00:00,3999.34,14.7
2017-03-15 10:00:00,3998.86,15.6
2017-03-15 11:00:00,3997.61,16.2
2017-03-15 12:00:00,3998.77,17.1
2017-03-15 13:00:00,3998.33,17.4
2017-03-15 14:00:00,3991.36,18.7
2017-03-15 15:00:00,3961.29,19.6
2017-03-15 16:00:00,3782.4,20.7
2017-03-15 17:00:00,2045.88,21.4
2017-03-15 18:00:00,2012.9,20.8
2017-03-15 19:00:00,1786.72,21.9
2017-03-15 20:00:00,1646.03,21.6
2017-03-15 21:00:00,1584.82,20.7
2017-03-15 22:00:00,1567.56,19.8
2017-03-15 23:00:00,1568.74,20.3
2017-03-16 00:00:00,1566.21,17.8
2017-03-16 01:00:00,1557.98,16.9
2017-03-16 02:00:00,1564.27,15.3
2017-03-16 03:00:00,1659.99,15.1
2017-03-16 04:00:00,2780.81,14.5
2017-03-16 05:00:00,3588.8,14.2
2017-03-16 06:00:00,3959.26,12.2
2017-03-16 07:00:00,3997.64,11.3
2017-03-16 08:00:00,3999.33,12.6
2017-03-16 09:00:00,3999.42,13.8
2017-03-16 10:00:00,3999.05,16.0
2017-03-16 11:00:00,3997.68,18.1
2017-03-16 12:00:00,3999.21,20.5
2017-03-16 13:00:00,3997.68,21.7
2017-03-16 14:00:00,3991.75,24.3
2017-03-16 15:00:00,3951.97,27.5
2017-03-16 16:00:00,3784.54,27.9
2017-03-16 17:00:00,1980.49,28.2
2017-03-16 18:00:00,1974.61,27.9
2017-03-16 19:00:00,1765.99,25.9
2017-03-16 20:00:00,1607.18,23.0
2017-03-16 21:00:00,1598.22,25.5
2017-03-16 22:00:00,1589.42,23.4
2017-03-16 23:00:00,1536.56,23.2
2017-03-17 00:00:00,1551.14,22.5
2017-03-17 01:00:00,1546.32,23.2
2017-03-17 02:00:00,1555.62,20.5
2017-03-17 03:00:00,1650.02,22.1
2017-03-17 04:00:00,2793.97,17.6
2017-03-17 05:00:00,3450.69,15.4
2017-03-17 06:00:00,3951.72,14.4
2017-03-17 07:00:00,3998.58,14.2
2017-03-17 08:00:00,3999.2,16.0
2017-03-17 09:00:00,3998.78,18.1
2017-03-17 10:00:00,3998.82,21.0
2017-03-17 11:00:00,3996.91,22.5
2017-03-17 12:00:00,3997.5,24.6
2017-03-17 13:00:00,3995.48,26.8
2017-03-17 14:00:00,3973.75,28.2
2017-03-17 15:00:00,3906.55,30.2
2017-03-17 16:00:00,3747.38,30.6
2017-03-17 17:00:00,1852.63,30.6
2017-03-17 18:00:00,1766.25,30.7
2017-03-17 19:00:00,1649.98,30.7
2017-03-17 20:00:00,1544.94,30.9
2017-03-17 21:00:00,1563.68,30.9
2017-03-17 22:00:00,1543.2,31.1
2017-03-17 23:00:00,1527.37,31.1
2017-03-18 00:00:00,1539.97,31.1
2017-03-18 01:00:00,1524.83,31.3
2017-03-18 02:00:00,1526.72,31.3
2017-03-18 03:00:00,1523.34,31.5
2017-03-18 04:00:00,1521.65,31.5
2017-03-18 05:00:00,1509.81,37.6
2017-03-18 06:00:00,1484.32,37.6
2017-03-18 07:00:00,1559.71,37.6
2017-03-18 08:00:00,1580.92,37.6
2017-03-18 09:00:00,1511.22,37.6
2017-03-18 10:00:00,1518.01,37.6
2017-03-18 11:00:00,1523.9,37.6
2017-03-18 12:00:00,1527.31,37.6
2017-03-18 13:00:00,1518.71,37.6
2017-03-18 14:00:00,1508.18,37.6
2017-03-18 15:00:00,1505.41,37.6
2017-03-18 16:00:00,1465.22,37.6
2017-03-18 17:00:00,1459.3,37.6
2017-03-18 18:00:00,1480.45,37.6
2017-03-18 19:00:00,1500.5,37.6
2017-03-18 20:00:00,1502.39,37.6
2017-03-18 21:00:00,1499.83,37.6
2017-03-18 22:00:00,1496.02,37.6
2017-03-18 23:00:00,1488.16,37.6
2017-03-19 00:00:00,1619.08,37.6
2017-03-19 01:00:00,1640.22,37.6
2017-03-19 02:00:00,1647.04,37.6
2017-03-19 03:00:00,1645.2,37.6
2017-03-19 04:00:00,1648.32,37.6
2017-03-19 05:00:00,1620.15,37.6
2017-03-19 06:00:00,1626.99,37.6
2017-03-19 07:00:00,1683.49,37.6
2017-03-19 08:00:00,1602.38,37.6
2017-03-19 09:00:00,1619.64,37.6
2017-03-19 10:00:00,1599.8,37.6
2017-03-19 11:00:00,1579.52,37.6
2017-03-19 12:00:00,1576.87,37.6
2017-03-19 13:00:00,1563.16,37.6
2017-03-19 14:00:00,1540.74,37.6
2017-03-19 15:00:00,1485.88,37.6
2017-03-19 16:00:00,1430.47,37.6
2017-03-19 17:00:00,1447.56,37.6
2017-03-19 18:00:00,1487.84,37.6
2017-03-19 19:00:00,1481.72,37.6
2017-03-19 20:00:00,1489.87,37.6
2017-03-19 21:00:00,1501.96,37.6
2017-03-19 22:00:00,1509.54,37.6
2017-03-19 23:00:00,1500.87,37.6
2017-03-20 00:00:00,1487.28,37.6
2017-03-20 01:00:00,1592.82,37.6
2017-03-20 02:00:00,1649.39,37.6
2017-03-20 03:00:00,1716.97,37.6
2017-03-20 04:00:00,2777.78,37.6
2017-03-20 05:00:00,3558.18,37.6
2017-03-20 06:00:00,3970.85,37.6
2017-03-20 07:00:00,3999.25,37.6
2017-03-20 08:00:00,3999.44,37.6
2017-03-20 09:00:00,3999.45,37.6
2017-03-20 10:00:00,3999.44,37.6
2017-03-20 11:00:00,3999.44,37.6
2017-03-20 12:00:00,3999.41,37.6
2017-03-20 13:00:00,3999.43,37.6
2017-03-20 14:00:00,3997.7,37.6
2017-03-20 15:00:00,3983.18,37.6
2017-03-20 16:00:00,3841.35,37.6
2017-03-20 17:00:00,2050.29,37.6
2017-03-20 18:00:00,1921.05,37.6
2017-03-20 19:00:00,1721.44,37.6
2017-03-20 20:00:00,1527.75,37.6
2017-03-20 21:00:00,1512.48,37.6
2017-03-20 22:00:00,1507.77,37.6
2017-03-20 23:00:00,1509.93,37.6
2017-03-21 00:00:00,1518.58,37.6
2017-03-21 01:00:00,1486.87,37.6
2017-03-21 02:00:00,1510.2,37.6
2017-03-21 03:00:00,1617.29,37.6
2017-03-21 04:00:00,2796.5,37.6
2017-03-21 05:00:00,3579.8,37.6
2017-03-21 06:00:00,3981.24,37.6
2017-03-21 07:00:00,3999.05,37.6
2017-03-21 08:00:00,3999.39,37.6
2017-03-21 09:00:00,3999.39,37.6
2017-03-21 10:00:00,3999.45,37.6
2017-03-21 11:00:00,3999.42,39.0
2017-03-21 12:00:00,3999.45,40.3
2017-03-21 13:00:00,3999.44,41.7
2017-03-21 14:00:00,3997.56,41.2
2017-03-21 15:00:00,3987.8,40.6
2017-03-21 16:00:00,3764.11,40.1
2017-03-21 17:00:00,2079.6,40.1
2017-03-21 18:00:00,1901.6,40.1
2017-03-21 19:00:00,1758.97,40.1
2017-03-21 20:00:00,1575.9,36.0
2017-03-21 21:00:00,1543.3,32.0
2017-03-21 22:00:00,1526.91,27.9
2017-03-21 23:00:00,1530.16,24.3
2017-03-22 00:00:00,1534.78,20.7
2017-03-22 01:00:00,1562.18,17.1
2017-03-22 02:00:00,1543.34,14.2
2017-03-22 03:00:00,1672.01,10.9
2017-03-22 04:00:00,2775.84,8.6
2017-03-22 05:00:00,3542.45,7.5
2017-03-22 06:00:00,3966.03,5.7
2017-03-22 07:00:00,3999.24,5.4
2017-03-22 08:00:00,3999.41,5.7
2017-03-22 09:00:00,3999.44,7.2
2017-03-22 10:00:00,3999.4,8.4
2017-03-22 11:00:00,3998.89,10.9
2017-03-22 12:00:00,3999.14,12.4
2017-03-22 13:00:00,3999.06,14.5
2017-03-22 14:00:00,3995.4,16.5
2017-03-22 15:00:00,3966.8,18.5
2017-03-22 16:00:00,3791.03,19.2
2017-03-22 17:00:00,2025.76,20.1
2017-03-22 18:00:00,1970.2,20.3
2017-03-22 19:00:00,1732.57,19.4
2017-03-22 20:00:00,1531.09,19.0
2017-03-22 21:00:00,1536.27,18.1
2017-03-22 22:00:00,1535.04,16.9
2017-03-22 23:00:00,1553.73,18.3
2017-03-23 00:00:00,1523.46,15.4
2017-03-23 01:00:00,1549.89,14.7
2017-03-23 02:00:00,1557.89,13.1
2017-03-23 03:00:00,1662.12,13.8
2017-03-23 04:00:00,2834.72,13.8
2017-03-23 05:00:00,3527.73,12.2
2017-03-23 06:00:00,3956.1,12.7
2017-03-23 07:00:00,3998.79,13.6
2017-03-23 08:00:00,3999.41,16.5
2017-03-23 09:00:00,3999.44,20.5
2017-03-23 10:00:00,3999.44,22.6
2017-03-23 11:00:00,3999.07,25.7
2017-03-23 12:00:00,3999.2,28.8
2017-03-23 13:00:00,3999.14,30.9
2017-03-23 14:00:00,3994.85,32.2
2017-03-23 15:00:00,3968.69,33.1
2017-03-23 16:00:00,3777.48,33.8
2017-03-23 17:00:00,1965.3,34.9
2017-03-23 18:00:00,1952.91,32.9
2017-03-23 19:00:00,1704.25,33.3
2017-03-23 20:00:00,1558.39,29.3
2017-03-23 21:00:00,1534.46,30.4
2017-03-23 22:00:00,1548.04,29.7
2017-03-23 23:00:00,1787.65,29.1
2017-03-24 00:00:00,1621.06,28.9
2017-03-24 01:00:00,1483.53,28.9
2017-03-24 02:00:00,1507.58,28.6
2017-03-24 03:00:00,1602.18,28.6
2017-03-24 04:00:00,2751.47,28.8
2017-03-24 05:00:00,3386.96,25.5
2017-03-24 06:00:00,3906.49,25.5
2017-03-24 07:00:00,3993.35,25.5
2017-03-24 08:00:00,3998.93,25.9
2017-03-24 09:00:00,3999.26,27.1
2017-03-24 10:00:00,3999.23,28.8
2017-03-24 11:00:00,3997.98,31.1
2017-03-24 12:00:00,3997.66,30.7
2017-03-24 13:00:00,3997.5,31.5
2017-03-24 14:00:00,3981.55,33.3
2017-03-24 15:00:00,3935.11,32.9
2017-03-24 16:00:00,3730.81,32.5
2017-03-24 17:00:00,1877.94,32.5
2017-03-24 18:00:00,1726.73,32.2
2017-03-24 19:00:00,1631.12,32.2
2017-03-24 20:00:00,1539.04,32.2
2017-03-24 21:00:00,1534.62,32.4
2017-03-24 22:00:00,1514.5,31.6
2017-03-24 23:00:00,1489.73,31.3
2017-03-25 00:00:00,1502.32,31.3
2017-03-25 01:00:00,1487.77,31.6
2017-03-25 02:00:00,1495.91,31.8
2017-03-25 03:00:00,1486.64,31.3
2017-03-25 04:00:00,1470.75,26.4
2017-03-25 05:00:00,1482.65,26.1
2017-03-25 06:00:00,1451.37,22.8
2017-03-25 07:00:00,1546.56,30.0
2017-03-25 08:00:00,1560.98,30.6
2017-03-25 09:00:00,1565.98,30.6
2017-03-25 10:00:00,1555.01,30.6
2017-03-25 11:00:00,1551.43,30.9
2017-03-25 12:00:00,1529.26,32.2
2017-03-25 13:00:00,1510.62,33.6
2017-03-25 14:00:00,1502.17,35.2
2017-03-25 15:00:00,1485.58,36.5
2017-03-25 16:00:00,1482.93,39.2
2017-03-25 17:00:00,1482.52,37.2
2017-03-25 18:00:00,1514.7,35.2
2017-03-25 19:00:00,1517.39,32.9
2017-03-25 20:00:00,1495.41,30.9
2017-03-25 21:00:00,1514.83,28.8
2017-03-25 22:00:00,1517.39,24.4
2017-03-25 23:00:00,1522.21,22.6
2017-03-26 00:00:00,1475.33,25.0
2017-03-26 01:00:00,1478.23,24.4
2017-03-26 02:00:00,1495.8,22.5
2017-03-26 03:00:00,1497.27,23.9
2017-03-26 04:00:00,1491.37,23.0
2017-03-26 05:00:00,1485.2,22.6
2017-03-26 06:00:00,1449.6,21.6
2017-03-26 07:00:00,1559.32,21.4
2017-03-26 08:00:00,1469.46,22.6
2017-03-26 09:00:00,1513.05,24.8
2017-03-26 10:00:00,1514.71,27.0
2017-03-26 11:00:00,1487.59,28.9
2017-03-26 12:00:00,1524.79,29.3
2017-03-26 13:00:00,1481.66,29.7
2017-03-26 14:00:00,1450.65,29.7
2017-03-26 15:00:00,1471.75,29.7
2017-03-26 16:00:00,1473.13,29.5
2017-03-26 17:00:00,1478.6,29.7
2017-03-26 18:00:00,1576.37,29.8
2017-03-26 19:00:00,1644.66,30.2
2017-03-26 20:00:00,1658.64,29.8
2017-03-26 21:00:00,1658.18,30.4
2017-03-26 22:00:00,1659.81,30.7
2017-03-26 23:00:00,1639.8,30.7
2017-03-27 00:00:00,1632.48,30.4
2017-03-27 01:00:00,1645.62,30.2
2017-03-27 02:00:00,1643.6,30.6
2017-03-27 03:00:00,1708.88,30.7
2017-03-27 04:00:00,2776.93,31.1
2017-03-27 05:00:00,3517.77,31.6
2017-03-27 06:00:00,3940.04,32.2
2017-03-27 07:00:00,3997.56,32.5
2017-03-27 08:00:00,3999.34,32.7
2017-03-27 09:00:00,3999.44,33.1
2017-03-27 10:00:00,3999.35,33.6
2017-03-27 11:00:00,3999.42,34.0
2017-03-27 12:00:00,3999.44,32.9
2017-03-27 13:00:00,3999.44,35.1
2017-03-27 14:00:00,3998.88,35.6
2017-03-27 15:00:00,3990.71,35.6
2017-03-27 16:00:00,3858.86,35.8
2017-03-27 17:00:00,2044.63,35.8
2017-03-27 18:00:00,1906.18,35.4
2017-03-27 19:00:00,1771.28,35.2
2017-03-27 20:00:00,1599.47,34.9
2017-03-27 21:00:00,1588.31,34.7
2017-03-27 22:00:00,1593.21,34.7
2017-03-27 23:00:00,1579.31,34.3
2017-03-28 00:00:00,1520.82,34.5
2017-03-28 01:00:00,1516.81,34.3
2017-03-28 02:00:00,1526.38,34.3
2017-03-28 03:00:00,1653.76,34.7
2017-03-28 04:00:00,2828.78,34.3
2017-03-28 05:00:00,3635.18,34.5
2017-03-28 06:00:00,3976.91,32.9
2017-03-28 07:00:00,3998.91,35.2
2017-03-28 08:00:00,3999.41,35.8
2017-03-28 09:00:00,3999.45,36.9
2017-03-28 10:00:00,3999.45,37.9
2017-03-28 11:00:00,3999.28,39.6
2017-03-28 12:00:00,3999.42,39.9
2017-03-28 13:00:00,3999.43,40.6
2017-03-28 14:00:00,3997.31,41.7
2017-03-28 15:00:00,3982.35,41.9
2017-03-28 16:00:00,3853.1,41.9
2017-03-28 17:00:00,2071.75,40.1
2017-03-28 18:00:00,1890.32,42.3
2017-03-28 19:00:00,1760.1,41.9
2017-03-28 20:00:00,1630.69,40.1
2017-03-28 21:00:00,1614.04,39.7
2017-03-28 22:00:00,1623.66,39.4
2017-03-28 23:00:00,1633.09,38.7
2017-03-29 00:00:00,1554.6,37.0
2017-03-29 01:00:00,1508.27,37.0
2017-03-29 02:00:00,1489.3,32.9
2017-03-29 03:00:00,1622.75,33.8
2017-03-29 04:00:00,2835.1,32.5
2017-03-29 05:00:00,3592.06,31.8
2017-03-29 06:00:00,3950.74,32.4
2017-03-29 07:00:00,3998.43,32.9
2017-03-29 08:00:00,3999.29,36.1
2017-03-29 09:00:00,3999.24,36.9
2017-03-29 10:00:00,3999.38,38.3
2017-03-29 11:00:00,3999.27,36.5
2017-03-29 12:00:00,3999.09,38.1
2017-03-29 13:00:00,3999.01,39.2
2017-03-29 14:00:00,3994.49,38.3
2017-03-29 15:00:00,3968.56,41.0
2017-03-29 16:00:00,3747.81,40.3
2017-03-29 17:00:00,1968.78,39.2
2017-03-29 18:00:00,1878.05,38.8
2017-03-29 19:00:00,1718.62,37.4
2017-03-29 20:00:00,1543.17,37.6
2017-03-29 21:00:00,1552.86,35.2
2017-03-29 22:00:00,1606.18,30.2
2017-03-29 23:00:00,1514.94,31.8
2017-03-30 00:00:00,1509.38,30.2
2017-03-30 01:00:00,1507.03,29.1
2017-03-30 02:00:00,1511.27,27.7
2017-03-30 03:00:00,1622.5,24.4
2017-03-30 04:00:00,2796.84,22.5
2017-03-30 05:00:00,3588.98,22.6
2017-03-30 06:00:00,3935.57,23.0
2017-03-30 07:00:00,3998.29,29.1
2017-03-30 08:00:00,3999.12,33.8
2017-03-30 09:00:00,3999.39,34.9
2017-03-30 10:00:00,3999.4,36.1
2017-03-30 11:00:00,3998.68,36.7
2017-03-30 12:00:00,3999.25,38.5
2017-03-30 13:00:00,3998.99,39.6
2017-03-30 14:00:00,3993.53,39.9
2017-03-30 15:00:00,3947.37,39.9
2017-03-30 16:00:00,3757.27,40.3
2017-03-30 17:00:00,2007.06,39.7
2017-03-30 18:00:00,1877.0,38.5
2017-03-30 19:00:00,1757.37,37.6
2017-03-30 20:00:00,1545.4,36.9
2017-03-30 21:00:00,1535.83,36.3
2017-03-30 22:00:00,1539.9,35.6
2017-03-30 23:00:00,1523.98,35.2
2017-03-31 00:00:00,1506.83,34.5
2017-03-31 01:00:00,1517.33,34.5
2017-03-31 02:00:00,1533.37,34.5
2017-03-31 03:00:00,1625.06,34.2
2017-03-31 04:00:00,2785.9,34.0
2017-03-31 05:00:00,3559.68,33.1
2017-03-31 06:00:00,3948.45,33.1
2017-03-31 07:00:00,3996.69,32.9
2017-03-31 08:00:00,3998.91,33.3
2017-03-31 09:00:00,3999.03,34.0
2017-03-31 10:00:00,3998.33,34.5
2017-03-31 11:00:00,3996.76,35.4
2017-03-31 12:00:00,3998.64,32.9
2017-03-31 13:00:00,3996.57,33.3
2017-03-31 14:00:00,3967.72,32.4
2017-03-31 15:00:00,3884.83,32.0
2017-03-31 16:00:00,3669.79,32.0
2017-03-31 17:00:00,1981.75,32.2
2017-03-31 18:00:00,1807.31,32.2
2017-03-31 19:00:00,1610.2,32.2
2017-03-31 20:00:00,1544.9,32.0
2017-03-31 21:00:00,1528.08,32.2
2017-03-31 22:00:00,1510.58,32.4
2017-03-31 23:00:00,1488.05,32.5
2017-04-01 00:00:00,1519.44,32.5
2017-04-01 01:00:00,1510.09,32.9
2017-04-01 02:00:00,1521.55,32.7
2017-04-01 03:00:00,1500.2,32.5
2017-04-01 04:00:00,1486.58,32.7
2017-04-01 05:00:00,1507.59,32.7
2017-04-01 06:00:00,1478.82,32.5
2017-04-01 07:00:00,1495.71,32.9
2017-04-01 08:00:00,1479.19,33.4
2017-04-01 09:00:00,1489.98,34.0
2017-04-01 10:00:00,1482.44,34.7
2017-04-01 11:00:00,1522.96,35.2
2017-04-01 12:00:00,1518.02,36.0
2017-04-01 13:00:00,1512.59,38.5
2017-04-01 14:00:00,1488.92,40.8
2017-04-01 15:00:00,1475.66,39.2
2017-04-01 16:00:00,1454.64,40.6
2017-04-01 17:00:00,1454.97,40.1
2017-04-01 18:00:00,1500.44,38.8
2017-04-01 19:00:00,1520.91,37.2
2017-04-01 20:00:00,1503.57,36.0
2017-04-01 21:00:00,1522.93,34.3
2017-04-01 22:00:00,1510.0,33.4
2017-04-01 23:00:00,1517.15,32.4
2017-04-02 00:00:00,1491.75,32.0
2017-04-02 01:00:00,1504.47,32.2
2017-04-02 02:00:00,1516.78,29.7
2017-04-02 03:00:00,1522.5,29.3
2017-04-02 04:00:00,1494.82,27.9
2017-04-02 05:00:00,1495.02,24.6
2017-04-02 06:00:00,1470.15,27.1
2017-04-02 07:00:00,1495.05,28.9
2017-04-02 08:00:00,1517.86,31.5
2017-04-02 09:00:00,1509.8,36.0
2017-04-02 10:00:00,1503.28,41.5
2017-04-02 11:00:00,1511.45,42.8
2017-04-02 12:00:00,1493.33,43.7
2017-04-02 13:00:00,1485.12,45.3
2017-04-02 14:00:00,1483.96,46.4
2017-04-02 15:00:00,1459.82,47.5
2017-04-02 16:00:00,1439.22,48.4
2017-04-02 17:00:00,1459.07,48.9
2017-04-02 18:00:00,1476.91,47.8
2017-04-02 19:00:00,1484.34,46.8
2017-04-02 20:00:00,1483.82,45.1
2017-04-02 21:00:00,1506.7,41.5
2017-04-02 22:00:00,1510.83,41.0
2017-04-02 23:00:00,1488.86,37.4
2017-04-03 00:00:00,1500.26,31.8
2017-04-03 01:00:00,1512.86,30.4
2017-04-03 02:00:00,1517.17,29.5
2017-04-03 03:00:00,1592.51,29.8
2017-04-03 04:00:00,2790.67,28.4
2017-04-03 05:00:00,3591.27,29.3
2017-04-03 06:00:00,3935.38,31.3
2017-04-03 07:00:00,3988.5,33.4
2017-04-03 08:00:00,2210.49,35.2
2017-04-03 09:00:00,2126.87,36.7
2017-04-03 10:00:00,2205.96,39.0
2017-04-03 11:00:00,2203.39,41.2
2017-04-03 12:00:00,2209.07,43.0
2017-04-03 13:00:00,2199.17,44.2
2017-04-03 14:00:00,2160.23,45.9
2017-04-03 15:00:00,2111.58,46.0
2017-04-03 16:00:00,2020.79,45.7
2017-04-03 17:00:00,1422.73,44.1
2017-04-03 18:00:00,1385.8,42.1
2017-04-03 19:00:00,1335.6,41.2
2017-04-03 20:00:00,1290.2,40.8
2017-04-03 21:00:00,1283.59,40.5
2017-04-03 22:00:00,1287.15,39.2
2017-04-03 23:00:00,1288.73,38.3
2017-04-04 00:00:00,1285.26,37.0
2017-04-04 01:00:00,1282.71,36.3
2017-04-04 02:00:00,1290.27,35.8
2017-04-04 03:00:00,1327.36,35.4
2017-04-04 04:00:00,1695.39,34.2
2017-04-04 05:00:00,1952.33,33.8
2017-04-04 06:00:00,2103.11,34.2
2017-04-04 07:00:00,2185.21,34.3
2017-04-04 08:00:00,2212.29,36.0
2017-04-04 09:00:00,2215.04,37.0
2017-04-04 10:00:00,2223.6,37.2
2017-04-04 11:00:00,2208.1,37.8
2017-04-04 12:00:00,2202.25,37.9
2017-04-04 13:00:00,2198.06,38.7
2017-04-04 14:00:00,2161.71,38.5
2017-04-04 15:00:00,2103.02,38.5
2017-04-04 16:00:00,2013.77,38.5
2017-04-04 17:00:00,1451.7,38.5
2017-04-04 18:00:00,1403.15,38.5
2017-04-04 19:00:00,1345.89,37.9
2017-04-04 20:00:00,1312.61,37.4
2017-04-04 21:00:00,1296.51,37.6
2017-04-04 22:00:00,1295.8,37.4
2017-04-04 23:00:00,1288.23,37.0
2017-04-05 00:00:00,1304.66,37.8
2017-04-05 01:00:00,1293.83,37.4
2017-04-05 02:00:00,1284.42,37.4
2017-04-05 03:00:00,1324.34,37.4
2017-04-05 04:00:00,1696.25,37.0
2017-04-05 05:00:00,1944.28,37.2
2017-04-05 06:00:00,2089.11,36.9
2017-04-05 07:00:00,2178.21,36.9
2017-04-05 08:00:00,2208.05,37.8
2017-04-05 09:00:00,2198.32,40.3
2017-04-05 10:00:00,2200.16,40.8
2017-04-05 11:00:00,2193.22,41.4
2017-04-05 12:00:00,2201.88,42.6
2017-04-05 13:00:00,2181.68,43.9
2017-04-05 14:00:00,2152.14,45.0
2017-04-05 15:00:00,2107.61,46.0
2017-04-05 16:00:00,2026.38,46.4
2017-04-05 17:00:00,1406.49,46.0
2017-04-05 18:00:00,1376.03,44.6
2017-04-05 19:00:00,1344.57,42.6
2017-04-05 20:00:00,1282.68,40.6
2017-04-05 21:00:00,1283.61,37.8
2017-04-05 22:00:00,1288.14,38.7
2017-04-05 23:00:00,1286.21,38.3
2017-04-06 00:00:00,1283.73,39.2
2017-04-06 01:00:00,1277.21,39.4
2017-04-06 02:00:00,1279.39,39.4
2017-04-06 03:00:00,1316.62,39.0
2017-04-06 04:00:00,1693.16,38.7
2017-04-06 05:00:00,1942.04,38.7
2017-04-06 06:00:00,2105.17,38.5
2017-04-06 07:00:00,2184.09,37.9
2017-04-06 08:00:00,2204.03,37.8
2017-04-06 09:00:00,2208.05,37.8
2017-04-06 10:00:00,2210.52,38.1
2017-04-06 11:00:00,2194.81,38.1
2017-04-06 12:00:00,2196.28,38.5
2017-04-06 13:00:00,2176.83,38.5
2017-04-06 14:00:00,2124.96,38.5
2017-04-06 15:00:00,2068.76,38.8
2017-04-06 16:00:00,1987.18,39.0
2017-04-06 17:00:00,1507.48,38.5
2017-04-06 18:00:00,1428.82,38.7
2017-04-06 19:00:00,1347.84,39.2
2017-04-06 20:00:00,1307.07,38.8
2017-04-06 21:00:00,1297.19,38.8
2017-04-06 22:00:00,1295.05,38.5
2017-04-06 23:00:00,1286.69,37.8
2017-04-07 00:00:00,1289.26,36.9
2017-04-07 01:00:00,1295.18,36.3
2017-04-07 02:00:00,1293.74,36.0
2017-04-07 03:00:00,1322.15,35.6
2017-04-07 04:00:00,1662.37,36.3
2017-04-07 05:00:00,1894.79,36.3
2017-04-07 06:00:00,2064.68,36.0
2017-04-07 07:00:00,2149.62,36.1
2017-04-07 08:00:00,2161.03,36.7
2017-04-07 09:00:00,2160.44,37.8
2017-04-07 10:00:00,2166.17,37.4
2017-04-07 11:00:00,2148.56,36.7
2017-04-07 12:00:00,2137.41,34.7
2017-04-07 13:00:00,2116.62,37.8
2017-04-07 14:00:00,2095.2,37.2
2017-04-07 15:00:00,2052.62,37.9
2017-04-07 16:00:00,1980.49,36.9
2017-04-07 17:00:00,1392.28,36.5
2017-04-07 18:00:00,1382.81,37.0
2017-04-07 19:00:00,1324.84,36.3
2017-04-07 20:00:00,1291.88,35.6
2017-04-07 21:00:00,1295.78,34.9
2017-04-07 22:00:00,1290.16,34.3
2017-04-07 23:00:00,1292.34,33.4
2017-04-08 00:00:00,1283.57,32.9
2017-04-08 01:00:00,1290.81,32.5
2017-04-08 02:00:00,1292.89,32.0
2017-04-08 03:00:00,1293.94,32.2
2017-04-08 04:00:00,1276.55,32.2
2017-04-08 05:00:00,1277.17,31.8
2017-04-08 06:00:00,1273.53,31.6
2017-04-08 07:00:00,1293.45,32.4
2017-04-08 08:00:00,1282.24,33.6
2017-04-08 09:00:00,1284.84,36.5
2017-04-08 10:00:00,1290.97,38.5
2017-04-08 11:00:00,1300.91,40.3
2017-04-08 12:00:00,1290.76,43.7
2017-04-08 13:00:00,1282.42,45.3
2017-04-08 14:00:00,1284.44,46.9
2017-04-08 15:00:00,1275.17,48.2
2017-04-08 16:00:00,1267.35,48.7
2017-04-08 17:00:00,1267.9,48.4
2017-04-08 18:00:00,1275.68,46.8
2017-04-08 19:00:00,1276.72,44.8
2017-04-08 20:00:00,1268.88,42.6
2017-04-08 21:00:00,1272.93,41.5
2017-04-08 22:00:00,1275.23,41.2
2017-04-08 23:00:00,1275.25,39.2
2017-04-09 00:00:00,1266.0,39.6
2017-04-09 01:00:00,1270.88,38.1
2017-04-09 02:00:00,1276.23,37.2
2017-04-09 03:00:00,1272.45,35.8
2017-04-09 04:00:00,1266.81,33.4
2017-04-09 05:00:00,1265.88,34.9
2017-04-09 06:00:00,1261.63,34.0
2017-04-09 07:00:00,1291.36,37.8
2017-04-09 08:00:00,1298.34,42.4
2017-04-09 09:00:00,1310.46,46.2
2017-04-09 10:00:00,1307.46,51.1
2017-04-09 11:00:00,1304.34,54.3
2017-04-09 12:00:00,1302.29,57.7
2017-04-09 13:00:00,1297.35,59.2
2017-04-09 14:00:00,1300.52,59.2
2017-04-09 15:00:00,1278.56,59.2
2017-04-09 16:00:00,1281.66,57.7
2017-04-09 17:00:00,1278.76,57.9
2017-04-09 18:00:00,1278.72,56.7
2017-04-09 19:00:00,1285.92,57.6
2017-04-09 20:00:00,1292.6,58.3
2017-04-09 21:00:00,1291.27,59.2
2017-04-09 22:00:00,1287.11,60.1
2017-04-09 23:00:00,1293.44,60.8
2017-04-10 00:00:00,1291.38,61.7
2017-04-10 01:00:00,1287.22,62.4
2017-04-10 02:00:00,1288.18,63.3
2017-04-10 03:00:00,1329.94,64.2
2017-04-10 04:00:00,1690.41,64.9
2017-04-10 05:00:00,1927.08,65.8
2017-04-10 06:00:00,2066.64,66.7
2017-04-10 07:00:00,2178.71,72.5
2017-04-10 08:00:00,2195.93,72.5
2017-04-10 09:00:00,2171.35,72.5
2017-04-10 10:00:00,2181.98,72.5
2017-04-10 11:00:00,2175.24,72.5
2017-04-10 12:00:00,2179.45,72.5
2017-04-10 13:00:00,2152.47,72.5
2017-04-10 14:00:00,2131.36,72.7
2017-04-10 15:00:00,2102.61,72.7
2017-04-10 16:00:00,2001.6,72.9
2017-04-10 17:00:00,1433.28,68.2
2017-04-10 18:00:00,1373.62,63.7
2017-04-10 19:00:00,1323.09,59.0
2017-04-10 20:00:00,1252.44,58.5
2017-04-10 21:00:00,1248.9,57.9
2017-04-10 22:00:00,1250.36,57.4
2017-04-10 23:00:00,1249.27,54.9
2017-04-11 00:00:00,1241.62,52.2
2017-04-11 01:00:00,1253.58,49.6
2017-04-11 02:00:00,1358.33,47.1
2017-04-11 03:00:00,1386.14,44.6
2017-04-11 04:00:00,1668.07,42.1
2017-04-11 05:00:00,1920.12,42.3
2017-04-11 06:00:00,2075.65,41.2
2017-04-11 07:00:00,2157.18,41.9
2017-04-11 08:00:00,2176.92,40.6
2017-04-11 09:00:00,2185.88,41.0
2017-04-11 10:00:00,2197.62,41.9
2017-04-11 11:00:00,2178.53,42.6
2017-04-11 12:00:00,2185.99,44.2
2017-04-11 13:00:00,2173.3,45.3
2017-04-11 14:00:00,2143.04,46.2
2017-04-11 15:00:00,2097.79,46.6
2017-04-11 16:00:00,2005.55,46.6
2017-04-11 17:00:00,1419.61,46.4
2017-04-11 18:00:00,1404.53,46.6
2017-04-11 19:00:00,1301.08,45.7
2017-04-11 20:00:00,1260.34,44.6
2017-04-11 21:00:00,1255.1,44.2
2017-04-11 22:00:00,1247.76,43.5
2017-04-11 23:00:00,1244.0,43.2
2017-04-12 00:00:00,1245.68,42.6
2017-04-12 01:00:00,1253.53,42.4
2017-04-12 02:00:00,1287.7,42.3
2017-04-12 03:00:00,1317.45,42.1
2017-04-12 04:00:00,1669.07,42.1
2017-04-12 05:00:00,1913.2,42.6
2017-04-12 06:00:00,2051.88,44.4
2017-04-12 07:00:00,2151.52,45.0
2017-04-12 08:00:00,2166.43,45.0
2017-04-12 09:00:00,2166.43,45.7
2017-04-12 10:00:00,2170.37,45.9
2017-04-12 11:00:00,2158.07,46.8
2017-04-12 12:00:00,2175.32,46.8
2017-04-12 13:00:00,2156.29,46.4
2017-04-12 14:00:00,2127.99,46.0
2017-04-12 15:00:00,2090.37,47.5
2017-04-12 16:00:00,2015.5,47.7
2017-04-12 17:00:00,1418.81,46.0
2017-04-12 18:00:00,1383.99,44.2
2017-04-12 19:00:00,1308.2,43.7
2017-04-12 20:00:00,1265.05,40.8
2017-04-12 21:00:00,1251.25,39.9
2017-04-12 22:00:00,1246.22,39.7
2017-04-12 23:00:00,1251.42,39.6
2017-04-13 00:00:00,1246.09,39.2
2017-04-13 01:00:00,1242.68,38.8
2017-04-13 02:00:00,1286.22,38.1
2017-04-13 03:00:00,1322.93,36.7
2017-04-13 04:00:00,1670.94,35.4
2017-04-13 05:00:00,1896.35,34.9
2017-04-13 06:00:00,2054.88,32.9
2017-04-13 07:00:00,2150.47,36.7
2017-04-13 08:00:00,2157.72,39.0
2017-04-13 09:00:00,2151.37,42.1
2017-04-13 10:00:00,2161.29,45.5
2017-04-13 11:00:00,2156.47,48.2
2017-04-13 12:00:00,2149.58,50.7
2017-04-13 13:00:00,2141.05,52.9
2017-04-13 14:00:00,2111.02,54.1
2017-04-13 15:00:00,2082.38,55.4
2017-04-13 16:00:00,1999.59,55.2
2017-04-13 17:00:00,1362.25,55.0
2017-04-13 18:00:00,1324.52,53.2
2017-04-13 19:00:00,1286.06,50.5
2017-04-13 20:00:00,1246.67,48.0
2017-04-13 21:00:00,1245.88,44.2
2017-04-13 22:00:00,1242.55,41.7
2017-04-13 23:00:00,1234.98,36.5
2017-04-14 00:00:00,1233.01,36.5
2017-04-14 01:00:00,1240.0,34.7
2017-04-14 02:00:00,1288.36,34.2
2017-04-14 03:00:00,1295.99,32.9
2017-04-14 04:00:00,1338.52,31.8
2017-04-14 05:00:00,1335.68,32.0
2017-04-14 06:00:00,1330.56,33.4
2017-04-14 07:00:00,1332.45,37.6
2017-04-14 08:00:00,1338.97,43.5
2017-04-14 09:00:00,1349.13,48.7
2017-04-14 10:00:00,1346.41,51.8
2017-04-14 11:00:00,1338.16,53.8
2017-04-14 12:00:00,1339.53,55.2
2017-04-14 13:00:00,1340.52,56.8
2017-04-14 14:00:00,1336.75,57.2
2017-04-14 15:00:00,1328.65,58.6
2017-04-14 16:00:00,1316.71,58.3
2017-04-14 17:00:00,1225.37,58.5
2017-04-14 18:00:00,1222.13,57.0
2017-04-14 19:00:00,1232.34,52.7
2017-04-14 20:00:00,1238.73,48.0
2017-04-14 21:00:00,1239.5,45.3
2017-04-14 22:00:00,1232.21,44.1
2017-04-14 23:00:00,1237.3,43.3
2017-04-15 00:00:00,1243.26,41.5
2017-04-15 01:00:00,1241.53,41.0
2017-04-15 02:00:00,1239.04,38.1
2017-04-15 03:00:00,1263.57,35.6
2017-04-15 04:00:00,1594.03,37.0
2017-04-15 05:00:00,1575.38,34.5
2017-04-15 06:00:00,1569.38,35.2
2017-04-15 07:00:00,1576.75,41.4
2017-04-15 08:00:00,1576.29,46.8
2017-04-15 09:00:00,1574.45,52.3
2017-04-15 10:00:00,1577.93,57.4
2017-04-15 11:00:00,1587.25,60.3
2017-04-15 12:00:00,1586.77,62.2
2017-04-15 13:00:00,1575.7,62.8
2017-04-15 14:00:00,1573.34,57.6
2017-04-15 15:00:00,1588.25,49.1
2017-04-15 16:00:00,1584.53,49.8
2017-04-15 17:00:00,1586.48,50.4
2017-04-15 18:00:00,1592.51,50.5
2017-04-15 19:00:00,1593.77,50.9
2017-04-15 20:00:00,1582.63,51.1
2017-04-15 21:00:00,1579.53,51.1
2017-04-15 22:00:00,1554.63,50.9
2017-04-15 23:00:00,1236.69,49.1
2017-04-16 00:00:00,1225.54,49.1
2017-04-16 01:00:00,1225.76,51.8
2017-04-16 02:00:00,1235.57,52.9
2017-04-16 03:00:00,1234.49,53.1
2017-04-16 04:00:00,1225.8,52.2
2017-04-16 05:00:00,1219.15,52.3
2017-04-16 06:00:00,1221.12,53.4
2017-04-16 07:00:00,1217.87,54.0
2017-04-16 08:00:00,1212.11,55.8
2017-04-16 09:00:00,1215.36,57.2
2017-04-16 10:00:00,1220.49,57.0
2017-04-16 11:00:00,1215.81,58.5
2017-04-16 12:00:00,1214.97,57.2
2017-04-16 13:00:00,1222.69,57.6
2017-04-16 14:00:00,1226.38,57.6
2017-04-16 15:00:00,1221.88,55.9
2017-04-16 16:00:00,1217.82,51.8
2017-04-16 17:00:00,1218.66,52.7
2017-04-16 18:00:00,1221.85,52.5
2017-04-16 19:00:00,1226.61,51.3
2017-04-16 20:00:00,1230.18,49.1
2017-04-16 21:00:00,1234.19,48.4
2017-04-16 22:00:00,1235.61,47.7
2017-04-16 23:00:00,1232.53,46.9
2017-04-17 00:00:00,1228.9,46.0
2017-04-17 01:00:00,1239.48,44.8
2017-04-17 02:00:00,1280.01,43.7
2017-04-17 03:00:00,1310.24,43.3
2017-04-17 04:00:00,1630.47,42.6
2017-04-17 05:00:00,1644.28,40.1
2017-04-17 06:00:00,1638.83,41.2
2017-04-17 07:00:00,1607.92,41.4
2017-04-17 08:00:00,1574.43,41.4
2017-04-17 09:00:00,1586.82,43.2
2017-04-17 10:00:00,1559.69,42.6
2017-04-17 11:00:00,1563.92,43.2
2017-04-17 12:00:00,1584.66,42.6
2017-04-17 13:00:00,1601.88,42.8
2017-04-17 14:00:00,1601.63,41.4
2017-04-17 15:00:00,1640.62,41.0
2017-04-17 16:00:00,1612.42,40.5
2017-04-17 17:00:00,1244.96,39.9
2017-04-17 18:00:00,1251.48,38.8
2017-04-17 19:00:00,1271.85,37.6
2017-04-17 20:00:00,1311.07,36.7
2017-04-17 21:00:00,1309.17,36.0
2017-04-17 22:00:00,1305.46,34.2
2017-04-17 23:00:00,1308.05,32.2
2017-04-18 00:00:00,1312.55,31.6
2017-04-18 01:00:00,1312.06,31.1
2017-04-18 02:00:00,1304.5,30.2
2017-04-18 03:00:00,1340.39,30.2
2017-04-18 04:00:00,1708.47,30.0
2017-04-18 05:00:00,1916.92,28.6
2017-04-18 06:00:00,2085.69,29.5
2017-04-18 07:00:00,2178.58,33.3
2017-04-18 08:00:00,2196.1,36.3
2017-04-18 09:00:00,2197.63,40.5
2017-04-18 10:00:00,2209.57,41.9
2017-04-18 11:00:00,2221.88,44.1
2017-04-18 12:00:00,2214.95,46.0
2017-04-18 13:00:00,2225.63,47.5
2017-04-18 14:00:00,2173.32,48.7
2017-04-18 15:00:00,2127.49,49.5
2017-04-18 16:00:00,2031.24,50.2
2017-04-18 17:00:00,1395.84,49.8
2017-04-18 18:00:00,1353.77,47.3
2017-04-18 19:00:00,1302.91,47.3
2017-04-18 20:00:00,1254.39,45.3
2017-04-18 21:00:00,1253.42,43.3
2017-04-18 22:00:00,1260.45,42.6
2017-04-18 23:00:00,1253.36,41.7
2017-04-19 00:00:00,1247.81,41.2
2017-04-19 01:00:00,1250.94,40.3
2017-04-19 02:00:00,1299.88,38.8
2017-04-19 03:00:00,1331.08,38.7
2017-04-19 04:00:00,1679.8,37.9
2017-04-19 05:00:00,1899.25,38.3
2017-04-19 06:00:00,2058.77,38.8
2017-04-19 07:00:00,2152.62,40.5
2017-04-19 08:00:00,2168.07,43.3
2017-04-19 09:00:00,2159.97,45.9
2017-04-19 10:00:00,2174.48,46.2
2017-04-19 11:00:00,2169.57,47.5
2017-04-19 12:00:00,2170.34,46.0
2017-04-19 13:00:00,2163.67,46.6
2017-04-19 14:00:00,2131.95,47.1
2017-04-19 15:00:00,2086.47,48.6
2017-04-19 16:00:00,1997.18,49.3
2017-04-19 17:00:00,1462.87,50.2
2017-04-19 18:00:00,1450.44,50.2
2017-04-19 19:00:00,1373.55,49.6
2017-04-19 20:00:00,1336.15,48.9
2017-04-19 21:00:00,1327.73,49.3
2017-04-19 22:00:00,1334.65,47.7
2017-04-19 23:00:00,1323.5,43.7
2017-04-20 00:00:00,1332.77,44.1
2017-04-20 01:00:00,1330.51,43.3
2017-04-20 02:00:00,1333.33,43.2
2017-04-20 03:00:00,1354.29,42.4
2017-04-20 04:00:00,1697.52,41.4
2017-04-20 05:00:00,1901.67,39.9
2017-04-20 06:00:00,2055.15,39.2
2017-04-20 07:00:00,2150.3,40.1
2017-04-20 08:00:00,2186.03,41.2
2017-04-20 09:00:00,2198.24,42.3
2017-04-20 10:00:00,2196.35,43.2
2017-04-20 11:00:00,2194.45,44.8
2017-04-20 12:00:00,2192.56,46.6
2017-04-20 13:00:00,2187.13,48.0
2017-04-20 14:00:00,2154.79,48.6
2017-04-20 15:00:00,2117.89,49.6
2017-04-20 16:00:00,2036.27,50.2
2017-04-20 17:00:00,1395.62,49.6
2017-04-20 18:00:00,1365.19,48.7
2017-04-20 19:00:00,1303.0,47.5
2017-04-20 20:00:00,1264.13,46.8
2017-04-20 21:00:00,1266.37,45.9
2017-04-20 22:00:00,1277.9,46.0
2017-04-20 23:00:00,1339.23,45.5
2017-04-21 00:00:00,1282.58,44.6
2017-04-21 01:00:00,1248.39,44.4
2017-04-21 02:00:00,1288.08,44.2
2017-04-21 03:00:00,1323.12,43.2
2017-04-21 04:00:00,1656.08,42.8
2017-04-21 05:00:00,1875.49,43.3
2017-04-21 06:00:00,2043.92,44.6
2017-04-21 07:00:00,2139.85,46.0
2017-04-21 08:00:00,2156.83,46.8
2017-04-21 09:00:00,2172.88,47.7
2017-04-21 10:00:00,2186.79,50.4
2017-04-21 11:00:00,2169.11,51.8
2017-04-21 12:00:00,2172.82,56.8
2017-04-21 13:00:00,2162.87,56.3
2017-04-21 14:00:00,2143.93,56.1
2017-04-21 15:00:00,2101.26,55.2
2017-04-21 16:00:00,2003.54,55.6
2017-04-21 17:00:00,1364.67,54.1
2017-04-21 18:00:00,1321.8,53.6
2017-04-21 19:00:00,1280.0,49.8
2017-04-21 20:00:00,1240.91,48.6
2017-04-21 21:00:00,1240.13,47.8
2017-04-21 22:00:00,1236.43,46.8
2017-04-21 23:00:00,1230.64,46.6
2017-04-22 00:00:00,1230.23,46.0
2017-04-22 01:00:00,1235.08,45.5
2017-04-22 02:00:00,1236.1,44.4
2017-04-22 03:00:00,1233.39,43.9
2017-04-22 04:00:00,1230.44,43.7
2017-04-22 05:00:00,1228.33,42.6
2017-04-22 06:00:00,1218.01,41.7
2017-04-22 07:00:00,1223.24,41.2
2017-04-22 08:00:00,1240.38,41.2
2017-04-22 09:00:00,1237.52,41.4
2017-04-22 10:00:00,1232.65,42.8
2017-04-22 11:00:00,1232.92,43.7
2017-04-22 12:00:00,1242.56,45.3
2017-04-22 13:00:00,1236.81,48.2
2017-04-22 14:00:00,1229.95,49.1
2017-04-22 15:00:00,1222.89,51.3
2017-04-22 16:00:00,1224.2,51.4
2017-04-22 17:00:00,1218.82,52.0
2017-04-22 18:00:00,1218.21,51.4
2017-04-22 19:00:00,1235.23,49.1
2017-04-22 20:00:00,1237.75,47.5
2017-04-22 21:00:00,1227.88,44.8
2017-04-22 22:00:00,1230.43,40.8
2017-04-22 23:00:00,1236.71,40.3
2017-04-23 00:00:00,1233.18,39.2
2017-04-23 01:00:00,1226.56,36.0
2017-04-23 02:00:00,1234.29,34.5
2017-04-23 03:00:00,1238.57,34.0
2017-04-23 04:00:00,1234.79,31.5
2017-04-23 05:00:00,1213.98,32.2
2017-04-23 06:00:00,1215.91,33.4
2017-04-23 07:00:00,1227.26,41.4
2017-04-23 08:00:00,1232.84,45.5
2017-04-23 09:00:00,1247.9,53.1
2017-04-23 10:00:00,1246.33,56.5
2017-04-23 11:00:00,1236.21,59.0
2017-04-23 12:00:00,1230.19,59.9
2017-04-23 13:00:00,1228.62,63.0
2017-04-23 14:00:00,1235.64,64.6
2017-04-23 15:00:00,1225.22,63.5
2017-04-23 16:00:00,1219.97,65.8
2017-04-23 17:00:00,1224.78,64.2
2017-04-23 18:00:00,1233.16,57.6
2017-04-23 19:00:00,1232.44,50.7
2017-04-23 20:00:00,1234.51,48.2
2017-04-23 21:00:00,1241.99,45.0
2017-04-23 22:00:00,1238.8,43.2
2017-04-23 23:00:00,1236.58,41.0
2017-04-24 00:00:00,1237.66,36.5
2017-04-24 01:00:00,1243.85,35.4
2017-04-24 02:00:00,1281.01,34.9
2017-04-24 03:00:00,1312.47,34.0
2017-04-24 04:00:00,1694.33,33.4
2017-04-24 05:00:00,1909.96,31.1
2017-04-24 06:00:00,2079.65,32.5
2017-04-24 07:00:00,2171.86,33.6
2017-04-24 08:00:00,2199.26,36.0
2017-04-24 09:00:00,2189.71,38.3
2017-04-24 10:00:00,2202.92,40.3
2017-04-24 11:00:00,2183.82,42.3
2017-04-24 12:00:00,2207.67,44.2
2017-04-24 13:00:00,2189.73,46.0
2017-04-24 14:00:00,2157.96,48.6
2017-04-24 15:00:00,2119.99,50.2
2017-04-24 16:00:00,2021.18,51.1
2017-04-24 17:00:00,1399.0,51.4
2017-04-24 18:00:00,1362.87,50.2
2017-04-24 19:00:00,1346.42,48.4
2017-04-24 20:00:00,1267.58,46.9
2017-04-24 21:00:00,1266.71,45.9
2017-04-24 22:00:00,1278.9,43.2
2017-04-24 23:00:00,1270.83,41.9
2017-04-25 00:00:00,1255.89,40.8
2017-04-25 01:00:00,1272.66,40.8
2017-04-25 02:00:00,1317.54,40.6
2017-04-25 03:00:00,1337.31,39.9
2017-04-25 04:00:00,1689.8,39.2
2017-04-25 05:00:00,1937.67,38.5
2017-04-25 06:00:00,2095.3,39.6
2017-04-25 07:00:00,2168.21,41.9
2017-04-25 08:00:00,2169.41,45.0
2017-04-25 09:00:00,2187.49,47.7
2017-04-25 10:00:00,2222.1,50.7
2017-04-25 11:00:00,2192.52,54.9
2017-04-25 12:00:00,2188.01,55.0
2017-04-25 13:00:00,2197.15,56.5
2017-04-25 14:00:00,2167.68,55.2
2017-04-25 15:00:00,2120.87,52.3
2017-04-25 16:00:00,2022.64,50.9
2017-04-25 17:00:00,1385.77,50.4
2017-04-25 18:00:00,1358.55,50.4
2017-04-25 19:00:00,1309.95,49.8
2017-04-25 20:00:00,1265.16,49.3
2017-04-25 21:00:00,1263.5,48.7
2017-04-25 22:00:00,1250.99,48.2
2017-04-25 23:00:00,1255.34,48.0
2017-04-26 00:00:00,1255.9,47.8
2017-04-26 01:00:00,1263.69,48.4
2017-04-26 02:00:00,1286.82,48.7
2017-04-26 03:00:00,1324.58,48.7
2017-04-26 04:00:00,1671.06,49.1
2017-04-26 05:00:00,1910.57,49.1
2017-04-26 06:00:00,2068.4,49.1
2017-04-26 07:00:00,2163.56,49.6
2017-04-26 08:00:00,2188.08,50.5
2017-04-26 09:00:00,2162.6,50.9
2017-04-26 10:00:00,2169.65,55.0
2017-04-26 11:00:00,2173.11,56.5
2017-04-26 12:00:00,2175.76,58.5
2017-04-26 13:00:00,2149.36,60.1
2017-04-26 14:00:00,2129.61,61.3
2017-04-26 15:00:00,2092.54,62.2
2017-04-26 16:00:00,2035.54,62.2
2017-04-26 17:00:00,1769.41,62.4
2017-04-26 18:00:00,1741.0,61.3
2017-04-26 19:00:00,1707.68,59.0
2017-04-26 20:00:00,1669.36,57.7
2017-04-26 21:00:00,1651.52,57.4
2017-04-26 22:00:00,1648.94,56.3
2017-04-26 23:00:00,1639.7,55.0
2017-04-27 00:00:00,1637.0,54.0
2017-04-27 01:00:00,1631.52,54.1
2017-04-27 02:00:00,1640.93,54.5
2017-04-27 03:00:00,1633.96,54.7
2017-04-27 04:00:00,1658.11,54.3
2017-04-27 05:00:00,1893.98,54.1
2017-04-27 06:00:00,2067.39,53.8
2017-04-27 07:00:00,2142.1,53.8
2017-04-27 08:00:00,1600.15,54.1
2017-04-27 09:00:00,1361.29,55.0
2017-04-27 10:00:00,1361.61,56.7
2017-04-27 11:00:00,1350.47,61.9
2017-04-27 12:00:00,1350.51,69.1
2017-04-27 13:00:00,1347.48,73.6
2017-04-27 14:00:00,1322.94,75.9
2017-04-27 15:00:00,1291.6,76.1
2017-04-27 16:00:00,1248.98,78.4
2017-04-27 17:00:00,1094.05,78.4
2017-04-27 18:00:00,1077.02,75.7
2017-04-27 19:00:00,1052.71,73.2
2017-04-27 20:00:00,1022.84,71.6
2017-04-27 21:00:00,1032.28,70.0
2017-04-27 22:00:00,1018.81,69.1
2017-04-27 23:00:00,994.46,70.7
2017-04-28 00:00:00,995.41,66.6
2017-04-28 01:00:00,1008.36,62.2
2017-04-28 02:00:00,1022.91,61.3
2017-04-28 03:00:00,1020.98,61.3
2017-04-28 04:00:00,1030.9,61.2
2017-04-28 05:00:00,1175.96,55.8
2017-04-28 06:00:00,1272.66,54.3
2017-04-28 07:00:00,1335.4,53.4
2017-04-28 08:00:00,1346.46,55.8
2017-04-28 09:00:00,1363.27,57.4
2017-04-28 10:00:00,1357.63,58.8
2017-04-28 11:00:00,1343.82,59.5
2017-04-28 12:00:00,1358.14,61.7
2017-04-28 13:00:00,1348.66,61.5
2017-04-28 14:00:00,1331.12,64.0
2017-04-28 15:00:00,1298.68,64.8
2017-04-28 16:00:00,1243.41,65.1
2017-04-28 17:00:00,863.03,64.2
2017-04-28 18:00:00,815.45,63.3
2017-04-28 19:00:00,795.07,60.6
2017-04-28 20:00:00,769.58,58.3
2017-04-28 21:00:00,767.71,55.6
2017-04-28 22:00:00,764.05,55.4
2017-04-28 23:00:00,762.47,55.6
2017-04-29 00:00:00,764.12,55.4
2017-04-29 01:00:00,767.17,55.0
2017-04-29 02:00:00,802.26,54.9
2017-04-29 03:00:00,802.16,54.9
2017-04-29 04:00:00,802.91,55.2
2017-04-29 05:00:00,805.98,55.2
2017-04-29 06:00:00,797.3,54.9
2017-04-29 07:00:00,802.28,54.1
2017-04-29 08:00:00,804.79,55.2
2017-04-29 09:00:00,796.75,56.5
2017-04-29 10:00:00,794.76,57.0
2017-04-29 11:00:00,800.74,58.3
2017-04-29 12:00:00,803.13,59.2
2017-04-29 13:00:00,799.55,59.0
2017-04-29 14:00:00,796.6,58.8
2017-04-29 15:00:00,816.25,56.8
2017-04-29 16:00:00,816.16,56.7
2017-04-29 17:00:00,812.24,55.2
2017-04-29 18:00:00,811.72,50.0
2017-04-29 19:00:00,804.18,45.9
2017-04-29 20:00:00,805.88,43.9
2017-04-29 21:00:00,803.87,42.6
2017-04-29 22:00:00,801.76,41.0
2017-04-29 23:00:00,817.28,40.3
2017-04-30 00:00:00,836.09,39.4
2017-04-30 01:00:00,834.48,38.5
2017-04-30 02:00:00,834.89,38.5
2017-04-30 03:00:00,838.68,36.5
2017-04-30 04:00:00,838.21,37.9
2017-04-30 05:00:00,829.35,37.6
2017-04-30 06:00:00,832.84,37.4
2017-04-30 07:00:00,836.33,38.1
2017-04-30 08:00:00,846.97,36.5
2017-04-30 09:00:00,840.03,37.9
2017-04-30 10:00:00,840.66,38.5
2017-04-30 11:00:00,836.91,37.9
2017-04-30 12:00:00,835.96,38.3
2017-04-30 13:00:00,831.77,38.5
2017-04-30 14:00:00,834.63,37.9
2017-04-30 15:00:00,829.62,38.3
2017-04-30 16:00:00,827.36,38.8
2017-04-30 17:00:00,829.68,39.4
2017-04-30 18:00:00,835.16,39.4
2017-04-30 19:00:00,835.86,40.3
2017-04-30 20:00:00,839.16,39.2
2017-04-30 21:00:00,841.12,39.2
2017-04-30 22:00:00,839.89,39.2
2017-04-30 23:00:00,835.62,39.2
2017-05-01 00:00:00,838.81,39.4
2017-05-01 01:00:00,839.21,39.6
2017-05-01 02:00:00,837.34,39.9
2017-05-01 03:00:00,850.7,40.5
2017-05-01 04:00:00,1043.64,41.0
2017-05-01 05:00:00,1198.94,41.2
2017-05-01 06:00:00,1300.15,41.7
2017-05-01 07:00:00,1355.3,42.1
2017-05-01 08:00:00,1361.6,42.6
2017-05-01 09:00:00,1362.03,43.3
2017-05-01 10:00:00,1376.69,44.1
2017-05-01 11:00:00,1379.27,44.8
2017-05-01 12:00:00,1373.17,45.3
2017-05-01 13:00:00,1372.37,45.9
2017-05-01 14:00:00,1349.09,46.4
2017-05-01 15:00:00,1313.04,46.2
2017-05-01 16:00:00,1254.69,46.6
2017-05-01 17:00:00,870.24,46.6
2017-05-01 18:00:00,870.05,46.6
2017-05-01 19:00:00,826.02,46.6
2017-05-01 20:00:00,788.56,46.8
2017-05-01 21:00:00,801.97,48.2
2017-05-01 22:00:00,791.36,48.7
2017-05-01 23:00:00,783.03,48.6
2017-05-02 00:00:00,777.21,48.7
2017-05-02 01:00:00,787.27,49.5
2017-05-02 02:00:00,808.11,48.7
2017-05-02 03:00:00,816.91,49.6
2017-05-02 04:00:00,1045.04,52.5
2017-05-02 05:00:00,1210.37,51.1
2017-05-02 06:00:00,1294.49,51.8
2017-05-02 07:00:00,1350.14,52.9
2017-05-02 08:00:00,1369.93,55.2
2017-05-02 09:00:00,1374.74,55.8
2017-05-02 10:00:00,1369.55,57.4
2017-05-02 11:00:00,1366.45,57.2
2017-05-02 12:00:00,1383.8,56.5
2017-05-02 13:00:00,1372.53,56.1
2017-05-02 14:00:00,1344.69,53.4
2017-05-02 15:00:00,1319.88,55.6
2017-05-02 16:00:00,1259.98,53.8
2017-05-02 17:00:00,850.86,53.1
2017-05-02 18:00:00,835.41,50.2
2017-05-02 19:00:00,805.47,48.0
2017-05-02 20:00:00,791.17,47.8
2017-05-02 21:00:00,787.71,47.7
2017-05-02 22:00:00,786.21,47.1
2017-05-02 23:00:00,781.54,46.6
2017-05-03 00:00:00,781.94,46.0
2017-05-03 01:00:00,782.66,46.0
2017-05-03 02:00:00,804.84,45.3
2017-05-03 03:00:00,822.97,43.2
2017-05-03 04:00:00,1047.9,42.3
2017-05-03 05:00:00,1201.64,40.5
2017-05-03 06:00:00,1294.1,39.6
2017-05-03 07:00:00,1353.28,39.7
2017-05-03 08:00:00,1366.07,40.6
2017-05-03 09:00:00,1363.8,41.7
2017-05-03 10:00:00,1373.11,44.4
2017-05-03 11:00:00,1366.63,47.1
2017-05-03 12:00:00,1368.48,48.9
2017-05-03 13:00:00,1360.78,51.6
2017-05-03 14:00:00,1343.85,54.1
2017-05-03 15:00:00,1309.5,55.0
2017-05-03 16:00:00,1242.21,56.3
2017-05-03 17:00:00,780.95,56.7
2017-05-03 18:00:00,807.59,55.9
2017-05-03 19:00:00,794.0,54.1
2017-05-03 20:00:00,777.47,50.4
2017-05-03 21:00:00,778.99,46.6
2017-05-03 22:00:00,776.56,45.3
2017-05-03 23:00:00,781.23,42.1
2017-05-04 00:00:00,776.67,40.6
2017-05-04 01:00:00,775.89,38.5
2017-05-04 02:00:00,799.86,37.2
2017-05-04 03:00:00,818.68,35.8
2017-05-04 04:00:00,1046.78,34.2
2017-05-04 05:00:00,1205.35,32.9
2017-05-04 06:00:00,1298.6,37.8
2017-05-04 07:00:00,1357.47,41.4
2017-05-04 08:00:00,1368.76,44.4
2017-05-04 09:00:00,1365.93,48.6
2017-05-04 10:00:00,1373.53,54.3
2017-05-04 11:00:00,1369.05,56.3
2017-05-04 12:00:00,1392.58,57.4
2017-05-04 13:00:00,1372.9,59.2
2017-05-04 14:00:00,1350.07,59.0
2017-05-04 15:00:00,1313.65,59.5
2017-05-04 16:00:00,1256.67,59.7
2017-05-04 17:00:00,852.43,58.1
2017-05-04 18:00:00,824.85,57.6
2017-05-04 19:00:00,792.31,53.4
2017-05-04 20:00:00,782.15,49.5
2017-05-04 21:00:00,781.72,46.9
2017-05-04 22:00:00,778.01,46.2
2017-05-04 23:00:00,775.39,46.0
2017-05-05 00:00:00,778.51,45.9
2017-05-05 01:00:00,781.25,45.5
2017-05-05 02:00:00,807.28,45.3
2017-05-05 03:00:00,816.76,45.3
2017-05-05 04:00:00,1046.45,45.5
2017-05-05 05:00:00,1197.95,45.3
2017-05-05 06:00:00,1290.56,45.5
2017-05-05 07:00:00,1331.26,45.9
2017-05-05 08:00:00,1359.26,46.2
2017-05-05 09:00:00,1370.69,46.4
2017-05-05 10:00:00,1369.71,46.8
2017-05-05 11:00:00,1367.42,46.8
2017-05-05 12:00:00,1366.75,46.0
2017-05-05 13:00:00,1365.08,46.2
2017-05-05 14:00:00,1330.9,46.0
2017-05-05 15:00:00,1295.56,46.4
2017-05-05 16:00:00,1239.0,46.6
2017-05-05 17:00:00,842.67,47.1
2017-05-05 18:00:00,821.43,45.5
2017-05-05 19:00:00,798.04,46.9
2017-05-05 20:00:00,777.45,47.1
2017-05-05 21:00:00,776.2,47.1
2017-05-05 22:00:00,777.72,47.3
2017-05-05 23:00:00,772.7,47.1
2017-05-06 00:00:00,771.7,46.4
2017-05-06 01:00:00,773.02,45.7
2017-05-06 02:00:00,774.7,45.9
2017-05-06 03:00:00,772.09,46.0
2017-05-06 04:00:00,762.66,45.7
2017-05-06 05:00:00,761.23,45.7
2017-05-06 06:00:00,755.37,46.0
2017-05-06 07:00:00,760.53,46.6
2017-05-06 08:00:00,770.57,47.5
2017-05-06 09:00:00,775.48,49.5
2017-05-06 10:00:00,773.1,51.1
2017-05-06 11:00:00,770.14,53.2
2017-05-06 12:00:00,768.98,55.0
2017-05-06 13:00:00,770.98,54.1
2017-05-06 14:00:00,768.31,51.6
2017-05-06 15:00:00,766.12,49.1
2017-05-06 16:00:00,759.28,51.1
2017-05-06 17:00:00,762.18,50.0
2017-05-06 18:00:00,764.65,50.2
2017-05-06 19:00:00,762.57,50.0
2017-05-06 20:00:00,763.38,47.7
2017-05-06 21:00:00,765.76,46.9
2017-05-06 22:00:00,765.09,46.4
2017-05-06 23:00:00,760.65,44.6
2017-05-07 00:00:00,760.36,43.2
2017-05-07 01:00:00,764.9,42.3
2017-05-07 02:00:00,764.53,41.7
2017-05-07 03:00:00,770.51,41.4
2017-05-07 04:00:00,791.12,40.6
2017-05-07 05:00:00,784.36,39.4
2017-05-07 06:00:00,783.3,39.0
2017-05-07 07:00:00,784.92,38.5
2017-05-07 08:00:00,788.65,38.1
2017-05-07 09:00:00,789.2,38.1
2017-05-07 10:00:00,788.33,39.6
2017-05-07 11:00:00,787.3,39.7
2017-05-07 12:00:00,791.11,41.2
2017-05-07 13:00:00,791.22,41.9
2017-05-07 14:00:00,787.42,41.4
2017-05-07 15:00:00,783.77,42.8
2017-05-07 16:00:00,787.66,41.9
2017-05-07 17:00:00,787.1,41.2
2017-05-07 18:00:00,785.1,39.7
2017-05-07 19:00:00,791.21,39.7
2017-05-07 20:00:00,795.34,38.5
2017-05-07 21:00:00,793.89,37.6
2017-05-07 22:00:00,792.6,36.1
2017-05-07 23:00:00,791.95,34.9
2017-05-08 00:00:00,791.88,32.9
2017-05-08 01:00:00,792.66,32.9
2017-05-08 02:00:00,793.9,33.1
2017-05-08 03:00:00,824.88,33.3
2017-05-08 04:00:00,1039.35,33.8
2017-05-08 05:00:00,1172.21,33.6
2017-05-08 06:00:00,1266.74,34.5
2017-05-08 07:00:00,1324.31,34.7
2017-05-08 08:00:00,1343.63,34.9
2017-05-08 09:00:00,1344.26,34.9
2017-05-08 10:00:00,1342.78,35.6
2017-05-08 11:00:00,1337.59,36.5
2017-05-08 12:00:00,1347.09,34.7
2017-05-08 13:00:00,1337.28,37.0
2017-05-08 14:00:00,1315.94,38.3
2017-05-08 15:00:00,1293.9,41.2
2017-05-08 16:00:00,1245.81,40.5
2017-05-08 17:00:00,883.2,39.9
2017-05-08 18:00:00,858.84,39.2
2017-05-08 19:00:00,823.86,38.1
2017-05-08 20:00:00,805.91,36.1
2017-05-08 21:00:00,804.78,35.4
2017-05-08 22:00:00,804.18,34.2
2017-05-08 23:00:00,808.18,34.0
2017-05-09 00:00:00,802.3,33.4
2017-05-09 01:00:00,801.99,33.6
2017-05-09 02:00:00,804.37,33.3
2017-05-09 03:00:00,822.11,32.7
2017-05-09 04:00:00,1050.98,32.5
2017-05-09 05:00:00,1173.12,32.5
2017-05-09 06:00:00,1281.05,34.5
2017-05-09 07:00:00,1338.69,35.4
2017-05-09 08:00:00,1357.13,36.9
2017-05-09 09:00:00,1366.87,38.1
2017-05-09 10:00:00,1379.93,38.7
2017-05-09 11:00:00,1370.06,39.6
2017-05-09 12:00:00,1363.34,40.1
2017-05-09 13:00:00,1357.17,40.6
2017-05-09 14:00:00,1345.32,41.7
2017-05-09 15:00:00,1325.0,42.4
2017-05-09 16:00:00,1266.91,42.8
2017-05-09 17:00:00,879.19,43.2
2017-05-09 18:00:00,854.73,43.0
2017-05-09 19:00:00,846.03,42.4
2017-05-09 20:00:00,805.94,41.9
2017-05-09 21:00:00,805.53,40.1
2017-05-09 22:00:00,804.9,40.5
2017-05-09 23:00:00,802.91,38.8
2017-05-10 00:00:00,803.25,40.3
2017-05-10 01:00:00,806.39,39.6
2017-05-10 02:00:00,806.63,39.0
2017-05-10 03:00:00,816.29,37.9
2017-05-10 04:00:00,1063.01,38.1
2017-05-10 05:00:00,1224.43,37.8
2017-05-10 06:00:00,1310.13,41.9
2017-05-10 07:00:00,1357.72,44.6
2017-05-10 08:00:00,1377.79,46.0
2017-05-10 09:00:00,1383.13,48.0
2017-05-10 10:00:00,1389.25,47.7
2017-05-10 11:00:00,1384.48,49.1
2017-05-10 12:00:00,1389.3,52.0
2017-05-10 13:00:00,1379.11,53.1
2017-05-10 14:00:00,1353.78,55.0
2017-05-10 15:00:00,1326.74,55.9
2017-05-10 16:00:00,1262.42,57.0
2017-05-10 17:00:00,877.6,56.8
2017-05-10 18:00:00,844.07,57.7
2017-05-10 19:00:00,833.82,55.6
2017-05-10 20:00:00,815.68,54.1
2017-05-10 21:00:00,814.7,53.4
2017-05-10 22:00:00,809.08,52.5
2017-05-10 23:00:00,812.59,51.6
2017-05-11 00:00:00,812.17,49.5
2017-05-11 01:00:00,810.8,48.6
2017-05-11 02:00:00,807.23,45.3
2017-05-11 03:00:00,829.2,44.4
2017-05-11 04:00:00,1060.63,43.3
2017-05-11 05:00:00,1196.82,42.3
2017-05-11 06:00:00,1293.39,44.4
2017-05-11 07:00:00,1351.48,48.4
2017-05-11 08:00:00,1373.13,50.0
2017-05-11 09:00:00,1369.65,51.4
2017-05-11 10:00:00,1371.18,51.1
2017-05-11 11:00:00,1364.74,52.5
2017-05-11 12:00:00,1371.07,53.1
2017-05-11 13:00:00,1365.38,51.4
2017-05-11 14:00:00,1345.24,52.0
2017-05-11 15:00:00,1325.52,52.2
2017-05-11 16:00:00,1266.41,52.7
2017-05-11 17:00:00,899.71,53.6
2017-05-11 18:00:00,866.25,53.1
2017-05-11 19:00:00,836.41,52.3
2017-05-11 20:00:00,813.42,51.4
2017-05-11 21:00:00,807.96,51.8
2017-05-11 22:00:00,811.95,51.1
2017-05-11 23:00:00,813.87,49.5
2017-05-12 00:00:00,807.8,48.6
2017-05-12 01:00:00,807.83,48.7
2017-05-12 02:00:00,810.43,47.8
2017-05-12 03:00:00,820.96,47.3
2017-05-12 04:00:00,1045.37,46.2
2017-05-12 05:00:00,1196.41,45.9
2017-05-12 06:00:00,1298.61,47.7
2017-05-12 07:00:00,1340.06,49.8
2017-05-12 08:00:00,1350.12,51.6
2017-05-12 09:00:00,1354.19,55.8
2017-05-12 10:00:00,1355.43,58.6
2017-05-12 11:00:00,1341.41,60.6
2017-05-12 12:00:00,1343.16,62.2
2017-05-12 13:00:00,1339.65,64.2
2017-05-12 14:00:00,1318.95,63.9
2017-05-12 15:00:00,1287.82,65.8
2017-05-12 16:00:00,1231.45,65.1
2017-05-12 17:00:00,838.91,64.0
2017-05-12 18:00:00,802.32,63.9
2017-05-12 19:00:00,786.96,62.4
2017-05-12 20:00:00,772.7,61.3
2017-05-12 21:00:00,772.98,58.1
2017-05-12 22:00:00,768.05,58.6
2017-05-12 23:00:00,763.6,57.6
2017-05-13 00:00:00,767.9,56.7
2017-05-13 01:00:00,763.8,55.8
2017-05-13 02:00:00,762.03,55.0
2017-05-13 03:00:00,765.04,54.9
2017-05-13 04:00:00,765.74,53.2
2017-05-13 05:00:00,756.39,52.0
2017-05-13 06:00:00,753.31,52.5
2017-05-13 07:00:00,768.32,53.8
2017-05-13 08:00:00,776.87,54.1
2017-05-13 09:00:00,770.87,54.0
2017-05-13 10:00:00,763.4,54.9
2017-05-13 11:00:00,762.25,56.7
2017-05-13 12:00:00,770.09,56.8
2017-05-13 13:00:00,759.41,55.8
2017-05-13 14:00:00,757.88,56.5
2017-05-13 15:00:00,765.18,56.7
2017-05-13 16:00:00,762.24,56.1
2017-05-13 17:00:00,760.91,54.5
2017-05-13 18:00:00,763.06,52.3
2017-05-13 19:00:00,769.5,51.6
2017-05-13 20:00:00,765.85,51.4
2017-05-13 21:00:00,765.35,51.4
2017-05-13 22:00:00,769.28,51.1
2017-05-13 23:00:00,769.11,50.7
2017-05-14 00:00:00,763.77,50.4
2017-05-14 01:00:00,764.4,49.5
2017-05-14 02:00:00,769.37,49.3
2017-05-14 03:00:00,767.55,48.7
2017-05-14 04:00:00,762.06,48.7
2017-05-14 05:00:00,756.85,48.4
2017-05-14 06:00:00,758.82,49.3
2017-05-14 07:00:00,756.54,50.2
2017-05-14 08:00:00,758.79,50.9
2017-05-14 09:00:00,767.94,50.9
2017-05-14 10:00:00,769.92,51.1
2017-05-14 11:00:00,761.28,51.8
2017-05-14 12:00:00,761.83,54.3
2017-05-14 13:00:00,765.58,55.6
2017-05-14 14:00:00,757.05,55.9
2017-05-14 15:00:00,755.58,54.0
2017-05-14 16:00:00,757.73,53.6
2017-05-14 17:00:00,758.97,53.8
2017-05-14 18:00:00,756.59,54.9
2017-05-14 19:00:00,760.76,53.8
2017-05-14 20:00:00,765.84,51.8
2017-05-14 21:00:00,765.3,52.0
2017-05-14 22:00:00,762.33,51.6
2017-05-14 23:00:00,765.3,51.1
2017-05-15 00:00:00,768.16,49.1
2017-05-15 01:00:00,769.25,49.6
2017-05-15 02:00:00,793.85,48.7
2017-05-15 03:00:00,813.28,48.2
2017-05-15 04:00:00,1035.59,47.5
2017-05-15 05:00:00,1199.66,46.9
2017-05-15 06:00:00,1288.18,47.3
2017-05-15 07:00:00,1348.71,48.0
2017-05-15 08:00:00,1363.98,48.7
2017-05-15 09:00:00,1355.06,52.9
2017-05-15 10:00:00,1360.6,55.4
2017-05-15 11:00:00,1354.16,56.3
2017-05-15 12:00:00,1358.25,60.8
2017-05-15 13:00:00,1344.83,62.6
2017-05-15 14:00:00,1325.96,64.8
2017-05-15 15:00:00,1299.37,66.0
2017-05-15 16:00:00,1236.29,66.2
2017-05-15 17:00:00,852.52,65.7
2017-05-15 18:00:00,823.05,63.7
2017-05-15 19:00:00,804.54,61.9
2017-05-15 20:00:00,785.32,59.4
2017-05-15 21:00:00,769.97,56.3
2017-05-15 22:00:00,774.16,56.7
2017-05-15 23:00:00,772.58,55.4
2017-05-16 00:00:00,766.18,53.8
2017-05-16 01:00:00,774.45,52.9
2017-05-16 02:00:00,843.78,51.6
2017-05-16 03:00:00,850.94,50.2
2017-05-16 04:00:00,1042.41,48.9
2017-05-16 05:00:00,1207.94,49.5
2017-05-16 06:00:00,1300.81,49.8
2017-05-16 07:00:00,1358.81,52.0
2017-05-16 08:00:00,1385.3,56.1
2017-05-16 09:00:00,1381.86,57.7
2017-05-16 10:00:00,1386.9,61.5
2017-05-16 11:00:00,1400.35,63.7
2017-05-16 12:00:00,1404.68,64.9
2017-05-16 13:00:00,1407.01,64.9
2017-05-16 14:00:00,1386.82,66.2
2017-05-16 15:00:00,1348.32,67.5
2017-05-16 16:00:00,1291.49,67.3
2017-05-16 17:00:00,856.9,67.1
2017-05-16 18:00:00,810.62,66.9
2017-05-16 19:00:00,801.09,65.5
2017-05-16 20:00:00,776.36,64.2
2017-05-16 21:00:00,772.15,63.0
2017-05-16 22:00:00,773.11,60.6
2017-05-16 23:00:00,763.92,59.7
2017-05-17 00:00:00,765.71,59.0
2017-05-17 01:00:00,766.73,56.5
2017-05-17 02:00:00,795.29,55.6
2017-05-17 03:00:00,803.25,54.3
2017-05-17 04:00:00,1049.53,53.8
2017-05-17 05:00:00,1221.85,54.9
2017-05-17 06:00:00,1332.43,55.4
2017-05-17 07:00:00,1371.9,60.8
2017-05-17 08:00:00,1389.27,65.1
2017-05-17 09:00:00,1405.84,69.3
2017-05-17 10:00:00,1405.45,74.5
2017-05-17 11:00:00,1398.9,79.0
2017-05-17 12:00:00,1410.26,82.8
2017-05-17 13:00:00,1401.32,83.1
2017-05-17 14:00:00,1385.52,86.0
2017-05-17 15:00:00,1344.9,86.5
2017-05-17 16:00:00,1281.79,86.2
2017-05-17 17:00:00,842.9,85.1
2017-05-17 18:00:00,808.93,84.4
2017-05-17 19:00:00,790.49,81.9
2017-05-17 20:00:00,767.41,77.0
2017-05-17 21:00:00,766.24,75.0
2017-05-17 22:00:00,758.63,75.7
2017-05-17 23:00:00,766.18,72.7
2017-05-18 00:00:00,763.48,71.6
2017-05-18 01:00:00,765.59,69.3
2017-05-18 02:00:00,786.71,70.0
2017-05-18 03:00:00,800.17,69.6
2017-05-18 04:00:00,1051.47,69.1
2017-05-18 05:00:00,1222.39,69.1
2017-05-18 06:00:00,1319.09,71.6
2017-05-18 07:00:00,1364.78,73.4
2017-05-18 08:00:00,1390.67,77.0
2017-05-18 09:00:00,1411.7,78.4
2017-05-18 10:00:00,1401.48,80.1
2017-05-18 11:00:00,1402.7,81.7
2017-05-18 12:00:00,1416.27,82.0
2017-05-18 13:00:00,1408.76,85.5
2017-05-18 14:00:00,1375.88,85.3
2017-05-18 15:00:00,1351.91,85.3
2017-05-18 16:00:00,1291.98,85.6
2017-05-18 17:00:00,868.76,83.8
2017-05-18 18:00:00,826.98,82.6
2017-05-18 19:00:00,795.44,80.8
2017-05-18 20:00:00,770.74,66.2
2017-05-18 21:00:00,764.78,68.0
2017-05-18 22:00:00,768.52,67.6
2017-05-18 23:00:00,823.97,66.9
2017-05-19 00:00:00,775.37,65.7
2017-05-19 01:00:00,764.43,63.1
2017-05-19 02:00:00,786.22,61.2
2017-05-19 03:00:00,801.45,56.3
2017-05-19 04:00:00,1028.61,50.9
2017-05-19 05:00:00,1165.84,48.9
2017-05-19 06:00:00,1288.19,47.7
2017-05-19 07:00:00,1341.8,47.7
2017-05-19 08:00:00,1359.4,48.9
2017-05-19 09:00:00,1354.46,50.2
2017-05-19 10:00:00,1356.09,50.7
2017-05-19 11:00:00,1362.12,53.2
2017-05-19 12:00:00,1375.85,54.9
2017-05-19 13:00:00,1370.41,57.6
2017-05-19 14:00:00,1348.34,59.4
2017-05-19 15:00:00,1306.78,59.2
2017-05-19 16:00:00,1251.23,60.4
2017-05-19 17:00:00,812.22,60.1
2017-05-19 18:00:00,778.35,58.6
2017-05-19 19:00:00,757.84,56.5
2017-05-19 20:00:00,748.68,54.1
2017-05-19 21:00:00,746.84,52.0
2017-05-19 22:00:00,748.75,50.7
2017-05-19 23:00:00,749.48,48.9
2017-05-20 00:00:00,748.99,47.8
2017-05-20 01:00:00,747.48,46.8
2017-05-20 02:00:00,779.62,44.8
2017-05-20 03:00:00,781.05,43.3
2017-05-20 04:00:00,773.93,42.1
2017-05-20 05:00:00,767.27,41.4
2017-05-20 06:00:00,770.44,42.6
2017-05-20 07:00:00,774.59,45.3
2017-05-20 08:00:00,770.45,45.5
2017-05-20 09:00:00,767.06,49.8
2017-05-20 10:00:00,771.66,51.8
2017-05-20 11:00:00,771.91,54.5
2017-05-20 12:00:00,770.76,54.5
2017-05-20 13:00:00,770.75,59.5
2017-05-20 14:00:00,775.81,61.9
2017-05-20 15:00:00,772.41,63.3
2017-05-20 16:00:00,766.71,63.9
2017-05-20 17:00:00,772.3,64.6
2017-05-20 18:00:00,770.01,64.6
2017-05-20 19:00:00,775.06,61.9
2017-05-20 20:00:00,776.15,56.7
2017-05-20 21:00:00,776.87,51.1
2017-05-20 22:00:00,780.21,49.5
2017-05-20 23:00:00,780.66,51.6
2017-05-21 00:00:00,774.01,50.7
2017-05-21 01:00:00,775.98,49.5
2017-05-21 02:00:00,779.3,49.5
2017-05-21 03:00:00,777.63,49.6
2017-05-21 04:00:00,772.92,49.1
2017-05-21 05:00:00,771.55,49.5
2017-05-21 06:00:00,772.2,50.5
2017-05-21 07:00:00,770.42,52.9
2017-05-21 08:00:00,768.27,56.5
2017-05-21 09:00:00,770.36,57.9
2017-05-21 10:00:00,772.39,60.3
2017-05-21 11:00:00,767.65,62.2
2017-05-21 12:00:00,771.4,61.9
2017-05-21 13:00:00,775.72,62.1
2017-05-21 14:00:00,778.88,62.2
2017-05-21 15:00:00,770.3,62.2
2017-05-21 16:00:00,770.13,59.5
2017-05-21 17:00:00,773.49,60.8
2017-05-21 18:00:00,775.33,59.5
2017-05-21 19:00:00,775.73,58.6
2017-05-21 20:00:00,777.23,56.5
2017-05-21 21:00:00,779.22,50.9
2017-05-21 22:00:00,781.08,52.3
2017-05-21 23:00:00,777.52,52.2
2017-05-22 00:00:00,781.72,52.0
2017-05-22 01:00:00,781.59,52.0
2017-05-22 02:00:00,781.3,52.3
2017-05-22 03:00:00,780.51,52.9
2017-05-22 04:00:00,828.78,52.5
2017-05-22 05:00:00,831.44,52.9
2017-05-22 06:00:00,826.8,53.2
2017-05-22 07:00:00,823.86,52.7
2017-05-22 08:00:00,829.03,53.2
2017-05-22 09:00:00,846.23,53.6
2017-05-22 10:00:00,850.65,54.9
2017-05-22 11:00:00,850.08,56.1
2017-05-22 12:00:00,852.2,56.7
2017-05-22 13:00:00,853.64,57.6
2017-05-22 14:00:00,845.95,58.5
2017-05-22 15:00:00,843.98,59.2
2017-05-22 16:00:00,837.35,62.1
2017-05-22 17:00:00,776.42,63.5
2017-05-22 18:00:00,773.73,62.8
2017-05-22 19:00:00,776.54,59.4
2017-05-22 20:00:00,782.73,56.5
2017-05-22 21:00:00,782.11,55.0
2017-05-22 22:00:00,781.6,52.3
2017-05-22 23:00:00,783.49,50.7
2017-05-23 00:00:00,783.99,51.6
2017-05-23 01:00:00,780.23,52.5
2017-05-23 02:00:00,781.71,47.5
2017-05-23 03:00:00,803.99,46.9
2017-05-23 04:00:00,1043.24,46.0
2017-05-23 05:00:00,1192.13,45.7
2017-05-23 06:00:00,1294.11,48.7
2017-05-23 07:00:00,1377.05,52.3
2017-05-23 08:00:00,1396.48,57.0
2017-05-23 09:00:00,1414.4,60.1
2017-05-23 10:00:00,1403.85,62.1
2017-05-23 11:00:00,1402.52,64.9
2017-05-23 12:00:00,1415.51,65.1
2017-05-23 13:00:00,1415.51,66.7
2017-05-23 14:00:00,1415.51,69.6
2017-05-23 15:00:00,1415.51,68.0
2017-05-23 16:00:00,2280.52,69.1
2017-05-23 17:00:00,809.87,68.5
2017-05-23 18:00:00,774.62,66.9
2017-05-23 19:00:00,756.4,66.6
2017-05-23 20:00:00,723.68,63.0
2017-05-23 21:00:00,721.65,61.5
2017-05-23 22:00:00,722.68,60.1
2017-05-23 23:00:00,730.68,58.8
2017-05-24 00:00:00,725.04,56.3
2017-05-24 01:00:00,723.81,53.8
2017-05-24 02:00:00,723.57,53.8
2017-05-24 03:00:00,738.82,52.9
2017-05-24 04:00:00,973.61,54.5
2017-05-24 05:00:00,1159.7,54.9
2017-05-24 06:00:00,1279.03,55.6
2017-05-24 07:00:00,1351.08,57.7
2017-05-24 08:00:00,1379.81,60.6
2017-05-24 09:00:00,1376.05,63.3
2017-05-24 10:00:00,1384.58,64.9
2017-05-24 11:00:00,1373.6,67.5
2017-05-24 12:00:00,1396.82,70.0
2017-05-24 13:00:00,1383.67,71.6
2017-05-24 14:00:00,1359.61,72.0
2017-05-24 15:00:00,1327.23,74.1
2017-05-24 16:00:00,1262.84,72.3
2017-05-24 17:00:00,838.49,73.4
2017-05-24 18:00:00,806.09,72.1
2017-05-24 19:00:00,787.63,70.7
2017-05-24 20:00:00,757.18,68.0
2017-05-24 21:00:00,751.64,67.3
2017-05-24 22:00:00,748.94,65.3
2017-05-24 23:00:00,747.88,66.4
2017-05-25 00:00:00,749.78,62.4
2017-05-25 01:00:00,752.89,62.1
2017-05-25 02:00:00,773.76,61.5
2017-05-25 03:00:00,791.65,60.4
2017-05-25 04:00:00,1041.41,60.1
2017-05-25 05:00:00,1219.47,58.8
2017-05-25 06:00:00,1316.88,58.3
2017-05-25 07:00:00,1363.17,58.6
2017-05-25 08:00:00,1361.28,59.7
2017-05-25 09:00:00,1391.09,61.0
2017-05-25 10:00:00,1390.26,63.1
2017-05-25 11:00:00,1397.03,63.5
2017-05-25 12:00:00,1410.62,65.7
2017-05-25 13:00:00,1398.75,64.6
2017-05-25 14:00:00,1376.8,63.7
2017-05-25 15:00:00,1338.36,61.9
2017-05-25 16:00:00,1279.74,59.5
2017-05-25 17:00:00,852.31,58.8
2017-05-25 18:00:00,808.99,57.2
2017-05-25 19:00:00,781.51,55.9
2017-05-25 20:00:00,757.45,55.8
2017-05-25 21:00:00,755.71,55.4
2017-05-25 22:00:00,750.11,54.9
2017-05-25 23:00:00,753.78,55.0
2017-05-26 00:00:00,754.72,52.7
2017-05-26 01:00:00,754.38,54.3
2017-05-26 02:00:00,750.75,54.0
2017-05-26 03:00:00,767.15,54.0
2017-05-26 04:00:00,1021.72,54.5
2017-05-26 05:00:00,1208.52,54.5
2017-05-26 06:00:00,1302.83,54.3
2017-05-26 07:00:00,1362.19,54.7
2017-05-26 08:00:00,1378.0,55.2
2017-05-26 09:00:00,1384.5,54.9
2017-05-26 10:00:00,1375.4,57.0
2017-05-26 11:00:00,1371.25,58.5
2017-05-26 12:00:00,1384.2,61.0
2017-05-26 13:00:00,1366.65,57.7
2017-05-26 14:00:00,1350.02,55.8
2017-05-26 15:00:00,1324.16,57.0
2017-05-26 16:00:00,1269.53,55.0
2017-05-26 17:00:00,817.96,55.6
2017-05-26 18:00:00,791.95,56.1
2017-05-26 19:00:00,775.59,56.7
2017-05-26 20:00:00,753.95,56.1
2017-05-26 21:00:00,750.71,55.8
2017-05-26 22:00:00,747.74,55.2
2017-05-26 23:00:00,749.11,54.5
2017-05-27 00:00:00,750.94,54.0
2017-05-27 01:00:00,750.35,53.2
2017-05-27 02:00:00,749.9,52.3
2017-05-27 03:00:00,748.34,51.4
2017-05-27 04:00:00,739.44,51.3
2017-05-27 05:00:00,735.11,49.5
2017-05-27 06:00:00,733.78,53.6
2017-05-27 07:00:00,756.66,57.7
2017-05-27 08:00:00,754.63,59.7
2017-05-27 09:00:00,759.18,61.7
2017-05-27 10:00:00,746.43,64.0
2017-05-27 11:00:00,746.77,66.2
2017-05-27 12:00:00,751.5,68.0
2017-05-27 13:00:00,748.21,69.1
2017-05-27 14:00:00,744.22,71.2
2017-05-27 15:00:00,741.03,71.8
2017-05-27 16:00:00,738.34,72.9
2017-05-27 17:00:00,735.1,72.7
2017-05-27 18:00:00,734.04,71.6
2017-05-27 19:00:00,737.79,68.9
2017-05-27 20:00:00,742.36,68.0
2017-05-27 21:00:00,738.06,65.8
2017-05-27 22:00:00,736.19,63.1
2017-05-27 23:00:00,743.3,61.2
2017-05-28 00:00:00,741.43,59.7
2017-05-28 01:00:00,736.53,59.4
2017-05-28 02:00:00,737.08,55.0
2017-05-28 03:00:00,741.6,52.7
2017-05-28 04:00:00,734.67,53.4
2017-05-28 05:00:00,729.47,53.4
2017-05-28 06:00:00,730.6,57.0
2017-05-28 07:00:00,737.94,60.4
2017-05-28 08:00:00,745.38,65.7
2017-05-28 09:00:00,744.0,67.6
2017-05-28 10:00:00,739.15,70.5
2017-05-28 11:00:00,743.55,72.7
2017-05-28 12:00:00,742.59,73.6
2017-05-28 13:00:00,744.58,75.0
2017-05-28 14:00:00,739.13,75.2
2017-05-28 15:00:00,738.75,76.1
2017-05-28 16:00:00,736.69,75.4
2017-05-28 17:00:00,734.73,75.6
2017-05-28 18:00:00,732.08,74.1
2017-05-28 19:00:00,738.36,72.5
2017-05-28 20:00:00,743.54,70.7
2017-05-28 21:00:00,738.37,70.2
2017-05-28 22:00:00,745.99,69.4
2017-05-28 23:00:00,743.86,68.0
2017-05-29 00:00:00,745.96,66.4
2017-05-29 01:00:00,743.22,66.7
2017-05-29 02:00:00,772.19,65.5
2017-05-29 03:00:00,791.59,64.6
2017-05-29 04:00:00,1039.85,64.2
2017-05-29 05:00:00,1216.28,62.6
2017-05-29 06:00:00,1325.67,59.0
2017-05-29 07:00:00,1382.42,58.5
2017-05-29 08:00:00,1400.11,58.6
2017-05-29 09:00:00,1401.92,58.6
2017-05-29 10:00:00,1411.31,58.3
2017-05-29 11:00:00,1412.58,56.8
2017-05-29 12:00:00,1419.1,56.7
2017-05-29 13:00:00,1401.0,57.4
2017-05-29 14:00:00,1384.77,58.3
2017-05-29 15:00:00,1350.75,60.1
2017-05-29 16:00:00,1282.17,60.1
2017-05-29 17:00:00,854.95,61.0
2017-05-29 18:00:00,824.37,61.9
2017-05-29 19:00:00,791.36,61.7
2017-05-29 20:00:00,755.88,61.9
2017-05-29 21:00:00,759.02,61.0
2017-05-29 22:00:00,758.18,59.9
2017-05-29 23:00:00,766.18,57.7
2017-05-30 00:00:00,756.56,57.2
2017-05-30 01:00:00,759.43,57.0
2017-05-30 02:00:00,790.6,57.7
2017-05-30 03:00:00,801.19,57.7
2017-05-30 04:00:00,1044.51,57.4
2017-05-30 05:00:00,1228.5,56.8
2017-05-30 06:00:00,1344.6,57.4
2017-05-30 07:00:00,1386.39,59.7
2017-05-30 08:00:00,1411.18,61.3
2017-05-30 09:00:00,1409.56,64.2
2017-05-30 10:00:00,1420.45,64.6
2017-05-30 11:00:00,1410.08,64.0
2017-05-30 12:00:00,1418.26,64.6
2017-05-30 13:00:00,1405.43,68.7
2017-05-30 14:00:00,1395.13,70.9
2017-05-30 15:00:00,1352.01,71.4
2017-05-30 16:00:00,1283.93,70.2
2017-05-30 17:00:00,865.13,61.2
2017-05-30 18:00:00,837.31,60.8
2017-05-30 19:00:00,787.54,60.8
2017-05-30 20:00:00,761.28,58.1
2017-05-30 21:00:00,755.01,54.5
2017-05-30 22:00:00,756.94,56.7
2017-05-30 23:00:00,754.49,54.9
2017-05-31 00:00:00,756.92,52.7
2017-05-31 01:00:00,765.36,55.8
2017-05-31 02:00:00,790.98,55.8
2017-05-31 03:00:00,797.79,56.5
2017-05-31 04:00:00,1033.14,55.2
2017-05-31 05:00:00,1215.98,55.0
2017-05-31 06:00:00,1318.63,57.0
2017-05-31 07:00:00,1362.86,59.4
2017-05-31 08:00:00,1385.28,62.2
2017-05-31 09:00:00,1402.54,64.6
2017-05-31 10:00:00,1393.47,66.4
2017-05-31 11:00:00,1387.18,67.3
2017-05-31 12:00:00,1399.77,69.3
2017-05-31 13:00:00,1383.31,66.9
2017-05-31 14:00:00,1371.43,67.1
2017-05-31 15:00:00,1331.53,71.6
2017-05-31 16:00:00,1272.57,63.1
2017-05-31 17:00:00,861.0,60.8
2017-05-31 18:00:00,822.02,64.2
2017-05-31 19:00:00,800.44,61.3
2017-05-31 20:00:00,769.18,57.7
2017-05-31 21:00:00,766.68,59.4
2017-05-31 22:00:00,774.6,58.1
2017-05-31 23:00:00,759.93,58.3
2017-06-01 00:00:00,761.0,58.3
2017-06-01 01:00:00,761.14,57.2
2017-06-01 02:00:00,785.7,56.1
2017-06-01 03:00:00,800.93,55.0
2017-06-01 04:00:00,1037.72,54.1
2017-06-01 05:00:00,1219.26,53.8
2017-06-01 06:00:00,1308.71,52.7
2017-06-01 07:00:00,1362.84,55.6
2017-06-01 08:00:00,1388.14,55.0
2017-06-01 09:00:00,1382.04,56.5
2017-06-01 10:00:00,1386.91,57.9
2017-06-01 11:00:00,1387.22,58.1
2017-06-01 12:00:00,1403.35,56.1
2017-06-01 13:00:00,1391.36,57.2
2017-06-01 14:00:00,1388.61,59.4
2017-06-01 15:00:00,1347.03,59.4
2017-06-01 16:00:00,1282.72,56.3
2017-06-01 17:00:00,843.3,57.9
2017-06-01 18:00:00,818.53,57.4
2017-06-01 19:00:00,784.58,56.5
2017-06-01 20:00:00,760.95,54.0
2017-06-01 21:00:00,754.44,52.9
2017-06-01 22:00:00,756.0,50.0
2017-06-01 23:00:00,760.9,50.2
2017-06-02 00:00:00,759.68,48.7
2017-06-02 01:00:00,761.08,48.2
2017-06-02 02:00:00,786.75,47.3
2017-06-02 03:00:00,804.44,48.6
2017-06-02 04:00:00,1032.58,48.6
2017-06-02 05:00:00,1184.33,48.6
2017-06-02 06:00:00,1295.56,48.9
2017-06-02 07:00:00,1349.8,48.6
2017-06-02 08:00:00,1368.56,51.1
2017-06-02 09:00:00,1369.83,52.2
2017-06-02 10:00:00,1362.16,54.3
2017-06-02 11:00:00,1366.67,53.8
2017-06-02 12:00:00,1393.35,54.7
2017-06-02 13:00:00,1375.7,56.5
2017-06-02 14:00:00,1360.78,57.6
2017-06-02 15:00:00,1326.85,57.7
2017-06-02 16:00:00,1262.07,57.7
2017-06-02 17:00:00,819.13,57.4
2017-06-02 18:00:00,788.35,58.3
2017-06-02 19:00:00,774.92,57.4
2017-06-02 20:00:00,752.59,56.8
2017-06-02 21:00:00,750.29,55.9
2017-06-02 22:00:00,753.08,54.5
2017-06-02 23:00:00,752.65,53.8
2017-06-03 00:00:00,749.01,52.9
2017-06-03 01:00:00,750.49,49.6
2017-06-03 02:00:00,757.02,48.4
2017-06-03 03:00:00,757.22,47.8
2017-06-03 04:00:00,747.23,46.6
2017-06-03 05:00:00,744.96,46.8
2017-06-03 06:00:00,748.11,48.7
2017-06-03 07:00:00,749.47,50.4
2017-06-03 08:00:00,743.79,52.3
2017-06-03 09:00:00,750.86,54.0
2017-06-03 10:00:00,752.55,55.6
2017-06-03 11:00:00,749.73,57.9
2017-06-03 12:00:00,750.1,60.3
2017-06-03 13:00:00,752.34,61.3
2017-06-03 14:00:00,749.69,63.9
2017-06-03 15:00:00,744.56,66.4
2017-06-03 16:00:00,742.67,65.5
2017-06-03 17:00:00,746.03,66.7
2017-06-03 18:00:00,746.6,68.4
2017-06-03 19:00:00,742.26,66.9
2017-06-03 20:00:00,747.52,63.7
2017-06-03 21:00:00,751.43,58.5
2017-06-03 22:00:00,748.22,56.5
2017-06-03 23:00:00,751.99,54.1
2017-06-04 00:00:00,749.14,52.2
2017-06-04 01:00:00,751.02,51.3
2017-06-04 02:00:00,750.73,50.2
2017-06-04 03:00:00,751.61,48.9
2017-06-04 04:00:00,749.5,49.3
2017-06-04 05:00:00,744.1,50.2
2017-06-04 06:00:00,741.38,52.5
2017-06-04 07:00:00,744.13,58.3
2017-06-04 08:00:00,748.01,60.1
2017-06-04 09:00:00,752.18,62.2
2017-06-04 10:00:00,755.23,63.9
2017-06-04 11:00:00,750.14,63.7
2017-06-04 12:00:00,747.18,63.1
2017-06-04 13:00:00,747.0,64.8
2017-06-04 14:00:00,743.62,61.3
2017-06-04 15:00:00,743.32,60.1
2017-06-04 16:00:00,744.55,60.6
2017-06-04 17:00:00,741.5,59.9
2017-06-04 18:00:00,739.82,59.5
2017-06-04 19:00:00,750.42,59.4
2017-06-04 20:00:00,755.31,58.5
2017-06-04 21:00:00,748.62,57.4
2017-06-04 22:00:00,749.38,57.4
2017-06-04 23:00:00,754.38,57.6
2017-06-05 00:00:00,751.36,56.5
2017-06-05 01:00:00,751.59,56.5
2017-06-05 02:00:00,782.19,56.7
2017-06-05 03:00:00,801.25,56.5
2017-06-05 04:00:00,1047.41,57.2
2017-06-05 05:00:00,1224.9,57.2
2017-06-05 06:00:00,1332.62,57.7
2017-06-05 07:00:00,1387.6,58.3
2017-06-05 08:00:00,1410.36,58.6
2017-06-05 09:00:00,1400.81,59.0
2017-06-05 10:00:00,1422.13,59.9
2017-06-05 11:00:00,1411.26,59.5
2017-06-05 12:00:00,1410.0,57.9
2017-06-05 13:00:00,1399.85,57.6
2017-06-05 14:00:00,1384.25,58.6
2017-06-05 15:00:00,1357.21,59.2
2017-06-05 16:00:00,1281.19,60.1
2017-06-05 17:00:00,861.53,59.2
2017-06-05 18:00:00,831.01,58.8
2017-06-05 19:00:00,812.15,57.6
2017-06-05 20:00:00,771.33,56.8
2017-06-05 21:00:00,773.68,56.5
2017-06-05 22:00:00,774.22,55.6
2017-06-05 23:00:00,767.98,55.4
2017-06-06 00:00:00,766.63,55.0
2017-06-06 01:00:00,775.2,54.7
2017-06-06 02:00:00,800.15,54.1
2017-06-06 03:00:00,812.61,53.4
2017-06-06 04:00:00,1042.91,52.9
2017-06-06 05:00:00,1202.35,52.0
2017-06-06 06:00:00,1302.89,52.0
2017-06-06 07:00:00,1347.23,52.7
2017-06-06 08:00:00,1374.89,53.6
2017-06-06 09:00:00,1380.74,53.2
2017-06-06 10:00:00,1402.07,52.9
2017-06-06 11:00:00,1400.55,52.9
2017-06-06 12:00:00,1406.15,53.1
2017-06-06 13:00:00,1389.22,53.2
2017-06-06 14:00:00,1391.23,54.5
2017-06-06 15:00:00,1351.47,52.3
2017-06-06 16:00:00,1287.11,52.3
2017-06-06 17:00:00,864.63,54.1
2017-06-06 18:00:00,810.88,56.5
2017-06-06 19:00:00,784.65,57.4
2017-06-06 20:00:00,761.92,53.8
2017-06-06 21:00:00,759.58,51.4
2017-06-06 22:00:00,759.43,50.2
2017-06-06 23:00:00,780.47,49.5
2017-06-07 00:00:00,763.54,48.2
2017-06-07 01:00:00,768.0,47.7
2017-06-07 02:00:00,785.85,46.8
2017-06-07 03:00:00,808.17,46.6
2017-06-07 04:00:00,1050.29,44.1
2017-06-07 05:00:00,1200.49,46.8
2017-06-07 06:00:00,1302.17,50.5
2017-06-07 07:00:00,1384.6,54.1
2017-06-07 08:00:00,1417.17,57.0
2017-06-07 09:00:00,1410.72,59.7
2017-06-07 10:00:00,1403.66,63.5
2017-06-07 11:00:00,1397.05,66.6
2017-06-07 12:00:00,1414.87,70.9
2017-06-07 13:00:00,1401.56,72.7
2017-06-07 14:00:00,1386.23,75.2
2017-06-07 15:00:00,1364.91,77.0
2017-06-07 16:00:00,1281.79,76.8
2017-06-07 17:00:00,785.16,76.8
2017-06-07 18:00:00,828.66,76.5
2017-06-07 19:00:00,792.75,74.7
2017-06-07 20:00:00,769.65,70.5
2017-06-07 21:00:00,758.68,68.4
2017-06-07 22:00:00,755.56,66.4
2017-06-07 23:00:00,758.01,64.0
2017-06-08 00:00:00,757.03,63.1
2017-06-08 01:00:00,754.66,61.3
2017-06-08 02:00:00,782.81,60.8
2017-06-08 03:00:00,799.95,59.2
2017-06-08 04:00:00,1058.79,56.7
2017-06-08 05:00:00,1224.93,57.4
2017-06-08 06:00:00,1326.26,59.7
2017-06-08 07:00:00,1388.56,62.8
2017-06-08 08:00:00,1417.28,66.2
2017-06-08 09:00:00,1428.4,69.6
2017-06-08 10:00:00,1414.85,73.2
2017-06-08 11:00:00,1417.26,76.3
2017-06-08 12:00:00,1438.63,78.6
2017-06-08 13:00:00,1433.35,80.1
2017-06-08 14:00:00,1396.66,80.8
2017-06-08 15:00:00,1357.84,78.3
2017-06-08 16:00:00,1293.01,80.2
2017-06-08 17:00:00,843.88,77.9
2017-06-08 18:00:00,818.79,79.5
2017-06-08 19:00:00,789.45,77.0
2017-06-08 20:00:00,769.2,70.9
2017-06-08 21:00:00,767.77,67.8
2017-06-08 22:00:00,768.17,68.9
2017-06-08 23:00:00,764.36,66.2
2017-06-09 00:00:00,764.52,66.0
2017-06-09 01:00:00,774.68,64.9
2017-06-09 02:00:00,798.01,63.9
2017-06-09 03:00:00,808.99,62.1
2017-06-09 04:00:00,1054.07,60.6
2017-06-09 05:00:00,1212.19,59.0
2017-06-09 06:00:00,1328.33,61.9
2017-06-09 07:00:00,1380.2,61.7
2017-06-09 08:00:00,1401.32,65.1
2017-06-09 09:00:00,1395.27,65.8
2017-06-09 10:00:00,1394.3,67.1
2017-06-09 11:00:00,1384.22,69.8
2017-06-09 12:00:00,1385.57,70.0
2017-06-09 13:00:00,1383.76,72.1
2017-06-09 14:00:00,1362.75,72.0
2017-06-09 15:00:00,1335.06,71.4
2017-06-09 16:00:00,1270.23,72.1
2017-06-09 17:00:00,820.56,70.7
2017-06-09 18:00:00,794.64,72.3
2017-06-09 19:00:00,766.11,70.2
2017-06-09 20:00:00,748.32,67.5
2017-06-09 21:00:00,750.25,65.5
2017-06-09 22:00:00,752.73,64.8
2017-06-09 23:00:00,751.47,61.0
2017-06-10 00:00:00,751.78,56.8
2017-06-10 01:00:00,753.04,56.1
2017-06-10 02:00:00,757.6,57.6
2017-06-10 03:00:00,753.1,54.7
2017-06-10 04:00:00,742.61,55.2
2017-06-10 05:00:00,741.2,56.7
2017-06-10 06:00:00,744.15,57.6
2017-06-10 07:00:00,743.34,61.2
2017-06-10 08:00:00,746.34,64.0
2017-06-10 09:00:00,748.53,66.7
2017-06-10 10:00:00,757.16,70.0
2017-06-10 11:00:00,750.35,72.7
2017-06-10 12:00:00,753.29,74.3
2017-06-10 13:00:00,757.16,76.5
2017-06-10 14:00:00,752.45,77.9
2017-06-10 15:00:00,746.22,78.3
2017-06-10 16:00:00,745.16,78.6
2017-06-10 17:00:00,746.83,77.2
2017-06-10 18:00:00,750.01,75.0
2017-06-10 19:00:00,746.96,75.2
2017-06-10 20:00:00,753.05,73.2
2017-06-10 21:00:00,754.28,71.4
2017-06-10 22:00:00,754.9,70.3
2017-06-10 23:00:00,753.11,70.2
2017-06-11 00:00:00,751.59,69.4
2017-06-11 01:00:00,752.74,70.2
2017-06-11 02:00:00,757.09,68.4
2017-06-11 03:00:00,751.6,70.0
2017-06-11 04:00:00,742.5,71.1
2017-06-11 05:00:00,741.36,71.4
2017-06-11 06:00:00,749.95,72.5
2017-06-11 07:00:00,778.77,75.0
2017-06-11 08:00:00,785.88,76.8
2017-06-11 09:00:00,785.8,79.7
2017-06-11 10:00:00,784.78,82.4
2017-06-11 11:00:00,782.29,84.9
2017-06-11 12:00:00,779.8,86.5
2017-06-11 13:00:00,777.95,87.4
2017-06-11 14:00:00,782.92,89.2
2017-06-11 15:00:00,778.5,90.0
2017-06-11 16:00:00,775.41,89.8
2017-06-11 17:00:00,775.0,89.6
2017-06-11 18:00:00,776.75,86.9
2017-06-11 19:00:00,777.84,86.0
2017-06-11 20:00:00,781.03,81.1
2017-06-11 21:00:00,783.63,78.8
2017-06-11 22:00:00,783.05,76.8
2017-06-11 23:00:00,780.52,74.5
2017-06-12 00:00:00,777.11,72.0
2017-06-12 01:00:00,785.78,72.1
2017-06-12 02:00:00,878.66,74.8
2017-06-12 03:00:00,891.95,73.2
2017-06-12 04:00:00,1059.31,72.5
2017-06-12 05:00:00,1224.17,72.7
2017-06-12 06:00:00,1336.78,74.3
2017-06-12 07:00:00,1394.8,76.5
2017-06-12 08:00:00,1413.81,78.8
2017-06-12 09:00:00,1411.85,80.8
2017-06-12 10:00:00,1421.8,84.6
2017-06-12 11:00:00,1415.61,87.4
2017-06-12 12:00:00,1422.89,87.1
2017-06-12 13:00:00,1403.47,87.4
2017-06-12 14:00:00,1393.42,88.9
2017-06-12 15:00:00,1353.62,89.6
2017-06-12 16:00:00,1283.55,89.6
2017-06-12 17:00:00,880.53,88.9
2017-06-12 18:00:00,849.1,85.6
2017-06-12 19:00:00,822.17,85.1
2017-06-12 20:00:00,791.66,83.3
2017-06-12 21:00:00,794.09,80.8
2017-06-12 22:00:00,790.07,78.1
2017-06-12 23:00:00,789.0,77.2
2017-06-13 00:00:00,789.56,76.6
2017-06-13 01:00:00,793.56,74.1
2017-06-13 02:00:00,827.07,72.9
2017-06-13 03:00:00,963.61,72.0
2017-06-13 04:00:00,1070.96,70.5
2017-06-13 05:00:00,1247.87,70.2
2017-06-13 06:00:00,1351.42,70.9
2017-06-13 07:00:00,1400.42,72.0
2017-06-13 08:00:00,1417.15,72.1
2017-06-13 09:00:00,1422.76,71.6
2017-06-13 10:00:00,1429.76,70.3
2017-06-13 11:00:00,1427.43,70.9
2017-06-13 12:00:00,1423.65,70.9
2017-06-13 13:00:00,1411.88,72.0
2017-06-13 14:00:00,1396.22,72.9
2017-06-13 15:00:00,1365.99,72.7
2017-06-13 16:00:00,1295.9,75.4
2017-06-13 17:00:00,891.46,75.7
2017-06-13 18:00:00,850.82,75.6
2017-06-13 19:00:00,819.52,74.1
2017-06-13 20:00:00,803.02,71.4
2017-06-13 21:00:00,796.33,67.8
2017-06-13 22:00:00,791.09,65.1
2017-06-13 23:00:00,776.94,64.4
2017-06-14 00:00:00,774.51,61.9
2017-06-14 01:00:00,768.4,61.2
2017-06-14 02:00:00,792.08,59.2
2017-06-14 03:00:00,936.05,57.9
2017-06-14 04:00:00,1063.57,54.7
2017-06-14 05:00:00,1226.17,54.0
2017-06-14 06:00:00,1339.19,54.9
2017-06-14 07:00:00,1389.08,56.3
2017-06-14 08:00:00,1408.5,57.6
2017-06-14 09:00:00,1416.79,59.7
2017-06-14 10:00:00,1409.65,62.2
2017-06-14 11:00:00,1404.27,63.7
2017-06-14 12:00:00,1414.8,66.9
2017-06-14 13:00:00,1400.48,67.8
2017-06-14 14:00:00,1378.13,69.3
2017-06-14 15:00:00,1351.87,70.3
2017-06-14 16:00:00,1282.73,70.9
2017-06-14 17:00:00,868.73,71.1
2017-06-14 18:00:00,848.46,70.0
2017-06-14 19:00:00,811.1,68.2
2017-06-14 20:00:00,776.24,65.1
2017-06-14 21:00:00,769.78,63.3
2017-06-14 22:00:00,770.55,60.6
2017-06-14 23:00:00,766.79,59.4
2017-06-15 00:00:00,766.01,57.9
2017-06-15 01:00:00,763.91,56.7
2017-06-15 02:00:00,788.98,55.4
2017-06-15 03:00:00,937.17,54.1
2017-06-15 04:00:00,1057.11,52.9
2017-06-15 05:00:00,1215.19,52.5
2017-06-15 06:00:00,1337.21,55.6
2017-06-15 07:00:00,1382.86,59.2
2017-06-15 08:00:00,1412.39,63.1
2017-06-15 09:00:00,1423.92,65.7
2017-06-15 10:00:00,1420.38,68.0
2017-06-15 11:00:00,1416.66,69.6
2017-06-15 12:00:00,1431.23,68.9
2017-06-15 13:00:00,1409.49,71.4
2017-06-15 14:00:00,1399.77,71.6
2017-06-15 15:00:00,1360.63,71.6
2017-06-15 16:00:00,1292.23,70.5
2017-06-15 17:00:00,846.63,70.3
2017-06-15 18:00:00,825.43,69.6
2017-06-15 19:00:00,796.7,69.1
2017-06-15 20:00:00,771.41,68.2
2017-06-15 21:00:00,778.38,62.8
2017-06-15 22:00:00,777.51,58.5
2017-06-15 23:00:00,769.16,56.7
2017-06-16 00:00:00,767.42,55.9
2017-06-16 01:00:00,765.19,56.1
2017-06-16 02:00:00,793.04,56.1
2017-06-16 03:00:00,939.18,56.5
2017-06-16 04:00:00,1060.47,56.8
2017-06-16 05:00:00,1219.21,57.0
2017-06-16 06:00:00,1331.13,57.7
2017-06-16 07:00:00,1392.53,58.8
2017-06-16 08:00:00,1413.51,59.5
2017-06-16 09:00:00,1415.26,60.6
2017-06-16 10:00:00,1415.45,61.5
2017-06-16 11:00:00,1407.66,62.4
2017-06-16 12:00:00,1416.18,62.6
2017-06-16 13:00:00,1404.38,64.2
2017-06-16 14:00:00,1384.6,68.4
2017-06-16 15:00:00,1346.04,68.7
2017-06-16 16:00:00,1282.41,70.2
2017-06-16 17:00:00,826.28,71.1
2017-06-16 18:00:00,778.79,72.3
2017-06-16 19:00:00,763.34,71.4
2017-06-16 20:00:00,755.96,70.5
2017-06-16 21:00:00,757.24,70.2
2017-06-16 22:00:00,753.36,68.2
2017-06-16 23:00:00,753.1,66.9
2017-06-17 00:00:00,754.09,65.7
2017-06-17 01:00:00,756.53,64.9
2017-06-17 02:00:00,757.27,64.2
2017-06-17 03:00:00,754.04,63.3
2017-06-17 04:00:00,752.54,63.0
2017-06-17 05:00:00,746.58,63.0
2017-06-17 06:00:00,759.3,63.1
2017-06-17 07:00:00,762.82,63.9
2017-06-17 08:00:00,759.8,65.1
2017-06-17 09:00:00,763.22,68.2
2017-06-17 10:00:00,763.76,69.6
2017-06-17 11:00:00,753.58,67.1
2017-06-17 12:00:00,764.05,70.2
2017-06-17 13:00:00,758.4,71.6
2017-06-17 14:00:00,757.13,73.4
2017-06-17 15:00:00,750.37,74.8
2017-06-17 16:00:00,751.9,76.8
2017-06-17 17:00:00,751.54,77.0
2017-06-17 18:00:00,753.54,76.8
2017-06-17 19:00:00,750.89,76.8
2017-06-17 20:00:00,757.13,74.1
2017-06-17 21:00:00,754.37,71.4
2017-06-17 22:00:00,752.72,70.5
2017-06-17 23:00:00,757.87,69.1
2017-06-18 00:00:00,759.32,69.4
2017-06-18 01:00:00,757.86,69.6
2017-06-18 02:00:00,756.12,69.1
2017-06-18 03:00:00,758.99,69.3
2017-06-18 04:00:00,752.36,68.7
2017-06-18 05:00:00,741.01,68.7
2017-06-18 06:00:00,741.42,70.7
2017-06-18 07:00:00,776.09,73.6
2017-06-18 08:00:00,794.31,77.7
2017-06-18 09:00:00,791.92,80.2
2017-06-18 10:00:00,784.4,82.8
2017-06-18 11:00:00,789.56,84.7
2017-06-18 12:00:00,793.56,79.9
2017-06-18 13:00:00,787.72,84.7
2017-06-18 14:00:00,788.46,84.0
2017-06-18 15:00:00,786.88,86.7
2017-06-18 16:00:00,778.97,85.3
2017-06-18 17:00:00,778.09,85.1
2017-06-18 18:00:00,781.91,83.8
2017-06-18 19:00:00,787.12,77.0
2017-06-18 20:00:00,789.62,73.8
2017-06-18 21:00:00,786.71,75.7
2017-06-18 22:00:00,788.02,74.7
2017-06-18 23:00:00,791.69,70.7
2017-06-19 00:00:00,785.69,72.0
2017-06-19 01:00:00,793.22,71.6
2017-06-19 02:00:00,843.56,70.2
2017-06-19 03:00:00,962.13,70.2
2017-06-19 04:00:00,1068.1,69.6
2017-06-19 05:00:00,1234.36,69.3
2017-06-19 06:00:00,1350.26,69.4
2017-06-19 07:00:00,1403.06,69.8
2017-06-19 08:00:00,1424.22,71.2
2017-06-19 09:00:00,1427.1,70.9
2017-06-19 10:00:00,1428.18,71.4
2017-06-19 11:00:00,1431.99,75.4
2017-06-19 12:00:00,1433.36,76.5
2017-06-19 13:00:00,1414.56,76.6
2017-06-19 14:00:00,1398.93,78.8
2017-06-19 15:00:00,1369.26,77.9
2017-06-19 16:00:00,1307.62,79.3
2017-06-19 17:00:00,955.59,77.2
2017-06-19 18:00:00,916.93,76.6
2017-06-19 19:00:00,886.52,77.4
2017-06-19 20:00:00,856.25,75.2
2017-06-19 21:00:00,855.0,72.0
2017-06-19 22:00:00,858.68,70.2
2017-06-19 23:00:00,853.86,69.1
2017-06-20 00:00:00,852.85,67.6
2017-06-20 01:00:00,862.27,65.1
2017-06-20 02:00:00,888.41,64.4
2017-06-20 03:00:00,981.99,61.7
2017-06-20 04:00:00,1066.0,63.1
2017-06-20 05:00:00,1250.55,61.5
2017-06-20 06:00:00,1356.3,60.4
2017-06-20 07:00:00,1410.6,61.3
2017-06-20 08:00:00,1418.4,64.2
2017-06-20 09:00:00,1429.27,66.4
2017-06-20 10:00:00,1438.04,68.7
2017-06-20 11:00:00,1413.48,71.1
2017-06-20 12:00:00,1429.54,72.0
2017-06-20 13:00:00,1423.0,72.1
2017-06-20 14:00:00,1399.11,76.5
2017-06-20 15:00:00,1370.2,74.5
2017-06-20 16:00:00,1306.82,73.8
2017-06-20 17:00:00,947.95,74.5
2017-06-20 18:00:00,921.05,72.0
2017-06-20 19:00:00,851.25,71.1
2017-06-20 20:00:00,855.39,69.3
2017-06-20 21:00:00,855.89,68.0
2017-06-20 22:00:00,855.87,65.5
2017-06-20 23:00:00,856.29,64.4
2017-06-21 00:00:00,856.01,64.4
2017-06-21 01:00:00,862.55,59.9
2017-06-21 02:00:00,885.14,59.2
2017-06-21 03:00:00,979.51,58.6
2017-06-21 04:00:00,1066.11,58.3
2017-06-21 05:00:00,1247.97,58.5
2017-06-21 06:00:00,1359.36,59.4
2017-06-21 07:00:00,1413.17,60.6
2017-06-21 08:00:00,1436.49,61.5
2017-06-21 09:00:00,1434.15,63.0
2017-06-21 10:00:00,1435.1,66.7
2017-06-21 11:00:00,1414.74,67.6
2017-06-21 12:00:00,1434.95,70.2
2017-06-21 13:00:00,1429.63,70.3
2017-06-21 14:00:00,1413.26,71.2
2017-06-21 15:00:00,1372.83,72.5
2017-06-21 16:00:00,1304.02,72.1
2017-06-21 17:00:00,942.44,72.1
2017-06-21 18:00:00,914.62,71.8
2017-06-21 19:00:00,889.7,70.7
2017-06-21 20:00:00,874.82,67.8
2017-06-21 21:00:00,870.45,65.5
2017-06-21 22:00:00,854.62,61.3
2017-06-21 23:00:00,851.03,60.4
2017-06-22 00:00:00,853.97,61.7
2017-06-22 01:00:00,857.73,62.2
2017-06-22 02:00:00,880.11,60.4
2017-06-22 03:00:00,981.08,58.5
2017-06-22 04:00:00,1070.4,58.1
2017-06-22 05:00:00,1241.91,58.8
2017-06-22 06:00:00,1352.02,61.2
2017-06-22 07:00:00,1407.67,63.0
2017-06-22 08:00:00,1434.3,65.5
2017-06-22 09:00:00,1432.63,70.0
2017-06-22 10:00:00,1431.53,71.8
2017-06-22 11:00:00,1423.83,73.0
2017-06-22 12:00:00,1432.57,73.0
2017-06-22 13:00:00,1420.86,72.3
2017-06-22 14:00:00,1399.09,75.4
2017-06-22 15:00:00,1374.68,74.3
2017-06-22 16:00:00,1312.72,73.2
2017-06-22 17:00:00,941.11,72.3
2017-06-22 18:00:00,919.91,71.6
2017-06-22 19:00:00,884.07,70.7
2017-06-22 20:00:00,866.98,69.8
2017-06-22 21:00:00,855.92,67.1
2017-06-22 22:00:00,858.33,68.5
2017-06-22 23:00:00,908.02,62.2
2017-06-23 00:00:00,882.57,62.8
2017-06-23 01:00:00,854.25,62.4
2017-06-23 02:00:00,878.46,61.9
2017-06-23 03:00:00,979.35,61.2
2017-06-23 04:00:00,1056.86,61.9
2017-06-23 05:00:00,1213.48,62.4
2017-06-23 06:00:00,1347.17,63.3
2017-06-23 07:00:00,1396.45,65.5
2017-06-23 08:00:00,1409.53,65.3
2017-06-23 09:00:00,1411.76,68.7
2017-06-23 10:00:00,1415.03,70.0
2017-06-23 11:00:00,1402.72,70.9
2017-06-23 12:00:00,1413.9,72.0
2017-06-23 13:00:00,1399.41,73.8
2017-06-23 14:00:00,1389.64,74.1
2017-06-23 15:00:00,1351.19,74.5
2017-06-23 16:00:00,1291.09,74.1
2017-06-23 17:00:00,923.19,72.9
2017-06-23 18:00:00,900.3,72.5
2017-06-23 19:00:00,857.5,72.1
2017-06-23 20:00:00,843.18,70.9
2017-06-23 21:00:00,841.62,71.6
2017-06-23 22:00:00,832.9,69.8
2017-06-23 23:00:00,756.02,69.8
2017-06-24 00:00:00,756.46,68.4
2017-06-24 01:00:00,757.43,65.5
2017-06-24 02:00:00,759.65,63.0
2017-06-24 03:00:00,757.39,60.8
2017-06-24 04:00:00,750.75,59.0
2017-06-24 05:00:00,750.01,59.7
2017-06-24 06:00:00,751.56,61.5
2017-06-24 07:00:00,749.63,63.3
2017-06-24 08:00:00,752.96,66.9
2017-06-24 09:00:00,758.05,69.3
2017-06-24 10:00:00,757.24,72.1
2017-06-24 11:00:00,755.14,73.6
2017-06-24 12:00:00,759.0,76.5
2017-06-24 13:00:00,761.79,76.8
2017-06-24 14:00:00,755.48,77.2
2017-06-24 15:00:00,762.4,77.2
2017-06-24 16:00:00,767.18,74.5
2017-06-24 17:00:00,762.56,73.6
2017-06-24 18:00:00,752.17,67.8
2017-06-24 19:00:00,748.69,66.0
2017-06-24 20:00:00,756.65,64.4
2017-06-24 21:00:00,757.39,63.9
2017-06-24 22:00:00,757.0,62.1
2017-06-24 23:00:00,754.21,61.3
2017-06-25 00:00:00,753.99,60.6
2017-06-25 01:00:00,760.75,59.7
2017-06-25 02:00:00,756.33,58.5
2017-06-25 03:00:00,756.5,58.3
2017-06-25 04:00:00,750.61,56.5
2017-06-25 05:00:00,750.49,57.2
2017-06-25 06:00:00,746.62,59.2
2017-06-25 07:00:00,752.22,61.9
2017-06-25 08:00:00,757.95,64.6
2017-06-25 09:00:00,759.3,66.7
2017-06-25 10:00:00,757.33,70.5
2017-06-25 11:00:00,760.56,60.1
2017-06-25 12:00:00,760.73,64.9
2017-06-25 13:00:00,760.78,68.9
2017-06-25 14:00:00,758.58,57.6
2017-06-25 15:00:00,754.31,59.5
2017-06-25 16:00:00,753.55,57.2
2017-06-25 17:00:00,753.57,59.2
2017-06-25 18:00:00,751.19,59.5
2017-06-25 19:00:00,754.21,58.5
2017-06-25 20:00:00,764.56,58.8
2017-06-25 21:00:00,760.44,56.3
2017-06-25 22:00:00,765.01,56.7
2017-06-25 23:00:00,839.89,54.5
2017-06-26 00:00:00,845.71,56.7
2017-06-26 01:00:00,847.24,56.7
2017-06-26 02:00:00,875.54,55.9
2017-06-26 03:00:00,980.26,56.1
2017-06-26 04:00:00,1066.51,55.4
2017-06-26 05:00:00,1239.41,55.2
2017-06-26 06:00:00,1351.88,54.9
2017-06-26 07:00:00,1407.35,57.0
2017-06-26 08:00:00,1431.03,60.3
2017-06-26 09:00:00,1421.75,62.6
2017-06-26 10:00:00,1432.76,64.8
2017-06-26 11:00:00,1416.66,65.7
2017-06-26 12:00:00,1440.45,67.5
2017-06-26 13:00:00,1419.79,68.0
2017-06-26 14:00:00,1404.84,68.9
2017-06-26 15:00:00,1375.49,70.2
2017-06-26 16:00:00,1306.13,67.8
2017-06-26 17:00:00,876.32,67.5
2017-06-26 18:00:00,841.22,66.9
2017-06-26 19:00:00,813.82,64.9
2017-06-26 20:00:00,774.8,63.3
2017-06-26 21:00:00,773.5,61.5
2017-06-26 22:00:00,775.6,58.5
2017-06-26 23:00:00,775.36,59.5
2017-06-27 00:00:00,768.04,57.9
2017-06-27 01:00:00,771.78,55.8
2017-06-27 02:00:00,801.77,54.7
2017-06-27 03:00:00,906.83,53.2
2017-06-27 04:00:00,1051.95,51.8
2017-06-27 05:00:00,1241.1,51.6
2017-06-27 06:00:00,1350.6,52.7
2017-06-27 07:00:00,1410.79,54.9
2017-06-27 08:00:00,1425.57,57.9
2017-06-27 09:00:00,1429.73,59.9
2017-06-27 10:00:00,1440.31,63.0
2017-06-27 11:00:00,1437.7,64.9
2017-06-27 12:00:00,1442.65,55.4
2017-06-27 13:00:00,1435.22,58.8
2017-06-27 14:00:00,1424.37,59.5
2017-06-27 15:00:00,1378.09,61.5
2017-06-27 16:00:00,1305.96,61.3
2017-06-27 17:00:00,876.5,61.3
2017-06-27 18:00:00,833.15,61.0
2017-06-27 19:00:00,796.27,60.3
2017-06-27 20:00:00,775.57,57.7
2017-06-27 21:00:00,782.39,56.8
2017-06-27 22:00:00,788.99,57.0
2017-06-27 23:00:00,783.08,56.5
2017-06-28 00:00:00,790.9,57.2
2017-06-28 01:00:00,800.63,56.5
2017-06-28 02:00:00,825.07,55.6
2017-06-28 03:00:00,918.4,54.9
2017-06-28 04:00:00,1064.4,53.6
2017-06-28 05:00:00,1249.68,52.7
2017-06-28 06:00:00,1354.56,56.1
2017-06-28 07:00:00,1419.3,56.7
2017-06-28 08:00:00,1430.83,58.3
2017-06-28 09:00:00,1435.43,61.5
2017-06-28 10:00:00,1435.71,64.4
2017-06-28 11:00:00,1426.44,67.8
2017-06-28 12:00:00,1440.37,69.3
2017-06-28 13:00:00,1429.93,72.0
2017-06-28 14:00:00,1416.81,72.3
2017-06-28 15:00:00,1381.82,72.0
2017-06-28 16:00:00,1299.36,70.9
2017-06-28 17:00:00,882.11,68.2
2017-06-28 18:00:00,812.66,63.7
2017-06-28 19:00:00,790.06,63.1
2017-06-28 20:00:00,779.62,61.5
2017-06-28 21:00:00,778.15,60.6
2017-06-28 22:00:00,774.18,60.6
2017-06-28 23:00:00,772.79,60.6
2017-06-29 00:00:00,771.86,60.6
2017-06-29 01:00:00,777.48,59.2
2017-06-29 02:00:00,800.16,59.0
2017-06-29 03:00:00,904.35,59.0
2017-06-29 04:00:00,1061.72,58.8
2017-06-29 05:00:00,1262.01,59.7
2017-06-29 06:00:00,1361.18,60.6
2017-06-29 07:00:00,1426.08,61.5
2017-06-29 08:00:00,1437.72,61.2
2017-06-29 09:00:00,1438.07,60.6
2017-06-29 10:00:00,1439.05,60.3
2017-06-29 11:00:00,1444.31,60.4
2017-06-29 12:00:00,1447.08,60.6
2017-06-29 13:00:00,1429.36,61.2
2017-06-29 14:00:00,1409.69,61.3
2017-06-29 15:00:00,1377.01,61.5
2017-06-29 16:00:00,1302.46,61.3
2017-06-29 17:00:00,872.38,59.9
2017-06-29 18:00:00,828.5,61.9
2017-06-29 19:00:00,801.42,61.7
2017-06-29 20:00:00,786.0,61.5
2017-06-29 21:00:00,779.86,61.0
2017-06-29 22:00:00,781.39,60.8
2017-06-29 23:00:00,825.12,60.8
2017-06-30 00:00:00,799.83,60.6
2017-06-30 01:00:00,822.02,60.4
2017-06-30 02:00:00,850.25,60.4
2017-06-30 03:00:00,935.88,60.3
2017-06-30 04:00:00,1069.25,60.3
2017-06-30 05:00:00,1240.04,60.4
2017-06-30 06:00:00,1345.62,60.6
2017-06-30 07:00:00,1402.76,61.2
2017-06-30 08:00:00,1415.48,61.9
2017-06-30 09:00:00,1410.02,63.3
2017-06-30 10:00:00,1416.97,64.2
2017-06-30 11:00:00,1405.96,65.1
2017-06-30 12:00:00,1409.97,66.6
2017-06-30 13:00:00,1402.75,67.8
2017-06-30 14:00:00,1384.24,70.3
2017-06-30 15:00:00,1350.52,70.5
2017-06-30 16:00:00,1286.89,72.7
2017-06-30 17:00:00,835.08,72.3
2017-06-30 18:00:00,792.16,73.6
2017-06-30 19:00:00,772.33,72.0
2017-06-30 20:00:00,766.58,70.0
2017-06-30 21:00:00,766.24,68.0
2017-06-30 22:00:00,768.44,69.3
2017-06-30 23:00:00,766.61,69.4
2017-07-01 00:00:00,765.2,69.1
2017-07-01 01:00:00,767.98,67.5
2017-07-01 02:00:00,773.05,66.9
2017-07-01 03:00:00,767.33,66.7
2017-07-01 04:00:00,764.22,66.7
2017-07-01 05:00:00,760.64,67.3
2017-07-01 06:00:00,758.84,67.3
2017-07-01 07:00:00,757.56,67.5
2017-07-01 08:00:00,756.88,66.7
2017-07-01 09:00:00,763.94,66.4
2017-07-01 10:00:00,762.29,67.5
2017-07-01 11:00:00,756.93,68.7
2017-07-01 12:00:00,758.15,68.5
2017-07-01 13:00:00,760.66,71.2
2017-07-01 14:00:00,757.15,70.7
2017-07-01 15:00:00,756.15,72.7
2017-07-01 16:00:00,758.09,72.5
2017-07-01 17:00:00,759.78,75.9
2017-07-01 18:00:00,762.88,74.7
2017-07-01 19:00:00,769.0,67.3
2017-07-01 20:00:00,771.82,65.3
2017-07-01 21:00:00,771.39,65.8
2017-07-01 22:00:00,764.61,66.2
2017-07-01 23:00:00,768.04,66.0
2017-07-02 00:00:00,770.18,65.1
2017-07-02 01:00:00,771.02,64.0
2017-07-02 02:00:00,769.2,62.4
2017-07-02 03:00:00,769.66,62.2
2017-07-02 04:00:00,769.73,61.9
2017-07-02 05:00:00,759.68,61.9
2017-07-02 06:00:00,759.81,62.1
2017-07-02 07:00:00,763.11,62.6
2017-07-02 08:00:00,761.16,67.3
2017-07-02 09:00:00,756.23,66.4
2017-07-02 10:00:00,757.11,67.1
2017-07-02 11:00:00,764.51,68.4
2017-07-02 12:00:00,765.44,70.2
2017-07-02 13:00:00,761.75,71.1
2017-07-02 14:00:00,763.35,70.7
2017-07-02 15:00:00,762.4,66.2
2017-07-02 16:00:00,783.09,68.7
2017-07-02 17:00:00,786.91,71.2
2017-07-02 18:00:00,789.14,72.1
2017-07-02 19:00:00,776.85,71.8
2017-07-02 20:00:00,766.11,69.1
2017-07-02 21:00:00,764.79,61.0
2017-07-02 22:00:00,767.45,60.4
2017-07-02 23:00:00,767.12,61.3
2017-07-03 00:00:00,764.53,61.3
2017-07-03 01:00:00,769.89,60.8
2017-07-03 02:00:00,798.47,59.5
2017-07-03 03:00:00,901.84,59.0
2017-07-03 04:00:00,1030.81,58.8
2017-07-03 05:00:00,1064.3,58.6
2017-07-03 06:00:00,1068.8,59.5
2017-07-03 07:00:00,1067.51,61.0
2017-07-03 08:00:00,1068.08,61.5
2017-07-03 09:00:00,1070.16,63.0
2017-07-03 10:00:00,1070.4,64.9
2017-07-03 11:00:00,1071.41,67.5
2017-07-03 12:00:00,1070.27,70.2
2017-07-03 13:00:00,1071.08,72.0
2017-07-03 14:00:00,1072.72,72.5
2017-07-03 15:00:00,1069.57,74.8
2017-07-03 16:00:00,1034.73,75.7
2017-07-03 17:00:00,763.72,75.6
2017-07-03 18:00:00,761.7,75.0
2017-07-03 19:00:00,759.01,73.6
2017-07-03 20:00:00,765.56,69.4
2017-07-03 21:00:00,768.95,66.7
2017-07-03 22:00:00,765.73,63.5
2017-07-03 23:00:00,764.63,60.6
2017-07-04 00:00:00,766.4,59.2
2017-07-04 01:00:00,772.22,57.9
2017-07-04 02:00:00,794.7,57.4
2017-07-04 03:00:00,898.81,56.3
2017-07-04 04:00:00,1059.11,55.2
2017-07-04 05:00:00,1244.98,55.8
2017-07-04 06:00:00,1370.58,61.0
2017-07-04 07:00:00,1427.08,63.9
2017-07-04 08:00:00,1440.59,66.9
2017-07-04 09:00:00,1434.9,70.5
2017-07-04 10:00:00,1442.05,73.0
2017-07-04 11:00:00,1436.33,74.7
2017-07-04 12:00:00,1448.93,76.3
2017-07-04 13:00:00,1430.02,76.6
2017-07-04 14:00:00,1409.33,76.8
2017-07-04 15:00:00,1378.11,76.1
2017-07-04 16:00:00,1305.75,77.9
2017-07-04 17:00:00,868.65,75.9
2017-07-04 18:00:00,848.01,77.2
2017-07-04 19:00:00,813.0,73.9
2017-07-04 20:00:00,778.12,70.5
2017-07-04 21:00:00,779.38,65.7
2017-07-04 22:00:00,779.71,63.1
2017-07-04 23:00:00,783.8,60.8
2017-07-05 00:00:00,783.42,58.3
2017-07-05 01:00:00,792.89,57.0
2017-07-05 02:00:00,814.74,55.9
2017-07-05 03:00:00,917.65,54.9
2017-07-05 04:00:00,1070.33,53.8
2017-07-05 05:00:00,1241.5,55.8
2017-07-05 06:00:00,1368.87,61.9
2017-07-05 07:00:00,1435.3,65.5
2017-07-05 08:00:00,1452.12,70.2
2017-07-05 09:00:00,1444.45,73.9
2017-07-05 10:00:00,1451.23,76.6
2017-07-05 11:00:00,1438.29,78.3
2017-07-05 12:00:00,1440.03,78.3
2017-07-05 13:00:00,1432.32,79.0
2017-07-05 14:00:00,1418.36,80.2
2017-07-05 15:00:00,1385.88,80.2
2017-07-05 16:00:00,1312.1,81.0
2017-07-05 17:00:00,821.58,79.9
2017-07-05 18:00:00,842.74,79.0
2017-07-05 19:00:00,822.16,76.6
2017-07-05 20:00:00,813.58,72.3
2017-07-05 21:00:00,809.62,68.4
2017-07-05 22:00:00,802.95,68.5
2017-07-05 23:00:00,802.53,66.2
2017-07-06 00:00:00,802.92,63.7
2017-07-06 01:00:00,804.11,62.2
2017-07-06 02:00:00,823.93,61.2
2017-07-06 03:00:00,917.73,60.6
2017-07-06 04:00:00,1058.76,60.6
2017-07-06 05:00:00,1246.78,61.7
2017-07-06 06:00:00,1361.07,64.6
2017-07-06 07:00:00,1420.04,68.7
2017-07-06 08:00:00,1433.68,71.4
2017-07-06 09:00:00,1440.67,74.5
2017-07-06 10:00:00,1436.82,78.4
2017-07-06 11:00:00,1425.02,80.2
2017-07-06 12:00:00,1440.59,81.3
2017-07-06 13:00:00,1435.9,79.9
2017-07-06 14:00:00,1409.85,81.1
2017-07-06 15:00:00,1377.58,80.8
2017-07-06 16:00:00,1304.61,80.4
2017-07-06 17:00:00,895.4,80.2
2017-07-06 18:00:00,854.11,77.9
2017-07-06 19:00:00,818.13,77.5
2017-07-06 20:00:00,802.48,75.4
2017-07-06 21:00:00,813.56,73.8
2017-07-06 22:00:00,804.0,73.0
2017-07-06 23:00:00,796.39,72.1
2017-07-07 00:00:00,797.28,71.6
2017-07-07 01:00:00,798.84,70.9
2017-07-07 02:00:00,819.68,71.6
2017-07-07 03:00:00,902.23,69.6
2017-07-07 04:00:00,1042.78,68.5
2017-07-07 05:00:00,1225.45,66.9
2017-07-07 06:00:00,1348.22,68.9
2017-07-07 07:00:00,1400.59,68.9
2017-07-07 08:00:00,1424.36,70.5
2017-07-07 09:00:00,1428.1,70.2
2017-07-07 10:00:00,1425.51,71.2
2017-07-07 11:00:00,1406.65,72.7
2017-07-07 12:00:00,1418.95,76.8
2017-07-07 13:00:00,1412.79,79.0
2017-07-07 14:00:00,1390.48,80.6
2017-07-07 15:00:00,1363.23,77.0
2017-07-07 16:00:00,1289.86,69.4
2017-07-07 17:00:00,852.36,69.6
2017-07-07 18:00:00,831.46,69.8
2017-07-07 19:00:00,789.31,70.5
2017-07-07 20:00:00,766.41,69.3
2017-07-07 21:00:00,767.51,66.9
2017-07-07 22:00:00,771.59,67.3
2017-07-07 23:00:00,768.3,65.3
2017-07-08 00:00:00,765.38,66.9
2017-07-08 01:00:00,762.64,67.1
2017-07-08 02:00:00,770.04,66.0
2017-07-08 03:00:00,763.69,63.1
2017-07-08 04:00:00,758.29,63.0
2017-07-08 05:00:00,751.63,63.0
2017-07-08 06:00:00,752.71,63.0
2017-07-08 07:00:00,756.43,64.6
2017-07-08 08:00:00,762.13,66.0
2017-07-08 09:00:00,764.61,67.3
2017-07-08 10:00:00,773.68,66.0
2017-07-08 11:00:00,773.56,66.2
2017-07-08 12:00:00,766.86,68.7
2017-07-08 13:00:00,784.04,70.9
2017-07-08 14:00:00,786.48,72.1
2017-07-08 15:00:00,784.02,69.3
2017-07-08 16:00:00,778.83,69.1
2017-07-08 17:00:00,777.71,71.2
2017-07-08 18:00:00,781.02,70.9
2017-07-08 19:00:00,780.75,70.5
2017-07-08 20:00:00,784.02,67.3
2017-07-08 21:00:00,786.06,65.1
2017-07-08 22:00:00,789.68,63.3
2017-07-08 23:00:00,779.65,59.9
2017-07-09 00:00:00,770.11,60.1
2017-07-09 01:00:00,770.77,61.2
2017-07-09 02:00:00,766.15,59.9
2017-07-09 03:00:00,764.04,58.6
2017-07-09 04:00:00,755.2,58.3
2017-07-09 05:00:00,749.39,59.7
2017-07-09 06:00:00,754.43,61.0
2017-07-09 07:00:00,760.7,63.0
2017-07-09 08:00:00,763.57,63.3
2017-07-09 09:00:00,769.71,66.6
2017-07-09 10:00:00,778.49,70.3
2017-07-09 11:00:00,779.85,71.6
2017-07-09 12:00:00,779.43,73.4
2017-07-09 13:00:00,782.76,75.4
2017-07-09 14:00:00,786.21,70.9
2017-07-09 15:00:00,779.35,73.4
2017-07-09 16:00:00,778.5,73.6
2017-07-09 17:00:00,778.91,73.4
2017-07-09 18:00:00,780.84,71.4
2017-07-09 19:00:00,778.26,64.4
2017-07-09 20:00:00,786.52,62.8
2017-07-09 21:00:00,777.83,63.0
2017-07-09 22:00:00,778.6,63.0
2017-07-09 23:00:00,769.95,62.8
2017-07-10 00:00:00,766.76,62.4
2017-07-10 01:00:00,777.59,63.0
2017-07-10 02:00:00,832.52,63.0
2017-07-10 03:00:00,906.64,62.8
2017-07-10 04:00:00,1045.56,62.8
2017-07-10 05:00:00,1221.55,62.8
2017-07-10 06:00:00,1353.03,63.0
2017-07-10 07:00:00,1406.52,63.9
2017-07-10 08:00:00,1419.61,66.4
2017-07-10 09:00:00,1420.55,70.0
2017-07-10 10:00:00,1430.04,70.7
2017-07-10 11:00:00,1419.95,71.1
2017-07-10 12:00:00,1418.93,68.7
2017-07-10 13:00:00,1417.35,70.5
2017-07-10 14:00:00,1401.21,72.9
2017-07-10 15:00:00,1368.45,72.9
2017-07-10 16:00:00,1291.08,75.7
2017-07-10 17:00:00,872.8,75.2
2017-07-10 18:00:00,872.58,75.6
2017-07-10 19:00:00,833.83,73.8
2017-07-10 20:00:00,789.19,70.9
2017-07-10 21:00:00,786.54,68.5
2017-07-10 22:00:00,789.31,67.6
2017-07-10 23:00:00,783.72,65.8
2017-07-11 00:00:00,780.78,66.0
2017-07-11 01:00:00,786.1,65.1
2017-07-11 02:00:00,820.17,63.3
2017-07-11 03:00:00,907.5,62.8
2017-07-11 04:00:00,1059.46,63.3
2017-07-11 05:00:00,1243.13,64.9
2017-07-11 06:00:00,1362.6,66.4
2017-07-11 07:00:00,1414.88,68.0
2017-07-11 08:00:00,1433.41,70.5
2017-07-11 09:00:00,1431.24,72.9
2017-07-11 10:00:00,1434.08,74.7
2017-07-11 11:00:00,1421.39,75.9
2017-07-11 12:00:00,1429.94,77.5
2017-07-11 13:00:00,1422.65,78.3
2017-07-11 14:00:00,1408.55,73.0
2017-07-11 15:00:00,1374.35,71.8
2017-07-11 16:00:00,1293.98,73.9
2017-07-11 17:00:00,871.11,74.1
2017-07-11 18:00:00,829.53,72.1
2017-07-11 19:00:00,801.03,69.8
2017-07-11 20:00:00,784.01,68.2
2017-07-11 21:00:00,779.62,67.1
2017-07-11 22:00:00,787.48,65.5
2017-07-11 23:00:00,777.87,63.7
2017-07-12 00:00:00,777.38,63.7
2017-07-12 01:00:00,780.67,62.4
2017-07-12 02:00:00,809.25,61.2
2017-07-12 03:00:00,903.1,63.1
2017-07-12 04:00:00,1053.21,63.1
2017-07-12 05:00:00,1243.86,63.3
2017-07-12 06:00:00,1360.4,64.8
2017-07-12 07:00:00,1412.53,64.9
2017-07-12 08:00:00,1431.02,65.5
2017-07-12 09:00:00,1429.82,65.3
2017-07-12 10:00:00,1432.42,65.3
2017-07-12 11:00:00,1421.76,66.6
2017-07-12 12:00:00,1431.19,66.9
2017-07-12 13:00:00,1424.85,68.9
2017-07-12 14:00:00,1407.61,70.0
2017-07-12 15:00:00,1376.3,70.2
2017-07-12 16:00:00,1299.12,70.3
2017-07-12 17:00:00,855.94,69.6
2017-07-12 18:00:00,851.21,68.5
2017-07-12 19:00:00,813.07,66.7
2017-07-12 20:00:00,786.83,64.9
2017-07-12 21:00:00,785.34,63.0
2017-07-12 22:00:00,783.43,60.6
2017-07-12 23:00:00,774.1,59.4
2017-07-13 00:00:00,779.15,59.4
2017-07-13 01:00:00,785.18,58.3
2017-07-13 02:00:00,807.6,56.8
2017-07-13 03:00:00,903.93,54.5
2017-07-13 04:00:00,1064.02,54.5
2017-07-13 05:00:00,1246.31,55.2
2017-07-13 06:00:00,1357.65,55.9
2017-07-13 07:00:00,1407.13,57.4
2017-07-13 08:00:00,1433.18,60.3
2017-07-13 09:00:00,1438.36,62.2
2017-07-13 10:00:00,1437.06,66.0
2017-07-13 11:00:00,1422.9,66.0
2017-07-13 12:00:00,1440.35,68.4
2017-07-13 13:00:00,1445.69,70.2
2017-07-13 14:00:00,1416.2,72.5
2017-07-13 15:00:00,1377.52,73.4
2017-07-13 16:00:00,1296.27,72.9
2017-07-13 17:00:00,860.71,72.9
2017-07-13 18:00:00,825.13,71.4
2017-07-13 19:00:00,786.5,70.3
2017-07-13 20:00:00,779.57,68.4
2017-07-13 21:00:00,779.06,65.8
2017-07-13 22:00:00,782.85,64.6
2017-07-13 23:00:00,765.64,63.0
2017-07-14 00:00:00,768.4,61.7
2017-07-14 01:00:00,771.38,63.1
2017-07-14 02:00:00,793.09,62.4
2017-07-14 03:00:00,896.55,61.9
2017-07-14 04:00:00,1043.87,61.2
2017-07-14 05:00:00,1226.01,60.4
2017-07-14 06:00:00,1332.2,61.7
2017-07-14 07:00:00,1395.57,63.5
2017-07-14 08:00:00,1420.96,65.7
2017-07-14 09:00:00,1421.88,66.4
2017-07-14 10:00:00,1424.24,67.8
2017-07-14 11:00:00,1414.36,68.2
2017-07-14 12:00:00,1423.38,67.1
2017-07-14 13:00:00,1416.15,66.9
2017-07-14 14:00:00,1391.15,65.3
2017-07-14 15:00:00,1359.39,66.9
2017-07-14 16:00:00,1290.07,67.1
2017-07-14 17:00:00,837.91,66.9
2017-07-14 18:00:00,790.19,66.9
2017-07-14 19:00:00,780.36,65.5
2017-07-14 20:00:00,773.73,64.8
2017-07-14 21:00:00,764.89,64.2
2017-07-14 22:00:00,764.12,64.2
2017-07-14 23:00:00,757.73,64.2
2017-07-15 00:00:00,761.86,64.2
2017-07-15 01:00:00,760.7,64.0
2017-07-15 02:00:00,759.44,63.9
2017-07-15 03:00:00,761.4,64.0
2017-07-15 04:00:00,758.5,64.2
2017-07-15 05:00:00,749.46,64.4
2017-07-15 06:00:00,747.83,63.5
2017-07-15 07:00:00,749.16,65.5
2017-07-15 08:00:00,759.44,66.2
2017-07-15 09:00:00,760.08,68.0
2017-07-15 10:00:00,760.11,70.5
2017-07-15 11:00:00,755.18,73.4
2017-07-15 12:00:00,759.79,77.2
2017-07-15 13:00:00,757.77,78.8
2017-07-15 14:00:00,780.87,80.6
2017-07-15 15:00:00,784.37,81.3
2017-07-15 16:00:00,784.27,81.0
2017-07-15 17:00:00,779.97,80.8
2017-07-15 18:00:00,778.73,80.1
2017-07-15 19:00:00,783.88,78.6
2017-07-15 20:00:00,792.65,72.1
2017-07-15 21:00:00,785.78,71.4
2017-07-15 22:00:00,782.18,70.7
2017-07-15 23:00:00,783.05,70.9
2017-07-16 00:00:00,774.15,69.6
2017-07-16 01:00:00,769.43,68.7
2017-07-16 02:00:00,767.43,68.0
2017-07-16 03:00:00,765.82,66.7
2017-07-16 04:00:00,757.01,65.7
2017-07-16 05:00:00,751.46,64.2
2017-07-16 06:00:00,756.17,65.3
2017-07-16 07:00:00,774.28,67.1
2017-07-16 08:00:00,778.69,69.1
2017-07-16 09:00:00,773.1,71.1
2017-07-16 10:00:00,779.88,74.5
2017-07-16 11:00:00,786.63,76.3
2017-07-16 12:00:00,787.8,77.2
2017-07-16 13:00:00,783.56,78.4
2017-07-16 14:00:00,786.88,78.4
2017-07-16 15:00:00,784.96,76.8
2017-07-16 16:00:00,780.7,74.3
2017-07-16 17:00:00,777.82,73.8
2017-07-16 18:00:00,770.65,72.1
2017-07-16 19:00:00,778.42,70.7
2017-07-16 20:00:00,779.9,70.2
2017-07-16 21:00:00,773.79,69.4
2017-07-16 22:00:00,770.47,68.5
2017-07-16 23:00:00,774.53,67.6
2017-07-17 00:00:00,786.08,66.9
2017-07-17 01:00:00,766.88,66.0
2017-07-17 02:00:00,825.43,65.8
2017-07-17 03:00:00,911.3,65.8
2017-07-17 04:00:00,1052.41,65.5
2017-07-17 05:00:00,1231.62,65.1
2017-07-17 06:00:00,1346.53,65.5
2017-07-17 07:00:00,1402.41,67.3
2017-07-17 08:00:00,1424.29,68.4
2017-07-17 09:00:00,1418.95,71.2
2017-07-17 10:00:00,1431.54,72.9
2017-07-17 11:00:00,1428.76,73.6
2017-07-17 12:00:00,1430.32,75.0
2017-07-17 13:00:00,1424.35,76.3
2017-07-17 14:00:00,1402.33,75.0
2017-07-17 15:00:00,1371.44,77.2
2017-07-17 16:00:00,1291.89,77.9
2017-07-17 17:00:00,888.66,77.2
2017-07-17 18:00:00,874.31,77.7
2017-07-17 19:00:00,839.78,75.6
2017-07-17 20:00:00,815.5,72.9
2017-07-17 21:00:00,815.01,70.0
2017-07-17 22:00:00,815.98,68.5
2017-07-17 23:00:00,806.5,67.1
2017-07-18 00:00:00,802.92,66.0
2017-07-18 01:00:00,808.05,65.5
2017-07-18 02:00:00,837.55,65.5
2017-07-18 03:00:00,933.88,64.4
2017-07-18 04:00:00,1061.78,63.0
2017-07-18 05:00:00,1244.59,63.3
2017-07-18 06:00:00,1369.53,65.3
2017-07-18 07:00:00,1423.6,69.6
2017-07-18 08:00:00,1435.46,70.7
2017-07-18 09:00:00,1443.53,75.9
2017-07-18 10:00:00,1445.08,78.3
2017-07-18 11:00:00,1434.9,79.2
2017-07-18 12:00:00,1441.02,79.9
2017-07-18 13:00:00,1443.4,82.0
2017-07-18 14:00:00,1439.9,82.2
2017-07-18 15:00:00,1384.98,81.9
2017-07-18 16:00:00,1299.25,81.1
2017-07-18 17:00:00,894.96,82.6
2017-07-18 18:00:00,866.35,81.7
2017-07-18 19:00:00,837.75,79.7
2017-07-18 20:00:00,815.43,77.0
2017-07-18 21:00:00,835.97,74.7
2017-07-18 22:00:00,837.53,72.7
2017-07-18 23:00:00,840.96,71.6
2017-07-19 00:00:00,838.11,70.3
2017-07-19 01:00:00,831.53,69.6
2017-07-19 02:00:00,845.73,68.0
2017-07-19 03:00:00,930.93,66.2
2017-07-19 04:00:00,1063.83,64.9
2017-07-19 05:00:00,1233.54,64.8
2017-07-19 06:00:00,1363.32,65.7
2017-07-19 07:00:00,1421.75,69.4
2017-07-19 08:00:00,1439.76,72.3
2017-07-19 09:00:00,1437.15,72.7
2017-07-19 10:00:00,1441.46,74.8
2017-07-19 11:00:00,1432.55,75.9
2017-07-19 12:00:00,1435.42,76.5
2017-07-19 13:00:00,1406.88,75.2
2017-07-19 14:00:00,1413.55,78.1
2017-07-19 15:00:00,1384.06,79.2
2017-07-19 16:00:00,1293.79,81.7
2017-07-19 17:00:00,883.24,79.0
2017-07-19 18:00:00,853.87,78.3
2017-07-19 19:00:00,832.88,78.8
2017-07-19 20:00:00,805.23,75.4
2017-07-19 21:00:00,798.03,71.2
2017-07-19 22:00:00,799.38,69.8
2017-07-19 23:00:00,801.87,68.2
2017-07-20 00:00:00,804.05,68.5
2017-07-20 01:00:00,798.47,67.3
2017-07-20 02:00:00,809.46,67.8
2017-07-20 03:00:00,905.62,66.4
2017-07-20 04:00:00,1061.75,65.1
2017-07-20 05:00:00,1240.95,66.9
2017-07-20 06:00:00,1363.57,69.1
2017-07-20 07:00:00,1415.78,70.3
2017-07-20 08:00:00,1439.28,71.6
2017-07-20 09:00:00,1439.3,75.0
2017-07-20 10:00:00,1439.55,77.5
2017-07-20 11:00:00,1432.96,80.1
2017-07-20 12:00:00,1448.05,81.0
2017-07-20 13:00:00,1438.18,80.4
2017-07-20 14:00:00,1423.12,81.7
2017-07-20 15:00:00,1386.52,82.9
2017-07-20 16:00:00,1302.72,82.2
2017-07-20 17:00:00,1018.22,81.9
2017-07-20 18:00:00,1047.41,81.1
2017-07-20 19:00:00,796.33,78.4
2017-07-20 20:00:00,778.78,73.9
2017-07-20 21:00:00,767.08,71.8
2017-07-20 22:00:00,775.91,70.5
2017-07-20 23:00:00,829.28,68.4
2017-07-21 00:00:00,787.78,67.5
2017-07-21 01:00:00,776.89,65.8
2017-07-21 02:00:00,803.27,65.7
2017-07-21 03:00:00,899.3,64.9
2017-07-21 04:00:00,1048.93,62.8
2017-07-21 05:00:00,1211.81,61.7
2017-07-21 06:00:00,1347.67,64.6
2017-07-21 07:00:00,1398.89,68.4
2017-07-21 08:00:00,1416.6,70.2
2017-07-21 09:00:00,1415.2,71.6
2017-07-21 10:00:00,1419.48,72.9
2017-07-21 11:00:00,1405.87,74.1
2017-07-21 12:00:00,1410.28,76.3
2017-07-21 13:00:00,1405.24,78.8
2017-07-21 14:00:00,1385.07,80.2
2017-07-21 15:00:00,1355.88,81.1
2017-07-21 16:00:00,1279.53,81.7
2017-07-21 17:00:00,869.12,81.1
2017-07-21 18:00:00,826.6,80.4
2017-07-21 19:00:00,762.8,78.1
2017-07-21 20:00:00,751.57,75.6
2017-07-21 21:00:00,752.78,73.6
2017-07-21 22:00:00,754.55,70.9
2017-07-21 23:00:00,753.26,68.9
2017-07-22 00:00:00,752.56,67.1
2017-07-22 01:00:00,757.0,63.9
2017-07-22 02:00:00,756.02,63.5
2017-07-22 03:00:00,754.56,61.2
2017-07-22 04:00:00,750.17,63.7
2017-07-22 05:00:00,748.46,63.0
2017-07-22 06:00:00,799.95,64.4
2017-07-22 07:00:00,840.89,65.8
2017-07-22 08:00:00,835.36,67.3
2017-07-22 09:00:00,839.96,69.3
2017-07-22 10:00:00,839.84,71.6
2017-07-22 11:00:00,844.93,72.3
2017-07-22 12:00:00,854.66,74.5
2017-07-22 13:00:00,859.72,75.0
2017-07-22 14:00:00,856.7,75.9
2017-07-22 15:00:00,807.15,77.0
2017-07-22 16:00:00,774.21,76.6
2017-07-22 17:00:00,778.98,74.3
2017-07-22 18:00:00,779.97,75.4
2017-07-22 19:00:00,764.2,73.6
2017-07-22 20:00:00,759.26,69.6
2017-07-22 21:00:00,758.95,70.3
2017-07-22 22:00:00,755.56,67.6
2017-07-22 23:00:00,755.31,68.0
2017-07-23 00:00:00,752.8,67.5
2017-07-23 01:00:00,756.28,66.9
2017-07-23 02:00:00,759.11,66.2
2017-07-23 03:00:00,754.02,65.5
2017-07-23 04:00:00,751.74,63.9
2017-07-23 05:00:00,747.41,62.4
2017-07-23 06:00:00,746.78,62.1
2017-07-23 07:00:00,748.61,63.1
2017-07-23 08:00:00,748.02,63.5
2017-07-23 09:00:00,753.54,64.4
2017-07-23 10:00:00,757.71,66.2
2017-07-23 11:00:00,755.79,66.4
2017-07-23 12:00:00,754.49,67.6
2017-07-23 13:00:00,759.75,68.4
2017-07-23 14:00:00,756.54,69.1
2017-07-23 15:00:00,751.66,69.8
2017-07-23 16:00:00,751.06,70.2
2017-07-23 17:00:00,749.84,70.2
2017-07-23 18:00:00,747.4,69.1
2017-07-23 19:00:00,748.67,67.6
2017-07-23 20:00:00,751.6,66.4
2017-07-23 21:00:00,752.9,66.9
2017-07-23 22:00:00,752.72,66.4
2017-07-23 23:00:00,749.8,65.7
2017-07-24 00:00:00,750.4,64.4
2017-07-24 01:00:00,763.28,64.4
2017-07-24 02:00:00,825.46,64.8
2017-07-24 03:00:00,904.15,64.6
2017-07-24 04:00:00,1040.21,62.4
2017-07-24 05:00:00,1236.3,58.5
2017-07-24 06:00:00,1349.63,57.6
2017-07-24 07:00:00,1402.01,57.0
2017-07-24 08:00:00,1423.12,57.2
2017-07-24 09:00:00,1420.16,57.2
2017-07-24 10:00:00,1426.06,57.2
2017-07-24 11:00:00,1431.4,57.6
2017-07-24 12:00:00,1435.4,58.5
2017-07-24 13:00:00,1425.11,58.6
2017-07-24 14:00:00,1399.62,58.8
2017-07-24 15:00:00,1370.15,59.2
2017-07-24 16:00:00,1291.66,58.6
2017-07-24 17:00:00,876.89,57.9
2017-07-24 18:00:00,834.78,57.7
2017-07-24 19:00:00,804.33,57.6
2017-07-24 20:00:00,771.98,57.9
2017-07-24 21:00:00,771.5,57.6
2017-07-24 22:00:00,770.93,56.8
2017-07-24 23:00:00,771.48,56.5
2017-07-25 00:00:00,772.31,56.8
2017-07-25 01:00:00,778.31,57.2
2017-07-25 02:00:00,804.52,56.3
2017-07-25 03:00:00,906.35,56.5
2017-07-25 04:00:00,1059.63,56.8
2017-07-25 05:00:00,1238.93,57.0
2017-07-25 06:00:00,1353.86,57.9
2017-07-25 07:00:00,1413.9,59.4
2017-07-25 08:00:00,1435.45,61.2
2017-07-25 09:00:00,1433.67,62.6
2017-07-25 10:00:00,1438.76,63.5
2017-07-25 11:00:00,1433.72,65.5
2017-07-25 12:00:00,1443.9,67.8
2017-07-25 13:00:00,1433.25,70.9
2017-07-25 14:00:00,1411.15,71.8
2017-07-25 15:00:00,1383.62,70.7
2017-07-25 16:00:00,1303.35,72.0
2017-07-25 17:00:00,877.84,72.5
2017-07-25 18:00:00,855.14,71.6
2017-07-25 19:00:00,805.38,69.4
2017-07-25 20:00:00,787.98,66.0
2017-07-25 21:00:00,772.46,62.4
2017-07-25 22:00:00,778.45,60.6
2017-07-25 23:00:00,777.22,58.8
2017-07-26 00:00:00,780.72,57.7
2017-07-26 01:00:00,788.66,55.6
2017-07-26 02:00:00,808.68,55.0
2017-07-26 03:00:00,913.36,54.0
2017-07-26 04:00:00,1065.45,53.2
2017-07-26 05:00:00,1235.69,53.4
2017-07-26 06:00:00,1364.0,58.6
2017-07-26 07:00:00,1416.12,63.7
2017-07-26 08:00:00,1444.75,66.9
2017-07-26 09:00:00,1448.98,67.3
2017-07-26 10:00:00,1447.7,68.2
2017-07-26 11:00:00,1432.2,69.1
2017-07-26 12:00:00,1443.65,70.9
2017-07-26 13:00:00,1430.68,70.2
2017-07-26 14:00:00,1413.03,71.1
2017-07-26 15:00:00,1382.8,71.1
2017-07-26 16:00:00,1298.7,70.2
2017-07-26 17:00:00,868.19,69.6
2017-07-26 18:00:00,829.99,68.4
2017-07-26 19:00:00,824.23,66.4
2017-07-26 20:00:00,799.37,65.7
2017-07-26 21:00:00,790.58,63.5
2017-07-26 22:00:00,780.99,64.4
2017-07-26 23:00:00,774.1,64.9
2017-07-27 00:00:00,777.07,64.9
2017-07-27 01:00:00,796.79,64.4
2017-07-27 02:00:00,820.76,63.5
2017-07-27 03:00:00,909.03,63.1
2017-07-27 04:00:00,1067.59,63.9
2017-07-27 05:00:00,1245.44,64.0
2017-07-27 06:00:00,1366.7,64.9
2017-07-27 07:00:00,1417.9,66.6
2017-07-27 08:00:00,1437.76,67.6
2017-07-27 09:00:00,1438.02,70.2
2017-07-27 10:00:00,1435.11,72.3
2017-07-27 11:00:00,1426.53,70.5
2017-07-27 12:00:00,1444.46,71.1
2017-07-27 13:00:00,1432.19,74.3
2017-07-27 14:00:00,1408.79,76.3
2017-07-27 15:00:00,1376.96,74.3
2017-07-27 16:00:00,1298.76,77.2
2017-07-27 17:00:00,872.12,68.4
2017-07-27 18:00:00,837.11,70.9
2017-07-27 19:00:00,806.86,71.1
2017-07-27 20:00:00,800.87,68.9
2017-07-27 21:00:00,789.48,67.5
2017-07-27 22:00:00,790.03,68.2
2017-07-27 23:00:00,798.69,66.6
2017-07-28 00:00:00,796.9,63.7
2017-07-28 01:00:00,791.79,62.8
2017-07-28 02:00:00,806.4,60.3
2017-07-28 03:00:00,905.21,59.4
2017-07-28 04:00:00,1046.49,58.6
2017-07-28 05:00:00,1222.18,57.4
2017-07-28 06:00:00,1343.6,58.8
2017-07-28 07:00:00,1404.21,59.4
2017-07-28 08:00:00,1420.65,61.2
2017-07-28 09:00:00,1414.66,62.4
2017-07-28 10:00:00,1418.09,65.1
2017-07-28 11:00:00,1408.22,67.1
2017-07-28 12:00:00,1413.61,69.3
2017-07-28 13:00:00,1405.62,71.1
2017-07-28 14:00:00,1390.55,71.6
2017-07-28 15:00:00,1361.64,72.0
2017-07-28 16:00:00,1286.63,72.7
2017-07-28 17:00:00,853.91,73.0
2017-07-28 18:00:00,828.47,72.7
2017-07-28 19:00:00,780.78,71.4
2017-07-28 20:00:00,759.99,66.2
2017-07-28 21:00:00,760.32,61.5
2017-07-28 22:00:00,762.32,59.7
2017-07-28 23:00:00,762.1,58.3
2017-07-29 00:00:00,758.67,54.5
2017-07-29 01:00:00,757.59,55.9
2017-07-29 02:00:00,764.84,57.6
2017-07-29 03:00:00,761.61,59.4
2017-07-29 04:00:00,755.53,57.9
2017-07-29 05:00:00,750.48,56.7
2017-07-29 06:00:00,752.41,58.6
2017-07-29 07:00:00,754.1,61.0
2017-07-29 08:00:00,752.8,64.9
2017-07-29 09:00:00,759.85,68.5
2017-07-29 10:00:00,761.1,70.7
2017-07-29 11:00:00,752.28,71.6
2017-07-29 12:00:00,752.88,72.7
2017-07-29 13:00:00,757.13,74.1
2017-07-29 14:00:00,774.45,74.7
2017-07-29 15:00:00,778.99,75.2
2017-07-29 16:00:00,781.52,75.4
2017-07-29 17:00:00,787.16,75.2
2017-07-29 18:00:00,784.47,72.5
2017-07-29 19:00:00,784.86,72.3
2017-07-29 20:00:00,791.99,68.9
2017-07-29 21:00:00,786.66,66.6
2017-07-29 22:00:00,769.32,62.6
2017-07-29 23:00:00,763.29,59.0
2017-07-30 00:00:00,759.01,57.6
2017-07-30 01:00:00,757.36,55.0
2017-07-30 02:00:00,758.01,54.3
2017-07-30 03:00:00,756.96,55.8
2017-07-30 04:00:00,756.6,53.2
2017-07-30 05:00:00,751.14,53.8
2017-07-30 06:00:00,746.75,57.4
2017-07-30 07:00:00,749.66,63.7
2017-07-30 08:00:00,751.51,66.6
2017-07-30 09:00:00,758.88,69.8
2017-07-30 10:00:00,761.67,74.3
2017-07-30 11:00:00,769.06,75.9
2017-07-30 12:00:00,781.4,78.1
2017-07-30 13:00:00,784.84,79.5
2017-07-30 14:00:00,778.69,81.3
2017-07-30 15:00:00,782.35,82.0
2017-07-30 16:00:00,783.69,82.6
2017-07-30 17:00:00,780.76,82.4
2017-07-30 18:00:00,778.19,77.0
2017-07-30 19:00:00,781.81,73.2
2017-07-30 20:00:00,788.04,69.3
2017-07-30 21:00:00,785.81,67.6
2017-07-30 22:00:00,785.85,67.8
2017-07-30 23:00:00,786.74,66.0
2017-07-31 00:00:00,787.92,64.8
2017-07-31 01:00:00,789.51,63.5
2017-07-31 02:00:00,834.54,61.0
2017-07-31 03:00:00,911.9,61.0
2017-07-31 04:00:00,1048.75,60.8
2017-07-31 05:00:00,1204.92,59.9
2017-07-31 06:00:00,1340.25,61.9
2017-07-31 07:00:00,1398.27,67.8
2017-07-31 08:00:00,1420.76,70.2
2017-07-31 09:00:00,1418.83,72.1
2017-07-31 10:00:00,1426.03,75.0
2017-07-31 11:00:00,1419.09,76.1
2017-07-31 12:00:00,1427.92,78.1
2017-07-31 13:00:00,1416.96,78.1
2017-07-31 14:00:00,1400.39,78.3
2017-07-31 15:00:00,1380.41,79.7
2017-07-31 16:00:00,1299.5,80.1
2017-07-31 17:00:00,903.78,79.5
2017-07-31 18:00:00,878.77,78.6
2017-07-31 19:00:00,843.7,76.8
2017-07-31 20:00:00,829.36,71.1
2017-07-31 21:00:00,825.9,69.6
2017-07-31 22:00:00,821.04,66.9
2017-07-31 23:00:00,828.31,64.6
2017-08-01 00:00:00,826.06,62.2
2017-08-01 01:00:00,823.12,60.8
2017-08-01 02:00:00,843.95,59.0
2017-08-01 03:00:00,928.43,59.7
2017-08-01 04:00:00,1055.77,57.9
2017-08-01 05:00:00,1226.04,57.4
2017-08-01 06:00:00,1358.38,61.9
2017-08-01 07:00:00,1417.21,66.4
2017-08-01 08:00:00,1434.37,70.5
2017-08-01 09:00:00,1435.71,73.9
2017-08-01 10:00:00,1436.1,76.1
2017-08-01 11:00:00,1425.21,78.3
2017-08-01 12:00:00,1432.49,80.2
2017-08-01 13:00:00,1424.15,81.0
2017-08-01 14:00:00,1404.07,82.4
2017-08-01 15:00:00,1369.69,83.5
2017-08-01 16:00:00,1285.13,82.8
2017-08-01 17:00:00,882.51,82.0
2017-08-01 18:00:00,853.07,81.3
2017-08-01 19:00:00,844.83,78.4
2017-08-01 20:00:00,828.93,74.3
2017-08-01 21:00:00,823.81,71.2
2017-08-01 22:00:00,816.16,71.6
2017-08-01 23:00:00,807.2,70.2
2017-08-02 00:00:00,805.99,70.5
2017-08-02 01:00:00,814.91,69.8
2017-08-02 02:00:00,863.29,67.3
2017-08-02 03:00:00,980.62,66.7
2017-08-02 04:00:00,1067.38,65.1
2017-08-02 05:00:00,1233.27,65.7
2017-08-02 06:00:00,1348.26,67.1
2017-08-02 07:00:00,1404.99,70.3
2017-08-02 08:00:00,1421.44,72.5
2017-08-02 09:00:00,1417.7,74.3
2017-08-02 10:00:00,1427.21,79.5
2017-08-02 11:00:00,1412.9,81.1
2017-08-02 12:00:00,1418.93,81.7
2017-08-02 13:00:00,1415.51,84.0
2017-08-02 14:00:00,1396.58,85.3
2017-08-02 15:00:00,1364.76,84.2
2017-08-02 16:00:00,1288.98,84.9
2017-08-02 17:00:00,898.31,82.0
2017-08-02 18:00:00,860.7,69.6
2017-08-02 19:00:00,821.24,70.9
2017-08-02 20:00:00,821.17,68.4
2017-08-02 21:00:00,823.37,66.4
2017-08-02 22:00:00,832.34,68.2
2017-08-02 23:00:00,819.03,67.1
2017-08-03 00:00:00,810.99,65.8
2017-08-03 01:00:00,816.43,66.4
2017-08-03 02:00:00,834.17,66.0
2017-08-03 03:00:00,915.43,64.2
2017-08-03 04:00:00,1054.71,64.2
2017-08-03 05:00:00,1232.55,63.7
2017-08-03 06:00:00,1369.41,65.5
2017-08-03 07:00:00,1407.75,67.3
2017-08-03 08:00:00,1425.08,69.1
2017-08-03 09:00:00,1427.13,70.0
2017-08-03 10:00:00,1434.85,70.9
2017-08-03 11:00:00,1415.12,72.7
2017-08-03 12:00:00,1426.95,74.5
2017-08-03 13:00:00,1425.46,75.2
2017-08-03 14:00:00,1407.44,75.6
2017-08-03 15:00:00,1376.85,76.6
2017-08-03 16:00:00,1300.44,77.4
2017-08-03 17:00:00,888.94,76.8
2017-08-03 18:00:00,864.89,75.7
2017-08-03 19:00:00,858.92,73.9
2017-08-03 20:00:00,834.06,71.2
2017-08-03 21:00:00,811.95,70.0
2017-08-03 22:00:00,777.27,68.5
2017-08-03 23:00:00,762.75,67.6
2017-08-04 00:00:00,786.06,67.3
2017-08-04 01:00:00,806.78,66.2
2017-08-04 02:00:00,835.01,66.2
2017-08-04 03:00:00,942.1,65.7
2017-08-04 04:00:00,1061.31,64.8
2017-08-04 05:00:00,1218.4,64.6
2017-08-04 06:00:00,1337.46,65.1
2017-08-04 07:00:00,1391.83,66.0
2017-08-04 08:00:00,1401.93,67.5
2017-08-04 09:00:00,1406.6,70.0
2017-08-04 10:00:00,1407.12,73.9
2017-08-04 11:00:00,1399.16,76.6
2017-08-04 12:00:00,1407.73,77.0
2017-08-04 13:00:00,1403.08,78.6
2017-08-04 14:00:00,1378.64,79.7
2017-08-04 15:00:00,1355.45,81.5
2017-08-04 16:00:00,1285.67,81.7
2017-08-04 17:00:00,865.04,81.1
2017-08-04 18:00:00,831.53,76.6
2017-08-04 19:00:00,795.52,73.0
2017-08-04 20:00:00,773.87,72.0
2017-08-04 21:00:00,768.11,70.7
2017-08-04 22:00:00,764.08,68.4
2017-08-04 23:00:00,761.58,67.8
2017-08-05 00:00:00,767.23,67.8
2017-08-05 01:00:00,762.86,67.1
2017-08-05 02:00:00,764.85,66.6
2017-08-05 03:00:00,763.1,65.3
2017-08-05 04:00:00,766.05,66.6
2017-08-05 05:00:00,751.46,64.0
2017-08-05 06:00:00,755.1,63.9
2017-08-05 07:00:00,762.09,65.7
2017-08-05 08:00:00,765.7,67.6
2017-08-05 09:00:00,765.75,69.6
2017-08-05 10:00:00,768.09,69.3
2017-08-05 11:00:00,776.0,70.9
2017-08-05 12:00:00,778.02,70.9
2017-08-05 13:00:00,777.29,70.2
2017-08-05 14:00:00,775.33,72.0
2017-08-05 15:00:00,774.01,72.3
2017-08-05 16:00:00,778.05,65.8
2017-08-05 17:00:00,775.59,67.1
2017-08-05 18:00:00,761.99,67.8
2017-08-05 19:00:00,761.08,66.2
2017-08-05 20:00:00,758.62,64.2
2017-08-05 21:00:00,754.37,63.0
2017-08-05 22:00:00,752.04,59.9
2017-08-05 23:00:00,757.15,58.6
2017-08-06 00:00:00,756.61,57.9
2017-08-06 01:00:00,752.9,57.6
2017-08-06 02:00:00,756.77,56.1
2017-08-06 03:00:00,757.75,55.6
2017-08-06 04:00:00,758.41,55.6
2017-08-06 05:00:00,747.43,54.7
2017-08-06 06:00:00,745.84,56.5
2017-08-06 07:00:00,750.38,56.3
2017-08-06 08:00:00,748.94,58.5
2017-08-06 09:00:00,744.58,62.4
2017-08-06 10:00:00,750.49,64.0
2017-08-06 11:00:00,751.58,64.4
2017-08-06 12:00:00,756.33,65.3
2017-08-06 13:00:00,760.97,66.9
2017-08-06 14:00:00,776.85,68.4
2017-08-06 15:00:00,777.88,69.1
2017-08-06 16:00:00,777.92,70.0
2017-08-06 17:00:00,776.66,69.4
2017-08-06 18:00:00,775.81,68.5
2017-08-06 19:00:00,782.81,65.8
2017-08-06 20:00:00,783.49,63.7
2017-08-06 21:00:00,775.74,62.8
2017-08-06 22:00:00,770.77,61.9
2017-08-06 23:00:00,768.71,59.7
2017-08-07 00:00:00,760.39,58.5
2017-08-07 01:00:00,760.54,56.7
2017-08-07 02:00:00,787.24,56.1
2017-08-07 03:00:00,896.71,55.4
2017-08-07 04:00:00,1026.06,54.9
2017-08-07 05:00:00,1058.12,55.2
2017-08-07 06:00:00,1061.72,56.3
2017-08-07 07:00:00,1063.1,57.2
2017-08-07 08:00:00,1059.1,59.2
2017-08-07 09:00:00,1061.94,60.1
2017-08-07 10:00:00,1064.85,63.1
2017-08-07 11:00:00,1071.65,65.1
2017-08-07 12:00:00,1065.69,66.7
2017-08-07 13:00:00,1068.88,68.7
2017-08-07 14:00:00,1071.82,70.0
2017-08-07 15:00:00,1067.18,70.9
2017-08-07 16:00:00,1022.35,70.3
2017-08-07 17:00:00,751.36,68.0
2017-08-07 18:00:00,751.94,66.9
2017-08-07 19:00:00,753.95,65.7
2017-08-07 20:00:00,753.82,63.3
2017-08-07 21:00:00,756.05,62.1
2017-08-07 22:00:00,759.12,60.6
2017-08-07 23:00:00,755.77,59.4
2017-08-08 00:00:00,755.59,61.5
2017-08-08 01:00:00,760.95,61.3
2017-08-08 02:00:00,791.59,61.5
2017-08-08 03:00:00,895.99,60.4
2017-08-08 04:00:00,1045.08,58.1
2017-08-08 05:00:00,1208.38,59.0
2017-08-08 06:00:00,1335.63,59.7
2017-08-08 07:00:00,1391.72,61.0
2017-08-08 08:00:00,1411.22,62.6
2017-08-08 09:00:00,1408.7,65.1
2017-08-08 10:00:00,1414.48,69.3
2017-08-08 11:00:00,1405.21,71.4
2017-08-08 12:00:00,1419.41,70.7
2017-08-08 13:00:00,1417.86,73.0
2017-08-08 14:00:00,1400.88,73.6
2017-08-08 15:00:00,1368.11,74.1
2017-08-08 16:00:00,1290.21,73.8
2017-08-08 17:00:00,845.04,74.3
2017-08-08 18:00:00,836.57,73.2
2017-08-08 19:00:00,817.21,68.4
2017-08-08 20:00:00,796.84,64.9
2017-08-08 21:00:00,792.89,66.6
2017-08-08 22:00:00,780.2,67.3
2017-08-08 23:00:00,769.01,61.5
2017-08-09 00:00:00,775.95,60.3
2017-08-09 01:00:00,775.21,61.2
2017-08-09 02:00:00,801.23,61.2
2017-08-09 03:00:00,901.39,62.2
2017-08-09 04:00:00,1055.7,60.8
2017-08-09 05:00:00,1214.3,62.4
2017-08-09 06:00:00,1337.67,63.1
2017-08-09 07:00:00,1400.82,63.7
2017-08-09 08:00:00,1426.26,64.6
2017-08-09 09:00:00,1433.23,66.9
2017-08-09 10:00:00,1424.99,68.9
2017-08-09 11:00:00,1413.24,69.8
2017-08-09 12:00:00,1427.24,71.1
2017-08-09 13:00:00,1419.55,71.6
2017-08-09 14:00:00,1404.35,72.7
2017-08-09 15:00:00,1379.55,73.6
2017-08-09 16:00:00,1285.76,74.3
2017-08-09 17:00:00,799.56,72.7
2017-08-09 18:00:00,847.55,72.1
2017-08-09 19:00:00,800.66,70.2
2017-08-09 20:00:00,783.9,65.7
2017-08-09 21:00:00,777.96,66.4
2017-08-09 22:00:00,793.71,63.0
2017-08-09 23:00:00,799.66,60.6
2017-08-10 00:00:00,804.03,59.9
2017-08-10 01:00:00,800.63,59.4
2017-08-10 02:00:00,810.55,60.1
2017-08-10 03:00:00,902.4,59.7
2017-08-10 04:00:00,1059.65,60.4
2017-08-10 05:00:00,1223.06,59.5
2017-08-10 06:00:00,1340.86,60.6
2017-08-10 07:00:00,1396.53,62.4
2017-08-10 08:00:00,1419.32,64.6
2017-08-10 09:00:00,1416.46,68.0
2017-08-10 10:00:00,1419.94,70.9
2017-08-10 11:00:00,1412.23,73.4
2017-08-10 12:00:00,1426.72,74.7
2017-08-10 13:00:00,1419.51,74.3
2017-08-10 14:00:00,1399.94,75.4
2017-08-10 15:00:00,1376.22,77.2
2017-08-10 16:00:00,1287.95,73.6
2017-08-10 17:00:00,860.51,69.4
2017-08-10 18:00:00,853.28,70.5
2017-08-10 19:00:00,813.5,69.8
2017-08-10 20:00:00,800.72,66.9
2017-08-10 21:00:00,792.82,63.5
2017-08-10 22:00:00,790.98,62.6
2017-08-10 23:00:00,785.77,63.0
2017-08-11 00:00:00,785.9,61.5
2017-08-11 01:00:00,782.64,62.4
2017-08-11 02:00:00,801.2,60.4
2017-08-11 03:00:00,897.06,59.0
2017-08-11 04:00:00,1045.18,60.6
2017-08-11 05:00:00,1219.05,61.0
2017-08-11 06:00:00,1331.73,61.7
2017-08-11 07:00:00,1384.11,64.6
2017-08-11 08:00:00,1402.97,68.5
2017-08-11 09:00:00,1410.72,72.5
2017-08-11 10:00:00,1417.92,76.1
2017-08-11 11:00:00,1400.95,77.5
2017-08-11 12:00:00,1410.36,78.6
2017-08-11 13:00:00,1413.64,78.8
2017-08-11 14:00:00,1392.04,78.8
2017-08-11 15:00:00,1362.52,79.2
2017-08-11 16:00:00,1315.82,77.9
2017-08-11 17:00:00,1090.2,77.2
2017-08-11 18:00:00,1084.81,74.3
2017-08-11 19:00:00,1039.2,74.1
2017-08-11 20:00:00,1017.42,72.1
2017-08-11 21:00:00,1016.74,70.9
2017-08-11 22:00:00,984.45,69.4
2017-08-11 23:00:00,756.83,68.0
2017-08-12 00:00:00,755.49,68.2
2017-08-12 01:00:00,756.58,65.3
2017-08-12 02:00:00,763.31,64.4
2017-08-12 03:00:00,757.55,64.8
2017-08-12 04:00:00,782.52,64.9
2017-08-12 05:00:00,1006.83,63.7
2017-08-12 06:00:00,1007.56,63.3
2017-08-12 07:00:00,1012.49,65.1
2017-08-12 08:00:00,1012.61,66.4
2017-08-12 09:00:00,1012.65,68.4
2017-08-12 10:00:00,1022.64,70.3
2017-08-12 11:00:00,1018.16,72.7
2017-08-12 12:00:00,1017.32,73.8
2017-08-12 13:00:00,1021.9,73.6
2017-08-12 14:00:00,1030.05,71.8
2017-08-12 15:00:00,1014.89,61.7
2017-08-12 16:00:00,1008.62,69.1
2017-08-12 17:00:00,1010.84,68.2
2017-08-12 18:00:00,1014.09,68.0
2017-08-12 19:00:00,1016.72,68.4
2017-08-12 20:00:00,1012.66,67.8
2017-08-12 21:00:00,1014.18,66.4
2017-08-12 22:00:00,983.15,66.2
2017-08-12 23:00:00,762.8,64.2
2017-08-13 00:00:00,758.77,64.6
2017-08-13 01:00:00,759.93,63.5
2017-08-13 02:00:00,764.68,63.0
2017-08-13 03:00:00,764.59,61.9
2017-08-13 04:00:00,782.38,61.2
2017-08-13 05:00:00,1002.73,61.0
2017-08-13 06:00:00,1001.6,61.2
2017-08-13 07:00:00,1003.84,62.6
2017-08-13 08:00:00,1005.19,65.1
2017-08-13 09:00:00,1004.0,66.9
2017-08-13 10:00:00,1008.89,69.8
2017-08-13 11:00:00,1011.78,72.3
2017-08-13 12:00:00,1013.86,74.3
2017-08-13 13:00:00,1011.93,76.1
2017-08-13 14:00:00,1017.6,76.8
2017-08-13 15:00:00,1014.9,76.8
2017-08-13 16:00:00,1008.36,76.8
2017-08-13 17:00:00,1010.11,77.0
2017-08-13 18:00:00,1015.64,74.3
2017-08-13 19:00:00,1018.85,72.7
2017-08-13 20:00:00,1024.96,68.2
2017-08-13 21:00:00,1022.97,65.7
2017-08-13 22:00:00,991.0,65.8
2017-08-13 23:00:00,771.6,62.8
2017-08-14 00:00:00,765.83,62.8
2017-08-14 01:00:00,769.68,64.2
2017-08-14 02:00:00,797.88,60.8
2017-08-14 03:00:00,908.71,61.0
2017-08-14 04:00:00,1057.68,58.3
2017-08-14 05:00:00,1226.67,58.5
2017-08-14 06:00:00,1334.32,58.8
2017-08-14 07:00:00,1396.75,62.1
2017-08-14 08:00:00,1409.17,66.7
2017-08-14 09:00:00,1415.85,68.4
2017-08-14 10:00:00,1418.34,69.8
2017-08-14 11:00:00,1417.13,74.1
2017-08-14 12:00:00,1421.33,75.9
2017-08-14 13:00:00,1412.0,77.2
2017-08-14 14:00:00,1394.34,77.9
2017-08-14 15:00:00,1380.44,79.2
2017-08-14 16:00:00,1284.71,78.8
2017-08-14 17:00:00,861.75,76.5
2017-08-14 18:00:00,844.65,75.7
2017-08-14 19:00:00,803.26,72.0
2017-08-14 20:00:00,780.54,70.2
2017-08-14 21:00:00,770.56,68.7
2017-08-14 22:00:00,774.17,66.7
2017-08-14 23:00:00,768.95,66.4
2017-08-15 00:00:00,768.71,65.8
2017-08-15 01:00:00,765.96,66.9
2017-08-15 02:00:00,799.47,66.0
2017-08-15 03:00:00,906.15,64.8
2017-08-15 04:00:00,1049.13,64.2
2017-08-15 05:00:00,1211.43,64.9
2017-08-15 06:00:00,1333.33,64.4
2017-08-15 07:00:00,1394.72,65.7
2017-08-15 08:00:00,1407.4,65.3
2017-08-15 09:00:00,1408.64,71.2
2017-08-15 10:00:00,1417.42,73.9
2017-08-15 11:00:00,1409.73,75.0
2017-08-15 12:00:00,1419.9,76.5
2017-08-15 13:00:00,1437.89,74.7
2017-08-15 14:00:00,1389.75,72.7
2017-08-15 15:00:00,1358.31,70.9
2017-08-15 16:00:00,1273.74,69.1
2017-08-15 17:00:00,866.19,71.4
2017-08-15 18:00:00,823.39,70.2
2017-08-15 19:00:00,811.58,68.9
2017-08-15 20:00:00,788.11,68.2
2017-08-15 21:00:00,783.11,68.0
2017-08-15 22:00:00,791.05,66.7
2017-08-15 23:00:00,786.27,66.4
2017-08-16 00:00:00,787.37,64.2
2017-08-16 01:00:00,787.64,61.9
2017-08-16 02:00:00,811.78,59.9
2017-08-16 03:00:00,921.91,56.3
2017-08-16 04:00:00,1062.26,56.7
2017-08-16 05:00:00,1231.52,56.1
2017-08-16 06:00:00,1348.4,56.8
2017-08-16 07:00:00,1406.56,59.2
2017-08-16 08:00:00,1425.38,62.1
2017-08-16 09:00:00,1425.22,63.5
2017-08-16 10:00:00,1430.01,66.4
2017-08-16 11:00:00,1418.42,68.0
2017-08-16 12:00:00,1430.43,70.2
2017-08-16 13:00:00,1424.15,70.2
2017-08-16 14:00:00,1404.49,71.6
2017-08-16 15:00:00,1378.53,72.9
2017-08-16 16:00:00,1291.51,73.0
2017-08-16 17:00:00,900.23,71.8
2017-08-16 18:00:00,875.47,71.1
2017-08-16 19:00:00,824.78,67.5
2017-08-16 20:00:00,783.24,66.0
2017-08-16 21:00:00,785.28,59.5
2017-08-16 22:00:00,785.07,57.0
2017-08-16 23:00:00,776.47,56.8
2017-08-17 00:00:00,780.39,55.9
2017-08-17 01:00:00,775.21,57.6
2017-08-17 02:00:00,811.18,55.2
2017-08-17 03:00:00,911.75,58.3
2017-08-17 04:00:00,1056.31,59.2
2017-08-17 05:00:00,1211.62,55.8
2017-08-17 06:00:00,1341.99,55.8
2017-08-17 07:00:00,1392.65,62.4
2017-08-17 08:00:00,1411.41,65.8
2017-08-17 09:00:00,1407.09,69.3
2017-08-17 10:00:00,1416.73,72.9
2017-08-17 11:00:00,1402.1,72.5
2017-08-17 12:00:00,1414.26,75.4
2017-08-17 13:00:00,1402.52,76.6
2017-08-17 14:00:00,1384.78,76.5
2017-08-17 15:00:00,1354.05,76.5
2017-08-17 16:00:00,1273.97,75.2
2017-08-17 17:00:00,867.03,74.5
2017-08-17 18:00:00,844.07,73.2
2017-08-17 19:00:00,810.14,71.2
2017-08-17 20:00:00,797.4,71.1
2017-08-17 21:00:00,778.0,69.1
2017-08-17 22:00:00,795.93,68.5
2017-08-17 23:00:00,836.02,67.3
2017-08-18 00:00:00,786.88,63.9
2017-08-18 01:00:00,792.49,63.9
2017-08-18 02:00:00,809.21,62.4
2017-08-18 03:00:00,910.79,61.3
2017-08-18 04:00:00,1035.45,61.3
2017-08-18 05:00:00,1169.56,61.9
2017-08-18 06:00:00,1309.63,62.4
2017-08-18 07:00:00,1370.86,62.6
2017-08-18 08:00:00,1392.42,62.6
2017-08-18 09:00:00,1392.43,63.0
2017-08-18 10:00:00,1394.55,63.7
2017-08-18 11:00:00,1386.9,63.5
2017-08-18 12:00:00,1388.06,65.3
2017-08-18 13:00:00,1381.68,69.6
2017-08-18 14:00:00,1363.4,70.2
2017-08-18 15:00:00,1334.36,70.9
2017-08-18 16:00:00,1255.35,72.7
2017-08-18 17:00:00,836.76,72.7
2017-08-18 18:00:00,804.13,72.7
2017-08-18 19:00:00,780.94,70.7
2017-08-18 20:00:00,764.1,69.4
2017-08-18 21:00:00,764.34,69.1
2017-08-18 22:00:00,765.45,66.9
2017-08-18 23:00:00,755.77,66.9
2017-08-19 00:00:00,755.02,67.3
2017-08-19 01:00:00,759.15,68.7
2017-08-19 02:00:00,763.95,68.7
2017-08-19 03:00:00,756.99,67.6
2017-08-19 04:00:00,753.82,67.3
2017-08-19 05:00:00,758.15,67.1
2017-08-19 06:00:00,755.22,67.6
2017-08-19 07:00:00,753.76,68.7
2017-08-19 08:00:00,758.95,69.4
2017-08-19 09:00:00,758.08,69.6
2017-08-19 10:00:00,755.67,71.2
2017-08-19 11:00:00,753.7,71.6
2017-08-19 12:00:00,755.21,72.0
2017-08-19 13:00:00,761.26,72.5
2017-08-19 14:00:00,770.17,73.4
2017-08-19 15:00:00,786.8,73.8
2017-08-19 16:00:00,781.22,74.1
2017-08-19 17:00:00,786.96,73.2
2017-08-19 18:00:00,765.38,73.2
2017-08-19 19:00:00,761.83,71.6
2017-08-19 20:00:00,764.24,70.5
2017-08-19 21:00:00,763.79,66.7
2017-08-19 22:00:00,761.01,65.7
2017-08-19 23:00:00,752.48,63.5
2017-08-20 00:00:00,753.64,64.0
2017-08-20 01:00:00,754.11,63.0
2017-08-20 02:00:00,753.07,62.1
2017-08-20 03:00:00,752.24,59.9
2017-08-20 04:00:00,755.08,61.5
2017-08-20 05:00:00,756.84,61.2
2017-08-20 06:00:00,749.88,61.2
2017-08-20 07:00:00,749.28,62.6
2017-08-20 08:00:00,755.25,64.6
2017-08-20 09:00:00,758.58,67.8
2017-08-20 10:00:00,755.54,69.1
2017-08-20 11:00:00,773.78,71.2
2017-08-20 12:00:00,785.71,73.2
2017-08-20 13:00:00,790.25,74.8
2017-08-20 14:00:00,793.63,77.2
2017-08-20 15:00:00,789.76,78.4
2017-08-20 16:00:00,790.16,78.8
2017-08-20 17:00:00,786.41,78.4
2017-08-20 18:00:00,785.01,77.4
2017-08-20 19:00:00,793.37,72.7
2017-08-20 20:00:00,799.05,67.1
2017-08-20 21:00:00,796.51,70.3
2017-08-20 22:00:00,790.76,70.2
2017-08-20 23:00:00,778.12,69.1
2017-08-21 00:00:00,776.45,68.2
2017-08-21 01:00:00,772.2,66.4
2017-08-21 02:00:00,795.81,65.5
2017-08-21 03:00:00,900.08,65.1
2017-08-21 04:00:00,1047.43,61.9
2017-08-21 05:00:00,1229.87,59.9
2017-08-21 06:00:00,1340.0,63.1
2017-08-21 07:00:00,1396.58,66.2
2017-08-21 08:00:00,1424.98,70.5
2017-08-21 09:00:00,1267.25,74.1
2017-08-21 10:00:00,1421.76,77.9
2017-08-21 11:00:00,1430.53,79.5
2017-08-21 12:00:00,1440.9,81.1
2017-08-21 13:00:00,1427.17,81.1
2017-08-21 14:00:00,1405.35,80.1
2017-08-21 15:00:00,1375.64,81.9
2017-08-21 16:00:00,1299.11,82.0
2017-08-21 17:00:00,883.79,81.7
2017-08-21 18:00:00,856.85,79.5
2017-08-21 19:00:00,829.67,77.4
2017-08-21 20:00:00,796.14,75.2
2017-08-21 21:00:00,797.68,73.6
2017-08-21 22:00:00,788.12,73.0
2017-08-21 23:00:00,777.72,71.6
2017-08-22 00:00:00,781.16,68.4
2017-08-22 01:00:00,780.26,67.1
2017-08-22 02:00:00,800.33,66.2
2017-08-22 03:00:00,899.32,67.8
2017-08-22 04:00:00,1033.46,67.6
2017-08-22 05:00:00,1211.56,68.2
2017-08-22 06:00:00,1332.78,68.7
2017-08-22 07:00:00,1397.98,69.4
2017-08-22 08:00:00,1417.43,69.8
2017-08-22 09:00:00,1405.03,70.5
2017-08-22 10:00:00,1409.33,73.2
2017-08-22 11:00:00,1406.81,75.7
2017-08-22 12:00:00,1416.65,76.6
2017-08-22 13:00:00,1405.61,75.6
2017-08-22 14:00:00,1387.98,76.8
2017-08-22 15:00:00,1356.85,76.8
2017-08-22 16:00:00,1280.7,67.8
2017-08-22 17:00:00,864.0,70.3
2017-08-22 18:00:00,814.72,71.2
2017-08-22 19:00:00,799.08,70.7
2017-08-22 20:00:00,797.97,69.4
2017-08-22 21:00:00,794.25,69.3
2017-08-22 22:00:00,799.73,68.7
2017-08-22 23:00:00,794.41,67.3
2017-08-23 00:00:00,781.12,65.1
2017-08-23 01:00:00,773.96,63.5
2017-08-23 02:00:00,800.09,59.9
2017-08-23 03:00:00,902.4,61.5
2017-08-23 04:00:00,1043.4,61.0
2017-08-23 05:00:00,1217.97,59.2
2017-08-23 06:00:00,1328.46,58.6
2017-08-23 07:00:00,1388.57,60.3
2017-08-23 08:00:00,1410.16,62.6
2017-08-23 09:00:00,1407.06,64.2
2017-08-23 10:00:00,1407.56,66.6
2017-08-23 11:00:00,1397.67,66.2
2017-08-23 12:00:00,1414.37,68.5
2017-08-23 13:00:00,1400.0,70.7
2017-08-23 14:00:00,1380.26,70.5
2017-08-23 15:00:00,1356.04,71.1
2017-08-23 16:00:00,1278.92,70.3
2017-08-23 17:00:00,879.65,70.2
2017-08-23 18:00:00,844.0,68.5
2017-08-23 19:00:00,813.13,66.0
2017-08-23 20:00:00,785.29,63.9
2017-08-23 21:00:00,768.13,61.3
2017-08-23 22:00:00,765.98,59.0
2017-08-23 23:00:00,767.64,60.1
2017-08-24 00:00:00,766.61,58.5
2017-08-24 01:00:00,766.86,57.7
2017-08-24 02:00:00,798.47,59.0
2017-08-24 03:00:00,906.66,58.6
2017-08-24 04:00:00,1041.96,57.9
2017-08-24 05:00:00,1216.41,57.9
2017-08-24 06:00:00,1315.75,56.3
2017-08-24 07:00:00,1376.77,58.5
2017-08-24 08:00:00,1409.68,60.1
2017-08-24 09:00:00,1409.02,61.5
2017-08-24 10:00:00,1406.03,63.0
2017-08-24 11:00:00,1413.73,63.9
2017-08-24 12:00:00,1411.2,65.8
2017-08-24 13:00:00,1400.52,66.4
2017-08-24 14:00:00,1384.97,66.9
2017-08-24 15:00:00,1359.77,66.7
2017-08-24 16:00:00,1278.88,67.1
2017-08-24 17:00:00,901.87,67.3
2017-08-24 18:00:00,847.76,64.8
2017-08-24 19:00:00,812.67,62.4
2017-08-24 20:00:00,764.07,59.2
2017-08-24 21:00:00,761.98,56.8
2017-08-24 22:00:00,772.57,56.5
2017-08-24 23:00:00,779.93,55.8
2017-08-25 00:00:00,784.26,53.2
2017-08-25 01:00:00,789.7,51.8
2017-08-25 02:00:00,816.63,50.7
2017-08-25 03:00:00,913.27,49.6
2017-08-25 04:00:00,1045.87,50.0
2017-08-25 05:00:00,1184.6,51.6
2017-08-25 06:00:00,1314.5,50.5
2017-08-25 07:00:00,1374.37,55.4
2017-08-25 08:00:00,1388.05,58.6
2017-08-25 09:00:00,1386.22,60.8
2017-08-25 10:00:00,1398.35,63.1
2017-08-25 11:00:00,1382.45,65.1
2017-08-25 12:00:00,1391.96,64.8
2017-08-25 13:00:00,1389.22,66.9
2017-08-25 14:00:00,1371.93,67.3
2017-08-25 15:00:00,1346.17,67.6
2017-08-25 16:00:00,1267.58,68.0
2017-08-25 17:00:00,838.58,67.5
2017-08-25 18:00:00,810.29,65.1
2017-08-25 19:00:00,772.98,62.4
2017-08-25 20:00:00,757.83,60.8
2017-08-25 21:00:00,758.13,57.7
2017-08-25 22:00:00,761.59,55.0
2017-08-25 23:00:00,751.91,51.6
2017-08-26 00:00:00,748.0,51.8
2017-08-26 01:00:00,750.11,48.0
2017-08-26 02:00:00,754.8,48.9
2017-08-26 03:00:00,751.02,48.9
2017-08-26 04:00:00,747.56,49.1
2017-08-26 05:00:00,752.53,48.9
2017-08-26 06:00:00,753.68,49.3
2017-08-26 07:00:00,751.81,54.9
2017-08-26 08:00:00,748.78,57.2
2017-08-26 09:00:00,751.22,61.5
2017-08-26 10:00:00,758.29,66.0
2017-08-26 11:00:00,756.83,66.9
2017-08-26 12:00:00,755.75,66.7
2017-08-26 13:00:00,757.09,68.4
2017-08-26 14:00:00,758.76,69.6
2017-08-26 15:00:00,745.24,70.5
2017-08-26 16:00:00,740.7,69.6
2017-08-26 17:00:00,749.03,69.8
2017-08-26 18:00:00,747.22,67.8
2017-08-26 19:00:00,761.53,63.3
2017-08-26 20:00:00,766.24,60.1
2017-08-26 21:00:00,759.31,61.2
2017-08-26 22:00:00,752.18,61.0
2017-08-26 23:00:00,748.14,60.4
2017-08-27 00:00:00,747.51,54.3
2017-08-27 01:00:00,748.76,51.8
2017-08-27 02:00:00,748.48,50.5
2017-08-27 03:00:00,747.13,51.3
2017-08-27 04:00:00,749.19,51.1
2017-08-27 05:00:00,751.23,53.1
2017-08-27 06:00:00,744.07,52.9
2017-08-27 07:00:00,742.64,55.6
2017-08-27 08:00:00,747.86,59.2
2017-08-27 09:00:00,752.52,63.0
2017-08-27 10:00:00,746.28,65.8
2017-08-27 11:00:00,750.55,68.4
2017-08-27 12:00:00,753.76,71.2
2017-08-27 13:00:00,774.37,69.8
2017-08-27 14:00:00,783.06,72.0
2017-08-27 15:00:00,778.35,72.7
2017-08-27 16:00:00,783.21,69.8
2017-08-27 17:00:00,779.45,70.3
2017-08-27 18:00:00,779.11,68.4
2017-08-27 19:00:00,786.14,66.4
2017-08-27 20:00:00,789.31,63.0
2017-08-27 21:00:00,773.28,61.9
2017-08-27 22:00:00,764.96,59.2
2017-08-27 23:00:00,757.01,54.7
2017-08-28 00:00:00,752.17,53.2
2017-08-28 01:00:00,747.77,52.9
2017-08-28 02:00:00,776.63,50.5
2017-08-28 03:00:00,890.09,53.1
2017-08-28 04:00:00,1046.26,50.5
2017-08-28 05:00:00,1224.58,52.5
2017-08-28 06:00:00,1335.22,50.9
2017-08-28 07:00:00,1402.12,56.7
2017-08-28 08:00:00,1424.18,60.3
2017-08-28 09:00:00,1407.56,63.5
2017-08-28 10:00:00,1417.77,66.6
2017-08-28 11:00:00,1409.86,68.9
2017-08-28 12:00:00,1417.64,71.8
2017-08-28 13:00:00,1404.75,72.7
2017-08-28 14:00:00,1389.92,73.4
2017-08-28 15:00:00,1367.55,72.5
2017-08-28 16:00:00,1283.38,73.4
2017-08-28 17:00:00,891.54,70.7
2017-08-28 18:00:00,881.96,70.2
2017-08-28 19:00:00,826.66,64.9
2017-08-28 20:00:00,789.56,64.9
2017-08-28 21:00:00,780.28,63.3
2017-08-28 22:00:00,777.36,60.8
2017-08-28 23:00:00,769.51,60.6
2017-08-29 00:00:00,772.55,60.4
2017-08-29 01:00:00,777.17,60.3
2017-08-29 02:00:00,802.81,59.9
2017-08-29 03:00:00,915.25,59.0
2017-08-29 04:00:00,1074.72,58.1
2017-08-29 05:00:00,1248.89,57.4
2017-08-29 06:00:00,1358.17,56.5
2017-08-29 07:00:00,1411.18,58.6
2017-08-29 08:00:00,1428.92,58.8
2017-08-29 09:00:00,1439.04,59.0
2017-08-29 10:00:00,1432.25,59.2
2017-08-29 11:00:00,1418.85,59.4
2017-08-29 12:00:00,1427.82,59.5
2017-08-29 13:00:00,1422.6,59.7
2017-08-29 14:00:00,1406.69,59.9
2017-08-29 15:00:00,1370.4,60.1
2017-08-29 16:00:00,1292.45,60.3
2017-08-29 17:00:00,905.84,60.4
2017-08-29 18:00:00,871.74,60.6
2017-08-29 19:00:00,833.9,60.8
2017-08-29 20:00:00,802.7,61.0
2017-08-29 21:00:00,799.2,57.9
2017-08-29 22:00:00,804.58,57.0
2017-08-29 23:00:00,801.54,54.5
2017-08-30 00:00:00,803.3,53.6
2017-08-30 01:00:00,801.82,52.3
2017-08-30 02:00:00,813.8,51.6
2017-08-30 03:00:00,910.56,52.3
2017-08-30 04:00:00,1057.45,50.0
2017-08-30 05:00:00,1231.12,48.9
2017-08-30 06:00:00,1345.22,50.7
2017-08-30 07:00:00,1401.74,57.6
2017-08-30 08:00:00,1421.89,61.2
2017-08-30 09:00:00,1423.68,64.8
2017-08-30 10:00:00,1423.76,66.9
2017-08-30 11:00:00,1415.06,68.9
2017-08-30 12:00:00,1421.42,71.1
2017-08-30 13:00:00,1413.48,73.2
2017-08-30 14:00:00,1392.29,74.1
2017-08-30 15:00:00,1361.36,74.8
2017-08-30 16:00:00,1281.05,74.3
2017-08-30 17:00:00,903.56,72.5
2017-08-30 18:00:00,876.36,71.8
2017-08-30 19:00:00,808.27,69.4
2017-08-30 20:00:00,767.73,68.4
2017-08-30 21:00:00,781.55,66.4
2017-08-30 22:00:00,784.46,65.3
2017-08-30 23:00:00,785.39,63.0
2017-08-31 00:00:00,798.58,60.1
2017-08-31 01:00:00,795.69,59.9
2017-08-31 02:00:00,808.37,59.2
2017-08-31 03:00:00,906.75,59.4
2017-08-31 04:00:00,1063.57,58.5
2017-08-31 05:00:00,1235.29,57.7
2017-08-31 06:00:00,1344.46,57.0
2017-08-31 07:00:00,1404.88,55.8
2017-08-31 08:00:00,1426.15,54.7
2017-08-31 09:00:00,1412.37,55.0
2017-08-31 10:00:00,1416.09,55.2
2017-08-31 11:00:00,1415.1,54.9
2017-08-31 12:00:00,1413.84,55.8
2017-08-31 13:00:00,1404.28,57.4
2017-08-31 14:00:00,1386.04,55.2
2017-08-31 15:00:00,1358.77,57.4
2017-08-31 16:00:00,1280.08,57.6
2017-08-31 17:00:00,862.27,56.3
2017-08-31 18:00:00,829.74,55.0
2017-08-31 19:00:00,803.07,53.2
2017-08-31 20:00:00,789.49,51.1
2017-08-31 21:00:00,786.32,49.1
2017-08-31 22:00:00,780.38,50.5
2017-08-31 23:00:00,780.02,48.0
2017-09-01 00:00:00,818.62,46.6
2017-09-01 01:00:00,810.9,46.8
2017-09-01 02:00:00,808.9,45.9
2017-09-01 03:00:00,911.78,43.7
2017-09-01 04:00:00,1040.62,45.1
2017-09-01 05:00:00,1190.66,45.0
2017-09-01 06:00:00,1305.76,45.5
2017-09-01 07:00:00,1366.63,47.7
2017-09-01 08:00:00,1349.67,49.5
2017-09-01 09:00:00,1342.95,52.3
2017-09-01 10:00:00,1353.07,54.9
2017-09-01 11:00:00,1383.62,55.9
2017-09-01 12:00:00,1333.93,57.6
2017-09-01 13:00:00,1366.92,59.9
2017-09-01 14:00:00,1356.05,60.3
2017-09-01 15:00:00,1332.77,61.5
2017-09-01 16:00:00,1259.68,61.9
2017-09-01 17:00:00,828.98,61.2
2017-09-01 18:00:00,793.34,59.5
2017-09-01 19:00:00,775.28,56.5
2017-09-01 20:00:00,760.95,53.4
2017-09-01 21:00:00,759.09,49.5
2017-09-01 22:00:00,762.83,46.8
2017-09-01 23:00:00,756.58,44.1
2017-09-02 00:00:00,754.8,42.8
2017-09-02 01:00:00,755.45,41.7
2017-09-02 02:00:00,759.84,41.9
2017-09-02 03:00:00,757.46,40.3
2017-09-02 04:00:00,753.18,40.5
2017-09-02 05:00:00,758.01,43.0
2017-09-02 06:00:00,755.75,41.5
2017-09-02 07:00:00,760.01,48.6
2017-09-02 08:00:00,758.98,52.9
2017-09-02 09:00:00,763.03,57.4
2017-09-02 10:00:00,762.39,61.2
2017-09-02 11:00:00,763.51,63.0
2017-09-02 12:00:00,762.34,64.4
2017-09-02 13:00:00,763.83,65.7
2017-09-02 14:00:00,760.13,67.1
2017-09-02 15:00:00,760.54,67.5
2017-09-02 16:00:00,788.86,67.3
2017-09-02 17:00:00,763.01,66.4
2017-09-02 18:00:00,760.78,64.2
2017-09-02 19:00:00,760.06,60.6
2017-09-02 20:00:00,761.41,59.9
2017-09-02 21:00:00,764.18,56.8
2017-09-02 22:00:00,757.94,54.3
2017-09-02 23:00:00,756.47,54.0
2017-09-03 00:00:00,755.96,52.3
2017-09-03 01:00:00,755.42,52.5
2017-09-03 02:00:00,754.93,52.2
2017-09-03 03:00:00,755.68,52.2
2017-09-03 04:00:00,759.27,51.4
2017-09-03 05:00:00,757.71,51.4
2017-09-03 06:00:00,748.53,51.3
2017-09-03 07:00:00,755.57,51.1
2017-09-03 08:00:00,762.88,52.0
2017-09-03 09:00:00,757.02,52.3
2017-09-03 10:00:00,761.32,52.9
2017-09-03 11:00:00,762.73,53.6
2017-09-03 12:00:00,763.53,54.7
2017-09-03 13:00:00,766.25,55.0
2017-09-03 14:00:00,763.39,56.1
2017-09-03 15:00:00,756.9,56.3
2017-09-03 16:00:00,753.63,56.8
2017-09-03 17:00:00,749.54,56.3
2017-09-03 18:00:00,758.04,56.5
2017-09-03 19:00:00,758.03,56.3
2017-09-03 20:00:00,754.6,55.8
2017-09-03 21:00:00,756.39,55.9
2017-09-03 22:00:00,759.02,56.3
2017-09-03 23:00:00,756.48,55.8
2017-09-04 00:00:00,753.2,54.7
2017-09-04 01:00:00,758.79,54.1
2017-09-04 02:00:00,787.69,52.5
2017-09-04 03:00:00,893.48,51.6
2017-09-04 04:00:00,1014.46,50.5
2017-09-04 05:00:00,1034.86,51.3
2017-09-04 06:00:00,1032.81,52.9
2017-09-04 07:00:00,1030.18,54.9
2017-09-04 08:00:00,1037.26,56.8
2017-09-04 09:00:00,1036.87,60.3
2017-09-04 10:00:00,1036.16,61.0
2017-09-04 11:00:00,1030.3,63.7
2017-09-04 12:00:00,1039.76,66.4
2017-09-04 13:00:00,1038.73,70.2
2017-09-04 14:00:00,1038.26,71.4
2017-09-04 15:00:00,1036.66,68.5
2017-09-04 16:00:00,999.35,65.8
2017-09-04 17:00:00,766.94,66.0
2017-09-04 18:00:00,760.41,65.8
2017-09-04 19:00:00,757.43,65.3
2017-09-04 20:00:00,762.62,64.8
2017-09-04 21:00:00,758.94,64.8
2017-09-04 22:00:00,757.38,64.2
2017-09-04 23:00:00,755.91,64.2
2017-09-05 00:00:00,759.01,64.9
2017-09-05 01:00:00,761.43,63.5
2017-09-05 02:00:00,785.88,63.1
2017-09-05 03:00:00,895.63,60.6
2017-09-05 04:00:00,1035.41,59.7
2017-09-05 05:00:00,1197.77,59.0
2017-09-05 06:00:00,1311.75,58.6
2017-09-05 07:00:00,1373.49,58.6
2017-09-05 08:00:00,1395.87,59.4
2017-09-05 09:00:00,1398.17,59.4
2017-09-05 10:00:00,1401.69,61.2
2017-09-05 11:00:00,1400.06,63.1
2017-09-05 12:00:00,1407.38,63.9
2017-09-05 13:00:00,1389.57,65.3
2017-09-05 14:00:00,1368.43,65.3
2017-09-05 15:00:00,1342.25,68.5
2017-09-05 16:00:00,1143.07,69.4
2017-09-05 17:00:00,848.94,68.2
2017-09-05 18:00:00,837.83,65.7
2017-09-05 19:00:00,798.92,61.5
2017-09-05 20:00:00,773.46,61.9
2017-09-05 21:00:00,768.3,62.1
2017-09-05 22:00:00,765.91,60.3
2017-09-05 23:00:00,768.09,59.0
2017-09-06 00:00:00,771.29,57.4
2017-09-06 01:00:00,769.32,55.8
2017-09-06 02:00:00,797.13,56.5
2017-09-06 03:00:00,899.44,57.4
2017-09-06 04:00:00,1040.6,57.4
2017-09-06 05:00:00,1217.71,55.9
2017-09-06 06:00:00,1321.53,55.8
2017-09-06 07:00:00,1401.49,55.8
2017-09-06 08:00:00,1373.6,54.5
2017-09-06 09:00:00,1356.98,57.2
2017-09-06 10:00:00,1362.5,58.6
2017-09-06 11:00:00,1355.55,60.1
2017-09-06 12:00:00,1363.19,63.1
2017-09-06 13:00:00,1372.2,65.3
2017-09-06 14:00:00,1379.49,64.4
2017-09-06 15:00:00,1345.73,65.5
2017-09-06 16:00:00,1262.83,65.5
2017-09-06 17:00:00,758.04,65.1
2017-09-06 18:00:00,819.16,63.1
2017-09-06 19:00:00,788.94,62.8
2017-09-06 20:00:00,764.77,61.2
2017-09-06 21:00:00,761.85,59.0
2017-09-06 22:00:00,758.48,58.6
2017-09-06 23:00:00,766.59,58.5
2017-09-07 00:00:00,765.01,58.1
2017-09-07 01:00:00,766.08,57.0
2017-09-07 02:00:00,796.85,57.9
2017-09-07 03:00:00,901.72,58.8
2017-09-07 04:00:00,1032.38,58.5
2017-09-07 05:00:00,1192.4,58.5
2017-09-07 06:00:00,1299.37,56.3
2017-09-07 07:00:00,1382.24,58.5
2017-09-07 08:00:00,1408.93,59.4
2017-09-07 09:00:00,1411.26,61.2
2017-09-07 10:00:00,1414.75,63.1
2017-09-07 11:00:00,1410.76,63.7
2017-09-07 12:00:00,1421.84,65.7
2017-09-07 13:00:00,1403.66,59.9
2017-09-07 14:00:00,1381.74,58.6
2017-09-07 15:00:00,1352.6,59.9
2017-09-07 16:00:00,1272.87,60.3
2017-09-07 17:00:00,854.05,61.2
2017-09-07 18:00:00,826.84,59.0
2017-09-07 19:00:00,795.7,57.2
2017-09-07 20:00:00,778.81,57.0
2017-09-07 21:00:00,777.88,54.9
2017-09-07 22:00:00,775.06,52.7
2017-09-07 23:00:00,767.32,52.2
2017-09-08 00:00:00,766.99,50.9
2017-09-08 01:00:00,774.74,52.3
2017-09-08 02:00:00,798.61,53.6
2017-09-08 03:00:00,897.78,53.6
2017-09-08 04:00:00,1027.6,52.3
2017-09-08 05:00:00,1203.37,52.2
2017-09-08 06:00:00,1317.33,51.3
2017-09-08 07:00:00,1378.1,52.3
2017-09-08 08:00:00,1392.98,53.1
2017-09-08 09:00:00,1416.99,54.3
2017-09-08 10:00:00,1403.1,55.0
2017-09-08 11:00:00,1388.18,58.5
2017-09-08 12:00:00,1398.51,58.5
2017-09-08 13:00:00,1391.32,59.0
2017-09-08 14:00:00,1365.76,59.9
2017-09-08 15:00:00,1331.54,60.6
2017-09-08 16:00:00,1275.06,57.2
2017-09-08 17:00:00,846.75,55.9
2017-09-08 18:00:00,824.65,54.5
2017-09-08 19:00:00,784.56,54.1
2017-09-08 20:00:00,760.56,53.2
2017-09-08 21:00:00,759.96,52.9
2017-09-08 22:00:00,761.95,52.5
2017-09-08 23:00:00,763.95,52.7
2017-09-09 00:00:00,759.55,52.5
2017-09-09 01:00:00,760.6,52.2
2017-09-09 02:00:00,767.23,51.8
2017-09-09 03:00:00,765.7,51.8
2017-09-09 04:00:00,755.82,51.8
2017-09-09 05:00:00,753.11,51.6
2017-09-09 06:00:00,749.29,51.3
2017-09-09 07:00:00,753.66,51.6
2017-09-09 08:00:00,763.18,54.3
2017-09-09 09:00:00,761.11,57.4
2017-09-09 10:00:00,764.85,59.9
2017-09-09 11:00:00,763.59,62.2
2017-09-09 12:00:00,754.94,63.7
2017-09-09 13:00:00,757.22,63.0
2017-09-09 14:00:00,755.66,64.6
2017-09-09 15:00:00,749.59,64.0
2017-09-09 16:00:00,747.51,63.9
2017-09-09 17:00:00,749.24,62.4
2017-09-09 18:00:00,754.35,60.3
2017-09-09 19:00:00,752.47,56.5
2017-09-09 20:00:00,751.19,54.9
2017-09-09 21:00:00,754.97,50.9
2017-09-09 22:00:00,754.54,51.1
2017-09-09 23:00:00,751.56,50.4
2017-09-10 00:00:00,755.91,47.3
2017-09-10 01:00:00,758.26,45.5
2017-09-10 02:00:00,758.7,43.3
2017-09-10 03:00:00,753.56,41.9
2017-09-10 04:00:00,752.42,43.7
2017-09-10 05:00:00,754.4,44.8
2017-09-10 06:00:00,746.8,44.8
2017-09-10 07:00:00,746.79,48.6
2017-09-10 08:00:00,751.78,53.2
2017-09-10 09:00:00,758.88,57.2
2017-09-10 10:00:00,780.99,61.0
2017-09-10 11:00:00,767.86,63.1
2017-09-10 12:00:00,777.13,64.6
2017-09-10 13:00:00,782.74,66.0
2017-09-10 14:00:00,783.56,67.3
2017-09-10 15:00:00,765.53,68.2
2017-09-10 16:00:00,784.48,68.0
2017-09-10 17:00:00,772.21,67.1
2017-09-10 18:00:00,763.89,64.2
2017-09-10 19:00:00,764.96,61.3
2017-09-10 20:00:00,769.49,59.5
2017-09-10 21:00:00,770.15,56.8
2017-09-10 22:00:00,767.8,52.0
2017-09-10 23:00:00,764.5,51.8
2017-09-11 00:00:00,767.0,49.1
2017-09-11 01:00:00,769.65,48.9
2017-09-11 02:00:00,796.94,50.2
2017-09-11 03:00:00,796.66,51.1
2017-09-11 04:00:00,1020.49,49.5
2017-09-11 05:00:00,1214.57,48.2
2017-09-11 06:00:00,1318.16,48.7
2017-09-11 07:00:00,1383.54,52.5
2017-09-11 08:00:00,1406.7,56.1
2017-09-11 09:00:00,1409.09,61.5
2017-09-11 10:00:00,1398.32,62.4
2017-09-11 11:00:00,1396.32,66.7
2017-09-11 12:00:00,1398.68,67.1
2017-09-11 13:00:00,1390.32,70.3
2017-09-11 14:00:00,1366.13,71.2
2017-09-11 15:00:00,1336.22,71.4
2017-09-11 16:00:00,1273.01,71.6
2017-09-11 17:00:00,849.51,71.1
2017-09-11 18:00:00,830.13,66.9
2017-09-11 19:00:00,792.17,59.9
2017-09-11 20:00:00,768.68,57.2
2017-09-11 21:00:00,772.83,60.4
2017-09-11 22:00:00,772.24,58.5
2017-09-11 23:00:00,766.89,56.5
2017-09-12 00:00:00,773.59,53.8
2017-09-12 01:00:00,776.75,52.5
2017-09-12 02:00:00,795.95,51.3
2017-09-12 03:00:00,794.18,52.0
2017-09-12 04:00:00,1018.12,52.0
2017-09-12 05:00:00,1236.51,50.2
2017-09-12 06:00:00,1340.99,47.3
2017-09-12 07:00:00,1399.07,54.5
2017-09-12 08:00:00,1426.41,58.6
2017-09-12 09:00:00,1423.73,63.1
2017-09-12 10:00:00,1425.98,66.2
2017-09-12 11:00:00,1417.43,68.5
2017-09-12 12:00:00,1445.25,70.5
2017-09-12 13:00:00,1436.24,73.4
2017-09-12 14:00:00,1415.85,75.2
2017-09-12 15:00:00,1380.36,76.8
2017-09-12 16:00:00,1319.86,77.4
2017-09-12 17:00:00,885.05,76.8
2017-09-12 18:00:00,863.57,72.3
2017-09-12 19:00:00,808.94,67.1
2017-09-12 20:00:00,787.46,64.6
2017-09-12 21:00:00,775.02,63.3
2017-09-12 22:00:00,783.2,60.4
2017-09-12 23:00:00,784.03,59.7
2017-09-13 00:00:00,786.32,57.9
2017-09-13 01:00:00,783.01,57.6
2017-09-13 02:00:00,800.1,56.8
2017-09-13 03:00:00,802.18,53.2
2017-09-13 04:00:00,1046.68,54.0
2017-09-13 05:00:00,1269.35,54.1
2017-09-13 06:00:00,1363.23,54.7
2017-09-13 07:00:00,1422.07,59.7
2017-09-13 08:00:00,1444.8,63.9
2017-09-13 09:00:00,1442.16,67.3
2017-09-13 10:00:00,1441.06,70.7
2017-09-13 11:00:00,1432.01,75.0
2017-09-13 12:00:00,1451.38,76.5
2017-09-13 13:00:00,1437.65,77.9
2017-09-13 14:00:00,1409.27,77.9
2017-09-13 15:00:00,1378.03,79.2
2017-09-13 16:00:00,1317.51,78.3
2017-09-13 17:00:00,891.82,75.6
2017-09-13 18:00:00,845.74,72.5
2017-09-13 19:00:00,806.71,68.4
2017-09-13 20:00:00,786.07,68.0
2017-09-13 21:00:00,769.1,63.3
2017-09-13 22:00:00,758.56,60.3
2017-09-13 23:00:00,767.13,58.8
2017-09-14 00:00:00,765.2,59.2
2017-09-14 01:00:00,766.38,59.7
2017-09-14 02:00:00,798.44,57.2
2017-09-14 03:00:00,796.28,55.9
2017-09-14 04:00:00,1001.02,55.9
2017-09-14 05:00:00,1210.85,55.2
2017-09-14 06:00:00,1350.76,55.8
2017-09-14 07:00:00,1410.01,60.3
2017-09-14 08:00:00,1427.76,64.8
2017-09-14 09:00:00,1427.55,68.2
2017-09-14 10:00:00,1429.76,72.0
2017-09-14 11:00:00,1421.97,75.2
2017-09-14 12:00:00,1433.83,77.5
2017-09-14 13:00:00,1420.12,79.2
2017-09-14 14:00:00,1399.35,80.1
2017-09-14 15:00:00,1371.85,79.9
2017-09-14 16:00:00,1306.46,79.7
2017-09-14 17:00:00,898.01,77.9
2017-09-14 18:00:00,848.96,74.7
2017-09-14 19:00:00,789.36,69.4
2017-09-14 20:00:00,772.2,66.4
2017-09-14 21:00:00,765.62,62.8
2017-09-14 22:00:00,771.0,62.1
2017-09-14 23:00:00,777.82,60.8
2017-09-15 00:00:00,775.61,61.0
2017-09-15 01:00:00,766.05,58.8
2017-09-15 02:00:00,813.49,56.3
2017-09-15 03:00:00,806.21,57.0
2017-09-15 04:00:00,1028.97,55.0
2017-09-15 05:00:00,1238.83,54.9
2017-09-15 06:00:00,1337.03,55.2
2017-09-15 07:00:00,1393.98,59.9
2017-09-15 08:00:00,1434.14,64.6
2017-09-15 09:00:00,1436.93,65.3
2017-09-15 10:00:00,1437.02,70.9
2017-09-15 11:00:00,1422.52,73.4
2017-09-15 12:00:00,1438.21,76.1
2017-09-15 13:00:00,1419.01,78.6
2017-09-15 14:00:00,1398.37,79.5
2017-09-15 15:00:00,1371.92,79.9
2017-09-15 16:00:00,1313.78,79.7
2017-09-15 17:00:00,842.76,78.4
2017-09-15 18:00:00,825.9,74.8
2017-09-15 19:00:00,776.25,68.4
2017-09-15 20:00:00,753.47,65.3
2017-09-15 21:00:00,751.05,68.4
2017-09-15 22:00:00,749.81,64.4
2017-09-15 23:00:00,755.49,62.6
2017-09-16 00:00:00,752.94,62.1
2017-09-16 01:00:00,750.79,59.2
2017-09-16 02:00:00,754.45,59.4
2017-09-16 03:00:00,756.97,61.3
2017-09-16 04:00:00,753.44,62.2
2017-09-16 05:00:00,749.25,62.1
2017-09-16 06:00:00,744.96,61.7
2017-09-16 07:00:00,782.71,63.0
2017-09-16 08:00:00,774.47,65.7
2017-09-16 09:00:00,768.87,69.3
2017-09-16 10:00:00,787.27,72.7
2017-09-16 11:00:00,796.11,75.4
2017-09-16 12:00:00,792.67,77.7
2017-09-16 13:00:00,791.51,78.8
2017-09-16 14:00:00,789.44,79.0
2017-09-16 15:00:00,784.76,79.9
2017-09-16 16:00:00,782.36,80.1
2017-09-16 17:00:00,779.95,79.3
2017-09-16 18:00:00,785.45,76.3
2017-09-16 19:00:00,787.86,71.1
2017-09-16 20:00:00,786.6,69.3
2017-09-16 21:00:00,784.74,70.0
2017-09-16 22:00:00,783.29,68.4
2017-09-16 23:00:00,788.55,67.1
2017-09-17 00:00:00,781.99,64.9
2017-09-17 01:00:00,775.73,64.6
2017-09-17 02:00:00,773.91,63.3
2017-09-17 03:00:00,776.43,62.8
2017-09-17 04:00:00,765.26,61.3
2017-09-17 05:00:00,757.53,60.8
2017-09-17 06:00:00,749.37,60.6
2017-09-17 07:00:00,774.06,62.2
2017-09-17 08:00:00,789.92,65.5
2017-09-17 09:00:00,796.95,72.3
2017-09-17 10:00:00,799.09,76.3
2017-09-17 11:00:00,822.53,79.3
2017-09-17 12:00:00,835.66,80.4
2017-09-17 13:00:00,830.74,81.5
2017-09-17 14:00:00,832.17,82.4
2017-09-17 15:00:00,820.16,82.4
2017-09-17 16:00:00,813.46,79.7
2017-09-17 17:00:00,810.37,79.5
2017-09-17 18:00:00,819.51,75.2
2017-09-17 19:00:00,818.65,70.3
2017-09-17 20:00:00,782.98,69.6
2017-09-17 21:00:00,780.85,68.5
2017-09-17 22:00:00,781.13,68.2
2017-09-17 23:00:00,784.76,63.5
2017-09-18 00:00:00,781.2,63.3
2017-09-18 01:00:00,778.31,60.3
2017-09-18 02:00:00,830.36,58.8
2017-09-18 03:00:00,892.07,58.8
2017-09-18 04:00:00,1040.46,58.8
2017-09-18 05:00:00,1260.44,57.4
2017-09-18 06:00:00,1369.21,58.3
2017-09-18 07:00:00,1425.75,61.0
2017-09-18 08:00:00,1443.74,64.9
2017-09-18 09:00:00,1443.8,70.0
2017-09-18 10:00:00,1445.78,72.7
2017-09-18 11:00:00,1440.36,75.2
2017-09-18 12:00:00,1450.05,77.9
2017-09-18 13:00:00,1443.86,80.4
2017-09-18 14:00:00,1423.95,81.1
2017-09-18 15:00:00,1388.41,80.1
2017-09-18 16:00:00,1321.99,80.2
2017-09-18 17:00:00,875.55,79.3
2017-09-18 18:00:00,860.25,76.8
2017-09-18 19:00:00,812.87,72.0
2017-09-18 20:00:00,775.59,69.8
2017-09-18 21:00:00,765.73,71.2
2017-09-18 22:00:00,773.87,70.0
2017-09-18 23:00:00,775.35,67.8
2017-09-19 00:00:00,780.77,64.6
2017-09-19 01:00:00,786.9,64.0
2017-09-19 02:00:00,810.61,63.9
2017-09-19 03:00:00,861.45,64.8
2017-09-19 04:00:00,1049.16,63.5
2017-09-19 05:00:00,1272.86,59.9
2017-09-19 06:00:00,1379.94,60.8
2017-09-19 07:00:00,1424.63,64.6
2017-09-19 08:00:00,1446.52,68.0
2017-09-19 09:00:00,1445.58,71.8
2017-09-19 10:00:00,1456.32,73.8
2017-09-19 11:00:00,1451.42,74.3
2017-09-19 12:00:00,1481.06,77.7
2017-09-19 13:00:00,1445.53,79.5
2017-09-19 14:00:00,1425.67,80.1
2017-09-19 15:00:00,1386.74,79.9
2017-09-19 16:00:00,1320.04,79.7
2017-09-19 17:00:00,863.94,77.0
2017-09-19 18:00:00,888.14,75.7
2017-09-19 19:00:00,825.06,73.6
2017-09-19 20:00:00,789.72,72.5
2017-09-19 21:00:00,792.33,71.8
2017-09-19 22:00:00,783.6,70.2
2017-09-19 23:00:00,779.28,69.4
2017-09-20 00:00:00,771.86,69.3
2017-09-20 01:00:00,780.65,67.8
2017-09-20 02:00:00,820.16,66.2
2017-09-20 03:00:00,889.07,63.5
2017-09-20 04:00:00,1043.76,65.1
2017-09-20 05:00:00,1260.08,64.8
2017-09-20 06:00:00,1376.14,63.7
2017-09-20 07:00:00,1433.55,65.3
2017-09-20 08:00:00,1454.53,67.6
2017-09-20 09:00:00,1460.38,69.8
2017-09-20 10:00:00,1462.24,74.1
2017-09-20 11:00:00,1451.14,75.0
2017-09-20 12:00:00,1463.94,75.6
2017-09-20 13:00:00,1453.26,76.8
2017-09-20 14:00:00,1432.77,78.6
2017-09-20 15:00:00,1396.94,76.8
2017-09-20 16:00:00,1329.43,78.1
2017-09-20 17:00:00,897.61,77.2
2017-09-20 18:00:00,885.75,74.8
2017-09-20 19:00:00,849.64,72.7
2017-09-20 20:00:00,821.39,70.2
2017-09-20 21:00:00,833.33,69.4
2017-09-20 22:00:00,815.9,66.2
2017-09-20 23:00:00,809.32,65.7
2017-09-21 00:00:00,801.98,64.6
2017-09-21 01:00:00,785.62,64.0
2017-09-21 02:00:00,851.31,62.8
2017-09-21 03:00:00,870.59,63.7
2017-09-21 04:00:00,1046.33,62.1
2017-09-21 05:00:00,1271.91,57.7
2017-09-21 06:00:00,1359.98,58.8
2017-09-21 07:00:00,1407.87,62.6
2017-09-21 08:00:00,1433.34,65.3
2017-09-21 09:00:00,1449.01,68.7
2017-09-21 10:00:00,1451.19,70.3
2017-09-21 11:00:00,1434.43,72.7
2017-09-21 12:00:00,1446.79,75.2
2017-09-21 13:00:00,1439.37,76.3
2017-09-21 14:00:00,1417.94,77.9
2017-09-21 15:00:00,1378.44,78.3
2017-09-21 16:00:00,1318.21,78.1
2017-09-21 17:00:00,888.41,76.8
2017-09-21 18:00:00,888.33,73.8
2017-09-21 19:00:00,830.23,68.5
2017-09-21 20:00:00,808.93,66.9
2017-09-21 21:00:00,811.29,67.3
2017-09-21 22:00:00,824.16,61.7
2017-09-21 23:00:00,860.5,61.9
2017-09-22 00:00:00,782.71,60.6
2017-09-22 01:00:00,772.36,59.0
2017-09-22 02:00:00,838.81,57.0
2017-09-22 03:00:00,845.92,55.2
2017-09-22 04:00:00,1022.12,54.7
2017-09-22 05:00:00,1238.74,54.1
2017-09-22 06:00:00,1337.42,55.4
2017-09-22 07:00:00,1391.56,61.0
2017-09-22 08:00:00,1416.28,66.4
2017-09-22 09:00:00,1423.28,69.3
2017-09-22 10:00:00,1417.77,72.1
2017-09-22 11:00:00,1405.27,74.5
2017-09-22 12:00:00,1420.23,76.8
2017-09-22 13:00:00,1418.2,77.7
2017-09-22 14:00:00,1394.41,79.5
2017-09-22 15:00:00,1366.38,80.1
2017-09-22 16:00:00,1306.55,79.7
2017-09-22 17:00:00,856.32,76.1
2017-09-22 18:00:00,836.36,74.5
2017-09-22 19:00:00,799.85,69.6
2017-09-22 20:00:00,784.87,64.8
2017-09-22 21:00:00,780.63,63.1
2017-09-22 22:00:00,774.19,61.9
2017-09-22 23:00:00,765.57,62.2
2017-09-23 00:00:00,765.91,60.3
2017-09-23 01:00:00,762.93,60.1
2017-09-23 02:00:00,759.45,59.5
2017-09-23 03:00:00,754.88,58.1
2017-09-23 04:00:00,756.1,57.6
2017-09-23 05:00:00,750.61,57.9
2017-09-23 06:00:00,742.22,59.2
2017-09-23 07:00:00,758.02,63.1
2017-09-23 08:00:00,762.6,68.2
2017-09-23 09:00:00,765.93,71.8
2017-09-23 10:00:00,771.63,75.2
2017-09-23 11:00:00,775.72,78.6
2017-09-23 12:00:00,783.22,81.0
2017-09-23 13:00:00,779.84,81.7
2017-09-23 14:00:00,775.55,82.4
2017-09-23 15:00:00,777.9,82.4
2017-09-23 16:00:00,779.17,82.9
2017-09-23 17:00:00,769.43,82.0
2017-09-23 18:00:00,777.27,78.8
2017-09-23 19:00:00,779.44,72.3
2017-09-23 20:00:00,780.25,69.6
2017-09-23 21:00:00,774.82,71.6
2017-09-23 22:00:00,774.84,71.8
2017-09-23 23:00:00,777.05,69.4
2017-09-24 00:00:00,777.95,67.8
2017-09-24 01:00:00,773.68,67.6
2017-09-24 02:00:00,775.36,69.3
2017-09-24 03:00:00,777.55,69.6
2017-09-24 04:00:00,780.75,69.4
2017-09-24 05:00:00,775.11,68.7
2017-09-24 06:00:00,766.16,68.0
2017-09-24 07:00:00,773.97,69.4
2017-09-24 08:00:00,782.56,71.8
2017-09-24 09:00:00,775.55,74.8
2017-09-24 10:00:00,778.17,78.1
2017-09-24 11:00:00,804.9,80.8
2017-09-24 12:00:00,816.99,83.1
2017-09-24 13:00:00,804.53,85.6
2017-09-24 14:00:00,804.9,87.1
2017-09-24 15:00:00,804.63,87.1
2017-09-24 16:00:00,805.39,86.7
2017-09-24 17:00:00,799.33,85.8
2017-09-24 18:00:00,807.05,82.6
2017-09-24 19:00:00,806.18,79.7
2017-09-24 20:00:00,780.84,73.9
2017-09-24 21:00:00,777.85,70.9
2017-09-24 22:00:00,775.65,72.3
2017-09-24 23:00:00,772.18,69.6
2017-09-25 00:00:00,778.77,67.8
2017-09-25 01:00:00,782.01,66.7
2017-09-25 02:00:00,871.88,66.4
2017-09-25 03:00:00,881.45,64.8
2017-09-25 04:00:00,1032.26,64.4
2017-09-25 05:00:00,1251.08,64.2
2017-09-25 06:00:00,1357.79,62.2
2017-09-25 07:00:00,1416.98,66.9
2017-09-25 08:00:00,1436.64,73.0
2017-09-25 09:00:00,1436.08,77.7
2017-09-25 10:00:00,1435.28,82.4
2017-09-25 11:00:00,1419.64,85.5
2017-09-25 12:00:00,1445.06,87.8
2017-09-25 13:00:00,1430.08,88.2
2017-09-25 14:00:00,1407.65,90.1
2017-09-25 15:00:00,1374.76,90.0
2017-09-25 16:00:00,1310.88,90.1
2017-09-25 17:00:00,889.88,87.4
2017-09-25 18:00:00,872.83,81.0
2017-09-25 19:00:00,840.85,77.7
2017-09-25 20:00:00,809.71,76.8
2017-09-25 21:00:00,824.91,75.6
2017-09-25 22:00:00,804.05,73.2
2017-09-25 23:00:00,798.15,70.0
2017-09-26 00:00:00,795.55,67.3
2017-09-26 01:00:00,805.38,66.2
2017-09-26 02:00:00,890.33,65.1
2017-09-26 03:00:00,924.81,67.6
2017-09-26 04:00:00,1063.33,64.2
2017-09-26 05:00:00,1272.19,64.0
2017-09-26 06:00:00,1379.98,63.0
2017-09-26 07:00:00,1424.92,66.2
2017-09-26 08:00:00,1451.31,72.1
2017-09-26 09:00:00,1449.25,76.6
2017-09-26 10:00:00,1449.63,79.2
2017-09-26 11:00:00,1442.38,82.6
2017-09-26 12:00:00,1455.18,83.1
2017-09-26 13:00:00,1443.24,84.2
2017-09-26 14:00:00,1421.05,85.6
2017-09-26 15:00:00,1388.75,86.7
2017-09-26 16:00:00,1323.99,86.2
2017-09-26 17:00:00,931.08,82.9
2017-09-26 18:00:00,918.94,79.2
2017-09-26 19:00:00,879.96,76.6
2017-09-26 20:00:00,859.59,75.4
2017-09-26 21:00:00,855.09,74.1
2017-09-26 22:00:00,846.12,74.3
2017-09-26 23:00:00,807.71,72.7
2017-09-27 00:00:00,818.16,70.7
2017-09-27 01:00:00,801.25,68.5
2017-09-27 02:00:00,848.21,67.1
2017-09-27 03:00:00,898.76,68.4
2017-09-27 04:00:00,1056.92,67.6
2017-09-27 05:00:00,1253.03,65.3
2017-09-27 06:00:00,1356.82,66.7
2017-09-27 07:00:00,1422.32,68.2
2017-09-27 08:00:00,1446.38,70.9
2017-09-27 09:00:00,1444.56,74.3
2017-09-27 10:00:00,1441.45,79.3
2017-09-27 11:00:00,1432.49,84.0
2017-09-27 12:00:00,1446.94,85.6
2017-09-27 13:00:00,1443.37,85.1
2017-09-27 14:00:00,1413.26,84.2
2017-09-27 15:00:00,1380.26,73.4
2017-09-27 16:00:00,1318.96,73.9
2017-09-27 17:00:00,899.73,74.5
2017-09-27 18:00:00,864.12,72.7
2017-09-27 19:00:00,811.48,70.2
2017-09-27 20:00:00,800.64,68.2
2017-09-27 21:00:00,791.46,65.5
2017-09-27 22:00:00,784.21,64.4
2017-09-27 23:00:00,779.06,62.4
2017-09-28 00:00:00,781.54,61.5
2017-09-28 01:00:00,765.86,59.5
2017-09-28 02:00:00,790.91,56.1
2017-09-28 03:00:00,877.35,55.0
2017-09-28 04:00:00,1037.5,53.6
2017-09-28 05:00:00,1232.47,51.8
2017-09-28 06:00:00,1327.37,50.2
2017-09-28 07:00:00,1380.34,51.4
2017-09-28 08:00:00,1403.77,52.3
2017-09-28 09:00:00,1413.45,54.7
2017-09-28 10:00:00,1412.48,53.8
2017-09-28 11:00:00,1406.88,54.9
2017-09-28 12:00:00,1421.74,56.1
2017-09-28 13:00:00,1400.56,57.2
2017-09-28 14:00:00,1384.07,56.8
2017-09-28 15:00:00,1357.31,56.7
2017-09-28 16:00:00,1296.86,56.3
2017-09-28 17:00:00,854.44,55.4
2017-09-28 18:00:00,835.97,54.5
2017-09-28 19:00:00,799.55,53.6
2017-09-28 20:00:00,788.61,52.3
2017-09-28 21:00:00,786.73,51.1
2017-09-28 22:00:00,798.41,49.8
2017-09-28 23:00:00,778.5,48.9
2017-09-29 00:00:00,774.92,48.2
2017-09-29 01:00:00,761.13,47.3
2017-09-29 02:00:00,790.34,46.2
2017-09-29 03:00:00,871.24,45.1
2017-09-29 04:00:00,1026.51,44.1
2017-09-29 05:00:00,1212.9,44.8
2017-09-29 06:00:00,1329.35,45.3
2017-09-29 07:00:00,1384.59,46.0
2017-09-29 08:00:00,1414.08,48.7
2017-09-29 09:00:00,1406.32,51.6
2017-09-29 10:00:00,1414.0,54.3
2017-09-29 11:00:00,1405.83,54.9
2017-09-29 12:00:00,1411.91,55.2
2017-09-29 13:00:00,1399.05,55.8
2017-09-29 14:00:00,1379.5,56.5
2017-09-29 15:00:00,1341.03,56.7
2017-09-29 16:00:00,1281.77,55.6
2017-09-29 17:00:00,850.78,54.0
2017-09-29 18:00:00,813.99,52.5
2017-09-29 19:00:00,767.34,50.7
2017-09-29 20:00:00,753.82,50.0
2017-09-29 21:00:00,756.8,48.4
2017-09-29 22:00:00,756.7,48.4
2017-09-29 23:00:00,755.19,48.4
2017-09-30 00:00:00,750.11,48.9
2017-09-30 01:00:00,751.99,48.9
2017-09-30 02:00:00,757.56,48.9
2017-09-30 03:00:00,754.53,48.7
2017-09-30 04:00:00,751.71,48.2
2017-09-30 05:00:00,753.78,47.7
2017-09-30 06:00:00,748.17,46.4
2017-09-30 07:00:00,786.98,46.2
2017-09-30 08:00:00,783.19,47.7
2017-09-30 09:00:00,787.99,51.1
2017-09-30 10:00:00,784.67,53.4
2017-09-30 11:00:00,783.16,53.2
2017-09-30 12:00:00,789.95,56.8
2017-09-30 13:00:00,791.45,55.9
2017-09-30 14:00:00,786.33,57.4
2017-09-30 15:00:00,779.21,57.2
2017-09-30 16:00:00,780.01,55.9
2017-09-30 17:00:00,780.21,55.6
2017-09-30 18:00:00,781.3,52.5
2017-09-30 19:00:00,779.28,47.7
2017-09-30 20:00:00,635.0,48.6
2017-09-30 21:00:00,580.49,47.1
2017-09-30 22:00:00,738.91,47.3
2017-09-30 23:00:00,765.18,46.9
2017-10-01 00:00:00,768.45,43.3
2017-10-01 01:00:00,764.74,40.8
2017-10-01 02:00:00,761.67,42.4
2017-10-01 03:00:00,764.59,42.1
2017-10-01 04:00:00,763.25,42.4
2017-10-01 05:00:00,764.36,39.6
2017-10-01 06:00:00,754.0,37.8
2017-10-01 07:00:00,761.22,41.5
2017-10-01 08:00:00,772.43,48.0
2017-10-01 09:00:00,774.43,50.9
2017-10-01 10:00:00,776.82,53.8
2017-10-01 11:00:00,836.05,56.8
2017-10-01 12:00:00,839.75,58.6
2017-10-01 13:00:00,840.37,60.3
2017-10-01 14:00:00,829.08,61.9
2017-10-01 15:00:00,827.87,62.6
2017-10-01 16:00:00,826.51,63.0
2017-10-01 17:00:00,827.16,61.5
2017-10-01 18:00:00,842.37,57.0
2017-10-01 19:00:00,829.03,50.7
2017-10-01 20:00:00,766.87,48.7
2017-10-01 21:00:00,769.4,46.9
2017-10-01 22:00:00,769.13,45.0
2017-10-01 23:00:00,765.24,42.4
2017-10-02 00:00:00,765.45,41.4
2017-10-02 01:00:00,767.38,41.2
2017-10-02 02:00:00,767.66,39.9
2017-10-02 03:00:00,849.75,40.6
2017-10-02 04:00:00,1017.86,40.3
2017-10-02 05:00:00,1213.04,40.1
2017-10-02 06:00:00,1321.31,39.4
2017-10-02 07:00:00,1374.9,44.4
2017-10-02 08:00:00,1398.95,51.4
2017-10-02 09:00:00,1406.44,56.8
2017-10-02 10:00:00,1425.14,61.2
2017-10-02 11:00:00,1420.14,61.7
2017-10-02 12:00:00,1431.18,66.2
2017-10-02 13:00:00,1423.71,67.1
2017-10-02 14:00:00,1398.01,67.1
2017-10-02 15:00:00,1367.92,67.5
2017-10-02 16:00:00,1300.2,67.3
2017-10-02 17:00:00,873.45,65.5
2017-10-02 18:00:00,858.0,60.3
2017-10-02 19:00:00,802.86,54.9
2017-10-02 20:00:00,772.29,56.7
2017-10-02 21:00:00,781.51,55.8
2017-10-02 22:00:00,770.11,54.0
2017-10-02 23:00:00,771.57,50.7
2017-10-03 00:00:00,771.6,49.3
2017-10-03 01:00:00,777.28,51.3
2017-10-03 02:00:00,778.53,47.1
2017-10-03 03:00:00,857.04,45.5
2017-10-03 04:00:00,1032.3,47.3
2017-10-03 05:00:00,1228.47,45.9
2017-10-03 06:00:00,1326.64,44.8
2017-10-03 07:00:00,1385.59,46.9
2017-10-03 08:00:00,1407.55,50.2
2017-10-03 09:00:00,1413.65,54.9
2017-10-03 10:00:00,1419.66,61.3
2017-10-03 11:00:00,1409.91,65.1
2017-10-03 12:00:00,1420.47,68.7
2017-10-03 13:00:00,1418.0,71.2
2017-10-03 14:00:00,1401.05,72.3
2017-10-03 15:00:00,1362.29,72.7
2017-10-03 16:00:00,1296.89,71.2
2017-10-03 17:00:00,861.85,68.2
2017-10-03 18:00:00,845.76,63.5
2017-10-03 19:00:00,810.91,62.2
2017-10-03 20:00:00,776.09,59.7
2017-10-03 21:00:00,778.8,56.5
2017-10-03 22:00:00,778.01,53.6
2017-10-03 23:00:00,774.7,52.9
2017-10-04 00:00:00,770.75,52.5
2017-10-04 01:00:00,779.37,54.9
2017-10-04 02:00:00,803.05,56.3
2017-10-04 03:00:00,884.83,58.3
2017-10-04 04:00:00,1067.1,59.2
2017-10-04 05:00:00,1261.34,60.6
2017-10-04 06:00:00,1351.98,60.6
2017-10-04 07:00:00,1410.3,64.4
2017-10-04 08:00:00,1439.51,64.9
2017-10-04 09:00:00,1438.86,65.8
2017-10-04 10:00:00,1441.71,65.1
2017-10-04 11:00:00,1429.63,67.8
2017-10-04 12:00:00,1437.13,70.0
2017-10-04 13:00:00,1430.3,72.5
2017-10-04 14:00:00,1410.8,73.0
2017-10-04 15:00:00,1372.93,73.6
2017-10-04 16:00:00,1299.82,69.1
2017-10-04 17:00:00,796.3,67.8
2017-10-04 18:00:00,833.65,68.5
2017-10-04 19:00:00,781.72,67.3
2017-10-04 20:00:00,761.25,65.5
2017-10-04 21:00:00,753.12,61.7
2017-10-04 22:00:00,754.9,61.3
2017-10-04 23:00:00,754.7,59.9
2017-10-05 00:00:00,755.69,58.8
2017-10-05 01:00:00,760.34,56.7
2017-10-05 02:00:00,790.78,56.3
2017-10-05 03:00:00,865.88,54.3
2017-10-05 04:00:00,1049.2,53.4
2017-10-05 05:00:00,1212.81,53.4
2017-10-05 06:00:00,1319.71,52.5
2017-10-05 07:00:00,1386.05,53.6
2017-10-05 08:00:00,1413.1,54.9
2017-10-05 09:00:00,1428.76,56.5
2017-10-05 10:00:00,1412.23,59.9
2017-10-05 11:00:00,1417.69,62.8
2017-10-05 12:00:00,1416.03,64.0
2017-10-05 13:00:00,1407.96,64.9
2017-10-05 14:00:00,1394.34,63.5
2017-10-05 15:00:00,1357.97,65.8
2017-10-05 16:00:00,1294.2,63.5
2017-10-05 17:00:00,854.34,61.9
2017-10-05 18:00:00,844.05,59.0
2017-10-05 19:00:00,786.08,57.0
2017-10-05 20:00:00,776.18,54.1
2017-10-05 21:00:00,783.55,57.0
2017-10-05 22:00:00,815.99,56.1
2017-10-05 23:00:00,783.35,55.9
2017-10-06 00:00:00,771.7,54.1
2017-10-06 01:00:00,762.07,53.4
2017-10-06 02:00:00,786.86,53.1
2017-10-06 03:00:00,862.4,53.8
2017-10-06 04:00:00,1017.06,52.9
2017-10-06 05:00:00,1207.58,52.5
2017-10-06 06:00:00,1304.5,53.2
2017-10-06 07:00:00,1358.06,54.0
2017-10-06 08:00:00,1377.18,54.9
2017-10-06 09:00:00,1371.51,57.9
2017-10-06 10:00:00,1385.25,59.7
2017-10-06 11:00:00,1377.84,61.2
2017-10-06 12:00:00,1386.58,62.4
2017-10-06 13:00:00,1377.66,64.0
2017-10-06 14:00:00,1358.65,65.3
2017-10-06 15:00:00,1325.96,65.8
2017-10-06 16:00:00,1261.94,64.6
2017-10-06 17:00:00,818.76,63.3
2017-10-06 18:00:00,789.91,58.8
2017-10-06 19:00:00,761.48,56.1
2017-10-06 20:00:00,743.47,54.7
2017-10-06 21:00:00,744.64,50.9
2017-10-06 22:00:00,744.47,52.7
2017-10-06 23:00:00,743.32,51.3
2017-10-07 00:00:00,739.05,49.3
2017-10-07 01:00:00,739.55,47.1
2017-10-07 02:00:00,747.12,47.7
2017-10-07 03:00:00,746.36,49.3
2017-10-07 04:00:00,738.13,49.3
2017-10-07 05:00:00,739.99,50.7
2017-10-07 06:00:00,744.32,52.0
2017-10-07 07:00:00,745.91,53.2
2017-10-07 08:00:00,742.1,54.1
2017-10-07 09:00:00,748.85,55.0
2017-10-07 10:00:00,752.19,55.9
2017-10-07 11:00:00,757.03,57.6
2017-10-07 12:00:00,743.68,58.1
2017-10-07 13:00:00,744.46,66.6
2017-10-07 14:00:00,747.43,69.3
2017-10-07 15:00:00,747.02,68.5
2017-10-07 16:00:00,744.3,67.8
2017-10-07 17:00:00,741.1,67.6
2017-10-07 18:00:00,746.4,66.4
2017-10-07 19:00:00,744.68,66.7
2017-10-07 20:00:00,737.76,66.6
2017-10-07 21:00:00,737.3,64.8
2017-10-07 22:00:00,739.37,64.2
2017-10-07 23:00:00,744.5,65.7
2017-10-08 00:00:00,736.81,66.0
2017-10-08 01:00:00,736.9,66.7
2017-10-08 02:00:00,746.03,69.3
2017-10-08 03:00:00,743.74,68.5
2017-10-08 04:00:00,738.51,67.8
2017-10-08 05:00:00,737.55,65.5
2017-10-08 06:00:00,742.23,68.2
2017-10-08 07:00:00,745.45,69.4
2017-10-08 08:00:00,742.96,66.6
2017-10-08 09:00:00,746.43,69.1
2017-10-08 10:00:00,747.35,69.6
2017-10-08 11:00:00,743.83,70.3
2017-10-08 12:00:00,742.88,73.2
2017-10-08 13:00:00,744.7,71.6
2017-10-08 14:00:00,745.84,72.1
2017-10-08 15:00:00,739.42,70.7
2017-10-08 16:00:00,738.13,71.8
2017-10-08 17:00:00,743.52,70.9
2017-10-08 18:00:00,744.46,64.9
2017-10-08 19:00:00,742.24,64.4
2017-10-08 20:00:00,740.14,63.0
2017-10-08 21:00:00,743.16,62.4
2017-10-08 22:00:00,745.37,61.2
2017-10-08 23:00:00,741.75,58.6
2017-10-09 00:00:00,740.44,57.7
2017-10-09 01:00:00,746.34,56.5
2017-10-09 02:00:00,773.31,56.7
2017-10-09 03:00:00,770.17,55.9
2017-10-09 04:00:00,769.92,55.4
2017-10-09 05:00:00,774.54,55.6
2017-10-09 06:00:00,768.14,56.7
2017-10-09 07:00:00,763.63,57.2
2017-10-09 08:00:00,768.47,57.6
2017-10-09 09:00:00,774.99,58.8
2017-10-09 10:00:00,771.03,59.5
2017-10-09 11:00:00,769.8,59.9
2017-10-09 12:00:00,774.31,60.1
2017-10-09 13:00:00,778.94,61.0
2017-10-09 14:00:00,772.07,62.1
2017-10-09 15:00:00,771.69,63.1
2017-10-09 16:00:00,773.06,63.5
2017-10-09 17:00:00,773.22,63.7
2017-10-09 18:00:00,770.5,63.3
2017-10-09 19:00:00,772.08,60.6
2017-10-09 20:00:00,773.3,57.7
2017-10-09 21:00:00,770.22,59.2
2017-10-09 22:00:00,768.26,55.4
2017-10-09 23:00:00,772.16,56.8
2017-10-10 00:00:00,774.88,55.6
2017-10-10 01:00:00,772.89,54.1
2017-10-10 02:00:00,773.79,54.7
2017-10-10 03:00:00,864.46,52.3
2017-10-10 04:00:00,1038.74,52.9
2017-10-10 05:00:00,1230.73,53.4
2017-10-10 06:00:00,1333.0,53.4
2017-10-10 07:00:00,1399.1,53.8
2017-10-10 08:00:00,1416.07,54.7
2017-10-10 09:00:00,1414.91,59.2
2017-10-10 10:00:00,1425.36,61.3
2017-10-10 11:00:00,1424.91,59.5
2017-10-10 12:00:00,1432.09,60.3
2017-10-10 13:00:00,1411.46,61.3
2017-10-10 14:00:00,1392.13,64.6
2017-10-10 15:00:00,1362.74,66.9
2017-10-10 16:00:00,1291.06,66.7
2017-10-10 17:00:00,844.4,65.5
2017-10-10 18:00:00,819.84,62.4
2017-10-10 19:00:00,788.68,60.6
2017-10-10 20:00:00,761.32,55.9
2017-10-10 21:00:00,763.38,58.5
2017-10-10 22:00:00,759.03,57.0
2017-10-10 23:00:00,762.62,54.9
2017-10-11 00:00:00,759.98,52.5
2017-10-11 01:00:00,762.88,51.6
2017-10-11 02:00:00,793.55,50.2
2017-10-11 03:00:00,785.42,48.2
2017-10-11 04:00:00,853.28,48.2
2017-10-11 05:00:00,1211.68,47.5
2017-10-11 06:00:00,1331.45,46.9
2017-10-11 07:00:00,1387.08,46.6
2017-10-11 08:00:00,1409.65,47.1
2017-10-11 09:00:00,1411.88,47.5
2017-10-11 10:00:00,1421.83,48.0
2017-10-11 11:00:00,1414.78,48.7
2017-10-11 12:00:00,1423.8,48.9
2017-10-11 13:00:00,1413.34,49.6
2017-10-11 14:00:00,1386.12,49.5
2017-10-11 15:00:00,1358.4,50.0
2017-10-11 16:00:00,1287.38,50.4
2017-10-11 17:00:00,866.17,47.3
2017-10-11 18:00:00,825.72,45.5
2017-10-11 19:00:00,789.69,47.5
2017-10-11 20:00:00,769.57,47.3
2017-10-11 21:00:00,779.23,46.2
2017-10-11 22:00:00,771.03,45.7
2017-10-11 23:00:00,760.59,45.1
2017-10-12 00:00:00,764.88,44.1
2017-10-12 01:00:00,777.25,43.7
2017-10-12 02:00:00,797.3,40.8
2017-10-12 03:00:00,792.31,37.9
2017-10-12 04:00:00,864.36,37.2
2017-10-12 05:00:00,1234.91,37.4
2017-10-12 06:00:00,1345.67,34.7
2017-10-12 07:00:00,1401.0,39.4
2017-10-12 08:00:00,1429.53,45.7
2017-10-12 09:00:00,1430.84,49.5
2017-10-12 10:00:00,1415.02,53.2
2017-10-12 11:00:00,1411.44,55.4
2017-10-12 12:00:00,1422.84,57.0
2017-10-12 13:00:00,1406.85,58.5
2017-10-12 14:00:00,1381.41,59.4
2017-10-12 15:00:00,1356.42,60.1
2017-10-12 16:00:00,1295.14,58.8
2017-10-12 17:00:00,870.86,56.1
2017-10-12 18:00:00,829.0,51.8
2017-10-12 19:00:00,789.1,50.5
2017-10-12 20:00:00,773.61,48.4
2017-10-12 21:00:00,768.13,48.0
2017-10-12 22:00:00,768.25,47.3
2017-10-12 23:00:00,773.62,46.0
2017-10-13 00:00:00,780.42,44.6
2017-10-13 01:00:00,780.51,43.3
2017-10-13 02:00:00,810.56,42.6
2017-10-13 03:00:00,796.77,40.1
2017-10-13 04:00:00,855.09,41.9
2017-10-13 05:00:00,1210.32,41.2
2017-10-13 06:00:00,1330.74,41.5
2017-10-13 07:00:00,1388.91,44.4
2017-10-13 08:00:00,1403.37,47.1
2017-10-13 09:00:00,1419.79,50.2
2017-10-13 10:00:00,1413.13,55.0
2017-10-13 11:00:00,1402.42,59.4
2017-10-13 12:00:00,1417.7,59.4
2017-10-13 13:00:00,1398.38,58.8
2017-10-13 14:00:00,1379.19,58.8
2017-10-13 15:00:00,1351.92,58.6
2017-10-13 16:00:00,1287.34,58.5
2017-10-13 17:00:00,866.74,58.3
2017-10-13 18:00:00,822.89,58.1
2017-10-13 19:00:00,774.37,57.7
2017-10-13 20:00:00,759.7,57.6
2017-10-13 21:00:00,754.18,57.2
2017-10-13 22:00:00,752.94,57.6
2017-10-13 23:00:00,753.35,59.4
2017-10-14 00:00:00,747.28,57.9
2017-10-14 01:00:00,752.76,57.6
2017-10-14 02:00:00,753.7,57.7
2017-10-14 03:00:00,749.81,57.7
2017-10-14 04:00:00,749.82,58.1
2017-10-14 05:00:00,753.88,57.6
2017-10-14 06:00:00,749.93,56.8
2017-10-14 07:00:00,750.56,57.4
2017-10-14 08:00:00,757.12,58.5
2017-10-14 09:00:00,761.15,58.8
2017-10-14 10:00:00,757.29,59.7
2017-10-14 11:00:00,765.09,60.3
2017-10-14 12:00:00,762.94,61.0
2017-10-14 13:00:00,760.2,60.6
2017-10-14 14:00:00,761.39,61.9
2017-10-14 15:00:00,753.63,61.7
2017-10-14 16:00:00,755.59,61.5
2017-10-14 17:00:00,755.14,61.0
2017-10-14 18:00:00,753.71,59.2
2017-10-14 19:00:00,752.89,57.7
2017-10-14 20:00:00,749.04,56.1
2017-10-14 21:00:00,745.9,56.7
2017-10-14 22:00:00,744.08,56.8
2017-10-14 23:00:00,752.84,54.5
2017-10-15 00:00:00,747.26,57.4
2017-10-15 01:00:00,745.6,57.7
2017-10-15 02:00:00,750.31,57.9
2017-10-15 03:00:00,753.0,58.6
2017-10-15 04:00:00,749.47,59.0
2017-10-15 05:00:00,743.36,58.8
2017-10-15 06:00:00,750.62,59.0
2017-10-15 07:00:00,752.81,59.0
2017-10-15 08:00:00,750.63,59.0
2017-10-15 09:00:00,753.77,58.1
2017-10-15 10:00:00,762.88,62.6
2017-10-15 11:00:00,753.71,63.5
2017-10-15 12:00:00,763.49,67.3
2017-10-15 13:00:00,757.18,67.5
2017-10-15 14:00:00,758.89,66.7
2017-10-15 15:00:00,747.23,68.7
2017-10-15 16:00:00,749.6,71.1
2017-10-15 17:00:00,750.01,70.3
2017-10-15 18:00:00,749.24,62.4
2017-10-15 19:00:00,748.66,61.2
2017-10-15 20:00:00,747.45,54.0
2017-10-15 21:00:00,751.76,48.6
2017-10-15 22:00:00,751.74,46.6
2017-10-15 23:00:00,747.93,43.7
2017-10-16 00:00:00,751.53,44.8
2017-10-16 01:00:00,765.05,43.7
2017-10-16 02:00:00,780.97,43.5
2017-10-16 03:00:00,780.04,42.4
2017-10-16 04:00:00,853.35,41.7
2017-10-16 05:00:00,1234.84,41.2
2017-10-16 06:00:00,1346.05,40.1
2017-10-16 07:00:00,1396.18,39.7
2017-10-16 08:00:00,1428.75,40.6
2017-10-16 09:00:00,1426.0,42.8
2017-10-16 10:00:00,1427.9,42.6
2017-10-16 11:00:00,1433.31,43.0
2017-10-16 12:00:00,1437.12,43.7
2017-10-16 13:00:00,1419.39,44.2
2017-10-16 14:00:00,1389.33,44.4
2017-10-16 15:00:00,1360.25,44.8
2017-10-16 16:00:00,1298.57,44.8
2017-10-16 17:00:00,880.69,44.1
2017-10-16 18:00:00,844.85,41.5
2017-10-16 19:00:00,812.09,39.7
2017-10-16 20:00:00,799.43,38.5
2017-10-16 21:00:00,789.72,37.0
2017-10-16 22:00:00,791.04,34.7
2017-10-16 23:00:00,789.08,34.2
2017-10-17 00:00:00,791.27,31.1
2017-10-17 01:00:00,789.57,31.8
2017-10-17 02:00:00,789.64,31.5
2017-10-17 03:00:00,787.98,31.8
2017-10-17 04:00:00,861.39,32.0
2017-10-17 05:00:00,1230.65,33.4
2017-10-17 06:00:00,1355.59,35.6
2017-10-17 07:00:00,1418.23,37.9
2017-10-17 08:00:00,1440.55,40.1
2017-10-17 09:00:00,1430.68,43.3
2017-10-17 10:00:00,1463.82,49.6
2017-10-17 11:00:00,1435.97,53.1
2017-10-17 12:00:00,1433.59,55.0
2017-10-17 13:00:00,1429.25,55.8
2017-10-17 14:00:00,1408.99,55.9
2017-10-17 15:00:00,1381.9,59.7
2017-10-17 16:00:00,1305.07,59.0
2017-10-17 17:00:00,886.21,58.5
2017-10-17 18:00:00,836.75,57.4
2017-10-17 19:00:00,798.84,57.7
2017-10-17 20:00:00,781.98,56.3
2017-10-17 21:00:00,774.85,57.0
2017-10-17 22:00:00,780.75,55.8
2017-10-17 23:00:00,782.29,54.7
2017-10-18 00:00:00,776.78,53.2
2017-10-18 01:00:00,767.57,53.1
2017-10-18 02:00:00,793.67,51.8
2017-10-18 03:00:00,786.03,50.7
2017-10-18 04:00:00,849.06,49.8
2017-10-18 05:00:00,1219.61,48.0
2017-10-18 06:00:00,1345.55,44.2
2017-10-18 07:00:00,1397.22,46.9
2017-10-18 08:00:00,1419.16,51.6
2017-10-18 09:00:00,1413.69,54.5
2017-10-18 10:00:00,1421.61,58.5
2017-10-18 11:00:00,1420.82,61.3
2017-10-18 12:00:00,1436.83,64.0
2017-10-18 13:00:00,1429.87,66.4
2017-10-18 14:00:00,1400.68,67.8
2017-10-18 15:00:00,1363.95,68.0
2017-10-18 16:00:00,1292.75,66.9
2017-10-18 17:00:00,889.97,64.2
2017-10-18 18:00:00,847.42,61.3
2017-10-18 19:00:00,802.4,57.7
2017-10-18 20:00:00,769.98,56.8
2017-10-18 21:00:00,789.95,53.8
2017-10-18 22:00:00,788.44,47.8
2017-10-18 23:00:00,780.38,45.9
2017-10-19 00:00:00,783.18,49.5
2017-10-19 01:00:00,785.56,44.1
2017-10-19 02:00:00,809.24,50.2
2017-10-19 03:00:00,788.35,44.8
2017-10-19 04:00:00,853.4,51.3
2017-10-19 05:00:00,1224.3,51.8
2017-10-19 06:00:00,1333.96,52.3
2017-10-19 07:00:00,1399.05,52.7
2017-10-19 08:00:00,1423.27,56.1
2017-10-19 09:00:00,1418.25,59.7
2017-10-19 10:00:00,1429.87,62.8
2017-10-19 11:00:00,1432.85,64.2
2017-10-19 12:00:00,1439.76,65.3
2017-10-19 13:00:00,1425.12,66.6
2017-10-19 14:00:00,1399.16,66.0
2017-10-19 15:00:00,1364.42,65.8
2017-10-19 16:00:00,1298.34,66.0
2017-10-19 17:00:00,888.74,61.7
2017-10-19 18:00:00,845.56,61.5
2017-10-19 19:00:00,789.95,59.4
2017-10-19 20:00:00,771.22,58.5
2017-10-19 21:00:00,763.12,57.6
2017-10-19 22:00:00,773.07,55.6
2017-10-19 23:00:00,824.76,54.7
2017-10-20 00:00:00,768.55,53.1
2017-10-20 01:00:00,757.85,52.0
2017-10-20 02:00:00,759.86,50.5
2017-10-20 03:00:00,759.71,49.5
2017-10-20 04:00:00,826.08,48.9
2017-10-20 05:00:00,1214.65,47.8
2017-10-20 06:00:00,1327.35,46.6
2017-10-20 07:00:00,1381.53,47.1
2017-10-20 08:00:00,1397.87,49.5
2017-10-20 09:00:00,1404.28,52.2
2017-10-20 10:00:00,1404.63,54.3
2017-10-20 11:00:00,1396.25,57.2
2017-10-20 12:00:00,1407.31,59.2
2017-10-20 13:00:00,1403.37,60.6
2017-10-20 14:00:00,1382.17,63.0
2017-10-20 15:00:00,1354.66,64.6
2017-10-20 16:00:00,1288.68,65.8
2017-10-20 17:00:00,866.48,61.3
2017-10-20 18:00:00,837.41,56.1
2017-10-20 19:00:00,789.54,56.5
2017-10-20 20:00:00,761.63,54.1
2017-10-20 21:00:00,760.14,53.8
2017-10-20 22:00:00,761.02,50.7
2017-10-20 23:00:00,755.91,50.0
2017-10-21 00:00:00,763.1,49.5
2017-10-21 01:00:00,762.24,50.4
2017-10-21 02:00:00,763.77,49.3
2017-10-21 03:00:00,755.76,48.7
2017-10-21 04:00:00,749.41,46.8
2017-10-21 05:00:00,751.0,44.1
2017-10-21 06:00:00,744.92,42.6
2017-10-21 07:00:00,751.19,46.2
2017-10-21 08:00:00,763.29,51.1
2017-10-21 09:00:00,768.49,54.5
2017-10-21 10:00:00,762.7,61.2
2017-10-21 11:00:00,765.81,65.7
2017-10-21 12:00:00,765.39,69.3
2017-10-21 13:00:00,766.5,70.7
2017-10-21 14:00:00,760.86,71.6
2017-10-21 15:00:00,758.96,70.9
2017-10-21 16:00:00,755.38,69.3
2017-10-21 17:00:00,754.45,65.7
2017-10-21 18:00:00,764.4,63.3
2017-10-21 19:00:00,765.75,61.0
2017-10-21 20:00:00,764.72,59.5
2017-10-21 21:00:00,777.27,58.5
2017-10-21 22:00:00,783.0,57.0
2017-10-21 23:00:00,786.53,55.4
2017-10-22 00:00:00,778.26,53.8
2017-10-22 01:00:00,779.46,48.6
2017-10-22 02:00:00,784.43,45.5
2017-10-22 03:00:00,783.29,46.2
2017-10-22 04:00:00,770.02,46.9
2017-10-22 05:00:00,769.75,48.4
2017-10-22 06:00:00,771.04,47.5
2017-10-22 07:00:00,772.05,47.1
2017-10-22 08:00:00,772.35,52.9
2017-10-22 09:00:00,784.07,56.8
2017-10-22 10:00:00,784.32,60.3
2017-10-22 11:00:00,784.23,64.9
2017-10-22 12:00:00,785.84,68.2
2017-10-22 13:00:00,788.68,69.8
2017-10-22 14:00:00,781.43,70.5
2017-10-22 15:00:00,776.98,70.5
2017-10-22 16:00:00,772.6,69.3
2017-10-22 17:00:00,780.54,66.6
2017-10-22 18:00:00,783.21,63.0
2017-10-22 19:00:00,781.41,57.4
2017-10-22 20:00:00,781.71,55.2
2017-10-22 21:00:00,786.6,55.0
2017-10-22 22:00:00,785.45,52.7
2017-10-22 23:00:00,781.96,52.3
2017-10-23 00:00:00,775.71,52.3
2017-10-23 01:00:00,773.52,49.6
2017-10-23 02:00:00,809.59,49.8
2017-10-23 03:00:00,786.99,47.7
2017-10-23 04:00:00,861.03,48.2
2017-10-23 05:00:00,1237.41,48.4
2017-10-23 06:00:00,1335.3,48.2
2017-10-23 07:00:00,1389.82,48.2
2017-10-23 08:00:00,1423.23,52.5
2017-10-23 09:00:00,1418.01,57.0
2017-10-23 10:00:00,1426.43,64.6
2017-10-23 11:00:00,1424.42,66.4
2017-10-23 12:00:00,1415.98,66.9
2017-10-23 13:00:00,1428.72,69.1
2017-10-23 14:00:00,1399.72,69.1
2017-10-23 15:00:00,1369.73,68.7
2017-10-23 16:00:00,1307.47,68.2
2017-10-23 17:00:00,879.67,66.9
2017-10-23 18:00:00,866.16,66.0
2017-10-23 19:00:00,800.34,65.1
2017-10-23 20:00:00,772.16,63.1
2017-10-23 21:00:00,765.17,63.3
2017-10-23 22:00:00,765.37,63.3
2017-10-23 23:00:00,762.87,62.6
2017-10-24 00:00:00,763.65,62.8
2017-10-24 01:00:00,766.97,60.1
2017-10-24 02:00:00,794.07,60.6
2017-10-24 03:00:00,790.03,62.6
2017-10-24 04:00:00,860.78,62.6
2017-10-24 05:00:00,1248.06,62.2
2017-10-24 06:00:00,1360.59,63.7
2017-10-24 07:00:00,1410.7,61.3
2017-10-24 08:00:00,1430.17,59.7
2017-10-24 09:00:00,1435.19,57.9
2017-10-24 10:00:00,1439.96,58.3
2017-10-24 11:00:00,1443.06,59.9
2017-10-24 12:00:00,1442.7,61.9
2017-10-24 13:00:00,1425.78,64.4
2017-10-24 14:00:00,1410.58,64.4
2017-10-24 15:00:00,1363.12,63.9
2017-10-24 16:00:00,1294.01,63.7
2017-10-24 17:00:00,886.21,62.4
2017-10-24 18:00:00,838.44,59.9
2017-10-24 19:00:00,799.57,57.6
2017-10-24 20:00:00,775.01,58.1
2017-10-24 21:00:00,773.14,56.1
2017-10-24 22:00:00,775.01,54.5
2017-10-24 23:00:00,767.08,52.7
2017-10-25 00:00:00,767.53,55.6
2017-10-25 01:00:00,775.33,55.2
2017-10-25 02:00:00,797.21,54.3
2017-10-25 03:00:00,791.75,53.1
2017-10-25 04:00:00,874.81,49.1
2017-10-25 05:00:00,1238.84,49.8
2017-10-25 06:00:00,1345.37,49.5
2017-10-25 07:00:00,1387.62,48.9
2017-10-25 08:00:00,1408.46,50.0
2017-10-25 09:00:00,1413.65,51.8
2017-10-25 10:00:00,1410.75,54.0
2017-10-25 11:00:00,1409.91,55.8
2017-10-25 12:00:00,1413.23,55.9
2017-10-25 13:00:00,1405.02,55.6
2017-10-25 14:00:00,1380.44,55.9
2017-10-25 15:00:00,1340.77,55.9
2017-10-25 16:00:00,1282.03,55.9
2017-10-25 17:00:00,867.61,54.0
2017-10-25 18:00:00,840.84,51.3
2017-10-25 19:00:00,809.68,49.1
2017-10-25 20:00:00,778.97,48.6
2017-10-25 21:00:00,773.08,44.2
2017-10-25 22:00:00,772.23,42.3
2017-10-25 23:00:00,772.96,42.8
2017-10-26 00:00:00,790.19,45.3
2017-10-26 01:00:00,802.79,42.8
2017-10-26 02:00:00,800.33,43.0
2017-10-26 03:00:00,793.78,40.5
2017-10-26 04:00:00,863.74,41.4
2017-10-26 05:00:00,1225.98,39.4
2017-10-26 06:00:00,1345.45,38.3
2017-10-26 07:00:00,1394.81,39.0
2017-10-26 08:00:00,1417.53,43.0
2017-10-26 09:00:00,1421.95,44.6
2017-10-26 10:00:00,1426.55,46.0
2017-10-26 11:00:00,1425.13,48.4
2017-10-26 12:00:00,1434.75,50.5
2017-10-26 13:00:00,1411.1,52.2
2017-10-26 14:00:00,1384.36,52.9
2017-10-26 15:00:00,1348.15,51.8
2017-10-26 16:00:00,1286.21,50.2
2017-10-26 17:00:00,873.36,48.7
2017-10-26 18:00:00,836.33,48.4
2017-10-26 19:00:00,802.92,46.8
2017-10-26 20:00:00,771.77,45.9
2017-10-26 21:00:00,767.25,46.2
2017-10-26 22:00:00,763.83,45.7
2017-10-26 23:00:00,777.6,43.7
2017-10-27 00:00:00,786.04,43.2
2017-10-27 01:00:00,792.14,42.1
2017-10-27 02:00:00,795.26,41.0
2017-10-27 03:00:00,782.5,41.2
2017-10-27 04:00:00,844.84,40.1
2017-10-27 05:00:00,1191.76,40.6
2017-10-27 06:00:00,1331.02,40.1
2017-10-27 07:00:00,1383.8,42.1
2017-10-27 08:00:00,1410.64,42.8
2017-10-27 09:00:00,1410.88,43.2
2017-10-27 10:00:00,1405.09,44.2
2017-10-27 11:00:00,1396.79,44.6
2017-10-27 12:00:00,1401.01,46.9
2017-10-27 13:00:00,1385.81,48.2
2017-10-27 14:00:00,1363.44,50.7
2017-10-27 15:00:00,1321.7,51.1
2017-10-27 16:00:00,1258.22,51.1
2017-10-27 17:00:00,1237.97,49.6
2017-10-27 18:00:00,1217.73,47.8
2017-10-27 19:00:00,1197.48,46.8
2017-10-27 20:00:00,1177.23,44.4
2017-10-27 21:00:00,1156.98,41.9
2017-10-27 22:00:00,1136.73,43.0
2017-10-27 23:00:00,772.28,42.3
2017-10-28 00:00:00,772.28,41.5
2017-10-28 01:00:00,772.28,41.2
2017-10-28 02:00:00,772.28,41.0
2017-10-28 03:00:00,772.28,40.8
2017-10-28 04:00:00,772.28,39.7
2017-10-28 05:00:00,772.28,38.3
2017-10-28 06:00:00,772.28,38.3
2017-10-28 07:00:00,772.28,40.3
2017-10-28 08:00:00,772.28,43.5
2017-10-28 09:00:00,772.28,49.3
2017-10-28 10:00:00,772.28,56.3
2017-10-28 11:00:00,772.28,60.4
2017-10-28 12:00:00,772.28,63.5
2017-10-28 13:00:00,772.28,64.2
2017-10-28 14:00:00,772.28,63.0
2017-10-28 15:00:00,772.28,59.7
2017-10-28 16:00:00,772.28,56.3
2017-10-28 17:00:00,772.5,54.9
2017-10-28 18:00:00,776.01,54.1
2017-10-28 19:00:00,777.84,54.1
2017-10-28 20:00:00,639.34,54.3
2017-10-28 21:00:00,699.48,50.7
2017-10-28 22:00:00,742.01,49.8
2017-10-28 23:00:00,755.9,47.7
2017-10-29 00:00:00,765.03,46.4
2017-10-29 01:00:00,774.23,45.7
2017-10-29 02:00:00,768.43,45.3
2017-10-29 03:00:00,755.09,45.0
2017-10-29 04:00:00,751.23,44.6
2017-10-29 05:00:00,756.71,44.6
2017-10-29 06:00:00,755.57,44.6
2017-10-29 07:00:00,755.94,44.8
2017-10-29 08:00:00,758.58,45.1
2017-10-29 09:00:00,764.06,44.8
2017-10-29 10:00:00,775.33,44.6
2017-10-29 11:00:00,775.06,45.3
2017-10-29 12:00:00,777.44,46.0
2017-10-29 13:00:00,772.66,46.6
2017-10-29 14:00:00,773.64,47.1
2017-10-29 15:00:00,757.87,46.9
2017-10-29 16:00:00,763.51,46.8
2017-10-29 17:00:00,766.03,46.4
2017-10-29 18:00:00,770.68,46.8
2017-10-29 19:00:00,769.38,47.3
2017-10-29 20:00:00,768.72,47.1
2017-10-29 21:00:00,770.51,45.5
2017-10-29 22:00:00,763.96,47.7
2017-10-29 23:00:00,766.69,47.8
2017-10-30 00:00:00,770.56,48.2
2017-10-30 01:00:00,765.82,48.6
2017-10-30 02:00:00,761.53,48.6
2017-10-30 03:00:00,762.01,48.6
2017-10-30 04:00:00,831.12,50.2
2017-10-30 05:00:00,1168.53,49.8
2017-10-30 06:00:00,1289.82,48.0
2017-10-30 07:00:00,1359.54,43.9
2017-10-30 08:00:00,1387.28,43.3
2017-10-30 09:00:00,1388.65,43.0
2017-10-30 10:00:00,1403.08,42.8
2017-10-30 11:00:00,1421.72,43.2
2017-10-30 12:00:00,1415.28,45.0
2017-10-30 13:00:00,1393.37,47.3
2017-10-30 14:00:00,1376.13,48.4
2017-10-30 15:00:00,1343.16,49.8
2017-10-30 16:00:00,1284.46,48.7
2017-10-30 17:00:00,911.93,47.1
2017-10-30 18:00:00,871.71,46.6
2017-10-30 19:00:00,823.85,45.7
2017-10-30 20:00:00,792.49,44.8
2017-10-30 21:00:00,794.61,44.4
2017-10-30 22:00:00,787.6,44.1
2017-10-30 23:00:00,787.06,43.5
2017-10-31 00:00:00,820.43,42.8
2017-10-31 01:00:00,813.05,42.3
2017-10-31 02:00:00,787.28,42.4
2017-10-31 03:00:00,778.47,43.3
2017-10-31 04:00:00,844.77,43.0
2017-10-31 05:00:00,1227.37,42.6
2017-10-31 06:00:00,1363.49,41.9
2017-10-31 07:00:00,1399.92,41.4
2017-10-31 08:00:00,1421.23,40.1
2017-10-31 09:00:00,1425.52,43.5
2017-10-31 10:00:00,1426.18,44.6
2017-10-31 11:00:00,1417.32,45.9
2017-10-31 12:00:00,1426.91,47.8
2017-10-31 13:00:00,1421.73,48.4
2017-10-31 14:00:00,1386.08,48.4
2017-10-31 15:00:00,1337.82,47.8
2017-10-31 16:00:00,1278.01,46.0
2017-10-31 17:00:00,887.34,44.2
2017-10-31 18:00:00,858.06,42.1
2017-10-31 19:00:00,822.81,41.4
2017-10-31 20:00:00,793.76,40.8
2017-10-31 21:00:00,794.45,36.0
2017-10-31 22:00:00,789.84,36.1
2017-10-31 23:00:00,788.5,36.7
2017-11-01 00:00:00,793.63,36.9
2017-11-01 01:00:00,785.11,36.0
2017-11-01 02:00:00,779.5,33.3
2017-11-01 03:00:00,783.37,31.1
2017-11-01 04:00:00,845.02,32.4
2017-11-01 05:00:00,1193.73,33.8
2017-11-01 06:00:00,1344.99,34.9
2017-11-01 07:00:00,1419.05,35.8
2017-11-01 08:00:00,1448.25,36.9
2017-11-01 09:00:00,1445.23,37.4
2017-11-01 10:00:00,1448.69,38.3
2017-11-01 11:00:00,1445.25,38.8
2017-11-01 12:00:00,1452.49,40.5
2017-11-01 13:00:00,1436.52,41.2
2017-11-01 14:00:00,1400.39,42.3
2017-11-01 15:00:00,1363.15,42.8
2017-11-01 16:00:00,1298.43,42.4
2017-11-01 17:00:00,810.3,41.9
2017-11-01 18:00:00,863.0,41.0
2017-11-01 19:00:00,813.79,40.5
2017-11-01 20:00:00,784.19,40.1
2017-11-01 21:00:00,786.3,40.1
2017-11-01 22:00:00,780.18,39.9
2017-11-01 23:00:00,777.45,39.9
2017-11-02 00:00:00,781.23,39.9
2017-11-02 01:00:00,775.8,40.1
2017-11-02 02:00:00,796.58,40.5
2017-11-02 03:00:00,804.06,40.8
2017-11-02 04:00:00,864.96,41.0
2017-11-02 05:00:00,1227.62,41.4
2017-11-02 06:00:00,1335.85,41.9
2017-11-02 07:00:00,1394.14,42.3
2017-11-02 08:00:00,1429.22,42.4
2017-11-02 09:00:00,1431.65,42.6
2017-11-02 10:00:00,1425.23,43.2
2017-11-02 11:00:00,1421.93,44.1
2017-11-02 12:00:00,1424.54,45.0
2017-11-02 13:00:00,1403.49,46.2
2017-11-02 14:00:00,1370.44,48.6
2017-11-02 15:00:00,1346.03,55.2
2017-11-02 16:00:00,1278.09,55.2
2017-11-02 17:00:00,903.39,55.6
2017-11-02 18:00:00,860.92,55.6
2017-11-02 19:00:00,800.72,55.9
2017-11-02 20:00:00,779.96,56.5
2017-11-02 21:00:00,779.55,55.9
2017-11-02 22:00:00,785.89,56.5
2017-11-02 23:00:00,809.96,57.0
2017-11-03 00:00:00,785.21,57.0
2017-11-03 01:00:00,774.93,55.0
2017-11-03 02:00:00,800.6,52.5
2017-11-03 03:00:00,797.78,51.8
2017-11-03 04:00:00,856.03,50.7
2017-11-03 05:00:00,1200.2,49.8
2017-11-03 06:00:00,1319.66,50.0
2017-11-03 07:00:00,1363.34,49.8
2017-11-03 08:00:00,1384.87,49.5
2017-11-03 09:00:00,1393.36,49.8
2017-11-03 10:00:00,1403.76,50.2
2017-11-03 11:00:00,1383.64,48.7
2017-11-03 12:00:00,1395.55,49.8
2017-11-03 13:00:00,1383.3,48.7
2017-11-03 14:00:00,1350.38,50.9
2017-11-03 15:00:00,1308.81,48.9
2017-11-03 16:00:00,1259.95,46.8
2017-11-03 17:00:00,863.54,44.1
2017-11-03 18:00:00,811.61,43.3
2017-11-03 19:00:00,788.16,42.3
2017-11-03 20:00:00,769.73,41.4
2017-11-03 21:00:00,764.92,40.3
2017-11-03 22:00:00,764.01,39.4
2017-11-03 23:00:00,761.37,37.8
2017-11-04 00:00:00,761.47,36.3
2017-11-04 01:00:00,772.0,35.2
2017-11-04 02:00:00,795.19,34.0
2017-11-04 03:00:00,792.74,33.3
2017-11-04 04:00:00,790.24,33.6
2017-11-04 05:00:00,797.87,32.4
2017-11-04 06:00:00,795.43,31.8
2017-11-04 07:00:00,799.28,32.5
2017-11-04 08:00:00,799.87,33.8
2017-11-04 09:00:00,801.85,37.0
2017-11-04 10:00:00,806.92,38.1
2017-11-04 11:00:00,804.5,38.8
2017-11-04 12:00:00,794.17,39.6
2017-11-04 13:00:00,793.36,39.9
2017-11-04 14:00:00,799.15,40.1
2017-11-04 15:00:00,793.15,40.1
2017-11-04 16:00:00,796.09,36.7
2017-11-04 17:00:00,796.84,35.6
2017-11-04 18:00:00,799.88,35.1
2017-11-04 19:00:00,796.1,35.4
2017-11-04 20:00:00,793.2,36.0
2017-11-04 21:00:00,790.13,36.1
2017-11-04 22:00:00,793.35,36.7
2017-11-04 23:00:00,796.16,37.6
2017-11-05 00:00:00,795.03,37.6
2017-11-05 01:00:00,793.91,37.2
2017-11-05 02:00:00,792.78,37.2
2017-11-05 03:00:00,794.21,36.9
2017-11-05 04:00:00,793.82,36.1
2017-11-05 05:00:00,795.41,34.7
2017-11-05 06:00:00,792.52,36.7
2017-11-05 07:00:00,798.21,37.8
2017-11-05 08:00:00,797.99,38.1
2017-11-05 09:00:00,804.08,38.8
2017-11-05 10:00:00,793.28,40.5
2017-11-05 11:00:00,793.45,41.9
2017-11-05 12:00:00,797.15,43.2
2017-11-05 13:00:00,797.06,44.2
2017-11-05 14:00:00,798.66,45.5
2017-11-05 15:00:00,801.03,46.8
2017-11-05 16:00:00,796.81,46.8
2017-11-05 17:00:00,795.9,51.3
2017-11-05 18:00:00,793.99,52.0
2017-11-05 19:00:00,791.45,52.7
2017-11-05 20:00:00,789.59,53.1
2017-11-05 21:00:00,786.18,53.6
2017-11-05 22:00:00,785.61,54.5
2017-11-05 23:00:00,790.73,55.0
2017-11-06 00:00:00,789.44,55.9
2017-11-06 01:00:00,785.25,56.8
2017-11-06 02:00:00,787.25,57.6
2017-11-06 03:00:00,790.33,57.9
2017-11-06 04:00:00,787.97,56.8
2017-11-06 05:00:00,856.09,52.7
2017-11-06 06:00:00,1213.45,52.7
2017-11-06 07:00:00,1320.17,52.0
2017-11-06 08:00:00,1378.51,51.3
2017-11-06 09:00:00,1405.01,50.5
2017-11-06 10:00:00,1409.81,50.4
2017-11-06 11:00:00,1409.12,46.6
2017-11-06 12:00:00,1402.57,45.1
2017-11-06 13:00:00,1403.45,45.3
2017-11-06 14:00:00,1399.9,44.2
2017-11-06 15:00:00,1360.77,43.0
2017-11-06 16:00:00,1325.67,41.9
2017-11-06 17:00:00,1269.21,39.9
2017-11-06 18:00:00,891.23,38.8
2017-11-06 19:00:00,881.13,36.0
2017-11-06 20:00:00,833.82,35.8
2017-11-06 21:00:00,802.43,36.0
2017-11-06 22:00:00,801.9,36.0
2017-11-06 23:00:00,792.59,35.4
2017-11-07 00:00:00,794.78,34.7
2017-11-07 01:00:00,797.49,34.2
2017-11-07 02:00:00,802.77,32.9
2017-11-07 03:00:00,801.74,31.6
2017-11-07 04:00:00,796.91,30.2
2017-11-07 05:00:00,869.91,29.5
2017-11-07 06:00:00,1232.4,28.2
2017-11-07 07:00:00,1337.93,28.2
2017-11-07 08:00:00,1402.29,31.5
2017-11-07 09:00:00,1420.98,31.1
2017-11-07 10:00:00,1409.08,36.0
2017-11-07 11:00:00,1410.98,37.8
2017-11-07 12:00:00,1404.93,39.9
2017-11-07 13:00:00,1410.62,40.8
2017-11-07 14:00:00,1398.41,41.9
2017-11-07 15:00:00,1360.26,40.1
2017-11-07 16:00:00,1337.6,39.6
2017-11-07 17:00:00,1279.01,36.7
2017-11-07 18:00:00,879.09,33.8
2017-11-07 19:00:00,852.23,35.1
2017-11-07 20:00:00,808.09,35.6
2017-11-07 21:00:00,794.3,36.7
2017-11-07 22:00:00,806.08,36.7
2017-11-07 23:00:00,803.85,34.7
2017-11-08 00:00:00,813.75,36.1
2017-11-08 01:00:00,814.69,36.3
2017-11-08 02:00:00,813.08,36.0
2017-11-08 03:00:00,811.76,35.8
2017-11-08 04:00:00,798.36,36.1
2017-11-08 05:00:00,864.22,36.0
2017-11-08 06:00:00,1238.47,35.6
2017-11-08 07:00:00,1338.31,35.2
2017-11-08 08:00:00,1397.38,36.3
2017-11-08 09:00:00,1424.15,38.1
2017-11-08 10:00:00,1420.1,40.6
2017-11-08 11:00:00,1416.63,43.3
2017-11-08 12:00:00,1413.05,43.5
2017-11-08 13:00:00,1415.78,44.1
2017-11-08 14:00:00,1398.07,45.3
2017-11-08 15:00:00,1377.18,45.5
2017-11-08 16:00:00,1329.9,43.7
2017-11-08 17:00:00,1271.14,41.7
2017-11-08 18:00:00,890.9,40.5
2017-11-08 19:00:00,878.5,38.3
2017-11-08 20:00:00,847.08,36.5
2017-11-08 21:00:00,812.14,35.8
2017-11-08 22:00:00,809.05,34.7
2017-11-08 23:00:00,808.41,34.2
2017-11-09 00:00:00,815.82,33.1
2017-11-09 01:00:00,821.88,30.2
2017-11-09 02:00:00,824.62,31.3
2017-11-09 03:00:00,827.68,31.5
2017-11-09 04:00:00,809.45,31.1
2017-11-09 05:00:00,861.03,32.0
2017-11-09 06:00:00,1216.14,32.4
2017-11-09 07:00:00,1316.26,32.7
2017-11-09 08:00:00,1370.38,34.0
2017-11-09 09:00:00,1394.65,36.0
2017-11-09 10:00:00,1404.56,38.7
2017-11-09 11:00:00,1401.11,41.4
2017-11-09 12:00:00,1393.55,43.3
2017-11-09 13:00:00,1404.18,44.4
2017-11-09 14:00:00,1392.93,45.0
2017-11-09 15:00:00,1361.61,43.7
2017-11-09 16:00:00,1347.54,45.3
2017-11-09 17:00:00,1279.51,44.8
2017-11-09 18:00:00,922.05,44.6
2017-11-09 19:00:00,915.17,43.0
2017-11-09 20:00:00,823.07,40.8
2017-11-09 21:00:00,782.46,33.1
2017-11-09 22:00:00,815.63,34.0
2017-11-09 23:00:00,818.7,29.5
2017-11-10 00:00:00,814.78,26.4
2017-11-10 01:00:00,812.56,23.4
2017-11-10 02:00:00,812.65,21.4
2017-11-10 03:00:00,812.74,18.5
2017-11-10 04:00:00,810.25,17.4
2017-11-10 05:00:00,861.26,15.8
2017-11-10 06:00:00,1198.66,14.4
2017-11-10 07:00:00,1317.46,13.1
2017-11-10 08:00:00,1378.17,13.1
2017-11-10 09:00:00,1401.55,14.0
2017-11-10 10:00:00,1397.62,15.6
2017-11-10 11:00:00,1388.51,17.1
2017-11-10 12:00:00,1387.05,19.0
2017-11-10 13:00:00,1406.63,21.0
2017-11-10 14:00:00,1391.65,21.9
2017-11-10 15:00:00,1356.4,23.2
2017-11-10 16:00:00,1328.04,23.0
2017-11-10 17:00:00,1273.28,22.3
2017-11-10 18:00:00,880.89,21.7
2017-11-10 19:00:00,871.13,21.2
2017-11-10 20:00:00,823.75,19.4
2017-11-10 21:00:00,804.36,18.0
2017-11-10 22:00:00,798.56,16.9
2017-11-10 23:00:00,798.01,16.5
2017-11-11 00:00:00,798.97,16.0
2017-11-11 01:00:00,799.82,15.6
2017-11-11 02:00:00,797.1,15.3
2017-11-11 03:00:00,802.14,15.3
2017-11-11 04:00:00,800.51,15.3
2017-11-11 05:00:00,810.37,15.1
2017-11-11 06:00:00,827.78,14.4
2017-11-11 07:00:00,825.17,14.7
2017-11-11 08:00:00,886.23,16.3
2017-11-11 09:00:00,868.38,18.3
2017-11-11 10:00:00,853.83,20.5
2017-11-11 11:00:00,847.44,22.5
2017-11-11 12:00:00,845.03,25.0
2017-11-11 13:00:00,842.4,27.1
2017-11-11 14:00:00,845.69,29.1
2017-11-11 15:00:00,850.03,29.1
2017-11-11 16:00:00,845.21,27.9
2017-11-11 17:00:00,841.51,27.0
2017-11-11 18:00:00,836.96,27.3
2017-11-11 19:00:00,831.65,27.3
2017-11-11 20:00:00,831.01,26.2
2017-11-11 21:00:00,827.14,25.5
2017-11-11 22:00:00,825.98,25.3
2017-11-11 23:00:00,827.08,25.3
2017-11-12 00:00:00,828.72,25.2
2017-11-12 01:00:00,824.25,25.5
2017-11-12 02:00:00,825.91,25.2
2017-11-12 03:00:00,827.76,25.7
2017-11-12 04:00:00,828.44,25.2
2017-11-12 05:00:00,823.56,25.2
2017-11-12 06:00:00,823.62,25.2
2017-11-12 07:00:00,817.76,25.3
2017-11-12 08:00:00,817.29,25.7
2017-11-12 09:00:00,819.83,27.1
2017-11-12 10:00:00,824.67,29.3
2017-11-12 11:00:00,825.09,30.9
2017-11-12 12:00:00,820.35,34.9
2017-11-12 13:00:00,813.2,35.8
2017-11-12 14:00:00,819.12,37.4
2017-11-12 15:00:00,819.51,38.5
2017-11-12 16:00:00,820.97,35.6
2017-11-12 17:00:00,822.86,32.4
2017-11-12 18:00:00,820.85,31.8
2017-11-12 19:00:00,819.53,31.5
2017-11-12 20:00:00,819.37,31.8
2017-11-12 21:00:00,817.84,32.5
2017-11-12 22:00:00,815.47,32.7
2017-11-12 23:00:00,820.11,31.3
2017-11-13 00:00:00,818.84,31.1
2017-11-13 01:00:00,817.57,30.7
2017-11-13 02:00:00,816.18,30.6
2017-11-13 03:00:00,816.44,30.4
2017-11-13 04:00:00,819.75,30.2
2017-11-13 05:00:00,850.86,30.2
2017-11-13 06:00:00,1041.89,30.4
2017-11-13 07:00:00,1067.11,30.6
2017-11-13 08:00:00,1036.86,30.4
2017-11-13 09:00:00,999.79,30.9
2017-11-13 10:00:00,999.49,31.5
2017-11-13 11:00:00,1020.45,32.0
2017-11-13 12:00:00,1061.93,32.5
2017-11-13 13:00:00,1051.7,33.3
2017-11-13 14:00:00,1068.19,33.8
2017-11-13 15:00:00,1086.74,34.2
2017-11-13 16:00:00,1070.93,34.0
2017-11-13 17:00:00,1038.45,33.4
2017-11-13 18:00:00,784.57,33.3
2017-11-13 19:00:00,787.79,33.1
2017-11-13 20:00:00,806.98,31.1
2017-11-13 21:00:00,817.63,32.7
2017-11-13 22:00:00,815.13,32.2
2017-11-13 23:00:00,812.49,32.5
2017-11-14 00:00:00,818.39,32.2
2017-11-14 01:00:00,824.28,31.8
2017-11-14 02:00:00,825.46,32.4
2017-11-14 03:00:00,852.72,32.2
2017-11-14 04:00:00,830.61,31.8
2017-11-14 05:00:00,899.66,31.6
2017-11-14 06:00:00,1245.23,31.3
2017-11-14 07:00:00,1341.63,31.6
2017-11-14 08:00:00,1388.52,31.3
2017-11-14 09:00:00,1427.56,33.4
2017-11-14 10:00:00,1428.99,34.2
2017-11-14 11:00:00,1441.72,32.9
2017-11-14 12:00:00,1437.33,34.9
2017-11-14 13:00:00,1367.54,35.2
2017-11-14 14:00:00,1419.65,35.6
2017-11-14 15:00:00,1382.96,35.6
2017-11-14 16:00:00,1343.22,35.2
2017-11-14 17:00:00,1282.78,32.9
2017-11-14 18:00:00,896.08,34.3
2017-11-14 19:00:00,884.92,32.7
2017-11-14 20:00:00,858.93,34.2
2017-11-14 21:00:00,816.68,34.2
2017-11-14 22:00:00,835.23,33.1
2017-11-14 23:00:00,816.91,30.0
2017-11-15 00:00:00,810.66,29.3
2017-11-15 01:00:00,829.38,28.9
2017-11-15 02:00:00,836.45,27.7
2017-11-15 03:00:00,816.01,25.2
2017-11-15 04:00:00,803.44,26.6
2017-11-15 05:00:00,842.04,24.3
2017-11-15 06:00:00,1109.85,23.5
2017-11-15 07:00:00,1308.7,24.3
2017-11-15 08:00:00,1389.03,28.4
2017-11-15 09:00:00,1410.85,31.8
2017-11-15 10:00:00,1404.55,35.2
2017-11-15 11:00:00,1412.99,37.8
2017-11-15 12:00:00,1405.5,40.5
2017-11-15 13:00:00,1397.67,42.1
2017-11-15 14:00:00,1386.73,42.3
2017-11-15 15:00:00,1367.73,42.8
2017-11-15 16:00:00,1342.96,41.9
2017-11-15 17:00:00,1280.32,39.9
2017-11-15 18:00:00,891.56,39.0
2017-11-15 19:00:00,863.43,38.7
2017-11-15 20:00:00,816.41,38.7
2017-11-15 21:00:00,790.45,38.8
2017-11-15 22:00:00,797.13,39.0
2017-11-15 23:00:00,794.66,38.8
2017-11-16 00:00:00,791.55,38.3
2017-11-16 01:00:00,819.86,37.6
2017-11-16 02:00:00,818.14,37.0
2017-11-16 03:00:00,817.91,36.7
2017-11-16 04:00:00,807.07,39.9
2017-11-16 05:00:00,871.77,42.3
2017-11-16 06:00:00,1203.63,43.3
2017-11-16 07:00:00,1313.63,43.9
2017-11-16 08:00:00,1323.78,44.1
2017-11-16 09:00:00,1346.46,44.4
2017-11-16 10:00:00,1340.66,45.5
2017-11-16 11:00:00,1380.96,44.6
2017-11-16 12:00:00,1392.14,44.1
2017-11-16 13:00:00,1395.77,43.0
2017-11-16 14:00:00,1385.88,43.0
2017-11-16 15:00:00,1358.71,43.0
2017-11-16 16:00:00,1332.8,39.4
2017-11-16 17:00:00,1267.9,37.8
2017-11-16 18:00:00,895.49,37.6
2017-11-16 19:00:00,866.35,35.8
2017-11-16 20:00:00,806.81,34.0
2017-11-16 21:00:00,783.56,33.1
2017-11-16 22:00:00,776.61,31.6
2017-11-16 23:00:00,803.45,30.6
2017-11-17 00:00:00,804.25,29.8
2017-11-17 01:00:00,805.12,28.9
2017-11-17 02:00:00,804.5,28.4
2017-11-17 03:00:00,811.37,27.9
2017-11-17 04:00:00,801.18,27.1
2017-11-17 05:00:00,860.31,25.9
2017-11-17 06:00:00,1196.56,24.4
2017-11-17 07:00:00,1314.7,23.2
2017-11-17 08:00:00,1383.4,23.9
2017-11-17 09:00:00,1388.46,23.9
2017-11-17 10:00:00,1386.99,23.4
2017-11-17 11:00:00,1395.49,25.2
2017-11-17 12:00:00,1392.28,26.8
2017-11-17 13:00:00,1391.98,28.8
2017-11-17 14:00:00,1378.63,29.7
2017-11-17 15:00:00,1362.63,30.2
2017-11-17 16:00:00,1331.31,29.7
2017-11-17 17:00:00,1267.11,28.2
2017-11-17 18:00:00,867.22,27.3
2017-11-17 19:00:00,828.07,26.4
2017-11-17 20:00:00,788.45,26.1
2017-11-17 21:00:00,770.74,22.8
2017-11-17 22:00:00,769.9,22.8
2017-11-17 23:00:00,772.27,24.6
2017-11-18 00:00:00,771.02,25.0
2017-11-18 01:00:00,770.24,24.1
2017-11-18 02:00:00,769.12,25.9
2017-11-18 03:00:00,780.49,25.9
2017-11-18 04:00:00,799.38,25.0
2017-11-18 05:00:00,798.22,25.3
2017-11-18 06:00:00,797.9,25.3
2017-11-18 07:00:00,798.96,25.3
2017-11-18 08:00:00,799.97,25.7
2017-11-18 09:00:00,811.95,27.0
2017-11-18 10:00:00,815.21,27.3
2017-11-18 11:00:00,820.99,28.2
2017-11-18 12:00:00,821.19,28.8
2017-11-18 13:00:00,822.27,29.1
2017-11-18 14:00:00,821.21,29.8
2017-11-18 15:00:00,817.71,29.8
2017-11-18 16:00:00,820.29,29.8
2017-11-18 17:00:00,815.71,29.8
2017-11-18 18:00:00,811.5,29.7
2017-11-18 19:00:00,805.68,29.8
2017-11-18 20:00:00,803.2,29.7
2017-11-18 21:00:00,801.26,29.1
2017-11-18 22:00:00,799.98,29.5
2017-11-18 23:00:00,797.73,30.2
2017-11-19 00:00:00,798.98,30.2
2017-11-19 01:00:00,800.02,30.9
2017-11-19 02:00:00,797.07,31.8
2017-11-19 03:00:00,799.32,31.8
2017-11-19 04:00:00,794.76,31.5
2017-11-19 05:00:00,793.89,30.7
2017-11-19 06:00:00,794.2,30.4
2017-11-19 07:00:00,793.48,30.0
2017-11-19 08:00:00,792.33,28.6
2017-11-19 09:00:00,804.92,28.2
2017-11-19 10:00:00,806.52,28.4
2017-11-19 11:00:00,813.75,28.9
2017-11-19 12:00:00,809.25,29.7
2017-11-19 13:00:00,810.48,30.6
2017-11-19 14:00:00,819.39,31.1
2017-11-19 15:00:00,812.38,31.1
2017-11-19 16:00:00,811.56,30.4
2017-11-19 17:00:00,808.31,29.7
2017-11-19 18:00:00,806.53,28.6
2017-11-19 19:00:00,809.76,27.7
2017-11-19 20:00:00,810.78,27.3
2017-11-19 21:00:00,811.34,26.6
2017-11-19 22:00:00,808.38,26.2
2017-11-19 23:00:00,808.5,25.7
2017-11-20 00:00:00,810.15,23.0
2017-11-20 01:00:00,810.98,20.8
2017-11-20 02:00:00,808.14,20.7
2017-11-20 03:00:00,812.74,20.7
2017-11-20 04:00:00,808.09,19.9
2017-11-20 05:00:00,880.24,18.9
2017-11-20 06:00:00,1230.47,18.7
2017-11-20 07:00:00,1340.29,17.6
2017-11-20 08:00:00,1393.26,19.2
2017-11-20 09:00:00,1424.03,19.9
2017-11-20 10:00:00,1417.71,19.9
2017-11-20 11:00:00,1419.6,22.1
2017-11-20 12:00:00,1413.33,23.9
2017-11-20 13:00:00,1413.0,23.2
2017-11-20 14:00:00,1396.19,25.7
2017-11-20 15:00:00,1363.57,24.1
2017-11-20 16:00:00,1333.38,23.7
2017-11-20 17:00:00,1277.32,22.8
2017-11-20 18:00:00,930.45,21.6
2017-11-20 19:00:00,896.18,23.0
2017-11-20 20:00:00,861.23,23.9
2017-11-20 21:00:00,823.53,24.4
2017-11-20 22:00:00,815.38,24.6
2017-11-20 23:00:00,811.61,25.2
2017-11-21 00:00:00,806.0,25.5
2017-11-21 01:00:00,807.15,24.8
2017-11-21 02:00:00,806.99,23.9
2017-11-21 03:00:00,821.87,23.0
2017-11-21 04:00:00,805.55,22.6
2017-11-21 05:00:00,873.48,22.6
2017-11-21 06:00:00,1236.42,22.8
2017-11-21 07:00:00,1357.72,23.4
2017-11-21 08:00:00,1414.25,24.8
2017-11-21 09:00:00,1431.07,27.0
2017-11-21 10:00:00,1424.06,36.9
2017-11-21 11:00:00,1433.52,41.0
2017-11-21 12:00:00,1412.0,43.2
2017-11-21 13:00:00,1410.36,43.3
2017-11-21 14:00:00,1405.93,45.1
2017-11-21 15:00:00,1381.4,46.6
2017-11-21 16:00:00,1345.35,44.4
2017-11-21 17:00:00,1287.62,42.1
2017-11-21 18:00:00,902.43,43.0
2017-11-21 19:00:00,863.89,42.1
2017-11-21 20:00:00,814.4,42.8
2017-11-21 21:00:00,783.73,44.6
2017-11-21 22:00:00,782.55,44.8
2017-11-21 23:00:00,780.62,42.6
2017-11-22 00:00:00,778.53,41.4
2017-11-22 01:00:00,777.85,36.3
2017-11-22 02:00:00,806.22,34.7
2017-11-22 03:00:00,805.8,34.5
2017-11-22 04:00:00,798.16,33.8
2017-11-22 05:00:00,859.85,33.1
2017-11-22 06:00:00,1218.15,33.8
2017-11-22 07:00:00,1334.48,33.6
2017-11-22 08:00:00,1395.84,34.3
2017-11-22 09:00:00,1438.17,33.4
2017-11-22 10:00:00,1411.63,32.7
2017-11-22 11:00:00,1412.67,31.3
2017-11-22 12:00:00,1414.42,30.4
2017-11-22 13:00:00,1421.1,30.2
2017-11-22 14:00:00,1402.66,30.9
2017-11-22 15:00:00,1378.95,30.4
2017-11-22 16:00:00,1342.25,28.8
2017-11-22 17:00:00,1284.82,29.3
2017-11-22 18:00:00,883.28,26.1
2017-11-22 19:00:00,884.73,25.0
2017-11-22 20:00:00,837.13,23.4
2017-11-22 21:00:00,815.23,22.3
2017-11-22 22:00:00,814.88,21.4
2017-11-22 23:00:00,815.13,20.7
2017-11-23 00:00:00,807.52,19.6
2017-11-23 01:00:00,805.85,19.2
2017-11-23 02:00:00,811.29,20.3
2017-11-23 03:00:00,810.12,18.0
2017-11-23 04:00:00,806.2,17.4
2017-11-23 05:00:00,869.22,17.4
2017-11-23 06:00:00,1186.56,17.6
2017-11-23 07:00:00,1332.35,18.7
2017-11-23 08:00:00,1393.27,19.9
2017-11-23 09:00:00,1414.43,21.9
2017-11-23 10:00:00,1415.86,23.9
2017-11-23 11:00:00,1405.94,24.8
2017-11-23 12:00:00,1399.91,27.0
2017-11-23 13:00:00,1407.68,29.3
2017-11-23 14:00:00,1392.25,30.4
2017-11-23 15:00:00,1370.19,31.3
2017-11-23 16:00:00,1339.85,32.0
2017-11-23 17:00:00,1272.15,31.8
2017-11-23 18:00:00,888.62,31.8
2017-11-23 19:00:00,865.1,32.0
2017-11-23 20:00:00,839.42,33.1
2017-11-23 21:00:00,825.25,33.6
2017-11-23 22:00:00,816.56,35.1
2017-11-23 23:00:00,860.68,35.6
2017-11-24 00:00:00,820.44,35.8
2017-11-24 01:00:00,802.51,34.9
2017-11-24 02:00:00,801.45,34.9
2017-11-24 03:00:00,799.5,35.1
2017-11-24 04:00:00,799.02,35.2
2017-11-24 05:00:00,854.74,34.7
2017-11-24 06:00:00,1192.32,34.2
2017-11-24 07:00:00,1295.48,34.2
2017-11-24 08:00:00,1340.9,34.3
2017-11-24 09:00:00,1368.91,35.6
2017-11-24 10:00:00,1369.48,38.3
2017-11-24 11:00:00,1375.53,40.3
2017-11-24 12:00:00,1371.33,43.2
2017-11-24 13:00:00,1369.5,45.9
2017-11-24 14:00:00,1357.64,45.1
2017-11-24 15:00:00,1337.12,44.6
2017-11-24 16:00:00,1305.69,43.7
2017-11-24 17:00:00,1242.23,41.9
2017-11-24 18:00:00,859.93,42.6
2017-11-24 19:00:00,824.05,43.5
2017-11-24 20:00:00,775.86,43.5
2017-11-24 21:00:00,733.89,44.1
2017-11-24 22:00:00,751.52,43.9
2017-11-24 23:00:00,753.97,46.2
2017-11-25 00:00:00,750.61,44.1
2017-11-25 01:00:00,749.92,42.1
2017-11-25 02:00:00,753.41,42.6
2017-11-25 03:00:00,752.52,42.8
2017-11-25 04:00:00,748.38,44.6
2017-11-25 05:00:00,747.54,44.6
2017-11-25 06:00:00,749.53,44.4
2017-11-25 07:00:00,750.4,42.8
2017-11-25 08:00:00,748.36,41.9
2017-11-25 09:00:00,767.26,41.9
2017-11-25 10:00:00,768.77,41.9
2017-11-25 11:00:00,767.16,42.8
2017-11-25 12:00:00,769.86,43.3
2017-11-25 13:00:00,763.97,44.4
2017-11-25 14:00:00,765.64,44.2
2017-11-25 15:00:00,768.62,44.2
2017-11-25 16:00:00,772.25,42.6
2017-11-25 17:00:00,770.32,41.2
2017-11-25 18:00:00,764.11,40.5
2017-11-25 19:00:00,756.81,40.3
2017-11-25 20:00:00,754.64,39.0
2017-11-25 21:00:00,751.48,36.5
2017-11-25 22:00:00,760.16,37.2
2017-11-25 23:00:00,773.89,35.4
2017-11-26 00:00:00,780.46,35.4
2017-11-26 01:00:00,777.91,33.1
2017-11-26 02:00:00,776.61,31.6
2017-11-26 03:00:00,777.12,30.0
2017-11-26 04:00:00,778.79,29.5
2017-11-26 05:00:00,780.16,28.8
2017-11-26 06:00:00,781.97,28.2
2017-11-26 07:00:00,775.63,27.5
2017-11-26 08:00:00,780.08,27.0
2017-11-26 09:00:00,788.46,26.2
2017-11-26 10:00:00,787.27,25.7
2017-11-26 11:00:00,780.39,24.8
2017-11-26 12:00:00,781.81,25.7
2017-11-26 13:00:00,783.3,26.6
2017-11-26 14:00:00,788.28,27.5
2017-11-26 15:00:00,791.43,26.1
2017-11-26 16:00:00,799.52,27.0
2017-11-26 17:00:00,787.5,26.1
2017-11-26 18:00:00,782.75,25.3
2017-11-26 19:00:00,777.98,25.5
2017-11-26 20:00:00,780.41,25.9
2017-11-26 21:00:00,780.21,26.2
2017-11-26 22:00:00,782.12,27.0
2017-11-26 23:00:00,780.8,28.6
2017-11-27 00:00:00,777.16,29.8
2017-11-27 01:00:00,780.22,30.0
2017-11-27 02:00:00,781.2,29.7
2017-11-27 03:00:00,781.21,29.8
2017-11-27 04:00:00,781.39,28.4
2017-11-27 05:00:00,847.28,27.3
2017-11-27 06:00:00,1203.93,24.3
2017-11-27 07:00:00,1323.42,20.5
2017-11-27 08:00:00,1384.42,20.3
2017-11-27 09:00:00,1412.24,17.6
2017-11-27 10:00:00,1413.25,17.8
2017-11-27 11:00:00,1410.93,18.1
2017-11-27 12:00:00,1409.02,19.0
2017-11-27 13:00:00,1344.62,19.2
2017-11-27 14:00:00,1390.98,20.7
2017-11-27 15:00:00,1364.9,19.2
2017-11-27 16:00:00,1335.91,17.8
2017-11-27 17:00:00,1275.32,18.5
2017-11-27 18:00:00,922.75,16.3
2017-11-27 19:00:00,902.96,15.4
2017-11-27 20:00:00,849.77,14.5
2017-11-27 21:00:00,815.97,13.8
2017-11-27 22:00:00,815.22,13.1
2017-11-27 23:00:00,788.2,11.8
2017-11-28 00:00:00,786.72,12.0
2017-11-28 01:00:00,785.79,11.8
2017-11-28 02:00:00,817.51,12.6
2017-11-28 03:00:00,815.95,14.2
2017-11-28 04:00:00,812.54,14.5
2017-11-28 05:00:00,879.41,14.7
2017-11-28 06:00:00,1230.21,15.3
2017-11-28 07:00:00,1359.53,16.2
2017-11-28 08:00:00,1420.16,18.5
2017-11-28 09:00:00,1417.26,18.1
2017-11-28 10:00:00,1404.11,21.0
2017-11-28 11:00:00,1398.87,25.3
2017-11-28 12:00:00,1390.2,29.3
2017-11-28 13:00:00,1389.86,32.5
2017-11-28 14:00:00,1393.58,35.6
2017-11-28 15:00:00,1356.9,35.6
2017-11-28 16:00:00,1325.31,35.4
2017-11-28 17:00:00,1268.76,33.3
2017-11-28 18:00:00,889.78,33.3
2017-11-28 19:00:00,858.01,49.1
2017-11-28 20:00:00,814.74,48.9
2017-11-28 21:00:00,789.86,48.9
2017-11-28 22:00:00,785.36,49.3
2017-11-28 23:00:00,789.73,50.0
2017-11-29 00:00:00,803.43,50.2
2017-11-29 01:00:00,801.31,48.7
2017-11-29 02:00:00,797.8,44.2
2017-11-29 03:00:00,824.79,42.4
2017-11-29 04:00:00,809.06,37.9
2017-11-29 05:00:00,880.71,35.8
2017-11-29 06:00:00,1205.63,34.9
2017-11-29 07:00:00,1324.96,39.0
2017-11-29 08:00:00,1388.25,39.7
2017-11-29 09:00:00,1395.39,40.5
2017-11-29 10:00:00,1380.4,38.7
2017-11-29 11:00:00,1388.25,38.1
2017-11-29 12:00:00,1386.68,39.2
2017-11-29 13:00:00,1390.35,37.0
2017-11-29 14:00:00,1380.06,35.6
2017-11-29 15:00:00,1363.84,35.2
2017-11-29 16:00:00,1328.79,34.2
2017-11-29 17:00:00,1265.16,32.0
2017-11-29 18:00:00,893.88,30.6
2017-11-29 19:00:00,876.91,29.7
2017-11-29 20:00:00,826.32,28.6
2017-11-29 21:00:00,794.92,25.5
2017-11-29 22:00:00,800.97,25.3
2017-11-29 23:00:00,804.28,25.0
2017-11-30 00:00:00,790.53,25.7
2017-11-30 01:00:00,804.35,22.8
2017-11-30 02:00:00,797.46,22.5
2017-11-30 03:00:00,803.5,24.6
2017-11-30 04:00:00,786.86,24.8
2017-11-30 05:00:00,859.34,21.6
2017-11-30 06:00:00,1233.61,21.4
2017-11-30 07:00:00,1362.71,22.6
2017-11-30 08:00:00,1421.05,23.9
2017-11-30 09:00:00,1430.87,26.4
2017-11-30 10:00:00,1425.93,29.7
2017-11-30 11:00:00,1427.61,31.8
2017-11-30 12:00:00,1429.91,34.3
2017-11-30 13:00:00,1421.56,35.6
2017-11-30 14:00:00,1404.24,34.9
2017-11-30 15:00:00,1370.05,34.3
2017-11-30 16:00:00,1337.42,33.4
2017-11-30 17:00:00,1268.49,32.0
2017-11-30 18:00:00,894.23,32.4
2017-11-30 19:00:00,862.33,32.5
2017-11-30 20:00:00,815.41,32.9
2017-11-30 21:00:00,788.39,34.2
2017-11-30 22:00:00,799.81,35.1
2017-11-30 23:00:00,798.33,35.4
2017-12-01 00:00:00,788.28,39.6
2017-12-01 01:00:00,787.26,39.7
2017-12-01 02:00:00,788.8,38.5
2017-12-01 03:00:00,820.95,36.5
2017-12-01 04:00:00,804.83,37.9
2017-12-01 05:00:00,867.26,37.8
2017-12-01 06:00:00,1198.81,36.9
2017-12-01 07:00:00,1322.36,36.0
2017-12-01 08:00:00,1367.2,35.4
2017-12-01 09:00:00,1382.43,35.8
2017-12-01 10:00:00,1389.69,36.0
2017-12-01 11:00:00,1392.0,36.5
2017-12-01 12:00:00,1374.75,36.9
2017-12-01 13:00:00,1374.86,37.4
2017-12-01 14:00:00,1368.83,37.8
2017-12-01 15:00:00,1339.2,37.4
2017-12-01 16:00:00,1313.17,37.2
2017-12-01 17:00:00,1255.48,36.1
2017-12-01 18:00:00,846.39,35.8
2017-12-01 19:00:00,816.47,35.2
2017-12-01 20:00:00,785.25,35.2
2017-12-01 21:00:00,775.13,34.7
2017-12-01 22:00:00,772.36,34.5
2017-12-01 23:00:00,768.5,34.3
2017-12-02 00:00:00,758.58,33.4
2017-12-02 01:00:00,759.56,33.8
2017-12-02 02:00:00,761.2,33.8
2017-12-02 03:00:00,759.81,33.6
2017-12-02 04:00:00,756.4,32.7
2017-12-02 05:00:00,759.77,31.1
2017-12-02 06:00:00,758.0,32.7
2017-12-02 07:00:00,762.78,32.4
2017-12-02 08:00:00,759.76,32.5
2017-12-02 09:00:00,762.97,31.1
2017-12-02 10:00:00,759.02,34.3
2017-12-02 11:00:00,761.83,35.8
2017-12-02 12:00:00,749.43,37.2
2017-12-02 13:00:00,751.24,37.4
2017-12-02 14:00:00,750.07,38.3
2017-12-02 15:00:00,750.36,39.4
2017-12-02 16:00:00,751.86,36.1
2017-12-02 17:00:00,756.91,34.5
2017-12-02 18:00:00,755.6,32.9
2017-12-02 19:00:00,754.15,34.3
2017-12-02 20:00:00,748.29,33.8
2017-12-02 21:00:00,755.13,33.6
2017-12-02 22:00:00,752.37,33.3
2017-12-02 23:00:00,753.83,33.3
2017-12-03 00:00:00,750.33,32.9
2017-12-03 01:00:00,753.68,32.7
2017-12-03 02:00:00,753.82,32.7
2017-12-03 03:00:00,754.55,32.5
2017-12-03 04:00:00,752.29,32.2
2017-12-03 05:00:00,752.18,31.6
2017-12-03 06:00:00,756.01,30.9
2017-12-03 07:00:00,754.08,31.5
2017-12-03 08:00:00,756.19,31.6
2017-12-03 09:00:00,755.94,32.4
2017-12-03 10:00:00,756.1,33.1
2017-12-03 11:00:00,752.75,35.2
2017-12-03 12:00:00,754.48,37.2
2017-12-03 13:00:00,749.84,38.8
2017-12-03 14:00:00,751.44,38.8
2017-12-03 15:00:00,752.91,36.5
2017-12-03 16:00:00,758.32,36.9
2017-12-03 17:00:00,755.26,36.3
2017-12-03 18:00:00,755.16,34.5
2017-12-03 19:00:00,755.08,33.4
2017-12-03 20:00:00,754.54,32.0
2017-12-03 21:00:00,752.26,31.8
2017-12-03 22:00:00,753.96,32.2
2017-12-03 23:00:00,785.65,31.5
2017-12-04 00:00:00,785.32,31.3
2017-12-04 01:00:00,782.37,31.6
2017-12-04 02:00:00,780.09,31.5
2017-12-04 03:00:00,784.28,31.3
2017-12-04 04:00:00,784.23,31.3
2017-12-04 05:00:00,858.03,29.3
2017-12-04 06:00:00,1202.41,31.1
2017-12-04 07:00:00,1328.83,31.1
2017-12-04 08:00:00,1389.84,31.1
2017-12-04 09:00:00,1410.08,31.3
2017-12-04 10:00:00,1404.46,31.1
2017-12-04 11:00:00,1401.59,32.2
2017-12-04 12:00:00,1386.01,34.2
2017-12-04 13:00:00,1379.86,36.9
2017-12-04 14:00:00,1376.81,36.7
2017-12-04 15:00:00,1343.76,37.0
2017-12-04 16:00:00,1322.69,37.2
2017-12-04 17:00:00,1249.17,36.9
2017-12-04 18:00:00,877.46,36.0
2017-12-04 19:00:00,857.45,35.8
2017-12-04 20:00:00,809.98,36.0
2017-12-04 21:00:00,781.9,36.9
2017-12-04 22:00:00,779.23,37.6
2017-12-04 23:00:00,777.94,38.1
2017-12-05 00:00:00,770.83,36.5
2017-12-05 01:00:00,778.77,38.1
2017-12-05 02:00:00,779.37,38.7
2017-12-05 03:00:00,803.17,39.7
2017-12-05 04:00:00,796.78,39.9
2017-12-05 05:00:00,863.82,40.5
2017-12-05 06:00:00,1207.16,45.1
2017-12-05 07:00:00,1334.63,44.6
2017-12-05 08:00:00,1378.98,45.1
2017-12-05 09:00:00,1364.09,45.7
2017-12-05 10:00:00,1336.27,45.0
2017-12-05 11:00:00,1339.1,45.7
2017-12-05 12:00:00,1376.45,47.1
2017-12-05 13:00:00,1382.87,48.2
2017-12-05 14:00:00,1370.13,48.9
2017-12-05 15:00:00,1348.85,49.8
2017-12-05 16:00:00,1326.96,50.4
2017-12-05 17:00:00,1261.34,50.7
2017-12-05 18:00:00,858.25,50.9
2017-12-05 19:00:00,838.43,50.0
2017-12-05 20:00:00,813.15,46.9
2017-12-05 21:00:00,766.17,45.9
2017-12-05 22:00:00,767.12,43.9
2017-12-05 23:00:00,765.32,42.6
2017-12-06 00:00:00,764.78,41.0
2017-12-06 01:00:00,760.81,37.9
2017-12-06 02:00:00,764.06,35.8
2017-12-06 03:00:00,763.65,34.9
2017-12-06 04:00:00,757.64,33.6
2017-12-06 05:00:00,821.12,32.4
2017-12-06 06:00:00,1183.34,31.6
2017-12-06 07:00:00,1337.31,32.5
2017-12-06 08:00:00,1394.49,32.7
2017-12-06 09:00:00,1406.08,33.4
2017-12-06 10:00:00,1403.72,33.8
2017-12-06 11:00:00,1403.93,34.0
2017-12-06 12:00:00,1388.18,34.3
2017-12-06 13:00:00,1394.97,36.1
2017-12-06 14:00:00,1386.53,36.9
2017-12-06 15:00:00,1352.22,36.1
2017-12-06 16:00:00,1322.92,35.2
2017-12-06 17:00:00,1245.08,34.7
2017-12-06 18:00:00,792.81,34.5
2017-12-06 19:00:00,874.95,33.8
2017-12-06 20:00:00,848.16,34.0
2017-12-06 21:00:00,814.86,33.6
2017-12-06 22:00:00,814.39,33.3
2017-12-06 23:00:00,806.56,32.5
2017-12-07 00:00:00,803.14,32.5
2017-12-07 01:00:00,805.04,31.6
2017-12-07 02:00:00,807.75,30.7
2017-12-07 03:00:00,808.33,31.5
2017-12-07 04:00:00,800.39,30.9
2017-12-07 05:00:00,856.23,30.9
2017-12-07 06:00:00,1191.68,29.5
2017-12-07 07:00:00,1328.43,28.9
2017-12-07 08:00:00,1371.76,29.8
2017-12-07 09:00:00,1405.84,30.7
2017-12-07 10:00:00,1403.96,30.7
2017-12-07 11:00:00,1405.34,31.5
2017-12-07 12:00:00,1401.9,32.4
2017-12-07 13:00:00,1407.02,32.9
2017-12-07 14:00:00,1398.85,32.9
2017-12-07 15:00:00,1368.03,32.7
2017-12-07 16:00:00,1339.41,32.7
2017-12-07 17:00:00,1272.25,32.5
2017-12-07 18:00:00,901.26,32.5
2017-12-07 19:00:00,857.51,32.4
2017-12-07 20:00:00,827.77,32.4
2017-12-07 21:00:00,798.45,32.2
2017-12-07 22:00:00,793.69,32.2
2017-12-07 23:00:00,808.37,32.0
2017-12-08 00:00:00,814.15,32.0
2017-12-08 01:00:00,816.07,32.0
2017-12-08 02:00:00,811.52,30.2
2017-12-08 03:00:00,801.98,30.2
2017-12-08 04:00:00,801.1,30.2
2017-12-08 05:00:00,855.43,30.2
2017-12-08 06:00:00,1091.2,30.2
2017-12-08 07:00:00,1298.25,30.2
2017-12-08 08:00:00,1361.87,30.2
2017-12-08 09:00:00,1386.2,30.2
2017-12-08 10:00:00,1388.65,30.2
2017-12-08 11:00:00,1392.03,30.2
2017-12-08 12:00:00,1383.2,30.2
2017-12-08 13:00:00,1406.03,30.2
2017-12-08 14:00:00,1384.77,30.2
2017-12-08 15:00:00,1355.52,30.2
2017-12-08 16:00:00,1310.87,30.2
2017-12-08 17:00:00,1252.46,30.2
2017-12-08 18:00:00,862.86,30.2
2017-12-08 19:00:00,826.27,30.2
2017-12-08 20:00:00,835.05,30.2
2017-12-08 21:00:00,805.02,30.2
2017-12-08 22:00:00,798.34,30.2
2017-12-08 23:00:00,791.74,29.7
2017-12-09 00:00:00,797.79,28.9
2017-12-09 01:00:00,791.58,28.4
2017-12-09 02:00:00,788.39,27.3
2017-12-09 03:00:00,794.23,26.2
2017-12-09 04:00:00,796.26,25.2
2017-12-09 05:00:00,796.28,25.0
2017-12-09 06:00:00,792.69,25.0
2017-12-09 07:00:00,790.22,24.8
2017-12-09 08:00:00,784.53,25.2
2017-12-09 09:00:00,787.76,25.3
2017-12-09 10:00:00,801.99,25.7
2017-12-09 11:00:00,807.07,26.6
2017-12-09 12:00:00,802.25,27.7
2017-12-09 13:00:00,799.13,28.4
2017-12-09 14:00:00,797.78,30.0
2017-12-09 15:00:00,798.04,30.6
2017-12-09 16:00:00,795.98,30.0
2017-12-09 17:00:00,797.67,30.0
2017-12-09 18:00:00,794.95,29.7
2017-12-09 19:00:00,795.11,28.9
2017-12-09 20:00:00,792.15,28.4
2017-12-09 21:00:00,794.75,27.9
2017-12-09 22:00:00,793.8,27.7
2017-12-09 23:00:00,790.04,29.3
2017-12-10 00:00:00,796.7,27.5
2017-12-10 01:00:00,793.69,27.1
2017-12-10 02:00:00,792.37,26.8
2017-12-10 03:00:00,792.38,26.8
2017-12-10 04:00:00,791.94,27.3
2017-12-10 05:00:00,787.07,27.9
2017-12-10 06:00:00,787.42,25.3
2017-12-10 07:00:00,787.51,23.7
2017-12-10 08:00:00,788.1,23.7
2017-12-10 09:00:00,787.65,23.5
2017-12-10 10:00:00,783.86,23.5
2017-12-10 11:00:00,792.44,23.5
2017-12-10 12:00:00,788.39,23.5
2017-12-10 13:00:00,791.84,23.4
2017-12-10 14:00:00,790.23,23.4
2017-12-10 15:00:00,787.35,23.4
2017-12-10 16:00:00,792.48,23.4
2017-12-10 17:00:00,786.0,23.2
2017-12-10 18:00:00,788.66,23.2
2017-12-10 19:00:00,790.18,23.2
2017-12-10 20:00:00,789.96,14.5
2017-12-10 21:00:00,791.79,14.5
2017-12-10 22:00:00,790.06,14.5
2017-12-10 23:00:00,789.66,14.5
2017-12-11 00:00:00,794.95,14.5
2017-12-11 01:00:00,818.38,14.5
2017-12-11 02:00:00,819.4,14.5
2017-12-11 03:00:00,819.9,14.5
2017-12-11 04:00:00,821.91,14.5
2017-12-11 05:00:00,879.37,14.5
2017-12-11 06:00:00,1214.03,14.5
2017-12-11 07:00:00,1350.53,14.5
2017-12-11 08:00:00,1398.9,14.5
2017-12-11 09:00:00,1421.81,14.5
2017-12-11 10:00:00,1417.39,14.5
2017-12-11 11:00:00,1419.06,14.5
2017-12-11 12:00:00,1416.85,14.5
2017-12-11 13:00:00,1406.61,14.5
2017-12-11 14:00:00,1379.52,14.5
2017-12-11 15:00:00,1364.2,14.5
2017-12-11 16:00:00,1345.83,14.5
2017-12-11 17:00:00,1280.38,14.5
2017-12-11 18:00:00,930.68,14.5
2017-12-11 19:00:00,895.31,14.5
2017-12-11 20:00:00,839.91,14.5
2017-12-11 21:00:00,818.47,14.5
2017-12-11 22:00:00,810.45,14.5
2017-12-11 23:00:00,807.98,14.5
2017-12-12 00:00:00,806.16,14.5
2017-12-12 01:00:00,807.65,14.5
2017-12-12 02:00:00,804.74,14.5
2017-12-12 03:00:00,834.07,14.5
2017-12-12 04:00:00,827.91,14.5
2017-12-12 05:00:00,876.1,14.5
2017-12-12 06:00:00,1207.63,14.5
2017-12-12 07:00:00,1329.46,14.5
2017-12-12 08:00:00,1389.47,14.5
2017-12-12 09:00:00,1414.94,14.5
2017-12-12 10:00:00,1417.29,14.5
2017-12-12 11:00:00,1414.41,14.5
2017-12-12 12:00:00,1408.38,14.5
2017-12-12 13:00:00,1402.09,14.5
2017-12-12 14:00:00,1388.83,14.5
2017-12-12 15:00:00,1359.07,14.5
2017-12-12 16:00:00,1331.55,14.5
2017-12-12 17:00:00,1263.22,14.5
2017-12-12 18:00:00,911.85,14.5
2017-12-12 19:00:00,883.0,14.5
2017-12-12 20:00:00,835.71,14.5
2017-12-12 21:00:00,822.88,14.5
2017-12-12 22:00:00,811.75,14.5
2017-12-12 23:00:00,809.82,14.5
2017-12-13 00:00:00,807.54,14.5
2017-12-13 01:00:00,811.81,14.5
2017-12-13 02:00:00,786.63,14.5
2017-12-13 03:00:00,808.21,14.5
2017-12-13 04:00:00,797.46,14.5
2017-12-13 05:00:00,856.12,14.5
2017-12-13 06:00:00,1194.59,14.5
2017-12-13 07:00:00,1312.36,14.5
2017-12-13 08:00:00,1370.4,14.5
2017-12-13 09:00:00,1402.22,14.5
2017-12-13 10:00:00,1397.19,14.5
2017-12-13 11:00:00,1396.67,14.5
2017-12-13 12:00:00,1379.26,14.5
2017-12-13 13:00:00,1374.25,14.5
2017-12-13 14:00:00,1354.92,14.5
2017-12-13 15:00:00,1329.75,14.5
2017-12-13 16:00:00,1301.93,14.5
2017-12-13 17:00:00,1243.62,14.5
2017-12-13 18:00:00,922.34,14.5
2017-12-13 19:00:00,883.61,14.5
2017-12-13 20:00:00,812.45,14.5
2017-12-13 21:00:00,831.9,14.5
2017-12-13 22:00:00,825.05,14.5
2017-12-13 23:00:00,819.57,14.5
2017-12-14 00:00:00,820.4,14.5
2017-12-14 01:00:00,820.33,14.5
2017-12-14 02:00:00,811.85,14.5
2017-12-14 03:00:00,831.66,14.5
2017-12-14 04:00:00,838.38,14.5
2017-12-14 05:00:00,872.18,14.5
2017-12-14 06:00:00,1187.95,14.5
2017-12-14 07:00:00,1323.91,14.5
2017-12-14 08:00:00,1399.02,14.5
2017-12-14 09:00:00,1409.54,14.5
2017-12-14 10:00:00,1411.66,14.5
2017-12-14 11:00:00,1397.99,14.5
2017-12-14 12:00:00,1389.43,14.5
2017-12-14 13:00:00,1382.34,14.5
2017-12-14 14:00:00,1373.08,14.5
2017-12-14 15:00:00,1337.17,14.5
2017-12-14 16:00:00,1325.33,14.5
2017-12-14 17:00:00,1260.32,14.5
2017-12-14 18:00:00,930.83,14.5
2017-12-14 19:00:00,887.94,14.5
2017-12-14 20:00:00,828.51,14.5
2017-12-14 21:00:00,801.5,14.5
2017-12-14 22:00:00,822.15,14.5
2017-12-14 23:00:00,812.89,14.5
2017-12-15 00:00:00,811.59,14.5
2017-12-15 01:00:00,809.07,14.5
2017-12-15 02:00:00,817.58,14.5
2017-12-15 03:00:00,828.85,14.5
2017-12-15 04:00:00,821.06,14.5
2017-12-15 05:00:00,858.69,14.5
2017-12-15 06:00:00,1135.35,14.5
2017-12-15 07:00:00,1298.67,14.5
2017-12-15 08:00:00,1375.05,14.5
2017-12-15 09:00:00,1395.8,14.5
2017-12-15 10:00:00,1392.58,14.5
2017-12-15 11:00:00,1375.62,14.5
2017-12-15 12:00:00,1357.14,14.5
2017-12-15 13:00:00,1360.9,14.5
2017-12-15 14:00:00,1347.18,14.5
2017-12-15 15:00:00,1321.65,14.5
2017-12-15 16:00:00,1307.79,14.5
2017-12-15 17:00:00,1243.4,14.5
2017-12-15 18:00:00,905.63,14.5
2017-12-15 19:00:00,856.81,14.5
2017-12-15 20:00:00,806.15,14.5
2017-12-15 21:00:00,795.28,14.5
2017-12-15 22:00:00,791.04,14.5
2017-12-15 23:00:00,793.0,14.5
2017-12-16 00:00:00,792.35,14.5
2017-12-16 01:00:00,793.68,14.5
2017-12-16 02:00:00,792.02,14.5
2017-12-16 03:00:00,795.28,14.5
2017-12-16 04:00:00,796.26,14.5
2017-12-16 05:00:00,794.14,14.5
2017-12-16 06:00:00,789.78,14.5
2017-12-16 07:00:00,790.22,14.5
2017-12-16 08:00:00,792.18,14.5
2017-12-16 09:00:00,795.2,14.5
2017-12-16 10:00:00,794.86,14.5
2017-12-16 11:00:00,788.88,14.5
2017-12-16 12:00:00,790.01,14.5
2017-12-16 13:00:00,787.12,14.5
2017-12-16 14:00:00,784.01,14.5
2017-12-16 15:00:00,785.42,14.5
2017-12-16 16:00:00,791.91,14.5
2017-12-16 17:00:00,794.24,14.5
2017-12-16 18:00:00,792.0,14.5
2017-12-16 19:00:00,788.57,14.5
2017-12-16 20:00:00,788.44,14.5
2017-12-16 21:00:00,788.83,14.5
2017-12-16 22:00:00,788.77,14.5
2017-12-16 23:00:00,807.71,14.5
2017-12-17 00:00:00,843.41,14.5
2017-12-17 01:00:00,839.01,14.5
2017-12-17 02:00:00,839.86,14.5
2017-12-17 03:00:00,839.38,14.5
2017-12-17 04:00:00,840.15,14.5
2017-12-17 05:00:00,840.53,14.5
2017-12-17 06:00:00,840.36,14.5
2017-12-17 07:00:00,835.03,14.5
2017-12-17 08:00:00,828.07,14.5
2017-12-17 09:00:00,828.48,14.5
2017-12-17 10:00:00,804.04,14.5
2017-12-17 11:00:00,791.2,14.5
2017-12-17 12:00:00,791.55,14.5
2017-12-17 13:00:00,787.13,14.5
2017-12-17 14:00:00,789.17,14.5
2017-12-17 15:00:00,796.28,14.5
2017-12-17 16:00:00,801.38,14.5
2017-12-17 17:00:00,803.11,14.5
2017-12-17 18:00:00,801.07,14.5
2017-12-17 19:00:00,796.98,14.5
2017-12-17 20:00:00,797.91,14.5
2017-12-17 21:00:00,796.47,14.5
2017-12-17 22:00:00,795.77,14.5
2017-12-17 23:00:00,794.5,14.5
2017-12-18 00:00:00,792.64,14.5
2017-12-18 01:00:00,790.91,14.5
2017-12-18 02:00:00,790.7,14.5
2017-12-18 03:00:00,790.71,14.5
2017-12-18 04:00:00,792.25,14.5
2017-12-18 05:00:00,869.27,14.5
2017-12-18 06:00:00,1228.83,14.5
2017-12-18 07:00:00,1333.98,14.5
2017-12-18 08:00:00,1398.29,14.5
2017-12-18 09:00:00,1416.7,14.5
2017-12-18 10:00:00,1413.99,14.5
2017-12-18 11:00:00,1417.02,14.5
2017-12-18 12:00:00,1400.03,14.5
2017-12-18 13:00:00,1395.29,14.5
2017-12-18 14:00:00,1386.3,14.5
2017-12-18 15:00:00,1362.21,14.5
2017-12-18 16:00:00,1344.41,14.5
2017-12-18 17:00:00,1277.55,14.5
2017-12-18 18:00:00,929.98,14.5
2017-12-18 19:00:00,856.9,14.5
2017-12-18 20:00:00,820.29,14.7
2017-12-18 21:00:00,780.16,14.7
2017-12-18 22:00:00,771.68,14.7
2017-12-18 23:00:00,777.73,14.9
2017-12-19 00:00:00,773.51,16.7
2017-12-19 01:00:00,776.51,15.1
2017-12-19 02:00:00,793.85,16.7
2017-12-19 03:00:00,820.21,14.7
2017-12-19 04:00:00,804.05,15.1
2017-12-19 05:00:00,866.58,15.3
2017-12-19 06:00:00,1199.25,15.4
2017-12-19 07:00:00,1327.46,15.8
2017-12-19 08:00:00,1395.68,16.5
2017-12-19 09:00:00,1407.12,17.8
2017-12-19 10:00:00,1398.6,19.2
2017-12-19 11:00:00,1385.65,22.5
2017-12-19 12:00:00,1379.88,27.7
2017-12-19 13:00:00,1385.62,37.9
2017-12-19 14:00:00,1374.02,39.4
2017-12-19 15:00:00,1346.1,38.3
2017-12-19 16:00:00,1317.86,36.1
2017-12-19 17:00:00,1256.49,38.1
2017-12-19 18:00:00,898.93,37.8
2017-12-19 19:00:00,847.91,36.7
2017-12-19 20:00:00,819.31,36.7
2017-12-19 21:00:00,788.79,34.3
2017-12-19 22:00:00,787.17,34.5
2017-12-19 23:00:00,787.65,33.8
2017-12-20 00:00:00,787.91,33.1
2017-12-20 01:00:00,786.37,33.3
2017-12-20 02:00:00,791.66,32.2
2017-12-20 03:00:00,813.19,32.0
2017-12-20 04:00:00,809.44,31.1
2017-12-20 05:00:00,879.83,31.5
2017-12-20 06:00:00,1234.95,28.9
2017-12-20 07:00:00,1333.71,28.8
2017-12-20 08:00:00,1383.59,28.6
2017-12-20 09:00:00,1408.51,24.8
2017-12-20 10:00:00,1400.56,24.6
2017-12-20 11:00:00,1398.68,25.5
2017-12-20 12:00:00,1388.16,27.5
2017-12-20 13:00:00,1389.92,25.2
2017-12-20 14:00:00,1380.86,24.4
2017-12-20 15:00:00,1364.66,22.5
2017-12-20 16:00:00,1351.21,20.1
2017-12-20 17:00:00,1272.8,17.8
2017-12-20 18:00:00,887.12,15.3
2017-12-20 19:00:00,893.4,14.4
2017-12-20 20:00:00,850.57,14.9
2017-12-20 21:00:00,833.5,11.5
2017-12-20 22:00:00,830.27,10.4
2017-12-20 23:00:00,826.25,9.9
2017-12-21 00:00:00,821.68,9.0
2017-12-21 01:00:00,817.55,8.2
2017-12-21 02:00:00,822.27,7.5
2017-12-21 03:00:00,817.83,7.3
2017-12-21 04:00:00,816.65,7.2
2017-12-21 05:00:00,887.94,8.6
2017-12-21 06:00:00,1235.89,8.4
2017-12-21 07:00:00,1356.21,7.7
2017-12-21 08:00:00,1399.78,5.9
2017-12-21 09:00:00,1422.9,7.2
2017-12-21 10:00:00,1417.81,8.1
2017-12-21 11:00:00,1411.73,10.6
2017-12-21 12:00:00,1392.06,11.3
2017-12-21 13:00:00,1390.02,12.0
2017-12-21 14:00:00,1380.55,12.6
2017-12-21 15:00:00,1344.24,12.9
2017-12-21 16:00:00,1324.09,11.8
2017-12-21 17:00:00,1258.25,11.8
2017-12-21 18:00:00,949.08,11.7
2017-12-21 19:00:00,885.3,9.7
2017-12-21 20:00:00,842.05,7.5
2017-12-21 21:00:00,822.69,4.3
2017-12-21 22:00:00,814.73,7.2
2017-12-21 23:00:00,836.42,6.3
2017-12-22 00:00:00,811.36,5.9
2017-12-22 01:00:00,810.65,6.3
2017-12-22 02:00:00,808.45,6.6
2017-12-22 03:00:00,806.64,6.1
2017-12-22 04:00:00,805.59,6.4
2017-12-22 05:00:00,868.08,6.1
2017-12-22 06:00:00,1197.32,6.6
2017-12-22 07:00:00,1312.82,6.6
2017-12-22 08:00:00,1369.05,7.0
2017-12-22 09:00:00,1390.21,6.6
2017-12-22 10:00:00,1381.28,7.0
2017-12-22 11:00:00,1346.8,7.9
2017-12-22 12:00:00,1301.03,8.8
2017-12-22 13:00:00,1263.04,10.0
2017-12-22 14:00:00,1248.21,10.2
2017-12-22 15:00:00,1236.14,10.4
2017-12-22 16:00:00,1233.4,11.5
2017-12-22 17:00:00,1205.1,12.2
2017-12-22 18:00:00,825.68,12.7
2017-12-22 19:00:00,800.26,12.4
2017-12-22 20:00:00,798.19,12.0
2017-12-22 21:00:00,788.6,10.8
2017-12-22 22:00:00,788.37,10.4
2017-12-22 23:00:00,789.46,10.6
2017-12-23 00:00:00,790.82,11.7
2017-12-23 01:00:00,791.3,12.2
2017-12-23 02:00:00,790.09,12.7
2017-12-23 03:00:00,790.45,13.3
2017-12-23 04:00:00,791.42,13.5
2017-12-23 05:00:00,790.73,13.8
2017-12-23 06:00:00,787.87,14.4
2017-12-23 07:00:00,813.28,14.9
2017-12-23 08:00:00,811.0,15.3
2017-12-23 09:00:00,809.26,15.8
2017-12-23 10:00:00,810.49,16.7
2017-12-23 11:00:00,812.32,16.9
2017-12-23 12:00:00,811.36,18.1
2017-12-23 13:00:00,810.33,19.2
2017-12-23 14:00:00,807.55,19.2
2017-12-23 15:00:00,809.78,19.6
2017-12-23 16:00:00,816.26,19.4
2017-12-23 17:00:00,816.3,19.4
2017-12-23 18:00:00,816.83,19.2
2017-12-23 19:00:00,816.65,17.6
2017-12-23 20:00:00,815.72,15.4
2017-12-23 21:00:00,816.32,17.6
2017-12-23 22:00:00,815.47,17.6
2017-12-23 23:00:00,816.64,18.1
2017-12-24 00:00:00,817.14,16.2
2017-12-24 01:00:00,814.93,16.2
2017-12-24 02:00:00,814.85,16.2
2017-12-24 03:00:00,815.28,15.6
2017-12-24 04:00:00,816.15,12.4
2017-12-24 05:00:00,815.89,12.2
2017-12-24 06:00:00,816.2,11.7
2017-12-24 07:00:00,812.81,12.2
2017-12-24 08:00:00,808.03,11.7
2017-12-24 09:00:00,808.14,10.8
2017-12-24 10:00:00,809.92,11.3
2017-12-24 11:00:00,813.91,16.5
2017-12-24 12:00:00,812.65,15.4
2017-12-24 13:00:00,809.38,18.7
2017-12-24 14:00:00,810.64,19.8
2017-12-24 15:00:00,807.93,18.9
2017-12-24 16:00:00,813.6,17.6
2017-12-24 17:00:00,814.33,18.5
2017-12-24 18:00:00,813.95,16.0
2017-12-24 19:00:00,816.04,16.9
2017-12-24 20:00:00,816.01,17.1
2017-12-24 21:00:00,817.63,17.4
2017-12-24 22:00:00,817.84,17.4
2017-12-24 23:00:00,816.43,17.8
2017-12-25 00:00:00,814.38,18.1
2017-12-25 01:00:00,814.14,18.7
2017-12-25 02:00:00,813.72,17.6
2017-12-25 03:00:00,814.22,16.7
2017-12-25 04:00:00,816.13,16.5
2017-12-25 05:00:00,852.68,16.3
2017-12-25 06:00:00,1041.75,16.2
2017-12-25 07:00:00,1040.8,16.3
2017-12-25 08:00:00,1035.63,16.3
2017-12-25 09:00:00,1037.29,17.4
2017-12-25 10:00:00,1036.98,18.3
2017-12-25 11:00:00,1034.53,19.6
2017-12-25 12:00:00,1035.08,19.4
2017-12-25 13:00:00,1033.11,20.1
2017-12-25 14:00:00,1034.62,19.9
2017-12-25 15:00:00,1035.13,20.7
2017-12-25 16:00:00,1038.44,21.0
2017-12-25 17:00:00,1012.6,20.1
2017-12-25 18:00:00,781.79,18.9
2017-12-25 19:00:00,787.97,20.8
2017-12-25 20:00:00,788.17,20.3
2017-12-25 21:00:00,786.93,21.2
2017-12-25 22:00:00,788.84,20.8
2017-12-25 23:00:00,788.05,19.2
2017-12-26 00:00:00,814.46,17.8
2017-12-26 01:00:00,813.22,18.0
2017-12-26 02:00:00,812.89,17.2
2017-12-26 03:00:00,814.69,15.1
2017-12-26 04:00:00,816.28,11.7
2017-12-26 05:00:00,854.39,9.7
2017-12-26 06:00:00,1045.0,7.3
2017-12-26 07:00:00,1050.05,4.6
2017-12-26 08:00:00,1043.53,4.5
2017-12-26 09:00:00,1045.22,4.3
2017-12-26 10:00:00,1045.28,5.2
2017-12-26 11:00:00,1043.43,5.9
2017-12-26 12:00:00,1041.66,6.1
2017-12-26 13:00:00,1039.73,6.6
2017-12-26 14:00:00,1040.88,7.2
2017-12-26 15:00:00,1055.74,9.5
2017-12-26 16:00:00,1049.49,6.6
2017-12-26 17:00:00,1026.44,5.9
2017-12-26 18:00:00,841.86,3.7
2017-12-26 19:00:00,838.12,2.5
2017-12-26 20:00:00,848.55,1.8
2017-12-26 21:00:00,845.73,-0.0
2017-12-26 22:00:00,847.27,-0.9
2017-12-26 23:00:00,846.26,-3.6
2017-12-27 00:00:00,840.41,-4.7
2017-12-27 01:00:00,838.87,-6.7
2017-12-27 02:00:00,840.86,-7.6
2017-12-27 03:00:00,835.36,-9.6
2017-12-27 04:00:00,838.21,-10.3
2017-12-27 05:00:00,869.59,-10.5
2017-12-27 06:00:00,1116.12,-11.0
2017-12-27 07:00:00,1219.3,-11.4
2017-12-27 08:00:00,1256.39,-10.7
2017-12-27 09:00:00,1279.47,-10.1
2017-12-27 10:00:00,1281.02,-7.8
2017-12-27 11:00:00,1285.04,-5.4
2017-12-27 12:00:00,1290.53,-4.7
2017-12-27 13:00:00,1294.0,-4.4
2017-12-27 14:00:00,1277.18,-4.7
2017-12-27 15:00:00,1269.93,-4.7
2017-12-27 16:00:00,1266.66,-6.2
2017-12-27 17:00:00,1229.55,-7.4
2017-12-27 18:00:00,920.34,-7.6
2017-12-27 19:00:00,895.0,-7.4
2017-12-27 20:00:00,868.17,-8.1
2017-12-27 21:00:00,842.21,-9.8
2017-12-27 22:00:00,842.53,-10.3
2017-12-27 23:00:00,842.45,-11.7
2017-12-28 00:00:00,840.48,-12.3
2017-12-28 01:00:00,839.99,-13.5
2017-12-28 02:00:00,841.46,-13.9
2017-12-28 03:00:00,841.37,-14.4
2017-12-28 04:00:00,842.14,-14.8
2017-12-28 05:00:00,872.29,-15.0
2017-12-28 06:00:00,1121.23,-15.9
2017-12-28 07:00:00,1225.97,-16.1
2017-12-28 08:00:00,1275.23,-16.2
2017-12-28 09:00:00,1301.33,-15.3
2017-12-28 10:00:00,1304.83,-13.5
2017-12-28 11:00:00,1291.39,-11.6
2017-12-28 12:00:00,1306.86,-9.2
2017-12-28 13:00:00,1300.02,-7.2
2017-12-28 14:00:00,1293.58,-6.0
2017-12-28 15:00:00,1281.79,-5.3
2017-12-28 16:00:00,1278.05,-4.7
2017-12-28 17:00:00,1231.56,-5.3
2017-12-28 18:00:00,934.33,-5.4
2017-12-28 19:00:00,889.34,-6.0
2017-12-28 20:00:00,857.42,-7.6
2017-12-28 21:00:00,842.38,-7.6
2017-12-28 22:00:00,837.25,-8.9
2017-12-28 23:00:00,838.27,-9.4
2017-12-29 00:00:00,838.73,-9.2
2017-12-29 01:00:00,838.96,-9.0
2017-12-29 02:00:00,839.06,-9.6
2017-12-29 03:00:00,838.51,-8.9
2017-12-29 04:00:00,838.85,-8.3
2017-12-29 05:00:00,866.71,-7.4
2017-12-29 06:00:00,1110.93,-7.8
2017-12-29 07:00:00,1218.26,-7.1
2017-12-29 08:00:00,1270.39,-8.7
2017-12-29 09:00:00,1292.99,-7.6
2017-12-29 10:00:00,1293.87,-6.3
2017-12-29 11:00:00,1285.93,-5.1
2017-12-29 12:00:00,1274.85,-3.5
2017-12-29 13:00:00,1251.64,-2.9
2017-12-29 14:00:00,1243.41,-2.2
2017-12-29 15:00:00,1232.04,-1.7
2017-12-29 16:00:00,1222.83,-0.2
2017-12-29 17:00:00,1200.76,0.1
2017-12-29 18:00:00,861.41,-0.4
2017-12-29 19:00:00,842.63,-1.7
2017-12-29 20:00:00,840.32,-2.7
2017-12-29 21:00:00,831.43,-6.0
2017-12-29 22:00:00,828.4,-8.5
2017-12-29 23:00:00,830.26,-10.5
2017-12-30 00:00:00,829.87,-13.7
2017-12-30 01:00:00,829.56,-15.2
2017-12-30 02:00:00,827.78,-15.2
2017-12-30 03:00:00,829.21,-14.6
2017-12-30 04:00:00,829.92,-14.4
2017-12-30 05:00:00,829.86,-12.6
2017-12-30 06:00:00,828.31,-10.3
2017-12-30 07:00:00,828.38,-9.4
2017-12-30 08:00:00,824.02,-7.4
2017-12-30 09:00:00,822.98,-6.9
2017-12-30 10:00:00,823.8,-4.9
2017-12-30 11:00:00,824.11,-3.3
2017-12-30 12:00:00,826.83,-1.8
2017-12-30 13:00:00,795.51,-0.4
2017-12-30 14:00:00,787.55,1.2
2017-12-30 15:00:00,785.44,0.9
2017-12-30 16:00:00,816.11,1.0
2017-12-30 17:00:00,838.2,-1.5
2017-12-30 18:00:00,837.19,0.7
2017-12-30 19:00:00,833.48,-0.4
2017-12-30 20:00:00,831.98,-1.8
2017-12-30 21:00:00,832.85,-1.7
2017-12-30 22:00:00,832.21,-2.2
2017-12-30 23:00:00,834.64,-4.2
2017-12-31 00:00:00,833.68,-3.1
2017-12-31 01:00:00,830.0,-6.9
2017-12-31 02:00:00,829.78,-8.0
2017-12-31 03:00:00,833.81,-8.3
2017-12-31 04:00:00,831.85,-9.4
2017-12-31 05:00:00,832.86,-10.1
2017-12-31 06:00:00,832.62,-10.7
2017-12-31 07:00:00,832.39,-11.4
2017-12-31 08:00:00,828.3,-11.7
2017-12-31 09:00:00,825.33,-11.0
2017-12-31 10:00:00,829.94,-9.2
2017-12-31 11:00:00,836.85,-7.4
2017-12-31 12:00:00,836.87,-6.0
2017-12-31 13:00:00,835.59,-4.7
2017-12-31 14:00:00,836.83,-3.8
2017-12-31 15:00:00,831.93,-4.4
2017-12-31 16:00:00,828.51,-4.9
2017-12-31 17:00:00,830.0,-5.4
2017-12-31 18:00:00,830.65,-6.0
2017-12-31 19:00:00,831.03,-6.7
2017-12-31 20:00:00,831.93,-6.2
2017-12-31 21:00:00,832.56,-8.1
2017-12-31 22:00:00,830.34,-9.2
2017-12-31 23:00:00,828.96,-9.6
