timestamp,kWh,air_temp_F
2017-01-01 00:00:00,26.96,45.0
2017-01-01 01:00:00,28.06,46.0
2017-01-01 02:00:00,27.01,44.1
2017-01-01 03:00:00,27.13,43.0
2017-01-01 04:00:00,27.1,41.0
2017-01-01 05:00:00,28.33,39.9
2017-01-01 06:00:00,27.14,39.9
2017-01-01 07:00:00,27.01,39.0
2017-01-01 08:00:00,26.95,39.9
2017-01-01 09:00:00,27.72,44.1
2017-01-01 10:00:00,26.83,45.0
2017-01-01 11:00:00,26.71,48.9
2017-01-01 12:00:00,26.6,53.1
2017-01-01 13:00:00,27.44,54.0
2017-01-01 14:00:00,26.29,55.0
2017-01-01 15:00:00,25.99,55.0
2017-01-01 16:00:00,25.97,53.1
2017-01-01 17:00:00,60.42,50.0
2017-01-01 18:00:00,118.76,46.9
2017-01-01 19:00:00,118.49,46.0
2017-01-01 20:00:00,118.83,46.9
2017-01-01 21:00:00,118.84,46.0
2017-01-01 22:00:00,43.4,43.0
2017-01-01 23:00:00,26.48,46.0
2017-01-02 00:00:00,26.61,46.9
2017-01-02 01:00:00,26.57,46.0
2017-01-02 02:00:00,27.6,44.1
2017-01-02 03:00:00,26.57,42.1
2017-01-02 04:00:00,26.58,42.1
2017-01-02 05:00:00,26.51,41.0
2017-01-02 06:00:00,27.5,41.0
2017-01-02 07:00:00,26.44,41.0
2017-01-02 08:00:00,26.55,41.0
2017-01-02 09:00:00,26.31,42.1
2017-01-02 10:00:00,26.44,43.0
2017-01-02 11:00:00,27.0,44.1
2017-01-02 12:00:00,26.36,45.0
2017-01-02 13:00:00,26.3,44.1
2017-01-02 14:00:00,26.32,44.1
2017-01-02 15:00:00,27.26,44.1
2017-01-02 16:00:00,26.35,44.1
2017-01-02 17:00:00,58.74,44.1
2017-01-02 18:00:00,118.91,44.1
2017-01-02 19:00:00,120.22,44.1
2017-01-02 20:00:00,119.26,44.1
2017-01-02 21:00:00,119.18,44.1
2017-01-02 22:00:00,42.82,44.1
2017-01-02 23:00:00,27.77,44.1
2017-01-03 00:00:00,26.74,43.0
2017-01-03 01:00:00,26.94,43.0
2017-01-03 02:00:00,26.9,43.0
2017-01-03 03:00:00,27.85,43.0
2017-01-03 04:00:00,26.92,43.0
2017-01-03 05:00:00,26.82,43.0
2017-01-03 06:00:00,26.79,43.0
2017-01-03 07:00:00,27.78,43.0
2017-01-03 08:00:00,26.67,43.0
2017-01-03 09:00:00,26.66,43.0
2017-01-03 10:00:00,30.86,43.0
2017-01-03 11:00:00,38.69,45.0
2017-01-03 12:00:00,39.85,45.0
2017-01-03 13:00:00,37.5,45.0
2017-01-03 14:00:00,37.54,46.0
2017-01-03 15:00:00,37.79,45.0
2017-01-03 16:00:00,38.84,45.0
2017-01-03 17:00:00,68.75,46.0
2017-01-03 18:00:00,129.44,46.0
2017-01-03 19:00:00,130.52,46.0
2017-01-03 20:00:00,130.42,46.0
2017-01-03 21:00:00,126.09,45.0
2017-01-03 22:00:00,42.98,45.0
2017-01-03 23:00:00,25.75,46.0
2017-01-04 00:00:00,25.8,46.0
2017-01-04 01:00:00,25.77,45.0
2017-01-04 02:00:00,26.65,46.0
2017-01-04 03:00:00,25.81,46.9
2017-01-04 04:00:00,25.63,46.9
2017-01-04 05:00:00,25.62,46.9
2017-01-04 06:00:00,26.41,46.0
2017-01-04 07:00:00,25.54,45.0
2017-01-04 08:00:00,25.57,45.0
2017-01-04 09:00:00,25.59,46.9
2017-01-04 10:00:00,32.19,48.0
2017-01-04 11:00:00,37.62,48.9
2017-01-04 12:00:00,37.55,54.0
2017-01-04 13:00:00,37.16,55.9
2017-01-04 14:00:00,37.32,57.0
2017-01-04 15:00:00,38.7,55.0
2017-01-04 16:00:00,37.08,53.1
2017-01-04 17:00:00,67.96,50.0
2017-01-04 18:00:00,128.89,48.0
2017-01-04 19:00:00,129.98,45.0
2017-01-04 20:00:00,129.07,43.0
2017-01-04 21:00:00,127.29,39.9
2017-01-04 22:00:00,43.65,39.9
2017-01-04 23:00:00,27.01,37.9
2017-01-05 00:00:00,26.3,36.0
2017-01-05 01:00:00,26.15,34.0
2017-01-05 02:00:00,26.34,33.1
2017-01-05 03:00:00,26.4,32.0
2017-01-05 04:00:00,27.58,32.0
2017-01-05 05:00:00,26.69,30.0
2017-01-05 06:00:00,26.68,32.0
2017-01-05 07:00:00,26.62,32.0
2017-01-05 08:00:00,27.46,32.0
2017-01-05 09:00:00,26.41,32.0
2017-01-05 10:00:00,32.35,33.1
2017-01-05 11:00:00,33.33,34.0
2017-01-05 12:00:00,38.33,35.1
2017-01-05 13:00:00,39.75,36.0
2017-01-05 14:00:00,38.79,36.0
2017-01-05 15:00:00,38.13,34.0
2017-01-05 16:00:00,39.0,34.0
2017-01-05 17:00:00,67.29,35.1
2017-01-05 18:00:00,130.11,36.0
2017-01-05 19:00:00,131.3,36.0
2017-01-05 20:00:00,132.14,36.0
2017-01-05 21:00:00,129.0,36.0
2017-01-05 22:00:00,45.23,36.0
2017-01-05 23:00:00,26.97,36.0
2017-01-06 00:00:00,26.18,36.0
2017-01-06 01:00:00,26.22,35.1
2017-01-06 02:00:00,26.58,34.0
2017-01-06 03:00:00,26.45,33.1
2017-01-06 04:00:00,27.27,33.1
2017-01-06 05:00:00,26.21,33.1
2017-01-06 06:00:00,26.1,32.0
2017-01-06 07:00:00,26.05,32.0
2017-01-06 08:00:00,27.21,32.0
2017-01-06 09:00:00,26.14,32.0
2017-01-06 10:00:00,26.58,32.0
2017-01-06 11:00:00,28.08,33.1
2017-01-06 12:00:00,32.42,32.0
2017-01-06 13:00:00,31.91,34.0
2017-01-06 14:00:00,32.51,32.0
2017-01-06 15:00:00,37.38,30.9
2017-01-06 16:00:00,38.04,30.0
2017-01-06 17:00:00,64.85,30.0
2017-01-06 18:00:00,129.06,30.0
2017-01-06 19:00:00,129.69,28.9
2017-01-06 20:00:00,129.99,28.9
2017-01-06 21:00:00,127.6,28.0
2017-01-06 22:00:00,44.1,28.0
2017-01-06 23:00:00,27.74,28.0
2017-01-07 00:00:00,26.98,28.0
2017-01-07 01:00:00,27.08,27.0
2017-01-07 02:00:00,27.0,27.0
2017-01-07 03:00:00,27.22,26.1
2017-01-07 04:00:00,27.8,25.0
2017-01-07 05:00:00,27.18,24.1
2017-01-07 06:00:00,27.04,24.1
2017-01-07 07:00:00,27.18,24.1
2017-01-07 08:00:00,27.95,24.1
2017-01-07 09:00:00,26.79,24.1
2017-01-07 10:00:00,27.0,23.0
2017-01-07 11:00:00,35.07,24.1
2017-01-07 12:00:00,37.65,23.0
2017-01-07 13:00:00,35.83,21.9
2017-01-07 14:00:00,37.2,21.9
2017-01-07 15:00:00,38.19,24.1
2017-01-07 16:00:00,38.58,25.0
2017-01-07 17:00:00,65.66,24.1
2017-01-07 18:00:00,129.7,23.0
2017-01-07 19:00:00,126.3,23.0
2017-01-07 20:00:00,119.88,21.9
2017-01-07 21:00:00,119.55,21.0
2017-01-07 22:00:00,42.07,19.9
2017-01-07 23:00:00,27.02,19.9
2017-01-08 00:00:00,26.1,19.9
2017-01-08 01:00:00,26.36,19.0
2017-01-08 02:00:00,26.41,18.0
2017-01-08 03:00:00,27.2,18.0
2017-01-08 04:00:00,26.3,17.1
2017-01-08 05:00:00,26.31,16.0
2017-01-08 06:00:00,26.28,16.0
2017-01-08 07:00:00,27.34,15.1
2017-01-08 08:00:00,26.19,15.1
2017-01-08 09:00:00,25.95,18.0
2017-01-08 10:00:00,25.79,19.9
2017-01-08 11:00:00,26.75,21.9
2017-01-08 12:00:00,25.73,23.0
2017-01-08 13:00:00,25.54,24.1
2017-01-08 14:00:00,23.97,25.0
2017-01-08 15:00:00,25.28,24.1
2017-01-08 16:00:00,26.02,23.0
2017-01-08 17:00:00,49.78,21.9
2017-01-08 18:00:00,118.27,21.0
2017-01-08 19:00:00,118.53,21.0
2017-01-08 20:00:00,119.95,21.0
2017-01-08 21:00:00,118.78,19.9
2017-01-08 22:00:00,41.79,19.9
2017-01-08 23:00:00,26.1,19.0
2017-01-09 00:00:00,26.96,18.0
2017-01-09 01:00:00,26.02,17.1
2017-01-09 02:00:00,25.98,17.1
2017-01-09 03:00:00,26.05,17.1
2017-01-09 04:00:00,27.1,17.1
2017-01-09 05:00:00,26.01,17.1
2017-01-09 06:00:00,25.9,18.0
2017-01-09 07:00:00,26.01,18.0
2017-01-09 08:00:00,26.98,19.0
2017-01-09 09:00:00,25.84,19.9
2017-01-09 10:00:00,28.27,21.0
2017-01-09 11:00:00,32.5,23.0
2017-01-09 12:00:00,33.52,24.1
2017-01-09 13:00:00,34.88,25.0
2017-01-09 14:00:00,33.12,28.0
2017-01-09 15:00:00,33.06,28.0
2017-01-09 16:00:00,34.24,26.1
2017-01-09 17:00:00,58.68,24.1
2017-01-09 18:00:00,130.86,24.1
2017-01-09 19:00:00,130.94,23.0
2017-01-09 20:00:00,129.33,23.0
2017-01-09 21:00:00,123.39,23.0
2017-01-09 22:00:00,42.59,24.1
2017-01-09 23:00:00,26.46,23.0
2017-01-10 00:00:00,26.58,23.0
2017-01-10 01:00:00,27.68,24.1
2017-01-10 02:00:00,26.48,23.0
2017-01-10 03:00:00,26.38,23.0
2017-01-10 04:00:00,26.47,23.0
2017-01-10 05:00:00,27.12,24.1
2017-01-10 06:00:00,26.25,24.1
2017-01-10 07:00:00,26.5,24.1
2017-01-10 08:00:00,26.47,25.0
2017-01-10 09:00:00,28.02,26.1
2017-01-10 10:00:00,31.79,28.9
2017-01-10 11:00:00,32.86,30.0
2017-01-10 12:00:00,32.42,32.0
2017-01-10 13:00:00,32.18,34.0
2017-01-10 14:00:00,33.48,36.0
2017-01-10 15:00:00,38.2,36.0
2017-01-10 16:00:00,37.65,36.0
2017-01-10 17:00:00,60.24,36.0
2017-01-10 18:00:00,131.04,36.0
2017-01-10 19:00:00,131.35,36.0
2017-01-10 20:00:00,131.31,36.0
2017-01-10 21:00:00,132.27,37.9
2017-01-10 22:00:00,47.42,39.0
2017-01-10 23:00:00,25.98,41.0
2017-01-11 00:00:00,26.08,41.0
2017-01-11 01:00:00,26.15,39.9
2017-01-11 02:00:00,26.91,39.9
2017-01-11 03:00:00,25.95,39.9
2017-01-11 04:00:00,25.81,41.0
2017-01-11 05:00:00,25.81,42.1
2017-01-11 06:00:00,26.76,39.0
2017-01-11 07:00:00,25.55,39.0
2017-01-11 08:00:00,25.5,37.9
2017-01-11 09:00:00,26.43,41.0
2017-01-11 10:00:00,35.48,45.0
2017-01-11 11:00:00,36.85,48.0
2017-01-11 12:00:00,36.5,50.0
2017-01-11 13:00:00,36.27,52.0
2017-01-11 14:00:00,35.83,55.9
2017-01-11 15:00:00,37.26,55.0
2017-01-11 16:00:00,36.47,50.0
2017-01-11 17:00:00,57.93,50.0
2017-01-11 18:00:00,130.66,46.9
2017-01-11 19:00:00,129.22,50.0
2017-01-11 20:00:00,129.21,45.0
2017-01-11 21:00:00,126.96,44.1
2017-01-11 22:00:00,40.99,46.9
2017-01-11 23:00:00,26.01,50.0
2017-01-12 00:00:00,24.79,51.1
2017-01-12 01:00:00,24.68,51.1
2017-01-12 02:00:00,24.9,51.1
2017-01-12 03:00:00,25.76,52.0
2017-01-12 04:00:00,24.84,53.1
2017-01-12 05:00:00,24.81,52.0
2017-01-12 06:00:00,24.83,54.0
2017-01-12 07:00:00,24.82,55.0
2017-01-12 08:00:00,25.74,55.9
2017-01-12 09:00:00,24.71,57.0
2017-01-12 10:00:00,26.48,59.0
2017-01-12 11:00:00,29.19,64.0
2017-01-12 12:00:00,32.38,64.9
2017-01-12 13:00:00,37.78,68.0
2017-01-12 14:00:00,35.93,71.1
2017-01-12 15:00:00,33.82,72.0
2017-01-12 16:00:00,34.14,71.1
2017-01-12 17:00:00,53.53,69.1
2017-01-12 18:00:00,127.12,68.0
2017-01-12 19:00:00,129.96,66.9
2017-01-12 20:00:00,129.93,66.0
2017-01-12 21:00:00,127.16,66.0
2017-01-12 22:00:00,41.75,64.0
2017-01-12 23:00:00,21.87,63.0
2017-01-13 00:00:00,23.33,63.5
2017-01-13 01:00:00,25.06,64.0
2017-01-13 02:00:00,25.79,59.0
2017-01-13 03:00:00,23.5,59.0
2017-01-13 04:00:00,21.89,55.0
2017-01-13 05:00:00,21.86,57.0
2017-01-13 06:00:00,25.44,59.0
2017-01-13 07:00:00,24.73,57.9
2017-01-13 08:00:00,22.29,54.0
2017-01-13 09:00:00,24.97,52.0
2017-01-13 10:00:00,36.28,51.1
2017-01-13 11:00:00,36.77,52.0
2017-01-13 12:00:00,37.93,53.1
2017-01-13 13:00:00,36.21,52.0
2017-01-13 14:00:00,34.36,53.1
2017-01-13 15:00:00,33.4,53.1
2017-01-13 16:00:00,34.8,54.0
2017-01-13 17:00:00,51.41,50.0
2017-01-13 18:00:00,127.75,48.9
2017-01-13 19:00:00,130.44,46.9
2017-01-13 20:00:00,131.55,46.0
2017-01-13 21:00:00,127.98,45.0
2017-01-13 22:00:00,43.39,44.1
2017-01-13 23:00:00,25.39,44.1
2017-01-14 00:00:00,25.39,43.0
2017-01-14 01:00:00,26.41,41.0
2017-01-14 02:00:00,25.58,42.1
2017-01-14 03:00:00,25.45,41.0
2017-01-14 04:00:00,25.48,37.9
2017-01-14 05:00:00,26.39,37.9
2017-01-14 06:00:00,25.3,37.9
2017-01-14 07:00:00,25.26,37.0
2017-01-14 08:00:00,25.19,36.0
2017-01-14 09:00:00,25.03,36.0
2017-01-14 10:00:00,35.57,35.1
2017-01-14 11:00:00,37.69,34.0
2017-01-14 12:00:00,37.14,34.0
2017-01-14 13:00:00,36.5,34.0
2017-01-14 14:00:00,35.15,35.1
2017-01-14 15:00:00,38.06,35.1
2017-01-14 16:00:00,35.55,35.1
2017-01-14 17:00:00,52.42,36.0
2017-01-14 18:00:00,123.86,35.1
2017-01-14 19:00:00,120.37,35.1
2017-01-14 20:00:00,118.83,35.1
2017-01-14 21:00:00,118.56,36.0
2017-01-14 22:00:00,41.54,36.0
2017-01-14 23:00:00,26.42,36.0
2017-01-15 00:00:00,25.58,36.0
2017-01-15 01:00:00,25.58,37.0
2017-01-15 02:00:00,25.64,37.0
2017-01-15 03:00:00,26.6,37.0
2017-01-15 04:00:00,25.94,37.0
2017-01-15 05:00:00,25.83,37.9
2017-01-15 06:00:00,25.91,37.0
2017-01-15 07:00:00,25.84,37.0
2017-01-15 08:00:00,26.68,37.9
2017-01-15 09:00:00,25.76,39.9
2017-01-15 10:00:00,25.83,43.0
2017-01-15 11:00:00,25.71,45.0
2017-01-15 12:00:00,26.59,46.9
2017-01-15 13:00:00,25.53,46.9
2017-01-15 14:00:00,25.12,48.0
2017-01-15 15:00:00,25.09,48.0
2017-01-15 16:00:00,23.88,46.9
2017-01-15 17:00:00,37.92,46.0
2017-01-15 18:00:00,117.89,44.1
2017-01-15 19:00:00,118.22,43.0
2017-01-15 20:00:00,118.34,42.1
2017-01-15 21:00:00,118.24,41.0
2017-01-15 22:00:00,42.74,41.0
2017-01-15 23:00:00,25.34,39.9
2017-01-16 00:00:00,25.45,39.9
2017-01-16 01:00:00,25.48,41.0
2017-01-16 02:00:00,25.82,39.9
2017-01-16 03:00:00,26.61,39.0
2017-01-16 04:00:00,25.78,39.0
2017-01-16 05:00:00,25.64,39.0
2017-01-16 06:00:00,25.68,37.9
2017-01-16 07:00:00,26.64,37.9
2017-01-16 08:00:00,25.59,37.9
2017-01-16 09:00:00,25.5,39.0
2017-01-16 10:00:00,25.57,39.9
2017-01-16 11:00:00,25.26,42.1
2017-01-16 12:00:00,26.45,42.1
2017-01-16 13:00:00,25.24,43.0
2017-01-16 14:00:00,25.12,44.1
2017-01-16 15:00:00,24.9,45.0
2017-01-16 16:00:00,25.16,46.0
2017-01-16 17:00:00,38.46,45.0
2017-01-16 18:00:00,118.31,44.1
2017-01-16 19:00:00,118.36,43.0
2017-01-16 20:00:00,118.47,43.0
2017-01-16 21:00:00,119.2,43.0
2017-01-16 22:00:00,41.8,43.0
2017-01-16 23:00:00,25.27,42.1
2017-01-17 00:00:00,25.51,41.0
2017-01-17 01:00:00,25.56,41.0
2017-01-17 02:00:00,26.49,41.0
2017-01-17 03:00:00,25.64,41.0
2017-01-17 04:00:00,25.31,41.0
2017-01-17 05:00:00,25.37,41.0
2017-01-17 06:00:00,25.28,41.0
2017-01-17 07:00:00,26.21,42.1
2017-01-17 08:00:00,25.3,42.1
2017-01-17 09:00:00,25.27,43.0
2017-01-17 10:00:00,30.37,43.0
2017-01-17 11:00:00,31.47,44.1
2017-01-17 12:00:00,32.41,46.9
2017-01-17 13:00:00,31.63,46.9
2017-01-17 14:00:00,31.72,46.9
2017-01-17 15:00:00,31.32,46.0
2017-01-17 16:00:00,32.58,48.0
2017-01-17 17:00:00,47.69,48.9
2017-01-17 18:00:00,130.21,50.0
2017-01-17 19:00:00,130.99,51.1
2017-01-17 20:00:00,131.77,48.9
2017-01-17 21:00:00,129.09,50.0
2017-01-17 22:00:00,42.21,51.1
2017-01-17 23:00:00,26.74,46.9
2017-01-18 00:00:00,26.08,46.0
2017-01-18 01:00:00,26.08,45.0
2017-01-18 02:00:00,26.11,46.0
2017-01-18 03:00:00,26.05,46.0
2017-01-18 04:00:00,27.05,46.9
2017-01-18 05:00:00,25.98,46.9
2017-01-18 06:00:00,25.85,46.9
2017-01-18 07:00:00,26.14,46.0
2017-01-18 08:00:00,26.01,46.0
2017-01-18 09:00:00,26.91,52.0
2017-01-18 10:00:00,33.29,53.1
2017-01-18 11:00:00,36.51,57.0
2017-01-18 12:00:00,36.87,59.0
2017-01-18 13:00:00,37.28,60.1
2017-01-18 14:00:00,37.22,57.9
2017-01-18 15:00:00,36.61,59.0
2017-01-18 16:00:00,36.81,57.0
2017-01-18 17:00:00,42.37,55.9
2017-01-18 18:00:00,130.53,52.0
2017-01-18 19:00:00,130.07,50.0
2017-01-18 20:00:00,129.19,48.9
2017-01-18 21:00:00,127.9,48.9
2017-01-18 22:00:00,41.69,48.0
2017-01-18 23:00:00,26.03,48.0
2017-01-19 00:00:00,25.13,48.0
2017-01-19 01:00:00,25.02,46.9
2017-01-19 02:00:00,25.14,46.9
2017-01-19 03:00:00,25.33,46.0
2017-01-19 04:00:00,25.7,45.0
2017-01-19 05:00:00,25.0,43.0
2017-01-19 06:00:00,25.08,43.0
2017-01-19 07:00:00,25.11,46.0
2017-01-19 08:00:00,26.14,46.0
2017-01-19 09:00:00,25.86,48.0
2017-01-19 10:00:00,31.12,48.9
2017-01-19 11:00:00,36.01,50.0
2017-01-19 12:00:00,36.24,50.0
2017-01-19 13:00:00,37.72,52.0
2017-01-19 14:00:00,36.78,52.0
2017-01-19 15:00:00,37.73,52.0
2017-01-19 16:00:00,36.87,52.0
2017-01-19 17:00:00,44.36,48.9
2017-01-19 18:00:00,130.09,48.9
2017-01-19 19:00:00,129.16,46.9
2017-01-19 20:00:00,129.88,44.1
2017-01-19 21:00:00,129.45,42.1
2017-01-19 22:00:00,46.03,42.8
2017-01-19 23:00:00,24.43,41.0
2017-01-20 00:00:00,24.44,39.9
2017-01-20 01:00:00,24.74,39.9
2017-01-20 02:00:00,25.8,39.9
2017-01-20 03:00:00,24.92,41.0
2017-01-20 04:00:00,24.88,39.9
2017-01-20 05:00:00,25.05,39.9
2017-01-20 06:00:00,25.92,39.9
2017-01-20 07:00:00,24.98,41.0
2017-01-20 08:00:00,25.07,42.1
2017-01-20 09:00:00,24.91,43.0
2017-01-20 10:00:00,26.09,44.1
2017-01-20 11:00:00,24.88,46.0
2017-01-20 12:00:00,24.87,48.0
2017-01-20 13:00:00,24.72,48.9
2017-01-20 14:00:00,24.74,46.9
2017-01-20 15:00:00,25.43,48.0
2017-01-20 16:00:00,24.6,48.0
2017-01-20 17:00:00,29.41,48.0
2017-01-20 18:00:00,117.42,48.0
2017-01-20 19:00:00,118.29,48.0
2017-01-20 20:00:00,117.3,46.9
2017-01-20 21:00:00,116.92,48.0
2017-01-20 22:00:00,39.95,46.9
2017-01-20 23:00:00,25.6,46.9
2017-01-21 00:00:00,24.62,46.9
2017-01-21 01:00:00,24.78,46.9
2017-01-21 02:00:00,24.92,46.9
2017-01-21 03:00:00,25.84,48.0
2017-01-21 04:00:00,24.92,48.0
2017-01-21 05:00:00,24.87,48.0
2017-01-21 06:00:00,24.89,48.0
2017-01-21 07:00:00,25.61,48.0
2017-01-21 08:00:00,24.71,48.0
2017-01-21 09:00:00,24.61,48.0
2017-01-21 10:00:00,31.96,48.0
2017-01-21 11:00:00,39.18,48.9
2017-01-21 12:00:00,38.19,48.9
2017-01-21 13:00:00,37.46,48.9
2017-01-21 14:00:00,37.88,50.0
2017-01-21 15:00:00,35.37,48.9
2017-01-21 16:00:00,35.99,48.9
2017-01-21 17:00:00,39.2,50.0
2017-01-21 18:00:00,126.63,50.0
2017-01-21 19:00:00,126.1,48.9
2017-01-21 20:00:00,122.78,48.9
2017-01-21 21:00:00,117.53,48.9
2017-01-21 22:00:00,38.21,48.0
2017-01-21 23:00:00,22.61,48.0
2017-01-22 00:00:00,23.97,48.0
2017-01-22 01:00:00,22.88,46.9
2017-01-22 02:00:00,23.15,46.9
2017-01-22 03:00:00,23.19,46.9
2017-01-22 04:00:00,24.39,46.9
2017-01-22 05:00:00,23.29,46.9
2017-01-22 06:00:00,23.28,46.9
2017-01-22 07:00:00,23.33,46.9
2017-01-22 08:00:00,24.17,48.0
2017-01-22 09:00:00,23.21,48.0
2017-01-22 10:00:00,22.98,50.0
2017-01-22 11:00:00,23.01,50.0
2017-01-22 12:00:00,23.77,50.0
2017-01-22 13:00:00,23.05,50.0
2017-01-22 14:00:00,22.82,50.0
2017-01-22 15:00:00,23.0,51.1
2017-01-22 16:00:00,23.65,51.1
2017-01-22 17:00:00,24.65,48.9
2017-01-22 18:00:00,114.94,50.0
2017-01-22 19:00:00,115.22,50.0
2017-01-22 20:00:00,116.21,50.0
2017-01-22 21:00:00,115.42,50.0
2017-01-22 22:00:00,38.84,50.0
2017-01-22 23:00:00,23.3,50.0
2017-01-23 00:00:00,23.25,50.0
2017-01-23 01:00:00,24.28,50.0
2017-01-23 02:00:00,23.29,50.0
2017-01-23 03:00:00,23.22,48.9
2017-01-23 04:00:00,23.27,48.0
2017-01-23 05:00:00,24.22,46.9
2017-01-23 06:00:00,23.27,46.9
2017-01-23 07:00:00,23.18,46.9
2017-01-23 08:00:00,23.22,46.9
2017-01-23 09:00:00,25.12,46.9
2017-01-23 10:00:00,34.56,46.0
2017-01-23 11:00:00,34.47,45.0
2017-01-23 12:00:00,34.45,44.1
2017-01-23 13:00:00,35.64,43.0
2017-01-23 14:00:00,34.27,43.0
2017-01-23 15:00:00,34.34,42.1
2017-01-23 16:00:00,34.25,42.1
2017-01-23 17:00:00,36.36,42.1
2017-01-23 18:00:00,126.77,41.0
2017-01-23 19:00:00,128.16,41.0
2017-01-23 20:00:00,127.25,41.0
2017-01-23 21:00:00,125.57,41.0
2017-01-23 22:00:00,39.78,39.9
2017-01-23 23:00:00,22.77,39.9
2017-01-24 00:00:00,22.94,39.0
2017-01-24 01:00:00,22.9,39.0
2017-01-24 02:00:00,23.97,37.9
2017-01-24 03:00:00,22.96,39.0
2017-01-24 04:00:00,23.03,39.0
2017-01-24 05:00:00,23.72,39.0
2017-01-24 06:00:00,22.87,39.0
2017-01-24 07:00:00,22.69,39.0
2017-01-24 08:00:00,22.84,39.0
2017-01-24 09:00:00,23.69,41.0
2017-01-24 10:00:00,30.83,43.0
2017-01-24 11:00:00,34.69,46.0
2017-01-24 12:00:00,34.78,46.9
2017-01-24 13:00:00,35.74,48.0
2017-01-24 14:00:00,34.78,48.0
2017-01-24 15:00:00,34.94,46.9
2017-01-24 16:00:00,34.63,48.0
2017-01-24 17:00:00,35.33,48.9
2017-01-24 18:00:00,127.61,48.0
2017-01-24 19:00:00,127.94,48.0
2017-01-24 20:00:00,128.45,48.0
2017-01-24 21:00:00,127.73,48.0
2017-01-24 22:00:00,42.89,48.0
2017-01-24 23:00:00,22.72,46.9
2017-01-25 00:00:00,23.01,48.0
2017-01-25 01:00:00,23.04,46.9
2017-01-25 02:00:00,23.02,48.0
2017-01-25 03:00:00,24.18,48.0
2017-01-25 04:00:00,22.96,46.0
2017-01-25 05:00:00,22.95,46.9
2017-01-25 06:00:00,22.91,45.0
2017-01-25 07:00:00,23.63,46.0
2017-01-25 08:00:00,22.93,46.9
2017-01-25 09:00:00,22.74,48.9
2017-01-25 10:00:00,28.45,51.1
2017-01-25 11:00:00,30.41,52.0
2017-01-25 12:00:00,32.23,54.0
2017-01-25 13:00:00,33.16,55.9
2017-01-25 14:00:00,33.5,57.9
2017-01-25 15:00:00,34.39,60.1
2017-01-25 16:00:00,33.35,57.9
2017-01-25 17:00:00,33.28,57.0
2017-01-25 18:00:00,123.84,55.0
2017-01-25 19:00:00,127.35,55.9
2017-01-25 20:00:00,127.94,52.0
2017-01-25 21:00:00,128.22,50.0
2017-01-25 22:00:00,38.26,48.9
2017-01-25 23:00:00,23.02,48.9
2017-01-26 00:00:00,22.32,48.9
2017-01-26 01:00:00,22.56,50.0
2017-01-26 02:00:00,22.57,46.9
2017-01-26 03:00:00,23.72,48.0
2017-01-26 04:00:00,22.76,48.9
2017-01-26 05:00:00,22.89,50.0
2017-01-26 06:00:00,22.7,52.0
2017-01-26 07:00:00,24.25,52.0
2017-01-26 08:00:00,24.52,52.0
2017-01-26 09:00:00,24.8,53.1
2017-01-26 10:00:00,31.59,51.1
2017-01-26 11:00:00,35.18,59.0
2017-01-26 12:00:00,34.41,60.1
2017-01-26 13:00:00,34.14,57.9
2017-01-26 14:00:00,34.26,59.0
2017-01-26 15:00:00,34.17,54.0
2017-01-26 16:00:00,35.74,52.0
2017-01-26 17:00:00,34.33,48.9
2017-01-26 18:00:00,121.25,48.0
2017-01-26 19:00:00,128.23,48.0
2017-01-26 20:00:00,129.64,46.9
2017-01-26 21:00:00,125.39,46.9
2017-01-26 22:00:00,41.98,46.0
2017-01-26 23:00:00,22.06,45.0
2017-01-27 00:00:00,22.14,44.1
2017-01-27 01:00:00,23.54,43.0
2017-01-27 02:00:00,22.24,43.0
2017-01-27 03:00:00,22.3,44.1
2017-01-27 04:00:00,22.2,44.1
2017-01-27 05:00:00,22.96,43.0
2017-01-27 06:00:00,21.89,42.1
2017-01-27 07:00:00,22.02,41.0
2017-01-27 08:00:00,22.15,39.9
2017-01-27 09:00:00,22.83,41.0
2017-01-27 10:00:00,29.84,43.0
2017-01-27 11:00:00,33.3,44.1
2017-01-27 12:00:00,33.6,43.0
2017-01-27 13:00:00,33.55,43.0
2017-01-27 14:00:00,34.6,42.1
2017-01-27 15:00:00,33.64,42.1
2017-01-27 16:00:00,33.44,42.1
2017-01-27 17:00:00,33.7,41.0
2017-01-27 18:00:00,119.37,39.9
2017-01-27 19:00:00,126.73,39.0
2017-01-27 20:00:00,126.95,39.9
2017-01-27 21:00:00,125.42,37.9
2017-01-27 22:00:00,43.35,39.0
2017-01-27 23:00:00,22.43,39.0
2017-01-28 00:00:00,22.63,37.9
2017-01-28 01:00:00,22.9,37.9
2017-01-28 02:00:00,23.97,37.0
2017-01-28 03:00:00,22.96,35.1
2017-01-28 04:00:00,22.98,33.1
2017-01-28 05:00:00,22.92,34.0
2017-01-28 06:00:00,23.77,35.1
2017-01-28 07:00:00,22.62,34.0
2017-01-28 08:00:00,22.85,35.1
2017-01-28 09:00:00,23.53,35.1
2017-01-28 10:00:00,35.47,37.0
2017-01-28 11:00:00,34.0,39.0
2017-01-28 12:00:00,34.47,42.1
2017-01-28 13:00:00,34.35,46.0
2017-01-28 14:00:00,35.22,46.9
2017-01-28 15:00:00,33.98,48.9
2017-01-28 16:00:00,34.32,48.9
2017-01-28 17:00:00,34.35,46.9
2017-01-28 18:00:00,112.72,46.0
2017-01-28 19:00:00,116.53,42.1
2017-01-28 20:00:00,115.37,44.1
2017-01-28 21:00:00,114.29,39.9
2017-01-28 22:00:00,38.43,39.9
2017-01-28 23:00:00,23.25,37.9
2017-01-29 00:00:00,22.57,37.0
2017-01-29 01:00:00,22.79,36.0
2017-01-29 02:00:00,23.02,36.0
2017-01-29 03:00:00,24.01,36.0
2017-01-29 04:00:00,23.0,35.1
2017-01-29 05:00:00,22.92,37.0
2017-01-29 06:00:00,22.94,35.1
2017-01-29 07:00:00,23.9,37.0
2017-01-29 08:00:00,22.74,39.0
2017-01-29 09:00:00,22.54,39.9
2017-01-29 10:00:00,22.5,42.1
2017-01-29 11:00:00,23.25,45.0
2017-01-29 12:00:00,22.22,44.1
2017-01-29 13:00:00,22.03,46.0
2017-01-29 14:00:00,21.92,45.0
2017-01-29 15:00:00,22.38,46.0
2017-01-29 16:00:00,21.85,45.0
2017-01-29 17:00:00,21.76,45.0
2017-01-29 18:00:00,103.51,44.1
2017-01-29 19:00:00,116.07,42.1
2017-01-29 20:00:00,114.93,39.9
2017-01-29 21:00:00,115.32,39.0
2017-01-29 22:00:00,38.55,39.0
2017-01-29 23:00:00,23.58,39.0
2017-01-30 00:00:00,22.65,39.0
2017-01-30 01:00:00,22.72,37.9
2017-01-30 02:00:00,22.82,37.9
2017-01-30 03:00:00,22.94,36.0
2017-01-30 04:00:00,23.9,32.0
2017-01-30 05:00:00,22.94,32.0
2017-01-30 06:00:00,22.95,32.0
2017-01-30 07:00:00,22.74,33.1
2017-01-30 08:00:00,23.56,33.1
2017-01-30 09:00:00,22.58,34.0
2017-01-30 10:00:00,33.35,34.0
2017-01-30 11:00:00,33.77,34.0
2017-01-30 12:00:00,34.22,36.0
2017-01-30 13:00:00,34.66,37.9
2017-01-30 14:00:00,33.84,37.9
2017-01-30 15:00:00,34.81,35.1
2017-01-30 16:00:00,34.69,36.0
2017-01-30 17:00:00,34.6,37.0
2017-01-30 18:00:00,115.46,35.1
2017-01-30 19:00:00,127.66,34.0
2017-01-30 20:00:00,128.52,34.0
2017-01-30 21:00:00,126.31,34.0
2017-01-30 22:00:00,40.91,32.0
2017-01-30 23:00:00,23.59,32.0
2017-01-31 00:00:00,23.46,32.0
2017-01-31 01:00:00,23.34,30.0
2017-01-31 02:00:00,23.43,30.0
2017-01-31 03:00:00,23.38,30.9
2017-01-31 04:00:00,24.34,32.0
2017-01-31 05:00:00,23.36,32.0
2017-01-31 06:00:00,23.29,33.1
2017-01-31 07:00:00,23.43,34.0
2017-01-31 08:00:00,23.95,34.0
2017-01-31 09:00:00,23.94,37.0
2017-01-31 10:00:00,29.44,39.9
2017-01-31 11:00:00,29.86,41.0
2017-01-31 12:00:00,30.8,44.1
2017-01-31 13:00:00,34.01,48.9
2017-01-31 14:00:00,33.54,48.9
2017-01-31 15:00:00,34.25,55.0
2017-01-31 16:00:00,28.17,55.9
2017-01-31 17:00:00,28.21,55.0
2017-01-31 18:00:00,109.64,53.1
2017-01-31 19:00:00,121.23,54.0
2017-01-31 20:00:00,120.5,52.0
2017-01-31 21:00:00,115.77,46.9
2017-01-31 22:00:00,38.26,46.0
2017-01-31 23:00:00,23.25,41.0
2017-02-01 00:00:00,22.44,43.0
2017-02-01 01:00:00,22.53,37.9
2017-02-01 02:00:00,22.67,37.0
2017-02-01 03:00:00,23.83,35.1
2017-02-01 04:00:00,22.94,34.0
2017-02-01 05:00:00,22.95,37.9
2017-02-01 06:00:00,22.71,36.0
2017-02-01 07:00:00,23.79,37.9
2017-02-01 08:00:00,24.21,37.9
2017-02-01 09:00:00,28.25,41.0
2017-02-01 10:00:00,34.09,41.0
2017-02-01 11:00:00,34.86,42.1
2017-02-01 12:00:00,34.09,43.0
2017-02-01 13:00:00,34.34,44.1
2017-02-01 14:00:00,34.37,45.0
2017-02-01 15:00:00,35.52,46.9
2017-02-01 16:00:00,34.18,48.9
2017-02-01 17:00:00,34.46,50.0
2017-02-01 18:00:00,110.74,51.1
2017-02-01 19:00:00,127.61,50.0
2017-02-01 20:00:00,128.21,50.0
2017-02-01 21:00:00,126.39,48.0
2017-02-01 22:00:00,42.18,46.0
2017-02-01 23:00:00,23.65,46.0
2017-02-02 00:00:00,23.22,45.0
2017-02-02 01:00:00,23.09,44.1
2017-02-02 02:00:00,23.25,44.1
2017-02-02 03:00:00,23.14,43.0
2017-02-02 04:00:00,24.13,43.0
2017-02-02 05:00:00,23.13,44.1
2017-02-02 06:00:00,23.08,43.0
2017-02-02 07:00:00,22.85,41.0
2017-02-02 08:00:00,23.85,41.0
2017-02-02 09:00:00,22.81,45.0
2017-02-02 10:00:00,28.42,45.0
2017-02-02 11:00:00,29.83,46.0
2017-02-02 12:00:00,30.24,46.9
2017-02-02 13:00:00,31.15,46.9
2017-02-02 14:00:00,29.43,48.0
2017-02-02 15:00:00,28.86,48.9
2017-02-02 16:00:00,28.44,48.9
2017-02-02 17:00:00,32.86,46.9
2017-02-02 18:00:00,110.28,45.0
2017-02-02 19:00:00,127.89,42.1
2017-02-02 20:00:00,128.24,41.0
2017-02-02 21:00:00,125.07,39.9
2017-02-02 22:00:00,39.09,37.9
2017-02-02 23:00:00,24.88,37.0
2017-02-03 00:00:00,23.82,37.0
2017-02-03 01:00:00,24.01,36.0
2017-02-03 02:00:00,23.86,36.0
2017-02-03 03:00:00,25.02,36.0
2017-02-03 04:00:00,24.03,35.1
2017-02-03 05:00:00,23.89,34.0
2017-02-03 06:00:00,23.88,34.0
2017-02-03 07:00:00,23.8,34.0
2017-02-03 08:00:00,24.89,34.0
2017-02-03 09:00:00,24.32,35.1
2017-02-03 10:00:00,34.29,37.0
2017-02-03 11:00:00,34.48,36.0
2017-02-03 12:00:00,29.55,37.9
2017-02-03 13:00:00,30.05,37.9
2017-02-03 14:00:00,28.79,39.0
2017-02-03 15:00:00,30.05,39.0
2017-02-03 16:00:00,31.35,37.9
2017-02-03 17:00:00,31.92,37.0
2017-02-03 18:00:00,106.98,36.0
2017-02-03 19:00:00,126.12,36.0
2017-02-03 20:00:00,127.61,36.0
2017-02-03 21:00:00,126.06,33.1
2017-02-03 22:00:00,41.27,32.0
2017-02-03 23:00:00,24.44,32.0
2017-02-04 00:00:00,25.58,30.9
2017-02-04 01:00:00,24.56,28.9
2017-02-04 02:00:00,24.65,28.0
2017-02-04 03:00:00,24.67,28.0
2017-02-04 04:00:00,25.66,27.0
2017-02-04 05:00:00,24.5,26.1
2017-02-04 06:00:00,24.63,25.0
2017-02-04 07:00:00,24.57,25.0
2017-02-04 08:00:00,25.47,27.0
2017-02-04 09:00:00,24.3,28.9
2017-02-04 10:00:00,24.92,30.9
2017-02-04 11:00:00,33.82,33.1
2017-02-04 12:00:00,36.07,36.0
2017-02-04 13:00:00,34.45,37.0
2017-02-04 14:00:00,34.14,39.0
2017-02-04 15:00:00,34.03,39.9
2017-02-04 16:00:00,34.99,39.9
2017-02-04 17:00:00,33.46,39.0
2017-02-04 18:00:00,103.61,37.0
2017-02-04 19:00:00,123.39,36.0
2017-02-04 20:00:00,123.93,35.1
2017-02-04 21:00:00,123.38,34.0
2017-02-04 22:00:00,45.63,33.1
2017-02-04 23:00:00,24.04,34.0
2017-02-05 00:00:00,23.31,34.0
2017-02-05 01:00:00,23.2,34.0
2017-02-05 02:00:00,23.31,34.0
2017-02-05 03:00:00,23.21,33.1
2017-02-05 04:00:00,24.4,32.0
2017-02-05 05:00:00,23.24,34.0
2017-02-05 06:00:00,23.19,35.1
2017-02-05 07:00:00,23.17,36.0
2017-02-05 08:00:00,23.91,36.0
2017-02-05 09:00:00,22.9,37.0
2017-02-05 10:00:00,22.9,39.9
2017-02-05 11:00:00,22.7,43.0
2017-02-05 12:00:00,23.66,44.1
2017-02-05 13:00:00,22.63,48.9
2017-02-05 14:00:00,22.57,50.0
2017-02-05 15:00:00,22.36,52.0
2017-02-05 16:00:00,22.96,54.0
2017-02-05 17:00:00,22.05,53.1
2017-02-05 18:00:00,91.71,51.1
2017-02-05 19:00:00,114.75,51.1
2017-02-05 20:00:00,115.58,44.1
2017-02-05 21:00:00,114.39,42.1
2017-02-05 22:00:00,38.23,41.0
2017-02-05 23:00:00,22.42,39.9
2017-02-06 00:00:00,23.44,37.9
2017-02-06 01:00:00,22.71,39.9
2017-02-06 02:00:00,22.58,37.9
2017-02-06 03:00:00,22.49,35.1
2017-02-06 04:00:00,23.64,36.0
2017-02-06 05:00:00,22.84,33.1
2017-02-06 06:00:00,22.84,35.1
2017-02-06 07:00:00,22.87,35.1
2017-02-06 08:00:00,23.72,35.1
2017-02-06 09:00:00,22.63,39.9
2017-02-06 10:00:00,31.34,45.0
2017-02-06 11:00:00,34.02,50.0
2017-02-06 12:00:00,34.53,53.1
2017-02-06 13:00:00,33.66,55.9
2017-02-06 14:00:00,34.0,57.9
2017-02-06 15:00:00,33.46,57.9
2017-02-06 16:00:00,34.23,59.0
2017-02-06 17:00:00,33.34,57.0
2017-02-06 18:00:00,102.49,53.1
2017-02-06 19:00:00,127.37,53.1
2017-02-06 20:00:00,126.9,50.0
2017-02-06 21:00:00,124.5,48.0
2017-02-06 22:00:00,38.05,48.9
2017-02-06 23:00:00,22.0,46.9
2017-02-07 00:00:00,22.93,48.9
2017-02-07 01:00:00,21.83,50.0
2017-02-07 02:00:00,21.9,50.0
2017-02-07 03:00:00,21.89,51.1
2017-02-07 04:00:00,22.0,51.1
2017-02-07 05:00:00,23.0,50.0
2017-02-07 06:00:00,22.01,48.9
2017-02-07 07:00:00,22.24,51.1
2017-02-07 08:00:00,21.99,53.1
2017-02-07 09:00:00,23.67,52.0
2017-02-07 10:00:00,28.66,55.9
2017-02-07 11:00:00,31.93,59.0
2017-02-07 12:00:00,33.76,63.0
2017-02-07 13:00:00,33.74,66.0
2017-02-07 14:00:00,33.28,64.9
2017-02-07 15:00:00,32.81,71.1
2017-02-07 16:00:00,27.79,71.1
2017-02-07 17:00:00,31.49,71.1
2017-02-07 18:00:00,99.38,64.0
2017-02-07 19:00:00,127.19,63.0
2017-02-07 20:00:00,126.72,61.0
2017-02-07 21:00:00,126.28,62.1
2017-02-07 22:00:00,39.87,61.0
2017-02-07 23:00:00,24.58,60.1
2017-02-08 00:00:00,23.37,64.0
2017-02-08 01:00:00,23.5,63.0
2017-02-08 02:00:00,23.44,64.0
2017-02-08 03:00:00,24.43,63.0
2017-02-08 04:00:00,23.61,60.1
2017-02-08 05:00:00,23.45,55.9
2017-02-08 06:00:00,23.32,57.0
2017-02-08 07:00:00,24.49,52.0
2017-02-08 08:00:00,23.18,55.0
2017-02-08 09:00:00,23.27,59.0
2017-02-08 10:00:00,28.72,66.0
2017-02-08 11:00:00,32.61,66.9
2017-02-08 12:00:00,34.16,73.0
2017-02-08 13:00:00,32.59,72.0
2017-02-08 14:00:00,32.81,72.0
2017-02-08 15:00:00,32.89,70.0
2017-02-08 16:00:00,32.8,68.0
2017-02-08 17:00:00,34.21,64.0
2017-02-08 18:00:00,97.27,60.1
2017-02-08 19:00:00,126.98,59.0
2017-02-08 20:00:00,125.77,57.0
2017-02-08 21:00:00,125.84,55.9
2017-02-08 22:00:00,38.14,54.0
2017-02-08 23:00:00,21.51,53.1
2017-02-09 00:00:00,22.68,53.1
2017-02-09 01:00:00,21.61,51.1
2017-02-09 02:00:00,21.57,51.1
2017-02-09 03:00:00,21.5,50.0
2017-02-09 04:00:00,22.52,48.0
2017-02-09 05:00:00,21.49,44.1
2017-02-09 06:00:00,21.56,39.0
2017-02-09 07:00:00,21.78,37.0
2017-02-09 08:00:00,22.65,37.0
2017-02-09 09:00:00,21.87,37.0
2017-02-09 10:00:00,22.02,37.0
2017-02-09 11:00:00,24.39,36.0
2017-02-09 12:00:00,32.12,35.1
2017-02-09 13:00:00,33.58,35.1
2017-02-09 14:00:00,34.73,36.0
2017-02-09 15:00:00,34.49,35.1
2017-02-09 16:00:00,35.58,35.1
2017-02-09 17:00:00,34.84,32.0
2017-02-09 18:00:00,97.17,30.9
2017-02-09 19:00:00,129.38,30.0
2017-02-09 20:00:00,130.22,28.9
2017-02-09 21:00:00,127.18,28.0
2017-02-09 22:00:00,43.59,28.0
2017-02-09 23:00:00,27.51,27.0
2017-02-10 00:00:00,28.69,26.1
2017-02-10 01:00:00,27.58,25.0
2017-02-10 02:00:00,27.61,24.1
2017-02-10 03:00:00,27.7,24.1
2017-02-10 04:00:00,28.63,24.1
2017-02-10 05:00:00,27.62,24.1
2017-02-10 06:00:00,27.66,24.1
2017-02-10 07:00:00,27.58,24.1
2017-02-10 08:00:00,33.57,25.0
2017-02-10 09:00:00,33.43,27.0
2017-02-10 10:00:00,34.75,30.0
2017-02-10 11:00:00,34.55,32.0
2017-02-10 12:00:00,35.12,35.1
2017-02-10 13:00:00,34.5,37.0
2017-02-10 14:00:00,34.18,37.9
2017-02-10 15:00:00,33.5,37.9
2017-02-10 16:00:00,33.72,37.0
2017-02-10 17:00:00,33.7,37.0
2017-02-10 18:00:00,94.91,37.0
2017-02-10 19:00:00,125.56,36.0
2017-02-10 20:00:00,126.17,37.0
2017-02-10 21:00:00,122.72,37.0
2017-02-10 22:00:00,40.05,37.0
2017-02-10 23:00:00,22.82,37.9
2017-02-11 00:00:00,22.89,37.9
2017-02-11 01:00:00,22.96,37.9
2017-02-11 02:00:00,22.97,37.0
2017-02-11 03:00:00,24.13,36.0
2017-02-11 04:00:00,23.01,35.1
2017-02-11 05:00:00,22.92,37.0
2017-02-11 06:00:00,22.79,39.9
2017-02-11 07:00:00,23.78,39.0
2017-02-11 08:00:00,22.52,41.0
2017-02-11 09:00:00,24.62,45.0
2017-02-11 10:00:00,33.72,48.0
2017-02-11 11:00:00,33.57,48.9
2017-02-11 12:00:00,34.16,51.1
2017-02-11 13:00:00,34.51,50.0
2017-02-11 14:00:00,33.97,48.9
2017-02-11 15:00:00,34.01,50.0
2017-02-11 16:00:00,36.69,52.0
2017-02-11 17:00:00,35.79,50.0
2017-02-11 18:00:00,93.24,50.0
2017-02-11 19:00:00,126.41,48.9
2017-02-11 20:00:00,115.77,48.9
2017-02-11 21:00:00,116.83,48.0
2017-02-11 22:00:00,39.63,46.0
2017-02-11 23:00:00,23.65,48.0
2017-02-12 00:00:00,23.71,48.0
2017-02-12 01:00:00,24.82,45.0
2017-02-12 02:00:00,24.03,48.0
2017-02-12 03:00:00,24.05,46.9
2017-02-12 04:00:00,24.15,48.9
2017-02-12 05:00:00,25.15,46.9
2017-02-12 06:00:00,24.08,46.9
2017-02-12 07:00:00,24.05,48.0
2017-02-12 08:00:00,23.97,48.0
2017-02-12 09:00:00,23.79,46.9
2017-02-12 10:00:00,24.76,48.0
2017-02-12 11:00:00,23.79,48.0
2017-02-12 12:00:00,23.69,48.9
2017-02-12 13:00:00,23.52,51.1
2017-02-12 14:00:00,24.33,50.0
2017-02-12 15:00:00,23.14,52.0
2017-02-12 16:00:00,23.14,51.1
2017-02-12 17:00:00,23.16,51.1
2017-02-12 18:00:00,80.83,48.9
2017-02-12 19:00:00,117.56,48.9
2017-02-12 20:00:00,116.2,48.0
2017-02-12 21:00:00,116.33,48.9
2017-02-12 22:00:00,39.77,53.1
2017-02-12 23:00:00,24.5,55.0
2017-02-13 00:00:00,8.43,46.9
2017-02-13 01:00:00,11.95,46.0
2017-02-13 02:00:00,15.48,44.1
2017-02-13 03:00:00,19.0,43.0
2017-02-13 04:00:00,22.52,42.1
2017-02-13 05:00:00,24.41,39.0
2017-02-13 06:00:00,24.17,37.9
2017-02-13 07:00:00,23.91,37.9
2017-02-13 08:00:00,24.87,39.9
2017-02-13 09:00:00,26.0,41.0
2017-02-13 10:00:00,34.61,41.0
2017-02-13 11:00:00,33.76,42.1
2017-02-13 12:00:00,35.04,44.1
2017-02-13 13:00:00,33.14,45.0
2017-02-13 14:00:00,32.42,46.0
2017-02-13 15:00:00,32.63,46.0
2017-02-13 16:00:00,32.83,46.0
2017-02-13 17:00:00,34.81,45.0
2017-02-13 18:00:00,89.4,43.0
2017-02-13 19:00:00,126.75,42.1
2017-02-13 20:00:00,125.94,39.0
2017-02-13 21:00:00,126.26,36.0
2017-02-13 22:00:00,49.0,36.0
2017-02-13 23:00:00,22.44,36.0
2017-02-14 00:00:00,21.92,36.0
2017-02-14 01:00:00,22.93,34.0
2017-02-14 02:00:00,22.14,34.0
2017-02-14 03:00:00,22.3,33.1
2017-02-14 04:00:00,22.41,32.0
2017-02-14 05:00:00,23.58,32.0
2017-02-14 06:00:00,22.37,33.1
2017-02-14 07:00:00,22.43,34.0
2017-02-14 08:00:00,22.96,35.1
2017-02-14 09:00:00,28.91,37.0
2017-02-14 10:00:00,33.46,39.0
2017-02-14 11:00:00,33.56,42.1
2017-02-14 12:00:00,33.66,42.1
2017-02-14 13:00:00,33.38,42.1
2017-02-14 14:00:00,34.6,42.1
2017-02-14 15:00:00,33.16,44.1
2017-02-14 16:00:00,33.07,45.0
2017-02-14 17:00:00,33.96,45.0
2017-02-14 18:00:00,85.9,45.0
2017-02-14 19:00:00,125.55,44.1
2017-02-14 20:00:00,125.71,44.1
2017-02-14 21:00:00,124.94,43.0
2017-02-14 22:00:00,39.65,41.0
2017-02-14 23:00:00,21.46,41.0
2017-02-15 00:00:00,21.44,39.9
2017-02-15 01:00:00,21.76,39.9
2017-02-15 02:00:00,22.76,37.9
2017-02-15 03:00:00,21.7,39.0
2017-02-15 04:00:00,21.62,37.9
2017-02-15 05:00:00,21.58,39.0
2017-02-15 06:00:00,22.44,39.9
2017-02-15 07:00:00,21.43,41.0
2017-02-15 08:00:00,22.26,42.1
2017-02-15 09:00:00,28.24,43.0
2017-02-15 10:00:00,31.58,44.1
2017-02-15 11:00:00,32.9,45.0
2017-02-15 12:00:00,31.45,48.9
2017-02-15 13:00:00,31.18,51.1
2017-02-15 14:00:00,31.14,51.1
2017-02-15 15:00:00,32.44,48.9
2017-02-15 16:00:00,31.52,45.0
2017-02-15 17:00:00,31.78,44.1
2017-02-15 18:00:00,84.33,43.0
2017-02-15 19:00:00,127.21,41.0
2017-02-15 20:00:00,125.77,39.9
2017-02-15 21:00:00,123.19,39.0
2017-02-15 22:00:00,37.93,37.9
2017-02-15 23:00:00,22.49,37.9
2017-02-16 00:00:00,21.35,37.9
2017-02-16 01:00:00,21.51,37.0
2017-02-16 02:00:00,21.4,36.0
2017-02-16 03:00:00,22.29,35.1
2017-02-16 04:00:00,21.72,34.0
2017-02-16 05:00:00,21.77,34.0
2017-02-16 06:00:00,21.94,34.0
2017-02-16 07:00:00,22.4,33.1
2017-02-16 08:00:00,29.41,34.0
2017-02-16 09:00:00,29.69,34.0
2017-02-16 10:00:00,33.04,37.9
2017-02-16 11:00:00,33.54,37.0
2017-02-16 12:00:00,34.41,39.0
2017-02-16 13:00:00,33.99,39.0
2017-02-16 14:00:00,33.39,39.9
2017-02-16 15:00:00,33.22,39.0
2017-02-16 16:00:00,34.34,39.0
2017-02-16 17:00:00,33.82,39.0
2017-02-16 18:00:00,82.75,37.0
2017-02-16 19:00:00,127.47,36.0
2017-02-16 20:00:00,128.58,35.1
2017-02-16 21:00:00,126.21,34.0
2017-02-16 22:00:00,40.41,33.1
2017-02-16 23:00:00,21.01,33.1
2017-02-17 00:00:00,22.23,32.0
2017-02-17 01:00:00,21.32,30.0
2017-02-17 02:00:00,21.57,30.9
2017-02-17 03:00:00,21.72,30.0
2017-02-17 04:00:00,22.91,30.0
2017-02-17 05:00:00,21.77,30.9
2017-02-17 06:00:00,21.76,28.9
2017-02-17 07:00:00,21.89,30.0
2017-02-17 08:00:00,26.61,34.0
2017-02-17 09:00:00,29.63,34.0
2017-02-17 10:00:00,32.65,36.0
2017-02-17 11:00:00,32.84,37.0
2017-02-17 12:00:00,32.25,39.9
2017-02-17 13:00:00,33.42,44.1
2017-02-17 14:00:00,32.15,46.0
2017-02-17 15:00:00,31.81,48.9
2017-02-17 16:00:00,32.14,50.0
2017-02-17 17:00:00,31.89,50.0
2017-02-17 18:00:00,82.12,48.9
2017-02-17 19:00:00,124.67,45.0
2017-02-17 20:00:00,124.91,45.0
2017-02-17 21:00:00,121.52,43.0
2017-02-17 22:00:00,44.0,39.9
2017-02-17 23:00:00,21.04,39.0
2017-02-18 00:00:00,21.15,37.9
2017-02-18 01:00:00,21.21,37.9
2017-02-18 02:00:00,21.25,37.0
2017-02-18 03:00:00,22.24,36.0
2017-02-18 04:00:00,21.26,36.0
2017-02-18 05:00:00,21.29,35.1
2017-02-18 06:00:00,21.5,33.1
2017-02-18 07:00:00,22.63,34.0
2017-02-18 08:00:00,21.66,37.0
2017-02-18 09:00:00,21.58,39.9
2017-02-18 10:00:00,21.79,44.1
2017-02-18 11:00:00,33.78,48.0
2017-02-18 12:00:00,34.43,55.9
2017-02-18 13:00:00,33.71,57.0
2017-02-18 14:00:00,33.96,64.9
2017-02-18 15:00:00,35.57,63.0
2017-02-18 16:00:00,33.04,63.0
2017-02-18 17:00:00,33.02,62.1
2017-02-18 18:00:00,77.03,57.0
2017-02-18 19:00:00,120.38,57.0
2017-02-18 20:00:00,116.68,57.9
2017-02-18 21:00:00,114.06,57.0
2017-02-18 22:00:00,36.82,57.9
2017-02-18 23:00:00,20.9,59.0
2017-02-19 00:00:00,21.9,55.0
2017-02-19 01:00:00,20.93,55.0
2017-02-19 02:00:00,21.02,55.9
2017-02-19 03:00:00,20.89,55.9
2017-02-19 04:00:00,22.0,50.0
2017-02-19 05:00:00,20.94,53.1
2017-02-19 06:00:00,20.95,59.0
2017-02-19 07:00:00,20.85,55.9
2017-02-19 08:00:00,20.72,60.1
2017-02-19 09:00:00,21.49,61.0
2017-02-19 10:00:00,20.45,61.0
2017-02-19 11:00:00,20.42,64.9
2017-02-19 12:00:00,20.24,68.0
2017-02-19 13:00:00,21.1,68.0
2017-02-19 14:00:00,20.26,70.0
2017-02-19 15:00:00,20.05,71.1
2017-02-19 16:00:00,20.33,71.1
2017-02-19 17:00:00,20.37,70.0
2017-02-19 18:00:00,66.3,66.9
2017-02-19 19:00:00,113.08,64.0
2017-02-19 20:00:00,113.58,63.0
2017-02-19 21:00:00,113.58,61.0
2017-02-19 22:00:00,37.67,59.0
2017-02-19 23:00:00,20.89,57.9
2017-02-20 00:00:00,21.07,55.0
2017-02-20 01:00:00,21.1,52.0
2017-02-20 02:00:00,21.03,48.9
2017-02-20 03:00:00,22.18,50.0
2017-02-20 04:00:00,21.15,46.9
2017-02-20 05:00:00,21.12,46.9
2017-02-20 06:00:00,20.92,44.1
2017-02-20 07:00:00,21.82,45.0
2017-02-20 08:00:00,20.95,52.0
2017-02-20 09:00:00,21.59,57.0
2017-02-20 10:00:00,20.62,60.1
2017-02-20 11:00:00,20.46,63.0
2017-02-20 12:00:00,21.52,64.0
2017-02-20 13:00:00,20.54,64.9
2017-02-20 14:00:00,20.51,66.9
2017-02-20 15:00:00,20.44,66.9
2017-02-20 16:00:00,21.48,68.0
2017-02-20 17:00:00,20.49,64.9
2017-02-20 18:00:00,64.67,59.0
2017-02-20 19:00:00,113.85,57.0
2017-02-20 20:00:00,114.13,55.0
2017-02-20 21:00:00,115.28,53.1
2017-02-20 22:00:00,37.12,50.0
2017-02-20 23:00:00,21.18,50.0
2017-02-21 00:00:00,21.23,48.9
2017-02-21 01:00:00,21.25,50.0
2017-02-21 02:00:00,22.19,48.0
2017-02-21 03:00:00,21.35,46.0
2017-02-21 04:00:00,21.2,45.0
2017-02-21 05:00:00,21.15,43.0
2017-02-21 06:00:00,21.23,42.1
2017-02-21 07:00:00,22.21,41.0
2017-02-21 08:00:00,22.68,42.1
2017-02-21 09:00:00,25.86,44.1
2017-02-21 10:00:00,27.12,46.9
2017-02-21 11:00:00,30.44,50.0
2017-02-21 12:00:00,34.04,53.1
2017-02-21 13:00:00,33.08,55.0
2017-02-21 14:00:00,32.9,55.9
2017-02-21 15:00:00,31.69,57.0
2017-02-21 16:00:00,33.68,55.0
2017-02-21 17:00:00,33.3,55.0
2017-02-21 18:00:00,74.8,53.1
2017-02-21 19:00:00,125.84,51.1
2017-02-21 20:00:00,126.73,48.9
2017-02-21 21:00:00,126.12,48.0
2017-02-21 22:00:00,41.12,48.0
2017-02-21 23:00:00,21.79,48.0
2017-02-22 00:00:00,23.01,48.0
2017-02-22 01:00:00,21.97,46.9
2017-02-22 02:00:00,22.01,46.9
2017-02-22 03:00:00,21.95,46.0
2017-02-22 04:00:00,22.05,46.0
2017-02-22 05:00:00,22.91,46.0
2017-02-22 06:00:00,21.74,46.9
2017-02-22 07:00:00,21.97,46.9
2017-02-22 08:00:00,22.36,46.9
2017-02-22 09:00:00,30.63,48.9
2017-02-22 10:00:00,32.35,50.0
2017-02-22 11:00:00,32.3,52.0
2017-02-22 12:00:00,32.04,55.0
2017-02-22 13:00:00,32.99,57.0
2017-02-22 14:00:00,32.41,59.0
2017-02-22 15:00:00,32.89,60.1
2017-02-22 16:00:00,32.51,61.0
2017-02-22 17:00:00,32.91,59.0
2017-02-22 18:00:00,75.21,55.9
2017-02-22 19:00:00,126.29,57.0
2017-02-22 20:00:00,125.93,54.0
2017-02-22 21:00:00,125.01,53.1
2017-02-22 22:00:00,44.97,53.1
2017-02-22 23:00:00,20.94,54.0
2017-02-23 00:00:00,21.0,54.0
2017-02-23 01:00:00,20.98,54.0
2017-02-23 02:00:00,21.05,55.0
2017-02-23 03:00:00,21.83,54.0
2017-02-23 04:00:00,20.88,54.0
2017-02-23 05:00:00,20.71,54.0
2017-02-23 06:00:00,20.87,54.0
2017-02-23 07:00:00,21.71,54.0
2017-02-23 08:00:00,26.54,55.0
2017-02-23 09:00:00,30.05,59.0
2017-02-23 10:00:00,31.99,61.0
2017-02-23 11:00:00,32.89,64.0
2017-02-23 12:00:00,31.93,64.9
2017-02-23 13:00:00,32.48,68.0
2017-02-23 14:00:00,33.4,73.0
2017-02-23 15:00:00,33.34,72.0
2017-02-23 16:00:00,34.13,73.0
2017-02-23 17:00:00,34.57,73.0
2017-02-23 18:00:00,72.7,66.9
2017-02-23 19:00:00,126.16,64.9
2017-02-23 20:00:00,129.9,63.0
2017-02-23 21:00:00,126.4,63.0
2017-02-23 22:00:00,40.19,62.1
2017-02-23 23:00:00,22.68,60.1
2017-02-24 00:00:00,22.67,60.1
2017-02-24 01:00:00,22.64,61.0
2017-02-24 02:00:00,23.99,57.9
2017-02-24 03:00:00,22.69,55.9
2017-02-24 04:00:00,22.48,57.0
2017-02-24 05:00:00,22.48,57.9
2017-02-24 06:00:00,23.4,54.0
2017-02-24 07:00:00,22.58,54.0
2017-02-24 08:00:00,23.08,57.0
2017-02-24 09:00:00,23.66,60.1
2017-02-24 10:00:00,30.57,64.0
2017-02-24 11:00:00,33.7,69.1
2017-02-24 12:00:00,34.02,73.9
2017-02-24 13:00:00,33.97,75.9
2017-02-24 14:00:00,36.25,73.9
2017-02-24 15:00:00,35.24,72.0
2017-02-24 16:00:00,37.53,73.0
2017-02-24 17:00:00,37.48,69.1
2017-02-24 18:00:00,73.28,66.9
2017-02-24 19:00:00,130.84,68.0
2017-02-24 20:00:00,129.61,64.0
2017-02-24 21:00:00,125.87,62.1
2017-02-24 22:00:00,41.97,61.0
2017-02-24 23:00:00,25.33,61.0
2017-02-25 00:00:00,26.34,62.1
2017-02-25 01:00:00,25.33,61.0
2017-02-25 02:00:00,25.44,59.0
2017-02-25 03:00:00,25.41,59.0
2017-02-25 04:00:00,26.33,61.0
2017-02-25 05:00:00,25.66,57.9
2017-02-25 06:00:00,25.39,57.9
2017-02-25 07:00:00,25.29,59.0
2017-02-25 08:00:00,25.71,62.1
2017-02-25 09:00:00,25.15,63.0
2017-02-25 10:00:00,32.01,66.0
2017-02-25 11:00:00,36.83,71.1
2017-02-25 12:00:00,39.27,75.0
2017-02-25 13:00:00,39.85,70.0
2017-02-25 14:00:00,42.96,73.0
2017-02-25 15:00:00,38.57,69.1
2017-02-25 16:00:00,37.04,55.9
2017-02-25 17:00:00,37.96,57.0
2017-02-25 18:00:00,69.16,55.9
2017-02-25 19:00:00,118.59,55.0
2017-02-25 20:00:00,118.04,55.0
2017-02-25 21:00:00,118.01,52.0
2017-02-25 22:00:00,41.78,48.9
2017-02-25 23:00:00,26.67,46.0
2017-02-26 00:00:00,25.61,44.1
2017-02-26 01:00:00,25.68,44.1
2017-02-26 02:00:00,25.57,42.1
2017-02-26 03:00:00,26.77,39.9
2017-02-26 04:00:00,25.66,39.0
2017-02-26 05:00:00,25.69,37.0
2017-02-26 06:00:00,25.83,37.0
2017-02-26 07:00:00,27.23,36.0
2017-02-26 08:00:00,26.74,37.0
2017-02-26 09:00:00,26.56,37.9
2017-02-26 10:00:00,26.54,39.9
2017-02-26 11:00:00,27.46,43.0
2017-02-26 12:00:00,26.56,42.1
2017-02-26 13:00:00,26.7,45.0
2017-02-26 14:00:00,26.77,46.9
2017-02-26 15:00:00,27.27,48.0
2017-02-26 16:00:00,26.29,48.9
2017-02-26 17:00:00,26.1,48.9
2017-02-26 18:00:00,59.23,46.0
2017-02-26 19:00:00,118.99,45.0
2017-02-26 20:00:00,118.43,44.1
2017-02-26 21:00:00,118.76,44.1
2017-02-26 22:00:00,42.02,42.1
2017-02-26 23:00:00,26.34,42.1
2017-02-27 00:00:00,27.55,37.9
2017-02-27 01:00:00,26.55,39.0
2017-02-27 02:00:00,26.49,39.9
2017-02-27 03:00:00,26.62,39.0
2017-02-27 04:00:00,27.41,39.0
2017-02-27 05:00:00,26.5,37.9
2017-02-27 06:00:00,26.29,37.0
2017-02-27 07:00:00,26.46,39.0
2017-02-27 08:00:00,27.92,39.9
2017-02-27 09:00:00,32.9,42.1
2017-02-27 10:00:00,36.51,46.0
2017-02-27 11:00:00,36.31,48.0
2017-02-27 12:00:00,36.21,53.1
2017-02-27 13:00:00,37.6,52.0
2017-02-27 14:00:00,36.01,53.1
2017-02-27 15:00:00,36.42,54.0
2017-02-27 16:00:00,37.1,55.0
2017-02-27 17:00:00,36.19,54.0
2017-02-27 18:00:00,67.82,54.0
2017-02-27 19:00:00,130.75,53.1
2017-02-27 20:00:00,130.76,51.1
2017-02-27 21:00:00,127.02,51.1
2017-02-27 22:00:00,41.13,52.0
2017-02-27 23:00:00,26.13,50.0
2017-02-28 00:00:00,25.08,48.9
2017-02-28 01:00:00,25.16,51.1
2017-02-28 02:00:00,25.21,51.1
2017-02-28 03:00:00,25.33,50.0
2017-02-28 04:00:00,26.03,50.0
2017-02-28 05:00:00,25.07,48.9
2017-02-28 06:00:00,24.86,48.9
2017-02-28 07:00:00,25.07,46.9
2017-02-28 08:00:00,31.82,50.0
2017-02-28 09:00:00,32.1,53.1
2017-02-28 10:00:00,35.13,55.9
2017-02-28 11:00:00,36.59,61.0
2017-02-28 12:00:00,37.38,63.0
2017-02-28 13:00:00,38.92,64.0
2017-02-28 14:00:00,37.21,66.9
2017-02-28 15:00:00,37.27,64.9
2017-02-28 16:00:00,37.05,63.0
2017-02-28 17:00:00,37.03,64.9
2017-02-28 18:00:00,68.8,64.9
2017-02-28 19:00:00,131.7,59.0
2017-02-28 20:00:00,131.29,57.0
2017-02-28 21:00:00,124.12,57.0
2017-02-28 22:00:00,45.98,57.0
2017-02-28 23:00:00,24.76,57.9
2017-03-01 00:00:00,24.85,57.0
2017-03-01 01:00:00,24.71,57.0
2017-03-01 02:00:00,24.56,57.0
2017-03-01 03:00:00,25.62,57.0
2017-03-01 04:00:00,24.82,57.0
2017-03-01 05:00:00,24.81,57.0
2017-03-01 06:00:00,24.68,57.9
2017-03-01 07:00:00,25.84,60.1
2017-03-01 08:00:00,30.73,61.0
2017-03-01 09:00:00,31.0,62.1
2017-03-01 10:00:00,32.06,64.9
2017-03-01 11:00:00,32.44,69.1
2017-03-01 12:00:00,33.66,75.9
2017-03-01 13:00:00,34.26,77.0
2017-03-01 14:00:00,35.54,70.0
2017-03-01 15:00:00,37.38,72.0
2017-03-01 16:00:00,37.57,69.1
2017-03-01 17:00:00,38.72,69.1
2017-03-01 18:00:00,66.57,69.1
2017-03-01 19:00:00,130.63,66.9
2017-03-01 20:00:00,133.42,64.9
2017-03-01 21:00:00,128.07,64.0
2017-03-01 22:00:00,43.1,63.0
2017-03-01 23:00:00,25.32,63.0
2017-03-02 00:00:00,25.49,62.1
2017-03-02 01:00:00,25.1,62.1
2017-03-02 02:00:00,26.07,60.1
2017-03-02 03:00:00,24.8,54.0
2017-03-02 04:00:00,24.65,51.1
2017-03-02 05:00:00,24.38,50.0
2017-03-02 06:00:00,24.4,48.9
2017-03-02 07:00:00,25.72,46.9
2017-03-02 08:00:00,31.39,46.9
2017-03-02 09:00:00,31.61,48.0
2017-03-02 10:00:00,35.53,46.9
2017-03-02 11:00:00,37.15,46.9
2017-03-02 12:00:00,37.56,48.9
2017-03-02 13:00:00,37.55,50.0
2017-03-02 14:00:00,37.58,51.1
2017-03-02 15:00:00,38.58,50.0
2017-03-02 16:00:00,37.79,50.0
2017-03-02 17:00:00,37.36,50.0
2017-03-02 18:00:00,65.08,46.9
2017-03-02 19:00:00,130.01,46.0
2017-03-02 20:00:00,130.44,45.0
2017-03-02 21:00:00,129.19,44.1
2017-03-02 22:00:00,43.9,42.1
2017-03-02 23:00:00,24.81,41.0
2017-03-03 00:00:00,24.87,39.9
2017-03-03 01:00:00,24.96,39.0
2017-03-03 02:00:00,24.87,39.9
2017-03-03 03:00:00,26.08,39.9
2017-03-03 04:00:00,24.94,39.0
2017-03-03 05:00:00,24.85,34.0
2017-03-03 06:00:00,24.84,34.0
2017-03-03 07:00:00,24.83,35.1
2017-03-03 08:00:00,26.59,36.0
2017-03-03 09:00:00,28.74,39.0
2017-03-03 10:00:00,35.61,39.0
2017-03-03 11:00:00,37.32,39.9
2017-03-03 12:00:00,35.86,42.1
2017-03-03 13:00:00,37.02,42.1
2017-03-03 14:00:00,36.41,43.0
2017-03-03 15:00:00,36.47,43.0
2017-03-03 16:00:00,36.71,43.0
2017-03-03 17:00:00,36.25,39.9
2017-03-03 18:00:00,64.37,39.0
2017-03-03 19:00:00,131.99,37.9
2017-03-03 20:00:00,130.42,36.0
2017-03-03 21:00:00,129.99,35.1
2017-03-03 22:00:00,49.34,33.1
2017-03-03 23:00:00,25.61,32.0
2017-03-04 00:00:00,25.62,30.9
2017-03-04 01:00:00,25.66,30.0
2017-03-04 02:00:00,25.57,30.0
2017-03-04 03:00:00,26.89,28.0
2017-03-04 04:00:00,25.92,28.0
2017-03-04 05:00:00,25.87,28.0
2017-03-04 06:00:00,26.12,27.0
2017-03-04 07:00:00,27.15,26.1
2017-03-04 08:00:00,26.11,30.9
2017-03-04 09:00:00,26.0,34.0
2017-03-04 10:00:00,26.12,36.0
2017-03-04 11:00:00,31.21,37.0
2017-03-04 12:00:00,33.23,39.0
2017-03-04 13:00:00,37.63,41.0
2017-03-04 14:00:00,37.84,42.1
2017-03-04 15:00:00,36.94,43.0
2017-03-04 16:00:00,37.55,43.0
2017-03-04 17:00:00,36.6,42.1
2017-03-04 18:00:00,59.68,39.9
2017-03-04 19:00:00,120.87,37.9
2017-03-04 20:00:00,120.07,36.0
2017-03-04 21:00:00,119.01,35.1
2017-03-04 22:00:00,42.04,34.0
2017-03-04 23:00:00,26.6,33.1
2017-03-05 00:00:00,26.69,32.0
2017-03-05 01:00:00,27.91,30.9
2017-03-05 02:00:00,27.02,30.0
2017-03-05 03:00:00,27.36,28.0
2017-03-05 04:00:00,27.27,26.1
2017-03-05 05:00:00,28.22,24.1
2017-03-05 06:00:00,27.43,24.1
2017-03-05 07:00:00,27.4,23.0
2017-03-05 08:00:00,27.03,24.1
2017-03-05 09:00:00,27.88,26.1
2017-03-05 10:00:00,26.99,28.0
2017-03-05 11:00:00,26.95,30.0
2017-03-05 12:00:00,26.98,32.0
2017-03-05 13:00:00,27.14,35.1
2017-03-05 14:00:00,28.05,36.0
2017-03-05 15:00:00,26.83,37.9
2017-03-05 16:00:00,27.03,39.0
2017-03-05 17:00:00,26.97,39.0
2017-03-05 18:00:00,49.95,37.9
2017-03-05 19:00:00,119.33,37.0
2017-03-05 20:00:00,118.69,36.0
2017-03-05 21:00:00,118.5,37.9
2017-03-05 22:00:00,42.94,35.1
2017-03-05 23:00:00,26.56,33.1
2017-03-06 00:00:00,26.73,33.1
2017-03-06 01:00:00,26.87,34.0
2017-03-06 02:00:00,27.01,33.1
2017-03-06 03:00:00,28.08,33.1
2017-03-06 04:00:00,27.01,34.0
2017-03-06 05:00:00,26.91,34.0
2017-03-06 06:00:00,26.8,34.0
2017-03-06 07:00:00,27.86,35.1
2017-03-06 08:00:00,27.17,36.0
2017-03-06 09:00:00,29.83,37.9
2017-03-06 10:00:00,34.37,42.1
2017-03-06 11:00:00,34.49,45.0
2017-03-06 12:00:00,35.01,48.9
2017-03-06 13:00:00,35.82,52.0
2017-03-06 14:00:00,35.21,52.0
2017-03-06 15:00:00,35.05,53.1
2017-03-06 16:00:00,34.75,53.1
2017-03-06 17:00:00,34.79,53.1
2017-03-06 18:00:00,56.88,54.0
2017-03-06 19:00:00,129.52,50.0
2017-03-06 20:00:00,130.58,50.0
2017-03-06 21:00:00,127.54,48.9
2017-03-06 22:00:00,41.32,48.0
2017-03-06 23:00:00,26.54,48.0
2017-03-07 00:00:00,25.52,48.0
2017-03-07 01:00:00,25.63,46.9
2017-03-07 02:00:00,25.51,46.9
2017-03-07 03:00:00,26.39,48.0
2017-03-07 04:00:00,25.41,48.0
2017-03-07 05:00:00,25.3,48.0
2017-03-07 06:00:00,25.05,50.0
2017-03-07 07:00:00,25.45,53.1
2017-03-07 08:00:00,36.9,53.1
2017-03-07 09:00:00,35.89,54.0
2017-03-07 10:00:00,35.84,57.0
2017-03-07 11:00:00,37.72,64.9
2017-03-07 12:00:00,38.47,66.9
2017-03-07 13:00:00,38.37,69.1
2017-03-07 14:00:00,38.11,70.0
2017-03-07 15:00:00,37.24,69.1
2017-03-07 16:00:00,32.76,70.0
2017-03-07 17:00:00,34.55,68.0
2017-03-07 18:00:00,62.39,64.9
2017-03-07 19:00:00,134.91,63.0
2017-03-07 20:00:00,136.06,57.9
2017-03-07 21:00:00,135.38,57.0
2017-03-07 22:00:00,52.16,55.9
2017-03-07 23:00:00,28.2,55.0
2017-03-08 00:00:00,27.82,57.0
2017-03-08 01:00:00,26.64,61.0
2017-03-08 02:00:00,26.73,62.1
2017-03-08 03:00:00,27.54,63.0
2017-03-08 04:00:00,27.73,55.0
2017-03-08 05:00:00,25.24,50.0
2017-03-08 06:00:00,25.05,51.1
2017-03-08 07:00:00,25.48,51.1
2017-03-08 08:00:00,32.85,52.0
2017-03-08 09:00:00,33.84,55.0
2017-03-08 10:00:00,37.68,57.9
2017-03-08 11:00:00,39.22,59.0
2017-03-08 12:00:00,40.51,62.1
2017-03-08 13:00:00,40.69,64.0
2017-03-08 14:00:00,39.61,66.0
2017-03-08 15:00:00,41.07,66.0
2017-03-08 16:00:00,40.33,66.9
2017-03-08 17:00:00,40.68,66.9
2017-03-08 18:00:00,59.35,64.9
2017-03-08 19:00:00,132.73,61.0
2017-03-08 20:00:00,132.19,60.1
2017-03-08 21:00:00,124.26,60.1
2017-03-08 22:00:00,44.96,59.0
2017-03-08 23:00:00,25.72,57.9
2017-03-09 00:00:00,26.49,55.9
2017-03-09 01:00:00,25.36,54.0
2017-03-09 02:00:00,26.44,52.0
2017-03-09 03:00:00,25.41,50.0
2017-03-09 04:00:00,25.39,48.0
2017-03-09 05:00:00,25.34,48.9
2017-03-09 06:00:00,26.11,48.9
2017-03-09 07:00:00,24.98,50.0
2017-03-09 08:00:00,27.54,54.0
2017-03-09 09:00:00,31.48,60.1
2017-03-09 10:00:00,38.04,64.0
2017-03-09 11:00:00,39.11,66.9
2017-03-09 12:00:00,38.53,69.1
2017-03-09 13:00:00,39.2,71.1
2017-03-09 14:00:00,40.78,72.0
2017-03-09 15:00:00,41.02,73.9
2017-03-09 16:00:00,41.18,73.0
2017-03-09 17:00:00,39.5,71.1
2017-03-09 18:00:00,56.43,70.0
2017-03-09 19:00:00,132.54,64.0
2017-03-09 20:00:00,133.04,60.1
2017-03-09 21:00:00,131.68,59.0
2017-03-09 22:00:00,44.33,59.0
2017-03-09 23:00:00,26.62,57.9
2017-03-10 00:00:00,25.67,57.0
2017-03-10 01:00:00,27.71,55.0
2017-03-10 02:00:00,25.28,53.1
2017-03-10 03:00:00,25.2,52.0
2017-03-10 04:00:00,25.07,50.0
2017-03-10 05:00:00,24.65,48.9
2017-03-10 06:00:00,25.55,48.0
2017-03-10 07:00:00,24.92,48.0
2017-03-10 08:00:00,35.44,46.0
2017-03-10 09:00:00,35.76,46.0
2017-03-10 10:00:00,37.02,37.9
2017-03-10 11:00:00,36.09,37.0
2017-03-10 12:00:00,36.07,39.0
2017-03-10 13:00:00,36.8,41.0
2017-03-10 14:00:00,35.68,43.0
2017-03-10 15:00:00,36.79,43.0
2017-03-10 16:00:00,35.84,46.0
2017-03-10 17:00:00,35.94,42.1
2017-03-10 18:00:00,50.42,39.9
2017-03-10 19:00:00,129.88,39.9
2017-03-10 20:00:00,130.78,37.0
2017-03-10 21:00:00,124.05,35.1
2017-03-10 22:00:00,43.04,33.1
2017-03-10 23:00:00,27.95,32.0
2017-03-11 00:00:00,27.04,30.9
2017-03-11 01:00:00,27.06,30.9
2017-03-11 02:00:00,27.02,28.9
2017-03-11 03:00:00,27.96,28.9
2017-03-11 04:00:00,26.99,28.0
2017-03-11 05:00:00,27.08,28.0
2017-03-11 06:00:00,27.0,27.0
2017-03-11 07:00:00,28.08,26.1
2017-03-11 08:00:00,27.14,28.0
2017-03-11 09:00:00,27.49,30.9
2017-03-11 10:00:00,31.2,32.0
2017-03-11 11:00:00,37.05,34.0
2017-03-11 12:00:00,37.17,37.0
2017-03-11 13:00:00,38.18,37.0
2017-03-11 14:00:00,38.58,37.9
2017-03-11 15:00:00,39.49,39.0
2017-03-11 16:00:00,38.15,39.0
2017-03-11 17:00:00,38.21,37.9
2017-03-11 18:00:00,48.02,36.0
2017-03-11 19:00:00,121.31,34.0
2017-03-11 20:00:00,118.57,33.1
2017-03-11 21:00:00,118.57,32.0
2017-03-11 22:00:00,42.47,30.9
2017-03-11 23:00:00,24.98,30.0
2017-03-12 00:00:00,25.12,30.0
2017-03-12 01:00:00,26.19,30.0
2017-03-12 02:00:00,25.7,28.9
2017-03-12 03:00:00,25.2,28.9
2017-03-12 04:00:00,25.28,28.0
2017-03-12 05:00:00,25.08,28.0
2017-03-12 06:00:00,26.0,27.0
2017-03-12 07:00:00,25.15,27.0
2017-03-12 08:00:00,25.09,28.0
2017-03-12 09:00:00,27.89,30.0
2017-03-12 10:00:00,29.2,32.0
2017-03-12 11:00:00,20.56,35.1
2017-03-12 12:00:00,20.49,36.0
2017-03-12 13:00:00,21.55,39.0
2017-03-12 14:00:00,20.59,41.0
2017-03-12 15:00:00,20.55,41.0
2017-03-12 16:00:00,20.46,42.1
2017-03-12 17:00:00,21.4,41.0
2017-03-12 18:00:00,31.53,39.0
2017-03-12 19:00:00,117.08,37.0
2017-03-12 20:00:00,120.17,36.0
2017-03-12 21:00:00,44.75,35.1
2017-03-12 22:00:00,27.6,33.1
2017-03-12 23:00:00,27.64,32.0
2017-03-13 00:00:00,27.8,30.9
2017-03-13 01:00:00,28.79,32.0
2017-03-13 02:00:00,27.7,30.9
2017-03-13 03:00:00,27.72,30.0
2017-03-13 04:00:00,27.62,30.0
2017-03-13 05:00:00,28.55,30.0
2017-03-13 06:00:00,27.81,28.9
2017-03-13 07:00:00,25.9,28.9
2017-03-13 08:00:00,25.39,30.9
2017-03-13 09:00:00,28.06,33.1
2017-03-13 10:00:00,28.1,35.1
2017-03-13 11:00:00,27.94,37.0
2017-03-13 12:00:00,31.21,37.9
2017-03-13 13:00:00,32.69,41.0
2017-03-13 14:00:00,30.59,44.1
2017-03-13 15:00:00,29.85,46.0
2017-03-13 16:00:00,30.37,43.0
2017-03-13 17:00:00,31.33,41.0
2017-03-13 18:00:00,40.48,36.0
2017-03-13 19:00:00,127.58,35.1
2017-03-13 20:00:00,124.33,35.1
2017-03-13 21:00:00,41.9,34.0
2017-03-13 22:00:00,26.43,32.0
2017-03-13 23:00:00,25.31,30.9
2017-03-14 00:00:00,25.22,30.9
2017-03-14 01:00:00,25.19,30.9
2017-03-14 02:00:00,26.09,32.0
2017-03-14 03:00:00,25.21,33.1
2017-03-14 04:00:00,25.06,33.1
2017-03-14 05:00:00,25.02,33.1
2017-03-14 06:00:00,26.05,32.0
2017-03-14 07:00:00,30.16,30.9
2017-03-14 08:00:00,31.11,33.1
2017-03-14 09:00:00,20.52,34.0
2017-03-14 10:00:00,19.64,35.1
2017-03-14 11:00:00,19.11,37.0
2017-03-14 12:00:00,23.16,37.9
2017-03-14 13:00:00,27.06,36.0
2017-03-14 14:00:00,30.58,39.0
2017-03-14 15:00:00,29.4,39.0
2017-03-14 16:00:00,28.22,39.0
2017-03-14 17:00:00,29.61,37.9
2017-03-14 18:00:00,37.65,35.1
2017-03-14 19:00:00,119.3,33.1
2017-03-14 20:00:00,115.87,30.9
2017-03-14 21:00:00,43.96,30.0
2017-03-14 22:00:00,27.23,28.9
2017-03-14 23:00:00,27.41,27.0
2017-03-15 00:00:00,27.34,26.1
2017-03-15 01:00:00,27.66,25.0
2017-03-15 02:00:00,28.18,24.1
2017-03-15 03:00:00,27.5,23.0
2017-03-15 04:00:00,27.2,21.9
2017-03-15 05:00:00,28.04,21.9
2017-03-15 06:00:00,27.78,21.9
2017-03-15 07:00:00,30.12,24.1
2017-03-15 08:00:00,28.17,25.0
2017-03-15 09:00:00,29.69,26.1
2017-03-15 10:00:00,30.06,27.0
2017-03-15 11:00:00,30.54,28.0
2017-03-15 12:00:00,30.24,30.0
2017-03-15 13:00:00,30.38,30.0
2017-03-15 14:00:00,29.23,30.0
2017-03-15 15:00:00,30.58,30.0
2017-03-15 16:00:00,29.78,32.0
2017-03-15 17:00:00,31.14,32.0
2017-03-15 18:00:00,36.59,33.1
2017-03-15 19:00:00,124.11,32.0
2017-03-15 20:00:00,121.84,32.0
2017-03-15 21:00:00,43.95,30.9
2017-03-15 22:00:00,25.02,30.9
2017-03-15 23:00:00,25.22,30.0
2017-03-16 00:00:00,25.18,28.9
2017-03-16 01:00:00,26.18,28.0
2017-03-16 02:00:00,25.22,28.0
2017-03-16 03:00:00,25.25,28.0
2017-03-16 04:00:00,26.12,27.0
2017-03-16 05:00:00,25.05,26.1
2017-03-16 06:00:00,25.06,26.1
2017-03-16 07:00:00,28.14,27.0
2017-03-16 08:00:00,26.32,30.9
2017-03-16 09:00:00,25.35,33.1
2017-03-16 10:00:00,25.56,34.0
2017-03-16 11:00:00,26.87,36.0
2017-03-16 12:00:00,27.29,37.0
2017-03-16 13:00:00,27.38,37.0
2017-03-16 14:00:00,27.66,39.0
2017-03-16 15:00:00,27.39,41.0
2017-03-16 16:00:00,26.64,42.1
2017-03-16 17:00:00,27.52,41.0
2017-03-16 18:00:00,33.37,39.9
2017-03-16 19:00:00,126.78,39.0
2017-03-16 20:00:00,124.71,37.9
2017-03-16 21:00:00,43.72,37.9
2017-03-16 22:00:00,25.73,37.0
2017-03-16 23:00:00,24.86,36.0
2017-03-17 00:00:00,24.9,36.0
2017-03-17 01:00:00,24.84,34.0
2017-03-17 02:00:00,25.82,34.0
2017-03-17 03:00:00,25.0,34.0
2017-03-17 04:00:00,24.95,33.1
2017-03-17 05:00:00,24.9,28.9
2017-03-17 06:00:00,25.96,32.0
2017-03-17 07:00:00,21.95,33.1
2017-03-17 08:00:00,22.41,36.0
2017-03-17 09:00:00,23.57,37.9
2017-03-17 10:00:00,25.63,41.0
2017-03-17 11:00:00,24.68,46.0
2017-03-17 12:00:00,24.37,46.0
2017-03-17 13:00:00,23.65,48.9
2017-03-17 14:00:00,25.25,48.9
2017-03-17 15:00:00,28.92,50.0
2017-03-17 16:00:00,27.65,48.0
2017-03-17 17:00:00,29.13,48.0
2017-03-17 18:00:00,33.69,46.9
2017-03-17 19:00:00,125.92,46.0
2017-03-17 20:00:00,129.43,43.0
2017-03-17 21:00:00,46.69,42.1
2017-03-17 22:00:00,25.69,41.0
2017-03-17 23:00:00,24.7,42.1
2017-03-18 00:00:00,24.73,39.9
2017-03-18 01:00:00,24.72,39.9
2017-03-18 02:00:00,25.76,39.9
2017-03-18 03:00:00,24.76,41.0
2017-03-18 04:00:00,24.65,41.0
2017-03-18 05:00:00,24.64,41.0
2017-03-18 06:00:00,25.63,41.0
2017-03-18 07:00:00,21.62,42.1
2017-03-18 08:00:00,17.49,42.1
2017-03-18 09:00:00,17.53,43.0
2017-03-18 10:00:00,28.8,46.0
2017-03-18 11:00:00,29.99,50.0
2017-03-18 12:00:00,29.84,53.1
2017-03-18 13:00:00,29.52,55.9
2017-03-18 14:00:00,29.46,57.9
2017-03-18 15:00:00,30.96,59.0
2017-03-18 16:00:00,30.54,54.0
2017-03-18 17:00:00,28.29,53.1
2017-03-18 18:00:00,20.76,51.1
2017-03-18 19:00:00,116.92,48.9
2017-03-18 20:00:00,118.03,46.9
2017-03-18 21:00:00,40.45,45.0
2017-03-18 22:00:00,24.65,44.1
2017-03-18 23:00:00,25.56,44.1
2017-03-19 00:00:00,24.62,43.0
2017-03-19 01:00:00,24.8,42.1
2017-03-19 02:00:00,24.72,39.9
2017-03-19 03:00:00,25.72,37.9
2017-03-19 04:00:00,24.6,37.0
2017-03-19 05:00:00,24.75,36.0
2017-03-19 06:00:00,24.75,36.0
2017-03-19 07:00:00,22.98,36.0
2017-03-19 08:00:00,17.53,37.0
2017-03-19 09:00:00,17.58,39.0
2017-03-19 10:00:00,17.46,39.9
2017-03-19 11:00:00,18.33,43.0
2017-03-19 12:00:00,17.3,46.0
2017-03-19 13:00:00,17.31,48.9
2017-03-19 14:00:00,17.13,51.1
2017-03-19 15:00:00,17.08,52.0
2017-03-19 16:00:00,18.11,54.0
2017-03-19 17:00:00,17.36,51.1
2017-03-19 18:00:00,17.8,50.0
2017-03-19 19:00:00,112.89,48.0
2017-03-19 20:00:00,118.04,45.0
2017-03-19 21:00:00,40.63,45.0
2017-03-19 22:00:00,24.63,45.0
2017-03-19 23:00:00,24.75,44.1
2017-03-20 00:00:00,25.8,43.0
2017-03-20 01:00:00,24.52,42.1
2017-03-20 02:00:00,24.47,41.0
2017-03-20 03:00:00,24.42,39.9
2017-03-20 04:00:00,24.56,39.0
2017-03-20 05:00:00,25.45,37.9
2017-03-20 06:00:00,24.55,37.9
2017-03-20 07:00:00,26.05,39.9
2017-03-20 08:00:00,26.43,43.0
2017-03-20 09:00:00,30.39,46.0
2017-03-20 10:00:00,30.11,48.9
2017-03-20 11:00:00,30.47,51.1
2017-03-20 12:00:00,30.97,53.1
2017-03-20 13:00:00,29.02,53.1
2017-03-20 14:00:00,29.34,53.1
2017-03-20 15:00:00,29.01,53.1
2017-03-20 16:00:00,30.09,52.0
2017-03-20 17:00:00,29.98,52.0
2017-03-20 18:00:00,30.16,51.1
2017-03-20 19:00:00,122.68,51.1
2017-03-20 20:00:00,120.25,51.1
2017-03-20 21:00:00,40.8,50.0
2017-03-20 22:00:00,24.76,50.0
2017-03-20 23:00:00,24.65,50.0
2017-03-21 00:00:00,24.78,50.0
2017-03-21 01:00:00,25.87,50.0
2017-03-21 02:00:00,24.64,50.0
2017-03-21 03:00:00,24.59,46.9
2017-03-21 04:00:00,24.66,46.9
2017-03-21 05:00:00,25.38,46.9
2017-03-21 06:00:00,24.66,46.0
2017-03-21 07:00:00,27.51,46.9
2017-03-21 08:00:00,27.97,46.9
2017-03-21 09:00:00,28.61,48.0
2017-03-21 10:00:00,31.6,48.9
2017-03-21 11:00:00,29.18,52.0
2017-03-21 12:00:00,29.33,55.0
2017-03-21 13:00:00,31.29,57.9
2017-03-21 14:00:00,31.3,60.1
2017-03-21 15:00:00,31.49,62.1
2017-03-21 16:00:00,31.14,63.0
2017-03-21 17:00:00,32.8,62.1
2017-03-21 18:00:00,32.67,60.1
2017-03-21 19:00:00,124.17,57.9
2017-03-21 20:00:00,129.95,59.0
2017-03-21 21:00:00,44.51,57.0
2017-03-21 22:00:00,24.29,57.0
2017-03-21 23:00:00,24.11,55.9
2017-03-22 00:00:00,24.23,57.0
2017-03-22 01:00:00,24.39,59.0
2017-03-22 02:00:00,25.27,57.9
2017-03-22 03:00:00,24.25,57.0
2017-03-22 04:00:00,24.15,55.9
2017-03-22 05:00:00,24.32,52.0
2017-03-22 06:00:00,25.39,46.0
2017-03-22 07:00:00,28.2,42.1
2017-03-22 08:00:00,28.06,42.1
2017-03-22 09:00:00,28.22,41.0
2017-03-22 10:00:00,29.42,44.1
2017-03-22 11:00:00,30.18,45.0
2017-03-22 12:00:00,30.39,46.0
2017-03-22 13:00:00,29.7,46.9
2017-03-22 14:00:00,29.48,48.9
2017-03-22 15:00:00,31.26,48.9
2017-03-22 16:00:00,27.99,48.0
2017-03-22 17:00:00,30.04,46.9
2017-03-22 18:00:00,29.99,45.0
2017-03-22 19:00:00,120.83,43.0
2017-03-22 20:00:00,128.25,42.1
2017-03-22 21:00:00,43.74,39.9
2017-03-22 22:00:00,26.28,39.0
2017-03-22 23:00:00,26.4,37.9
2017-03-23 00:00:00,26.47,37.0
2017-03-23 01:00:00,27.59,35.1
2017-03-23 02:00:00,26.45,34.0
2017-03-23 03:00:00,26.47,32.0
2017-03-23 04:00:00,26.45,32.0
2017-03-23 05:00:00,26.35,30.0
2017-03-23 06:00:00,27.29,30.0
2017-03-23 07:00:00,22.68,30.0
2017-03-23 08:00:00,26.83,32.0
2017-03-23 09:00:00,24.42,34.0
2017-03-23 10:00:00,26.82,36.0
2017-03-23 11:00:00,25.57,39.0
2017-03-23 12:00:00,25.9,39.9
2017-03-23 13:00:00,24.69,42.1
2017-03-23 14:00:00,25.59,45.0
2017-03-23 15:00:00,25.53,46.9
2017-03-23 16:00:00,27.43,46.9
2017-03-23 17:00:00,30.24,46.9
2017-03-23 18:00:00,30.9,46.0
2017-03-23 19:00:00,119.38,45.0
2017-03-23 20:00:00,124.43,43.0
2017-03-23 21:00:00,40.98,42.1
2017-03-23 22:00:00,25.12,39.9
2017-03-23 23:00:00,26.33,37.9
2017-03-24 00:00:00,25.45,37.9
2017-03-24 01:00:00,25.4,37.9
2017-03-24 02:00:00,25.33,37.0
2017-03-24 03:00:00,26.34,37.0
2017-03-24 04:00:00,25.25,36.0
2017-03-24 05:00:00,25.22,37.0
2017-03-24 06:00:00,25.26,37.9
2017-03-24 07:00:00,26.61,37.9
2017-03-24 08:00:00,27.36,39.0
2017-03-24 09:00:00,29.33,41.0
2017-03-24 10:00:00,30.43,41.0
2017-03-24 11:00:00,30.98,42.1
2017-03-24 12:00:00,30.8,48.9
2017-03-24 13:00:00,29.48,53.1
2017-03-24 14:00:00,29.27,55.0
2017-03-24 15:00:00,29.19,57.9
2017-03-24 16:00:00,28.8,61.0
2017-03-24 17:00:00,29.88,62.1
2017-03-24 18:00:00,29.49,61.0
2017-03-24 19:00:00,116.58,57.9
2017-03-24 20:00:00,123.64,55.0
2017-03-24 21:00:00,41.74,55.9
2017-03-24 22:00:00,26.13,57.0
2017-03-24 23:00:00,24.94,57.0
2017-03-25 00:00:00,24.81,57.0
2017-03-25 01:00:00,25.95,55.9
2017-03-25 02:00:00,24.97,57.0
2017-03-25 03:00:00,25.75,55.9
2017-03-25 04:00:00,25.78,55.9
2017-03-25 05:00:00,24.81,55.9
2017-03-25 06:00:00,24.82,55.0
2017-03-25 07:00:00,20.77,55.9
2017-03-25 08:00:00,19.19,59.0
2017-03-25 09:00:00,20.31,62.1
2017-03-25 10:00:00,20.09,64.9
2017-03-25 11:00:00,24.06,66.9
2017-03-25 12:00:00,35.14,69.1
2017-03-25 13:00:00,35.2,73.0
2017-03-25 14:00:00,35.11,77.0
2017-03-25 15:00:00,39.34,78.1
2017-03-25 16:00:00,36.89,75.9
2017-03-25 17:00:00,29.89,77.0
2017-03-25 18:00:00,23.54,72.0
2017-03-25 19:00:00,107.77,72.0
2017-03-25 20:00:00,121.84,70.0
2017-03-25 21:00:00,42.15,66.9
2017-03-25 22:00:00,26.4,64.9
2017-03-25 23:00:00,25.47,60.1
2017-03-26 00:00:00,27.54,57.9
2017-03-26 01:00:00,27.58,55.0
2017-03-26 02:00:00,25.76,52.0
2017-03-26 03:00:00,25.81,51.1
2017-03-26 04:00:00,25.93,50.0
2017-03-26 05:00:00,25.79,50.0
2017-03-26 06:00:00,26.84,48.9
2017-03-26 07:00:00,21.5,48.0
2017-03-26 08:00:00,18.73,48.0
2017-03-26 09:00:00,18.3,48.0
2017-03-26 10:00:00,18.27,48.0
2017-03-26 11:00:00,19.11,48.0
2017-03-26 12:00:00,18.16,48.9
2017-03-26 13:00:00,18.31,48.9
2017-03-26 14:00:00,18.3,48.9
2017-03-26 15:00:00,18.32,50.0
2017-03-26 16:00:00,19.27,48.9
2017-03-26 17:00:00,18.79,48.9
2017-03-26 18:00:00,18.79,48.9
2017-03-26 19:00:00,104.71,48.0
2017-03-26 20:00:00,120.45,48.0
2017-03-26 21:00:00,42.04,48.0
2017-03-26 22:00:00,25.87,46.9
2017-03-26 23:00:00,26.16,46.9
2017-03-27 00:00:00,26.08,46.9
2017-03-27 01:00:00,26.1,46.9
2017-03-27 02:00:00,27.15,46.9
2017-03-27 03:00:00,26.1,46.9
2017-03-27 04:00:00,25.91,46.9
2017-03-27 05:00:00,26.04,46.9
2017-03-27 06:00:00,26.91,48.0
2017-03-27 07:00:00,21.78,48.0
2017-03-27 08:00:00,24.67,48.0
2017-03-27 09:00:00,30.32,48.9
2017-03-27 10:00:00,31.72,52.0
2017-03-27 11:00:00,35.19,55.9
2017-03-27 12:00:00,34.54,60.1
2017-03-27 13:00:00,32.54,64.0
2017-03-27 14:00:00,32.22,69.1
2017-03-27 15:00:00,34.66,73.0
2017-03-27 16:00:00,35.53,73.0
2017-03-27 17:00:00,39.35,73.0
2017-03-27 18:00:00,37.72,69.1
2017-03-27 19:00:00,118.31,68.0
2017-03-27 20:00:00,128.2,66.0
2017-03-27 21:00:00,44.41,66.0
2017-03-27 22:00:00,27.58,62.1
2017-03-27 23:00:00,27.13,62.1
2017-03-28 00:00:00,26.95,60.1
2017-03-28 01:00:00,26.79,57.0
2017-03-28 02:00:00,26.78,61.0
2017-03-28 03:00:00,27.76,62.1
2017-03-28 04:00:00,26.64,61.0
2017-03-28 05:00:00,26.09,61.0
2017-03-28 06:00:00,27.62,61.0
2017-03-28 07:00:00,32.78,63.0
2017-03-28 08:00:00,30.23,62.1
2017-03-28 09:00:00,30.04,64.9
2017-03-28 10:00:00,27.07,64.9
2017-03-28 11:00:00,32.23,68.0
2017-03-28 12:00:00,35.14,64.0
2017-03-28 13:00:00,33.66,70.0
2017-03-28 14:00:00,29.91,72.0
2017-03-28 15:00:00,27.39,70.0
2017-03-28 16:00:00,27.59,73.0
2017-03-28 17:00:00,31.74,72.0
2017-03-28 18:00:00,33.18,70.0
2017-03-28 19:00:00,115.0,69.1
2017-03-28 20:00:00,126.81,66.0
2017-03-28 21:00:00,42.16,64.0
2017-03-28 22:00:00,25.95,64.0
2017-03-28 23:00:00,27.85,63.0
2017-03-29 00:00:00,27.22,62.1
2017-03-29 01:00:00,28.68,62.1
2017-03-29 02:00:00,26.55,59.0
2017-03-29 03:00:00,28.42,59.0
2017-03-29 04:00:00,26.25,59.0
2017-03-29 05:00:00,24.8,57.9
2017-03-29 06:00:00,24.82,57.0
2017-03-29 07:00:00,29.98,55.9
2017-03-29 08:00:00,28.44,55.9
2017-03-29 09:00:00,28.0,55.9
2017-03-29 10:00:00,29.26,60.1
2017-03-29 11:00:00,31.69,61.0
2017-03-29 12:00:00,33.63,62.1
2017-03-29 13:00:00,29.74,64.0
2017-03-29 14:00:00,31.45,66.0
2017-03-29 15:00:00,35.27,66.0
2017-03-29 16:00:00,34.7,66.9
2017-03-29 17:00:00,30.72,66.0
2017-03-29 18:00:00,30.96,63.0
2017-03-29 19:00:00,111.61,61.0
2017-03-29 20:00:00,121.81,60.1
2017-03-29 21:00:00,42.32,57.0
2017-03-29 22:00:00,23.15,55.0
2017-03-29 23:00:00,22.74,54.0
2017-03-30 00:00:00,21.6,52.0
2017-03-30 01:00:00,22.66,51.1
2017-03-30 02:00:00,21.56,50.0
2017-03-30 03:00:00,21.56,48.9
2017-03-30 04:00:00,21.54,48.0
2017-03-30 05:00:00,22.51,48.0
2017-03-30 06:00:00,21.5,46.9
2017-03-30 07:00:00,15.76,46.9
2017-03-30 08:00:00,19.12,46.9
2017-03-30 09:00:00,25.91,48.0
2017-03-30 10:00:00,26.89,50.0
2017-03-30 11:00:00,26.34,50.0
2017-03-30 12:00:00,26.36,53.1
2017-03-30 13:00:00,28.96,54.0
2017-03-30 14:00:00,28.09,54.0
2017-03-30 15:00:00,27.95,54.0
2017-03-30 16:00:00,28.84,54.0
2017-03-30 17:00:00,26.89,54.0
2017-03-30 18:00:00,26.68,53.1
2017-03-30 19:00:00,105.81,52.0
2017-03-30 20:00:00,124.49,51.1
2017-03-30 21:00:00,36.07,50.0
2017-03-30 22:00:00,20.08,50.0
2017-03-30 23:00:00,20.37,48.9
2017-03-31 00:00:00,21.04,48.9
2017-03-31 01:00:00,21.17,48.9
2017-03-31 02:00:00,22.63,48.0
2017-03-31 03:00:00,22.5,48.0
2017-03-31 04:00:00,22.66,46.0
2017-03-31 05:00:00,21.64,45.0
2017-03-31 06:00:00,21.66,45.0
2017-03-31 07:00:00,20.12,45.0
2017-03-31 08:00:00,26.72,46.0
2017-03-31 09:00:00,27.08,46.9
2017-03-31 10:00:00,28.59,46.9
2017-03-31 11:00:00,28.31,46.9
2017-03-31 12:00:00,29.65,48.0
2017-03-31 13:00:00,29.58,48.9
2017-03-31 14:00:00,30.69,51.1
2017-03-31 15:00:00,32.0,51.1
2017-03-31 16:00:00,30.05,52.0
2017-03-31 17:00:00,28.11,52.0
2017-03-31 18:00:00,28.1,50.0
2017-03-31 19:00:00,106.87,48.9
2017-03-31 20:00:00,121.89,48.0
2017-03-31 21:00:00,39.33,48.0
2017-03-31 22:00:00,23.31,48.0
2017-03-31 23:00:00,24.84,46.9
2017-04-01 00:00:00,23.66,46.9
2017-04-01 01:00:00,23.68,46.9
2017-04-01 02:00:00,23.36,46.9
2017-04-01 03:00:00,24.58,46.9
2017-04-01 04:00:00,23.52,48.0
2017-04-01 05:00:00,23.27,48.0
2017-04-01 06:00:00,23.22,48.9
2017-04-01 07:00:00,19.69,48.9
2017-04-01 08:00:00,18.99,52.0
2017-04-01 09:00:00,21.11,55.0
2017-04-01 10:00:00,31.25,55.9
2017-04-01 11:00:00,30.28,57.0
2017-04-01 12:00:00,30.38,57.9
2017-04-01 13:00:00,30.37,60.1
2017-04-01 14:00:00,31.88,60.1
2017-04-01 15:00:00,29.96,60.1
2017-04-01 16:00:00,29.92,60.1
2017-04-01 17:00:00,21.92,57.0
2017-04-01 18:00:00,18.78,55.0
2017-04-01 19:00:00,91.52,53.1
2017-04-01 20:00:00,117.46,52.0
2017-04-01 21:00:00,40.39,51.1
2017-04-01 22:00:00,24.98,51.1
2017-04-01 23:00:00,24.38,50.0
2017-04-02 00:00:00,24.28,50.0
2017-04-02 01:00:00,23.97,50.0
2017-04-02 02:00:00,25.22,48.0
2017-04-02 03:00:00,23.96,46.9
2017-04-02 04:00:00,23.97,46.0
2017-04-02 05:00:00,23.86,45.0
2017-04-02 06:00:00,23.79,44.1
2017-04-02 07:00:00,17.63,46.0
2017-04-02 08:00:00,17.38,48.9
2017-04-02 09:00:00,19.14,52.0
2017-04-02 10:00:00,17.89,55.0
2017-04-02 11:00:00,18.25,59.0
2017-04-02 12:00:00,18.13,60.1
2017-04-02 13:00:00,19.53,62.1
2017-04-02 14:00:00,18.66,64.0
2017-04-02 15:00:00,18.92,64.9
2017-04-02 16:00:00,18.92,64.9
2017-04-02 17:00:00,20.02,64.9
2017-04-02 18:00:00,18.66,63.0
2017-04-02 19:00:00,90.5,61.0
2017-04-02 20:00:00,116.48,62.1
2017-04-02 21:00:00,39.58,55.0
2017-04-02 22:00:00,23.73,55.0
2017-04-02 23:00:00,23.64,54.0
2017-04-03 00:00:00,23.68,53.1
2017-04-03 01:00:00,24.8,53.1
2017-04-03 02:00:00,23.85,52.0
2017-04-03 03:00:00,23.53,50.0
2017-04-03 04:00:00,24.5,48.9
2017-04-03 05:00:00,23.69,48.9
2017-04-03 06:00:00,22.81,48.9
2017-04-03 07:00:00,28.13,51.1
2017-04-03 08:00:00,29.25,55.0
2017-04-03 09:00:00,28.37,57.9
2017-04-03 10:00:00,29.19,61.0
2017-04-03 11:00:00,29.48,63.0
2017-04-03 12:00:00,31.86,64.0
2017-04-03 13:00:00,30.28,66.0
2017-04-03 14:00:00,31.33,64.9
2017-04-03 15:00:00,29.61,66.0
2017-04-03 16:00:00,30.37,66.0
2017-04-03 17:00:00,32.32,64.9
2017-04-03 18:00:00,30.43,64.0
2017-04-03 19:00:00,101.41,61.0
2017-04-03 20:00:00,125.54,57.0
2017-04-03 21:00:00,39.81,57.9
2017-04-03 22:00:00,25.04,60.1
2017-04-03 23:00:00,23.47,60.1
2017-04-04 00:00:00,23.73,60.1
2017-04-04 01:00:00,23.93,61.0
2017-04-04 02:00:00,23.72,63.0
2017-04-04 03:00:00,23.12,62.1
2017-04-04 04:00:00,23.11,60.1
2017-04-04 05:00:00,24.02,63.0
2017-04-04 06:00:00,24.13,63.0
2017-04-04 07:00:00,28.12,64.0
2017-04-04 08:00:00,27.53,64.9
2017-04-04 09:00:00,30.97,66.9
2017-04-04 10:00:00,30.43,71.1
2017-04-04 11:00:00,31.85,75.0
2017-04-04 12:00:00,34.45,75.9
2017-04-04 13:00:00,32.89,75.9
2017-04-04 14:00:00,36.64,75.9
2017-04-04 15:00:00,36.08,78.1
2017-04-04 16:00:00,35.53,81.0
2017-04-04 17:00:00,37.15,80.1
2017-04-04 18:00:00,34.61,79.0
2017-04-04 19:00:00,101.57,75.0
2017-04-04 20:00:00,131.37,73.0
2017-04-04 21:00:00,41.94,71.1
2017-04-04 22:00:00,24.61,71.1
2017-04-04 23:00:00,24.76,69.1
2017-04-05 00:00:00,24.94,68.0
2017-04-05 01:00:00,26.18,64.0
2017-04-05 02:00:00,24.9,66.0
2017-04-05 03:00:00,24.61,64.0
2017-04-05 04:00:00,24.46,62.1
2017-04-05 05:00:00,25.15,62.1
2017-04-05 06:00:00,22.42,62.1
2017-04-05 07:00:00,23.14,63.0
2017-04-05 08:00:00,27.91,63.0
2017-04-05 09:00:00,28.65,64.9
2017-04-05 10:00:00,32.08,66.0
2017-04-05 11:00:00,30.91,69.1
2017-04-05 12:00:00,34.5,71.1
2017-04-05 13:00:00,35.36,71.1
2017-04-05 14:00:00,33.24,72.0
2017-04-05 15:00:00,34.46,73.0
2017-04-05 16:00:00,32.41,71.1
2017-04-05 17:00:00,32.89,69.1
2017-04-05 18:00:00,33.32,68.0
2017-04-05 19:00:00,97.78,66.9
2017-04-05 20:00:00,119.92,66.0
2017-04-05 21:00:00,41.4,62.1
2017-04-05 22:00:00,24.33,60.1
2017-04-05 23:00:00,24.25,59.0
2017-04-06 00:00:00,23.84,59.0
2017-04-06 01:00:00,24.02,57.9
2017-04-06 02:00:00,24.07,57.0
2017-04-06 03:00:00,23.41,57.0
2017-04-06 04:00:00,24.12,57.0
2017-04-06 05:00:00,24.98,55.9
2017-04-06 06:00:00,23.44,55.9
2017-04-06 07:00:00,25.51,57.9
2017-04-06 08:00:00,26.16,57.9
2017-04-06 09:00:00,29.8,57.9
2017-04-06 10:00:00,30.43,57.9
2017-04-06 11:00:00,29.44,57.9
2017-04-06 12:00:00,28.7,57.0
2017-04-06 13:00:00,25.57,55.0
2017-04-06 14:00:00,6.07,55.0
2017-04-06 15:00:00,28.76,57.0
2017-04-06 16:00:00,29.24,57.0
2017-04-06 17:00:00,29.43,59.0
2017-04-06 18:00:00,29.1,59.0
2017-04-06 19:00:00,98.32,57.0
2017-04-06 20:00:00,128.46,55.0
2017-04-06 21:00:00,30.68,55.9
2017-04-06 22:00:00,19.86,53.1
2017-04-06 23:00:00,9.03,52.0
2017-04-07 00:00:00,25.21,51.1
2017-04-07 01:00:00,25.28,51.1
2017-04-07 02:00:00,25.35,50.0
2017-04-07 03:00:00,26.02,50.0
2017-04-07 04:00:00,25.1,48.0
2017-04-07 05:00:00,25.11,46.9
2017-04-07 06:00:00,25.1,45.0
2017-04-07 07:00:00,29.99,44.1
2017-04-07 08:00:00,28.44,46.9
2017-04-07 09:00:00,28.21,48.0
2017-04-07 10:00:00,28.76,48.9
2017-04-07 11:00:00,29.5,48.9
2017-04-07 12:00:00,28.59,48.0
2017-04-07 13:00:00,29.85,50.0
2017-04-07 14:00:00,30.21,48.0
2017-04-07 15:00:00,28.62,48.0
2017-04-07 16:00:00,28.96,46.9
2017-04-07 17:00:00,29.15,46.9
2017-04-07 18:00:00,30.21,46.9
2017-04-07 19:00:00,95.76,46.0
2017-04-07 20:00:00,123.73,45.0
2017-04-07 21:00:00,42.75,44.1
2017-04-07 22:00:00,25.67,44.1
2017-04-07 23:00:00,25.45,43.0
2017-04-08 00:00:00,25.46,42.1
2017-04-08 01:00:00,26.56,42.1
2017-04-08 02:00:00,25.6,42.1
2017-04-08 03:00:00,25.59,39.9
2017-04-08 04:00:00,26.56,41.0
2017-04-08 05:00:00,25.5,39.9
2017-04-08 06:00:00,23.63,39.9
2017-04-08 07:00:00,19.17,43.0
2017-04-08 08:00:00,24.67,46.9
2017-04-08 09:00:00,31.28,50.0
2017-04-08 10:00:00,30.99,53.1
2017-04-08 11:00:00,31.04,55.0
2017-04-08 12:00:00,32.68,57.9
2017-04-08 13:00:00,31.51,61.0
2017-04-08 14:00:00,25.75,62.1
2017-04-08 15:00:00,24.7,63.0
2017-04-08 16:00:00,22.82,64.0
2017-04-08 17:00:00,16.91,63.0
2017-04-08 18:00:00,16.85,62.1
2017-04-08 19:00:00,80.95,60.1
2017-04-08 20:00:00,116.13,59.0
2017-04-08 21:00:00,38.6,57.0
2017-04-08 22:00:00,22.66,55.0
2017-04-08 23:00:00,24.17,48.9
2017-04-09 00:00:00,24.14,46.9
2017-04-09 01:00:00,24.29,46.9
2017-04-09 02:00:00,24.27,45.0
2017-04-09 03:00:00,25.2,46.9
2017-04-09 04:00:00,24.15,44.1
2017-04-09 05:00:00,24.23,45.0
2017-04-09 06:00:00,23.23,45.0
2017-04-09 07:00:00,17.17,48.0
2017-04-09 08:00:00,16.76,50.0
2017-04-09 09:00:00,16.65,55.0
2017-04-09 10:00:00,17.54,61.0
2017-04-09 11:00:00,16.52,64.0
2017-04-09 12:00:00,15.93,66.0
2017-04-09 13:00:00,16.07,68.0
2017-04-09 14:00:00,17.13,69.1
2017-04-09 15:00:00,16.31,70.0
2017-04-09 16:00:00,16.07,71.1
2017-04-09 17:00:00,16.66,68.0
2017-04-09 18:00:00,16.03,66.9
2017-04-09 19:00:00,77.23,63.0
2017-04-09 20:00:00,116.09,61.0
2017-04-09 21:00:00,41.07,59.0
2017-04-09 22:00:00,24.11,57.0
2017-04-09 23:00:00,24.19,57.0
2017-04-10 00:00:00,24.0,55.0
2017-04-10 01:00:00,25.04,54.0
2017-04-10 02:00:00,24.13,54.0
2017-04-10 03:00:00,24.15,53.1
2017-04-10 04:00:00,24.15,52.0
2017-04-10 05:00:00,25.24,51.1
2017-04-10 06:00:00,21.94,51.1
2017-04-10 07:00:00,27.04,54.0
2017-04-10 08:00:00,28.43,60.1
2017-04-10 09:00:00,29.59,64.9
2017-04-10 10:00:00,28.72,66.0
2017-04-10 11:00:00,28.93,73.9
2017-04-10 12:00:00,32.87,75.0
2017-04-10 13:00:00,31.58,77.0
2017-04-10 14:00:00,33.17,81.0
2017-04-10 15:00:00,33.97,82.0
2017-04-10 16:00:00,35.22,77.0
2017-04-10 17:00:00,32.65,80.1
2017-04-10 18:00:00,31.95,73.9
2017-04-10 19:00:00,90.46,73.0
2017-04-10 20:00:00,125.64,70.0
2017-04-10 21:00:00,43.64,68.0
2017-04-10 22:00:00,26.75,66.9
2017-04-10 23:00:00,26.99,66.9
2017-04-11 00:00:00,27.83,64.0
2017-04-11 01:00:00,26.24,63.0
2017-04-11 02:00:00,26.66,63.0
2017-04-11 03:00:00,26.16,62.1
2017-04-11 04:00:00,28.17,62.1
2017-04-11 05:00:00,27.3,61.0
2017-04-11 06:00:00,24.67,60.1
2017-04-11 07:00:00,28.67,61.0
2017-04-11 08:00:00,31.39,64.0
2017-04-11 09:00:00,30.91,70.0
2017-04-11 10:00:00,31.49,70.0
2017-04-11 11:00:00,32.81,73.9
2017-04-11 12:00:00,34.23,78.1
2017-04-11 13:00:00,34.06,80.1
2017-04-11 14:00:00,45.8,82.0
2017-04-11 15:00:00,35.54,84.0
2017-04-11 16:00:00,40.04,81.0
2017-04-11 17:00:00,43.27,80.1
2017-04-11 18:00:00,42.99,78.1
2017-04-11 19:00:00,99.79,75.0
2017-04-11 20:00:00,135.68,73.0
2017-04-11 21:00:00,47.58,70.0
2017-04-11 22:00:00,31.72,69.1
2017-04-11 23:00:00,32.18,69.1
2017-04-12 00:00:00,30.22,68.0
2017-04-12 01:00:00,31.0,71.1
2017-04-12 02:00:00,31.14,69.1
2017-04-12 03:00:00,30.08,68.0
2017-04-12 04:00:00,28.75,66.0
2017-04-12 05:00:00,29.14,64.9
2017-04-12 06:00:00,28.81,66.0
2017-04-12 07:00:00,25.34,66.9
2017-04-12 08:00:00,28.38,69.1
2017-04-12 09:00:00,37.74,70.0
2017-04-12 10:00:00,36.9,68.0
2017-04-12 11:00:00,37.87,70.0
2017-04-12 12:00:00,35.72,72.0
2017-04-12 13:00:00,38.92,75.9
2017-04-12 14:00:00,42.34,75.9
2017-04-12 15:00:00,41.44,78.1
2017-04-12 16:00:00,42.27,78.1
2017-04-12 17:00:00,43.26,78.1
2017-04-12 18:00:00,40.17,75.9
2017-04-12 19:00:00,95.69,73.0
2017-04-12 20:00:00,137.01,71.1
2017-04-12 21:00:00,49.01,69.1
2017-04-12 22:00:00,30.88,66.9
2017-04-12 23:00:00,30.87,62.1
2017-04-13 00:00:00,28.85,63.0
2017-04-13 01:00:00,28.51,61.0
2017-04-13 02:00:00,28.27,60.1
2017-04-13 03:00:00,29.02,57.9
2017-04-13 04:00:00,27.95,57.0
2017-04-13 05:00:00,27.46,55.9
2017-04-13 06:00:00,24.98,55.9
2017-04-13 07:00:00,30.25,59.0
2017-04-13 08:00:00,31.69,60.1
2017-04-13 09:00:00,32.55,62.1
2017-04-13 10:00:00,31.58,62.1
2017-04-13 11:00:00,31.4,63.0
2017-04-13 12:00:00,32.99,66.0
2017-04-13 13:00:00,32.39,68.0
2017-04-13 14:00:00,32.53,70.0
2017-04-13 15:00:00,32.37,70.0
2017-04-13 16:00:00,33.22,71.1
2017-04-13 17:00:00,33.66,70.0
2017-04-13 18:00:00,33.98,68.0
2017-04-13 19:00:00,87.33,64.0
2017-04-13 20:00:00,131.5,62.1
2017-04-13 21:00:00,44.83,61.0
2017-04-13 22:00:00,27.24,60.1
2017-04-13 23:00:00,27.08,59.0
2017-04-14 00:00:00,27.0,60.1
2017-04-14 01:00:00,27.93,57.9
2017-04-14 02:00:00,26.79,57.9
2017-04-14 03:00:00,26.84,55.9
2017-04-14 04:00:00,26.94,55.9
2017-04-14 05:00:00,27.89,55.9
2017-04-14 06:00:00,25.82,54.0
2017-04-14 07:00:00,30.22,55.0
2017-04-14 08:00:00,29.88,57.0
2017-04-14 09:00:00,30.85,59.0
2017-04-14 10:00:00,32.17,62.1
2017-04-14 11:00:00,32.4,64.9
2017-04-14 12:00:00,31.99,68.0
2017-04-14 13:00:00,32.06,69.1
2017-04-14 14:00:00,34.09,72.0
2017-04-14 15:00:00,33.1,72.0
2017-04-14 16:00:00,33.22,71.1
2017-04-14 17:00:00,34.58,69.1
2017-04-14 18:00:00,34.49,66.9
2017-04-14 19:00:00,86.3,64.0
2017-04-14 20:00:00,121.69,62.1
2017-04-14 21:00:00,42.76,62.1
2017-04-14 22:00:00,27.21,60.1
2017-04-14 23:00:00,28.73,57.9
2017-04-15 00:00:00,27.1,55.9
2017-04-15 01:00:00,27.06,55.0
2017-04-15 02:00:00,27.15,55.9
2017-04-15 03:00:00,28.05,55.9
2017-04-15 04:00:00,27.04,55.9
2017-04-15 05:00:00,27.01,55.9
2017-04-15 06:00:00,24.99,55.9
2017-04-15 07:00:00,21.5,57.0
2017-04-15 08:00:00,19.75,57.9
2017-04-15 09:00:00,21.92,59.0
2017-04-15 10:00:00,25.22,61.0
2017-04-15 11:00:00,30.38,63.0
2017-04-15 12:00:00,31.48,66.9
2017-04-15 13:00:00,30.92,70.0
2017-04-15 14:00:00,32.58,73.0
2017-04-15 15:00:00,35.89,73.9
2017-04-15 16:00:00,33.03,73.9
2017-04-15 17:00:00,31.46,75.9
2017-04-15 18:00:00,22.2,75.0
2017-04-15 19:00:00,74.26,73.9
2017-04-15 20:00:00,117.41,72.0
2017-04-15 21:00:00,40.88,71.1
2017-04-15 22:00:00,26.29,71.1
2017-04-15 23:00:00,24.36,68.0
2017-04-16 00:00:00,25.79,69.1
2017-04-16 01:00:00,25.85,68.0
2017-04-16 02:00:00,26.07,66.0
2017-04-16 03:00:00,25.09,66.0
2017-04-16 04:00:00,25.08,66.0
2017-04-16 05:00:00,25.1,66.9
2017-04-16 06:00:00,23.87,66.0
2017-04-16 07:00:00,20.29,68.0
2017-04-16 08:00:00,20.33,71.1
2017-04-16 09:00:00,22.5,73.9
2017-04-16 10:00:00,24.16,75.9
2017-04-16 11:00:00,23.82,84.9
2017-04-16 12:00:00,27.64,86.0
2017-04-16 13:00:00,24.74,87.1
2017-04-16 14:00:00,28.7,88.0
2017-04-16 15:00:00,27.71,87.1
2017-04-16 16:00:00,27.2,87.1
2017-04-16 17:00:00,27.49,82.0
2017-04-16 18:00:00,24.75,82.0
2017-04-16 19:00:00,77.92,81.0
2017-04-16 20:00:00,122.75,79.0
2017-04-16 21:00:00,43.91,77.0
2017-04-16 22:00:00,28.22,75.9
2017-04-16 23:00:00,29.72,73.9
2017-04-17 00:00:00,26.7,73.9
2017-04-17 01:00:00,27.86,71.1
2017-04-17 02:00:00,26.05,70.0
2017-04-17 03:00:00,27.41,68.0
2017-04-17 04:00:00,26.47,69.1
2017-04-17 05:00:00,26.56,68.0
2017-04-17 06:00:00,24.04,68.0
2017-04-17 07:00:00,21.05,69.1
2017-04-17 08:00:00,20.9,70.0
2017-04-17 09:00:00,22.18,73.0
2017-04-17 10:00:00,21.09,71.1
2017-04-17 11:00:00,22.11,64.0
2017-04-17 12:00:00,19.87,64.0
2017-04-17 13:00:00,19.92,64.9
2017-04-17 14:00:00,20.66,66.9
2017-04-17 15:00:00,21.28,66.9
2017-04-17 16:00:00,21.19,68.0
2017-04-17 17:00:00,20.76,70.0
2017-04-17 18:00:00,22.07,71.1
2017-04-17 19:00:00,70.68,69.1
2017-04-17 20:00:00,120.24,68.0
2017-04-17 21:00:00,43.19,63.0
2017-04-17 22:00:00,27.26,62.1
2017-04-17 23:00:00,27.26,63.0
2017-04-18 00:00:00,28.21,60.1
2017-04-18 01:00:00,27.21,61.0
2017-04-18 02:00:00,27.13,60.1
2017-04-18 03:00:00,27.06,60.1
2017-04-18 04:00:00,27.98,59.0
2017-04-18 05:00:00,26.95,57.0
2017-04-18 06:00:00,24.37,57.0
2017-04-18 07:00:00,30.37,59.0
2017-04-18 08:00:00,31.09,62.1
2017-04-18 09:00:00,30.65,64.0
2017-04-18 10:00:00,30.9,66.9
2017-04-18 11:00:00,33.85,68.0
2017-04-18 12:00:00,37.56,70.0
2017-04-18 13:00:00,37.6,72.0
2017-04-18 14:00:00,38.27,70.0
2017-04-18 15:00:00,36.65,71.1
2017-04-18 16:00:00,38.0,71.1
2017-04-18 17:00:00,39.09,70.0
2017-04-18 18:00:00,36.04,68.0
2017-04-18 19:00:00,85.22,64.9
2017-04-18 20:00:00,129.51,61.0
2017-04-18 21:00:00,46.8,57.9
2017-04-18 22:00:00,28.19,57.0
2017-04-18 23:00:00,26.95,55.9
2017-04-19 00:00:00,26.53,54.0
2017-04-19 01:00:00,26.64,53.1
2017-04-19 02:00:00,27.63,53.1
2017-04-19 03:00:00,26.25,53.1
2017-04-19 04:00:00,26.25,54.0
2017-04-19 05:00:00,26.33,53.1
2017-04-19 06:00:00,25.0,53.1
2017-04-19 07:00:00,23.6,53.1
2017-04-19 08:00:00,24.95,55.0
2017-04-19 09:00:00,30.9,57.0
2017-04-19 10:00:00,31.91,57.9
2017-04-19 11:00:00,31.89,60.1
2017-04-19 12:00:00,31.86,59.0
2017-04-19 13:00:00,32.42,61.0
2017-04-19 14:00:00,32.36,61.0
2017-04-19 15:00:00,31.83,62.1
2017-04-19 16:00:00,31.52,62.1
2017-04-19 17:00:00,31.44,62.1
2017-04-19 18:00:00,32.55,63.0
2017-04-19 19:00:00,79.52,62.1
2017-04-19 20:00:00,125.68,62.1
2017-04-19 21:00:00,41.97,62.1
2017-04-19 22:00:00,27.06,61.0
2017-04-19 23:00:00,25.99,61.0
2017-04-20 00:00:00,25.88,61.0
2017-04-20 01:00:00,25.9,61.0
2017-04-20 02:00:00,26.64,60.1
2017-04-20 03:00:00,25.86,59.0
2017-04-20 04:00:00,25.54,57.9
2017-04-20 05:00:00,26.39,57.9
2017-04-20 06:00:00,21.88,57.9
2017-04-20 07:00:00,19.0,59.0
2017-04-20 08:00:00,29.19,60.1
2017-04-20 09:00:00,30.77,62.1
2017-04-20 10:00:00,30.49,68.0
2017-04-20 11:00:00,31.73,69.1
2017-04-20 12:00:00,31.4,73.0
2017-04-20 13:00:00,32.19,75.9
2017-04-20 14:00:00,31.28,79.0
2017-04-20 15:00:00,31.74,81.0
2017-04-20 16:00:00,34.52,81.0
2017-04-20 17:00:00,35.46,78.1
2017-04-20 18:00:00,34.29,77.0
2017-04-20 19:00:00,81.53,75.9
2017-04-20 20:00:00,126.94,70.0
2017-04-20 21:00:00,42.9,68.0
2017-04-20 22:00:00,27.07,68.0
2017-04-20 23:00:00,26.47,66.9
2017-04-21 00:00:00,26.36,66.0
2017-04-21 01:00:00,26.1,64.9
2017-04-21 02:00:00,27.94,64.9
2017-04-21 03:00:00,26.76,64.9
2017-04-21 04:00:00,26.77,64.0
2017-04-21 05:00:00,26.74,64.9
2017-04-21 06:00:00,25.71,64.9
2017-04-21 07:00:00,23.4,64.9
2017-04-21 08:00:00,25.52,66.0
2017-04-21 09:00:00,32.75,68.0
2017-04-21 10:00:00,33.3,72.0
2017-04-21 11:00:00,32.91,73.0
2017-04-21 12:00:00,32.86,77.0
2017-04-21 13:00:00,33.96,75.0
2017-04-21 14:00:00,33.2,77.0
2017-04-21 15:00:00,41.64,81.0
2017-04-21 16:00:00,48.48,79.0
2017-04-21 17:00:00,44.74,73.0
2017-04-21 18:00:00,41.16,72.0
2017-04-21 19:00:00,85.19,72.0
2017-04-21 20:00:00,135.29,72.0
2017-04-21 21:00:00,51.78,71.1
2017-04-21 22:00:00,31.85,68.0
2017-04-21 23:00:00,30.1,64.9
2017-04-22 00:00:00,30.93,64.0
2017-04-22 01:00:00,30.87,64.0
2017-04-22 02:00:00,29.7,63.0
2017-04-22 03:00:00,29.73,62.1
2017-04-22 04:00:00,29.5,61.0
2017-04-22 05:00:00,30.3,61.0
2017-04-22 06:00:00,27.0,61.0
2017-04-22 07:00:00,22.29,61.0
2017-04-22 08:00:00,21.73,61.0
2017-04-22 09:00:00,22.64,61.0
2017-04-22 10:00:00,25.45,60.1
2017-04-22 11:00:00,29.16,59.0
2017-04-22 12:00:00,31.91,57.0
2017-04-22 13:00:00,32.6,55.9
2017-04-22 14:00:00,30.84,55.9
2017-04-22 15:00:00,30.8,55.9
2017-04-22 16:00:00,32.24,55.0
2017-04-22 17:00:00,22.51,54.0
2017-04-22 18:00:00,20.04,54.0
2017-04-22 19:00:00,61.06,54.0
2017-04-22 20:00:00,119.04,54.0
2017-04-22 21:00:00,41.41,53.1
2017-04-22 22:00:00,24.7,52.0
2017-04-22 23:00:00,25.56,52.0
2017-04-23 00:00:00,26.25,52.0
2017-04-23 01:00:00,25.35,51.1
2017-04-23 02:00:00,25.13,53.1
2017-04-23 03:00:00,25.05,52.0
2017-04-23 04:00:00,26.13,51.1
2017-04-23 05:00:00,24.65,50.0
2017-04-23 06:00:00,21.9,48.9
2017-04-23 07:00:00,18.66,48.9
2017-04-23 08:00:00,17.51,50.0
2017-04-23 09:00:00,17.67,52.0
2017-04-23 10:00:00,17.74,54.0
2017-04-23 11:00:00,18.7,55.0
2017-04-23 12:00:00,18.17,57.0
2017-04-23 13:00:00,18.39,59.0
2017-04-23 14:00:00,19.13,60.1
2017-04-23 15:00:00,20.17,61.0
2017-04-23 16:00:00,18.82,60.1
2017-04-23 17:00:00,18.61,59.0
2017-04-23 18:00:00,19.6,59.0
2017-04-23 19:00:00,59.47,57.9
2017-04-23 20:00:00,118.58,57.9
2017-04-23 21:00:00,42.29,57.9
2017-04-23 22:00:00,25.09,57.9
2017-04-23 23:00:00,24.96,57.0
2017-04-24 00:00:00,24.78,57.0
2017-04-24 01:00:00,25.73,55.9
2017-04-24 02:00:00,24.6,55.0
2017-04-24 03:00:00,24.4,55.0
2017-04-24 04:00:00,25.3,55.0
2017-04-24 05:00:00,23.99,54.0
2017-04-24 06:00:00,23.01,54.0
2017-04-24 07:00:00,27.86,54.0
2017-04-24 08:00:00,31.14,53.1
2017-04-24 09:00:00,29.67,53.1
2017-04-24 10:00:00,31.55,55.0
2017-04-24 11:00:00,32.81,55.9
2017-04-24 12:00:00,31.43,57.0
2017-04-24 13:00:00,29.7,55.0
2017-04-24 14:00:00,30.28,54.0
2017-04-24 15:00:00,31.19,54.0
2017-04-24 16:00:00,29.35,55.0
2017-04-24 17:00:00,29.82,55.9
2017-04-24 18:00:00,30.27,57.0
2017-04-24 19:00:00,67.52,55.9
2017-04-24 20:00:00,120.07,54.0
2017-04-24 21:00:00,39.73,55.0
2017-04-24 22:00:00,25.09,54.0
2017-04-24 23:00:00,23.79,54.0
2017-04-25 00:00:00,24.06,53.1
2017-04-25 01:00:00,23.62,53.1
2017-04-25 02:00:00,24.59,54.0
2017-04-25 03:00:00,23.65,55.0
2017-04-25 04:00:00,23.38,55.9
2017-04-25 05:00:00,24.05,55.9
2017-04-25 06:00:00,21.44,55.9
2017-04-25 07:00:00,25.94,55.9
2017-04-25 08:00:00,29.32,57.9
2017-04-25 09:00:00,28.53,57.9
2017-04-25 10:00:00,29.81,59.0
2017-04-25 11:00:00,29.67,59.0
2017-04-25 12:00:00,31.53,60.1
2017-04-25 13:00:00,31.22,59.0
2017-04-25 14:00:00,31.47,60.1
2017-04-25 15:00:00,31.64,60.1
2017-04-25 16:00:00,30.05,60.1
2017-04-25 17:00:00,32.68,61.0
2017-04-25 18:00:00,31.26,61.0
2017-04-25 19:00:00,68.96,59.0
2017-04-25 20:00:00,128.3,59.0
2017-04-25 21:00:00,43.43,59.0
2017-04-25 22:00:00,26.65,59.0
2017-04-25 23:00:00,26.68,59.0
2017-04-26 00:00:00,27.44,59.0
2017-04-26 01:00:00,26.56,59.0
2017-04-26 02:00:00,26.55,59.0
2017-04-26 03:00:00,26.12,59.0
2017-04-26 04:00:00,27.1,59.0
2017-04-26 05:00:00,26.4,57.9
2017-04-26 06:00:00,22.81,59.0
2017-04-26 07:00:00,21.7,59.0
2017-04-26 08:00:00,26.97,60.1
2017-04-26 09:00:00,32.52,60.1
2017-04-26 10:00:00,33.81,63.0
2017-04-26 11:00:00,33.91,66.0
2017-04-26 12:00:00,33.78,66.0
2017-04-26 13:00:00,31.47,68.0
2017-04-26 14:00:00,31.51,68.0
2017-04-26 15:00:00,31.51,69.1
2017-04-26 16:00:00,32.39,70.0
2017-04-26 17:00:00,31.45,71.1
2017-04-26 18:00:00,31.14,69.1
2017-04-26 19:00:00,66.83,66.9
2017-04-26 20:00:00,124.41,64.0
2017-04-26 21:00:00,46.04,63.0
2017-04-26 22:00:00,31.12,62.1
2017-04-26 23:00:00,29.74,61.0
2017-04-27 00:00:00,29.18,61.0
2017-04-27 01:00:00,29.01,61.0
2017-04-27 02:00:00,29.95,60.1
2017-04-27 03:00:00,28.7,60.1
2017-04-27 04:00:00,29.17,59.0
2017-04-27 05:00:00,28.93,59.0
2017-04-27 06:00:00,25.14,59.0
2017-04-27 07:00:00,23.72,61.0
2017-04-27 08:00:00,26.89,64.9
2017-04-27 09:00:00,28.8,68.0
2017-04-27 10:00:00,30.9,72.0
2017-04-27 11:00:00,30.34,75.0
2017-04-27 12:00:00,30.6,78.1
2017-04-27 13:00:00,32.5,81.0
2017-04-27 14:00:00,31.67,80.1
2017-04-27 15:00:00,31.65,81.0
2017-04-27 16:00:00,32.21,79.0
2017-04-27 17:00:00,36.61,78.1
2017-04-27 18:00:00,34.13,77.0
2017-04-27 19:00:00,67.97,79.0
2017-04-27 20:00:00,126.65,77.0
2017-04-27 21:00:00,43.18,77.0
2017-04-27 22:00:00,27.9,73.9
2017-04-27 23:00:00,26.65,73.0
2017-04-28 00:00:00,26.34,70.0
2017-04-28 01:00:00,25.77,68.0
2017-04-28 02:00:00,27.42,70.0
2017-04-28 03:00:00,26.51,66.9
2017-04-28 04:00:00,26.56,66.9
2017-04-28 05:00:00,26.73,66.0
2017-04-28 06:00:00,23.6,66.9
2017-04-28 07:00:00,30.54,68.0
2017-04-28 08:00:00,31.07,70.0
2017-04-28 09:00:00,31.59,75.9
2017-04-28 10:00:00,44.94,77.0
2017-04-28 11:00:00,45.94,79.0
2017-04-28 12:00:00,44.13,81.0
2017-04-28 13:00:00,44.98,82.0
2017-04-28 14:00:00,50.17,84.0
2017-04-28 15:00:00,44.43,82.9
2017-04-28 16:00:00,42.86,82.9
2017-04-28 17:00:00,47.35,81.0
2017-04-28 18:00:00,42.64,80.1
2017-04-28 19:00:00,73.91,78.1
2017-04-28 20:00:00,133.51,75.9
2017-04-28 21:00:00,53.03,73.9
2017-04-28 22:00:00,39.65,72.0
2017-04-28 23:00:00,38.92,72.0
2017-04-29 00:00:00,40.26,71.1
2017-04-29 01:00:00,40.59,70.0
2017-04-29 02:00:00,38.56,70.0
2017-04-29 03:00:00,40.64,73.9
2017-04-29 04:00:00,39.49,73.0
2017-04-29 05:00:00,38.47,71.1
2017-04-29 06:00:00,34.74,71.1
2017-04-29 07:00:00,33.86,73.0
2017-04-29 08:00:00,32.21,73.9
2017-04-29 09:00:00,34.95,79.0
2017-04-29 10:00:00,35.88,81.0
2017-04-29 11:00:00,40.96,82.0
2017-04-29 12:00:00,41.91,86.0
2017-04-29 13:00:00,45.99,88.0
2017-04-29 14:00:00,46.61,90.0
2017-04-29 15:00:00,43.2,89.1
2017-04-29 16:00:00,39.05,90.0
2017-04-29 17:00:00,31.95,90.0
2017-04-29 18:00:00,33.49,84.0
2017-04-29 19:00:00,65.02,81.0
2017-04-29 20:00:00,127.21,79.0
2017-04-29 21:00:00,53.74,78.1
2017-04-29 22:00:00,33.94,77.0
2017-04-29 23:00:00,34.75,77.0
2017-04-30 00:00:00,35.93,75.9
2017-04-30 01:00:00,33.44,75.0
2017-04-30 02:00:00,32.29,75.0
2017-04-30 03:00:00,31.69,73.0
2017-04-30 04:00:00,32.91,73.0
2017-04-30 05:00:00,32.16,73.0
2017-04-30 06:00:00,27.31,72.0
2017-04-30 07:00:00,25.34,72.0
2017-04-30 08:00:00,24.98,73.9
2017-04-30 09:00:00,26.42,75.0
2017-04-30 10:00:00,26.61,79.0
2017-04-30 11:00:00,32.69,82.9
2017-04-30 12:00:00,32.05,84.9
2017-04-30 13:00:00,33.17,84.0
2017-04-30 14:00:00,34.65,86.0
2017-04-30 15:00:00,35.69,84.0
2017-04-30 16:00:00,34.78,87.1
2017-04-30 17:00:00,34.97,84.9
2017-04-30 18:00:00,28.66,81.0
2017-04-30 19:00:00,60.59,79.0
2017-04-30 20:00:00,124.12,78.1
2017-04-30 21:00:00,48.49,78.1
2017-04-30 22:00:00,31.47,71.1
2017-04-30 23:00:00,29.39,68.0
2017-05-01 00:00:00,28.12,66.0
2017-05-01 01:00:00,27.88,66.0
2017-05-01 02:00:00,27.64,64.0
2017-05-01 03:00:00,26.81,64.0
2017-05-01 04:00:00,26.8,64.9
2017-05-01 05:00:00,27.62,66.0
2017-05-01 06:00:00,26.61,73.0
2017-05-01 07:00:00,37.05,73.0
2017-05-01 08:00:00,33.88,73.9
2017-05-01 09:00:00,39.18,75.9
2017-05-01 10:00:00,40.58,79.0
2017-05-01 11:00:00,40.95,78.1
2017-05-01 12:00:00,40.26,79.0
2017-05-01 13:00:00,43.33,82.9
2017-05-01 14:00:00,44.32,84.0
2017-05-01 15:00:00,44.02,82.0
2017-05-01 16:00:00,45.48,81.0
2017-05-01 17:00:00,44.15,81.0
2017-05-01 18:00:00,39.45,80.1
2017-05-01 19:00:00,71.11,80.1
2017-05-01 20:00:00,127.66,75.0
2017-05-01 21:00:00,48.06,75.9
2017-05-01 22:00:00,30.78,75.0
2017-05-01 23:00:00,28.84,75.9
2017-05-02 00:00:00,31.5,75.9
2017-05-02 01:00:00,28.06,75.0
2017-05-02 02:00:00,29.76,73.9
2017-05-02 03:00:00,27.17,72.0
2017-05-02 04:00:00,30.13,71.1
2017-05-02 05:00:00,27.22,69.1
2017-05-02 06:00:00,21.62,68.0
2017-05-02 07:00:00,20.82,69.1
2017-05-02 08:00:00,23.25,70.0
2017-05-02 09:00:00,21.33,73.0
2017-05-02 10:00:00,22.09,73.9
2017-05-02 11:00:00,24.46,75.0
2017-05-02 12:00:00,33.21,75.0
2017-05-02 13:00:00,36.44,75.0
2017-05-02 14:00:00,35.78,75.9
2017-05-02 15:00:00,39.1,77.0
2017-05-02 16:00:00,40.06,79.0
2017-05-02 17:00:00,40.64,78.1
2017-05-02 18:00:00,37.62,75.0
2017-05-02 19:00:00,63.86,73.0
2017-05-02 20:00:00,130.98,71.1
2017-05-02 21:00:00,47.63,69.1
2017-05-02 22:00:00,30.3,68.0
2017-05-02 23:00:00,30.76,64.9
2017-05-03 00:00:00,29.41,63.0
2017-05-03 01:00:00,29.44,64.0
2017-05-03 02:00:00,30.26,64.0
2017-05-03 03:00:00,29.15,64.9
2017-05-03 04:00:00,28.47,63.0
2017-05-03 05:00:00,26.9,61.0
2017-05-03 06:00:00,21.95,61.0
2017-05-03 07:00:00,27.56,62.1
2017-05-03 08:00:00,29.55,63.0
2017-05-03 09:00:00,33.99,63.0
2017-05-03 10:00:00,33.53,64.0
2017-05-03 11:00:00,34.31,63.0
2017-05-03 12:00:00,32.32,64.9
2017-05-03 13:00:00,34.03,64.9
2017-05-03 14:00:00,36.67,66.0
2017-05-03 15:00:00,36.52,66.0
2017-05-03 16:00:00,40.64,64.9
2017-05-03 17:00:00,47.55,64.9
2017-05-03 18:00:00,46.9,64.0
2017-05-03 19:00:00,69.1,62.1
2017-05-03 20:00:00,133.21,61.0
2017-05-03 21:00:00,55.94,59.0
2017-05-03 22:00:00,40.6,59.0
2017-05-03 23:00:00,39.81,57.9
2017-05-04 00:00:00,39.5,57.0
2017-05-04 01:00:00,39.4,55.9
2017-05-04 02:00:00,40.16,55.0
2017-05-04 03:00:00,39.96,55.0
2017-05-04 04:00:00,39.21,53.1
2017-05-04 05:00:00,39.11,55.0
2017-05-04 06:00:00,33.97,55.0
2017-05-04 07:00:00,32.85,57.0
2017-05-04 08:00:00,34.66,57.9
2017-05-04 09:00:00,37.89,60.1
2017-05-04 10:00:00,40.68,62.1
2017-05-04 11:00:00,48.93,64.0
2017-05-04 12:00:00,46.48,64.9
2017-05-04 13:00:00,45.2,66.0
2017-05-04 14:00:00,43.9,64.9
2017-05-04 15:00:00,45.82,66.0
2017-05-04 16:00:00,43.35,66.0
2017-05-04 17:00:00,42.25,64.9
2017-05-04 18:00:00,44.88,64.0
2017-05-04 19:00:00,66.91,64.0
2017-05-04 20:00:00,137.68,61.0
2017-05-04 21:00:00,53.08,57.9
2017-05-04 22:00:00,37.32,57.0
2017-05-04 23:00:00,35.9,55.9
2017-05-05 00:00:00,35.94,57.9
2017-05-05 01:00:00,35.59,59.0
2017-05-05 02:00:00,35.6,60.1
2017-05-05 03:00:00,37.06,61.0
2017-05-05 04:00:00,35.92,61.0
2017-05-05 05:00:00,35.46,62.1
2017-05-05 06:00:00,33.23,63.0
2017-05-05 07:00:00,32.03,64.9
2017-05-05 08:00:00,31.45,66.0
2017-05-05 09:00:00,41.22,66.9
2017-05-05 10:00:00,41.99,66.0
2017-05-05 11:00:00,43.7,66.9
2017-05-05 12:00:00,42.33,69.1
2017-05-05 13:00:00,42.27,70.0
2017-05-05 14:00:00,44.88,73.0
2017-05-05 15:00:00,46.16,73.9
2017-05-05 16:00:00,43.21,73.9
2017-05-05 17:00:00,38.22,73.0
2017-05-05 18:00:00,37.79,72.0
2017-05-05 19:00:00,59.79,71.1
2017-05-05 20:00:00,132.18,69.1
2017-05-05 21:00:00,54.0,68.0
2017-05-05 22:00:00,37.64,64.9
2017-05-05 23:00:00,38.39,66.0
2017-05-06 00:00:00,39.33,64.9
2017-05-06 01:00:00,37.81,63.0
2017-05-06 02:00:00,37.39,61.0
2017-05-06 03:00:00,37.27,59.0
2017-05-06 04:00:00,38.17,57.0
2017-05-06 05:00:00,37.53,57.0
2017-05-06 06:00:00,33.11,57.9
2017-05-06 07:00:00,32.03,57.9
2017-05-06 08:00:00,32.67,57.9
2017-05-06 09:00:00,32.97,57.9
2017-05-06 10:00:00,40.48,55.9
2017-05-06 11:00:00,42.3,57.9
2017-05-06 12:00:00,43.76,57.0
2017-05-06 13:00:00,42.23,55.9
2017-05-06 14:00:00,42.04,55.9
2017-05-06 15:00:00,42.37,55.9
2017-05-06 16:00:00,43.96,55.9
2017-05-06 17:00:00,40.89,55.9
2017-05-06 18:00:00,37.36,55.0
2017-05-06 19:00:00,51.81,55.0
2017-05-06 20:00:00,127.71,53.1
2017-05-06 21:00:00,54.13,52.0
2017-05-06 22:00:00,36.45,51.1
2017-05-06 23:00:00,36.8,50.0
2017-05-07 00:00:00,37.44,50.0
2017-05-07 01:00:00,36.59,51.1
2017-05-07 02:00:00,36.58,50.0
2017-05-07 03:00:00,36.55,48.0
2017-05-07 04:00:00,37.34,46.9
2017-05-07 05:00:00,36.33,46.0
2017-05-07 06:00:00,32.07,48.9
2017-05-07 07:00:00,31.72,52.0
2017-05-07 08:00:00,30.93,54.0
2017-05-07 09:00:00,31.06,55.0
2017-05-07 10:00:00,30.88,57.9
2017-05-07 11:00:00,31.85,59.0
2017-05-07 12:00:00,30.67,57.9
2017-05-07 13:00:00,30.96,62.1
2017-05-07 14:00:00,31.84,64.0
2017-05-07 15:00:00,31.02,62.1
2017-05-07 16:00:00,30.67,64.0
2017-05-07 17:00:00,30.98,60.1
2017-05-07 18:00:00,31.81,61.0
2017-05-07 19:00:00,49.63,59.0
2017-05-07 20:00:00,127.98,57.9
2017-05-07 21:00:00,53.42,57.0
2017-05-07 22:00:00,38.63,57.0
2017-05-07 23:00:00,38.09,55.9
2017-05-08 00:00:00,37.75,54.0
2017-05-08 01:00:00,39.02,53.1
2017-05-08 02:00:00,37.93,50.0
2017-05-08 03:00:00,37.77,48.9
2017-05-08 04:00:00,37.63,48.0
2017-05-08 05:00:00,38.21,46.9
2017-05-08 06:00:00,31.3,48.9
2017-05-08 07:00:00,34.25,52.0
2017-05-08 08:00:00,39.52,54.0
2017-05-08 09:00:00,42.95,55.9
2017-05-08 10:00:00,43.28,55.9
2017-05-08 11:00:00,43.79,60.1
2017-05-08 12:00:00,45.47,59.0
2017-05-08 13:00:00,44.29,60.1
2017-05-08 14:00:00,43.78,63.0
2017-05-08 15:00:00,43.06,64.0
2017-05-08 16:00:00,43.24,64.0
2017-05-08 17:00:00,42.11,63.0
2017-05-08 18:00:00,41.63,63.0
2017-05-08 19:00:00,58.2,62.1
2017-05-08 20:00:00,131.83,57.9
2017-05-08 21:00:00,52.1,57.0
2017-05-08 22:00:00,36.48,57.0
2017-05-08 23:00:00,37.67,54.0
2017-05-09 00:00:00,36.19,51.1
2017-05-09 01:00:00,35.99,51.1
2017-05-09 02:00:00,36.17,48.0
2017-05-09 03:00:00,37.3,46.9
2017-05-09 04:00:00,36.27,46.9
2017-05-09 05:00:00,36.04,46.9
2017-05-09 06:00:00,30.43,48.0
2017-05-09 07:00:00,37.7,51.1
2017-05-09 08:00:00,37.07,55.0
2017-05-09 09:00:00,40.71,57.0
2017-05-09 10:00:00,41.73,60.1
2017-05-09 11:00:00,42.82,61.0
2017-05-09 12:00:00,43.3,63.0
2017-05-09 13:00:00,43.99,64.0
2017-05-09 14:00:00,44.51,64.9
2017-05-09 15:00:00,43.91,66.0
2017-05-09 16:00:00,44.02,64.9
2017-05-09 17:00:00,45.24,66.0
2017-05-09 18:00:00,44.03,64.9
2017-05-09 19:00:00,60.41,61.0
2017-05-09 20:00:00,139.23,60.1
2017-05-09 21:00:00,56.55,55.9
2017-05-09 22:00:00,41.06,55.9
2017-05-09 23:00:00,42.23,55.0
2017-05-10 00:00:00,41.18,55.0
2017-05-10 01:00:00,41.07,52.0
2017-05-10 02:00:00,41.73,53.1
2017-05-10 03:00:00,40.71,51.1
2017-05-10 04:00:00,40.18,50.0
2017-05-10 05:00:00,39.49,51.1
2017-05-10 06:00:00,34.39,51.1
2017-05-10 07:00:00,33.1,54.0
2017-05-10 08:00:00,36.54,57.0
2017-05-10 09:00:00,36.02,61.0
2017-05-10 10:00:00,37.89,63.0
2017-05-10 11:00:00,44.64,66.9
2017-05-10 12:00:00,44.46,70.0
2017-05-10 13:00:00,46.82,75.0
2017-05-10 14:00:00,45.19,75.0
2017-05-10 15:00:00,44.77,75.0
2017-05-10 16:00:00,44.07,75.9
2017-05-10 17:00:00,45.43,75.0
2017-05-10 18:00:00,46.09,70.0
2017-05-10 19:00:00,59.15,66.9
2017-05-10 20:00:00,139.52,66.0
2017-05-10 21:00:00,55.87,64.9
2017-05-10 22:00:00,40.36,64.9
2017-05-10 23:00:00,39.38,64.0
2017-05-11 00:00:00,39.03,62.1
2017-05-11 01:00:00,39.01,63.0
2017-05-11 02:00:00,39.86,63.0
2017-05-11 03:00:00,38.46,61.0
2017-05-11 04:00:00,38.52,59.0
2017-05-11 05:00:00,38.09,57.9
2017-05-11 06:00:00,33.78,59.0
2017-05-11 07:00:00,33.57,57.9
2017-05-11 08:00:00,34.02,57.0
2017-05-11 09:00:00,40.94,57.0
2017-05-11 10:00:00,46.89,55.9
2017-05-11 11:00:00,46.91,55.9
2017-05-11 12:00:00,46.34,55.0
2017-05-11 13:00:00,44.96,55.0
2017-05-11 14:00:00,44.98,55.0
2017-05-11 15:00:00,47.2,55.0
2017-05-11 16:00:00,44.03,54.0
2017-05-11 17:00:00,43.91,54.0
2017-05-11 18:00:00,45.57,53.1
2017-05-11 19:00:00,56.45,52.0
2017-05-11 20:00:00,135.77,53.1
2017-05-11 21:00:00,51.96,53.1
2017-05-11 22:00:00,37.17,53.1
2017-05-11 23:00:00,35.94,53.1
2017-05-12 00:00:00,36.1,53.1
2017-05-12 01:00:00,35.89,53.1
2017-05-12 02:00:00,37.1,53.1
2017-05-12 03:00:00,36.05,53.1
2017-05-12 04:00:00,36.02,53.1
2017-05-12 05:00:00,35.98,53.1
2017-05-12 06:00:00,34.03,53.1
2017-05-12 07:00:00,42.1,54.0
2017-05-12 08:00:00,41.92,55.0
2017-05-12 09:00:00,42.73,55.9
2017-05-12 10:00:00,43.73,55.9
2017-05-12 11:00:00,44.1,57.0
2017-05-12 12:00:00,44.53,57.9
2017-05-12 13:00:00,43.05,57.9
2017-05-12 14:00:00,46.34,57.9
2017-05-12 15:00:00,45.9,57.0
2017-05-12 16:00:00,44.28,55.9
2017-05-12 17:00:00,44.56,54.0
2017-05-12 18:00:00,44.81,53.1
2017-05-12 19:00:00,55.39,52.0
2017-05-12 20:00:00,140.09,52.0
2017-05-12 21:00:00,54.44,51.1
2017-05-12 22:00:00,39.24,50.0
2017-05-12 23:00:00,37.97,50.0
2017-05-13 00:00:00,38.0,50.0
2017-05-13 01:00:00,38.06,50.0
2017-05-13 02:00:00,38.98,50.0
2017-05-13 03:00:00,38.05,50.0
2017-05-13 04:00:00,38.06,51.1
2017-05-13 05:00:00,37.96,51.1
2017-05-13 06:00:00,34.38,51.1
2017-05-13 07:00:00,30.83,52.0
2017-05-13 08:00:00,30.68,53.1
2017-05-13 09:00:00,33.04,54.0
2017-05-13 10:00:00,39.55,55.9
2017-05-13 11:00:00,38.72,55.9
2017-05-13 12:00:00,38.91,55.9
2017-05-13 13:00:00,38.8,57.0
2017-05-13 14:00:00,39.63,59.0
2017-05-13 15:00:00,38.61,59.0
2017-05-13 16:00:00,36.22,59.0
2017-05-13 17:00:00,32.06,59.0
2017-05-13 18:00:00,32.87,59.0
2017-05-13 19:00:00,43.23,57.9
2017-05-13 20:00:00,127.9,55.9
2017-05-13 21:00:00,53.19,55.0
2017-05-13 22:00:00,38.39,54.0
2017-05-13 23:00:00,37.33,53.1
2017-05-14 00:00:00,37.2,52.0
2017-05-14 01:00:00,37.03,50.0
2017-05-14 02:00:00,37.99,48.9
2017-05-14 03:00:00,37.28,48.9
2017-05-14 04:00:00,37.04,48.9
2017-05-14 05:00:00,36.58,46.9
2017-05-14 06:00:00,34.0,50.0
2017-05-14 07:00:00,31.52,53.1
2017-05-14 08:00:00,31.49,55.9
2017-05-14 09:00:00,31.83,61.0
2017-05-14 10:00:00,32.68,66.0
2017-05-14 11:00:00,31.88,73.9
2017-05-14 12:00:00,31.92,75.9
2017-05-14 13:00:00,32.81,79.0
2017-05-14 14:00:00,32.21,81.0
2017-05-14 15:00:00,32.29,79.0
2017-05-14 16:00:00,32.03,80.1
2017-05-14 17:00:00,32.65,79.0
2017-05-14 18:00:00,31.74,78.1
2017-05-14 19:00:00,41.41,77.0
2017-05-14 20:00:00,128.41,75.0
2017-05-14 21:00:00,55.98,72.0
2017-05-14 22:00:00,38.42,69.1
2017-05-14 23:00:00,39.09,64.9
2017-05-15 00:00:00,39.35,63.0
2017-05-15 01:00:00,40.39,61.0
2017-05-15 02:00:00,39.24,59.0
2017-05-15 03:00:00,39.05,57.0
2017-05-15 04:00:00,38.96,55.9
2017-05-15 05:00:00,39.32,55.0
2017-05-15 06:00:00,32.69,55.0
2017-05-15 07:00:00,40.08,57.0
2017-05-15 08:00:00,42.46,59.0
2017-05-15 09:00:00,43.93,63.0
2017-05-15 10:00:00,44.91,64.9
2017-05-15 11:00:00,44.63,66.9
2017-05-15 12:00:00,43.14,70.0
2017-05-15 13:00:00,42.68,72.0
2017-05-15 14:00:00,44.43,73.9
2017-05-15 15:00:00,44.66,75.0
2017-05-15 16:00:00,45.93,77.0
2017-05-15 17:00:00,47.08,75.9
2017-05-15 18:00:00,47.19,75.0
2017-05-15 19:00:00,53.82,73.0
2017-05-15 20:00:00,130.79,72.0
2017-05-15 21:00:00,53.08,69.1
2017-05-15 22:00:00,38.36,68.0
2017-05-15 23:00:00,38.03,64.9
2017-05-16 00:00:00,37.68,62.1
2017-05-16 01:00:00,37.35,61.0
2017-05-16 02:00:00,37.97,59.0
2017-05-16 03:00:00,37.32,57.0
2017-05-16 04:00:00,36.85,55.9
2017-05-16 05:00:00,35.88,55.9
2017-05-16 06:00:00,33.06,57.9
2017-05-16 07:00:00,37.15,60.1
2017-05-16 08:00:00,31.88,63.0
2017-05-16 09:00:00,32.28,69.1
2017-05-16 10:00:00,34.59,71.1
2017-05-16 11:00:00,37.65,73.0
2017-05-16 12:00:00,36.79,75.0
2017-05-16 13:00:00,39.68,77.0
2017-05-16 14:00:00,40.57,77.0
2017-05-16 15:00:00,33.01,77.0
2017-05-16 16:00:00,34.62,78.1
2017-05-16 17:00:00,36.82,75.9
2017-05-16 18:00:00,40.31,75.9
2017-05-16 19:00:00,47.78,73.9
2017-05-16 20:00:00,129.69,70.0
2017-05-16 21:00:00,47.76,68.0
2017-05-16 22:00:00,30.66,66.9
2017-05-16 23:00:00,32.18,66.0
2017-05-17 00:00:00,30.93,64.9
2017-05-17 01:00:00,29.82,64.0
2017-05-17 02:00:00,30.11,64.0
2017-05-17 03:00:00,29.84,63.0
2017-05-17 04:00:00,31.14,63.0
2017-05-17 05:00:00,28.94,62.1
2017-05-17 06:00:00,23.12,64.0
2017-05-17 07:00:00,24.89,66.0
2017-05-17 08:00:00,34.82,70.0
2017-05-17 09:00:00,39.42,73.9
2017-05-17 10:00:00,41.24,78.1
2017-05-17 11:00:00,47.32,82.0
2017-05-17 12:00:00,50.87,84.9
2017-05-17 13:00:00,50.19,88.0
2017-05-17 14:00:00,36.93,90.0
2017-05-17 15:00:00,35.43,91.0
2017-05-17 16:00:00,40.2,89.1
2017-05-17 17:00:00,38.58,86.0
2017-05-17 18:00:00,39.81,82.9
2017-05-17 19:00:00,44.64,81.0
2017-05-17 20:00:00,132.04,80.1
2017-05-17 21:00:00,49.74,78.1
2017-05-17 22:00:00,31.38,75.9
2017-05-17 23:00:00,31.15,75.9
2017-05-18 00:00:00,28.49,75.9
2017-05-18 01:00:00,29.28,73.9
2017-05-18 02:00:00,29.41,73.9
2017-05-18 03:00:00,28.99,72.0
2017-05-18 04:00:00,28.34,71.1
2017-05-18 05:00:00,28.43,70.0
2017-05-18 06:00:00,23.61,72.0
2017-05-18 07:00:00,29.29,72.0
2017-05-18 08:00:00,33.54,77.0
2017-05-18 09:00:00,36.83,75.9
2017-05-18 10:00:00,38.15,78.1
2017-05-18 11:00:00,40.99,81.0
2017-05-18 12:00:00,42.32,82.9
2017-05-18 13:00:00,45.19,84.0
2017-05-18 14:00:00,43.87,86.0
2017-05-18 15:00:00,51.62,86.0
2017-05-18 16:00:00,51.58,87.1
2017-05-18 17:00:00,50.49,88.0
2017-05-18 18:00:00,49.95,84.9
2017-05-18 19:00:00,56.36,84.9
2017-05-18 20:00:00,145.87,75.0
2017-05-18 21:00:00,54.35,73.0
2017-05-18 22:00:00,37.13,72.0
2017-05-18 23:00:00,34.98,71.1
2017-05-19 00:00:00,33.49,71.1
2017-05-19 01:00:00,34.1,72.0
2017-05-19 02:00:00,33.45,71.1
2017-05-19 03:00:00,32.84,72.0
2017-05-19 04:00:00,32.52,72.0
2017-05-19 05:00:00,30.2,70.0
2017-05-19 06:00:00,25.97,71.1
2017-05-19 07:00:00,41.17,75.0
2017-05-19 08:00:00,40.78,75.0
2017-05-19 09:00:00,46.05,78.1
2017-05-19 10:00:00,48.69,84.0
2017-05-19 11:00:00,49.45,89.1
2017-05-19 12:00:00,49.99,89.1
2017-05-19 13:00:00,50.37,91.0
2017-05-19 14:00:00,52.31,90.0
2017-05-19 15:00:00,51.64,89.1
2017-05-19 16:00:00,51.23,88.0
2017-05-19 17:00:00,51.12,87.1
2017-05-19 18:00:00,48.27,84.0
2017-05-19 19:00:00,46.63,80.1
2017-05-19 20:00:00,131.67,75.9
2017-05-19 21:00:00,52.78,73.9
2017-05-19 22:00:00,32.4,75.9
2017-05-19 23:00:00,34.99,73.9
2017-05-20 00:00:00,33.72,73.0
2017-05-20 01:00:00,32.18,72.0
2017-05-20 02:00:00,31.19,71.1
2017-05-20 03:00:00,32.3,71.1
2017-05-20 04:00:00,32.84,71.1
2017-05-20 05:00:00,30.3,72.0
2017-05-20 06:00:00,27.0,72.0
2017-05-20 07:00:00,24.6,71.1
2017-05-20 08:00:00,27.62,71.1
2017-05-20 09:00:00,26.58,70.0
2017-05-20 10:00:00,30.97,71.1
2017-05-20 11:00:00,30.19,69.1
2017-05-20 12:00:00,32.51,70.0
2017-05-20 13:00:00,37.48,70.0
2017-05-20 14:00:00,38.66,70.0
2017-05-20 15:00:00,36.55,70.0
2017-05-20 16:00:00,38.76,70.0
2017-05-20 17:00:00,28.21,69.1
2017-05-20 18:00:00,25.83,68.0
2017-05-20 19:00:00,26.55,66.9
2017-05-20 20:00:00,123.62,66.0
2017-05-20 21:00:00,50.03,64.9
2017-05-20 22:00:00,32.4,64.0
2017-05-20 23:00:00,32.9,62.1
2017-05-21 00:00:00,31.62,61.0
2017-05-21 01:00:00,32.11,61.0
2017-05-21 02:00:00,32.74,60.1
2017-05-21 03:00:00,31.29,60.1
2017-05-21 04:00:00,31.28,60.1
2017-05-21 05:00:00,30.1,59.0
2017-05-21 06:00:00,25.95,59.0
2017-05-21 07:00:00,23.43,59.0
2017-05-21 08:00:00,23.75,60.1
2017-05-21 09:00:00,24.49,63.0
2017-05-21 10:00:00,25.67,63.0
2017-05-21 11:00:00,24.87,64.0
2017-05-21 12:00:00,24.14,66.0
2017-05-21 13:00:00,24.55,66.0
2017-05-21 14:00:00,26.51,66.9
2017-05-21 15:00:00,25.07,68.0
2017-05-21 16:00:00,25.53,66.9
2017-05-21 17:00:00,25.09,68.0
2017-05-21 18:00:00,25.84,66.9
2017-05-21 19:00:00,24.9,66.9
2017-05-21 20:00:00,119.04,66.0
2017-05-21 21:00:00,47.55,64.9
2017-05-21 22:00:00,32.68,64.9
2017-05-21 23:00:00,32.69,64.0
2017-05-22 00:00:00,30.82,63.0
2017-05-22 01:00:00,30.96,63.0
2017-05-22 02:00:00,30.35,59.0
2017-05-22 03:00:00,31.68,59.0
2017-05-22 04:00:00,30.24,59.0
2017-05-22 05:00:00,29.17,59.0
2017-05-22 06:00:00,25.47,59.0
2017-05-22 07:00:00,30.5,60.1
2017-05-22 08:00:00,30.8,61.0
2017-05-22 09:00:00,33.58,61.0
2017-05-22 10:00:00,35.03,63.0
2017-05-22 11:00:00,39.93,63.0
2017-05-22 12:00:00,36.22,64.9
2017-05-22 13:00:00,37.72,66.9
2017-05-22 14:00:00,39.77,69.1
2017-05-22 15:00:00,35.26,70.0
2017-05-22 16:00:00,35.74,71.1
2017-05-22 17:00:00,34.34,70.0
2017-05-22 18:00:00,36.91,71.1
2017-05-22 19:00:00,34.72,70.0
2017-05-22 20:00:00,119.73,69.1
2017-05-22 21:00:00,43.79,68.0
2017-05-22 22:00:00,28.08,66.9
2017-05-22 23:00:00,26.97,66.0
2017-05-23 00:00:00,26.95,64.9
2017-05-23 01:00:00,26.87,64.9
2017-05-23 02:00:00,28.69,64.0
2017-05-23 03:00:00,26.32,63.0
2017-05-23 04:00:00,26.27,61.0
2017-05-23 05:00:00,25.32,61.0
2017-05-23 06:00:00,21.62,63.0
2017-05-23 07:00:00,28.77,63.0
2017-05-23 08:00:00,32.2,63.0
2017-05-23 09:00:00,33.72,63.0
2017-05-23 10:00:00,36.56,64.9
2017-05-23 11:00:00,51.27,66.9
2017-05-23 12:00:00,48.88,66.0
2017-05-23 13:00:00,48.25,66.9
2017-05-23 14:00:00,46.49,66.9
2017-05-23 15:00:00,44.96,66.9
2017-05-23 16:00:00,45.53,66.9
2017-05-23 17:00:00,45.14,66.0
2017-05-23 18:00:00,45.92,64.0
2017-05-23 19:00:00,46.44,62.1
2017-05-23 20:00:00,134.37,60.1
2017-05-23 21:00:00,52.99,60.1
2017-05-23 22:00:00,36.71,61.0
2017-05-23 23:00:00,37.72,61.0
2017-05-24 00:00:00,36.1,62.1
2017-05-24 01:00:00,37.5,61.0
2017-05-24 02:00:00,42.21,60.1
2017-05-24 03:00:00,37.77,59.0
2017-05-24 04:00:00,36.04,59.0
2017-05-24 05:00:00,35.68,57.9
2017-05-24 06:00:00,31.23,57.9
2017-05-24 07:00:00,37.26,59.0
2017-05-24 08:00:00,40.66,61.0
2017-05-24 09:00:00,42.92,62.1
2017-05-24 10:00:00,44.09,63.0
2017-05-24 11:00:00,45.71,64.0
2017-05-24 12:00:00,45.07,64.9
2017-05-24 13:00:00,44.63,64.0
2017-05-24 14:00:00,44.79,64.0
2017-05-24 15:00:00,44.51,64.0
2017-05-24 16:00:00,42.17,64.0
2017-05-24 17:00:00,35.78,64.9
2017-05-24 18:00:00,47.39,64.9
2017-05-24 19:00:00,47.95,64.9
2017-05-24 20:00:00,135.09,63.0
2017-05-24 21:00:00,58.18,63.0
2017-05-24 22:00:00,41.69,62.1
2017-05-24 23:00:00,42.49,59.0
2017-05-25 00:00:00,41.4,59.0
2017-05-25 01:00:00,41.01,57.9
2017-05-25 02:00:00,40.96,57.9
2017-05-25 03:00:00,41.65,57.9
2017-05-25 04:00:00,40.41,57.9
2017-05-25 05:00:00,40.21,57.9
2017-05-25 06:00:00,37.58,59.0
2017-05-25 07:00:00,43.15,60.1
2017-05-25 08:00:00,44.38,61.0
2017-05-25 09:00:00,46.46,62.1
2017-05-25 10:00:00,48.65,64.9
2017-05-25 11:00:00,47.34,66.9
2017-05-25 12:00:00,46.04,70.0
2017-05-25 13:00:00,47.0,69.1
2017-05-25 14:00:00,47.9,73.0
2017-05-25 15:00:00,50.22,73.9
2017-05-25 16:00:00,49.29,73.0
2017-05-25 17:00:00,51.09,66.9
2017-05-25 18:00:00,48.77,62.1
2017-05-25 19:00:00,46.1,63.0
2017-05-25 20:00:00,136.23,62.1
2017-05-25 21:00:00,60.41,61.0
2017-05-25 22:00:00,42.38,61.0
2017-05-25 23:00:00,42.44,61.0
2017-05-26 00:00:00,42.25,60.1
2017-05-26 01:00:00,42.98,59.0
2017-05-26 02:00:00,41.65,59.0
2017-05-26 03:00:00,41.03,57.9
2017-05-26 04:00:00,41.29,60.1
2017-05-26 05:00:00,41.92,60.1
2017-05-26 06:00:00,35.01,61.0
2017-05-26 07:00:00,40.64,64.0
2017-05-26 08:00:00,42.74,70.0
2017-05-26 09:00:00,47.03,70.0
2017-05-26 10:00:00,44.75,71.1
2017-05-26 11:00:00,44.91,71.1
2017-05-26 12:00:00,46.71,75.0
2017-05-26 13:00:00,47.67,77.0
2017-05-26 14:00:00,47.16,75.9
2017-05-26 15:00:00,46.16,75.0
2017-05-26 16:00:00,47.62,75.0
2017-05-26 17:00:00,45.34,75.0
2017-05-26 18:00:00,49.34,75.0
2017-05-26 19:00:00,45.27,73.0
2017-05-26 20:00:00,127.86,70.0
2017-05-26 21:00:00,55.39,69.1
2017-05-26 22:00:00,40.64,68.0
2017-05-26 23:00:00,39.39,66.9
2017-05-27 00:00:00,38.64,63.0
2017-05-27 01:00:00,37.87,64.0
2017-05-27 02:00:00,38.99,64.0
2017-05-27 03:00:00,38.11,63.0
2017-05-27 04:00:00,38.08,62.1
2017-05-27 05:00:00,35.96,62.1
2017-05-27 06:00:00,32.35,63.0
2017-05-27 07:00:00,30.68,64.9
2017-05-27 08:00:00,31.06,68.0
2017-05-27 09:00:00,33.01,69.1
2017-05-27 10:00:00,39.2,71.1
2017-05-27 11:00:00,37.93,71.1
2017-05-27 12:00:00,29.88,73.0
2017-05-27 13:00:00,37.34,72.0
2017-05-27 14:00:00,33.1,71.1
2017-05-27 15:00:00,38.63,72.0
2017-05-27 16:00:00,42.99,70.0
2017-05-27 17:00:00,37.43,70.0
2017-05-27 18:00:00,36.9,70.0
2017-05-27 19:00:00,35.71,69.1
2017-05-27 20:00:00,125.74,68.0
2017-05-27 21:00:00,57.45,68.0
2017-05-27 22:00:00,41.73,66.9
2017-05-27 23:00:00,42.0,66.0
2017-05-28 00:00:00,42.54,64.9
2017-05-28 01:00:00,42.26,64.0
2017-05-28 02:00:00,41.65,64.0
2017-05-28 03:00:00,41.26,63.0
2017-05-28 04:00:00,41.21,62.1
2017-05-28 05:00:00,40.22,62.1
2017-05-28 06:00:00,34.27,63.0
2017-05-28 07:00:00,34.03,64.9
2017-05-28 08:00:00,35.18,68.0
2017-05-28 09:00:00,36.15,71.1
2017-05-28 10:00:00,37.46,73.9
2017-05-28 11:00:00,38.56,73.0
2017-05-28 12:00:00,37.75,71.1
2017-05-28 13:00:00,37.21,68.0
2017-05-28 14:00:00,35.74,66.9
2017-05-28 15:00:00,36.25,68.0
2017-05-28 16:00:00,36.14,68.0
2017-05-28 17:00:00,37.28,68.0
2017-05-28 18:00:00,35.58,68.0
2017-05-28 19:00:00,34.9,68.0
2017-05-28 20:00:00,123.88,66.9
2017-05-28 21:00:00,57.01,66.9
2017-05-28 22:00:00,41.79,66.0
2017-05-28 23:00:00,41.96,66.0
2017-05-29 00:00:00,41.71,64.9
2017-05-29 01:00:00,42.77,64.9
2017-05-29 02:00:00,41.48,64.9
2017-05-29 03:00:00,41.57,64.9
2017-05-29 04:00:00,42.18,64.0
2017-05-29 05:00:00,40.93,64.0
2017-05-29 06:00:00,35.58,64.0
2017-05-29 07:00:00,34.33,64.9
2017-05-29 08:00:00,35.35,66.0
2017-05-29 09:00:00,34.74,66.9
2017-05-29 10:00:00,34.83,70.0
2017-05-29 11:00:00,38.46,73.9
2017-05-29 12:00:00,37.76,78.1
2017-05-29 13:00:00,43.3,79.0
2017-05-29 14:00:00,39.85,81.0
2017-05-29 15:00:00,43.24,84.0
2017-05-29 16:00:00,40.04,82.9
2017-05-29 17:00:00,38.45,82.0
2017-05-29 18:00:00,41.3,81.0
2017-05-29 19:00:00,38.23,78.1
2017-05-29 20:00:00,123.21,73.9
2017-05-29 21:00:00,60.0,72.0
2017-05-29 22:00:00,43.77,71.1
2017-05-29 23:00:00,43.75,70.0
2017-05-30 00:00:00,43.22,69.1
2017-05-30 01:00:00,44.31,68.0
2017-05-30 02:00:00,42.93,66.9
2017-05-30 03:00:00,42.31,66.0
2017-05-30 04:00:00,42.56,64.9
2017-05-30 05:00:00,42.81,63.0
2017-05-30 06:00:00,38.74,63.0
2017-05-30 07:00:00,42.13,63.0
2017-05-30 08:00:00,42.41,63.0
2017-05-30 09:00:00,46.25,64.0
2017-05-30 10:00:00,48.23,64.0
2017-05-30 11:00:00,48.83,64.0
2017-05-30 12:00:00,49.32,66.0
2017-05-30 13:00:00,49.28,66.9
2017-05-30 14:00:00,44.88,68.0
2017-05-30 15:00:00,42.85,69.1
2017-05-30 16:00:00,45.75,70.0
2017-05-30 17:00:00,48.32,70.0
2017-05-30 18:00:00,51.9,69.1
2017-05-30 19:00:00,47.89,69.1
2017-05-30 20:00:00,123.82,68.0
2017-05-30 21:00:00,58.89,68.0
2017-05-30 22:00:00,45.32,66.9
2017-05-30 23:00:00,43.05,66.9
2017-05-31 00:00:00,43.0,66.9
2017-05-31 01:00:00,43.01,66.9
2017-05-31 02:00:00,44.03,66.9
2017-05-31 03:00:00,42.95,66.0
2017-05-31 04:00:00,42.62,66.0
2017-05-31 05:00:00,42.22,66.0
2017-05-31 06:00:00,38.96,66.0
2017-05-31 07:00:00,44.12,69.1
2017-05-31 08:00:00,44.5,69.1
2017-05-31 09:00:00,48.62,71.1
2017-05-31 10:00:00,51.46,72.0
2017-05-31 11:00:00,53.76,73.9
2017-05-31 12:00:00,51.08,77.0
2017-05-31 13:00:00,54.82,79.0
2017-05-31 14:00:00,53.13,80.1
2017-05-31 15:00:00,53.65,77.0
2017-05-31 16:00:00,55.18,78.1
2017-05-31 17:00:00,53.65,75.9
2017-05-31 18:00:00,55.1,72.0
2017-05-31 19:00:00,49.59,69.1
2017-05-31 20:00:00,126.48,66.9
2017-05-31 21:00:00,58.12,66.9
2017-05-31 22:00:00,41.69,66.0
2017-05-31 23:00:00,41.95,66.9
2017-06-01 00:00:00,40.87,66.0
2017-06-01 01:00:00,40.88,64.0
2017-06-01 02:00:00,40.87,64.0
2017-06-01 03:00:00,41.58,63.0
2017-06-01 04:00:00,40.4,63.0
2017-06-01 05:00:00,38.86,63.0
2017-06-01 06:00:00,35.3,64.0
2017-06-01 07:00:00,37.0,68.0
2017-06-01 08:00:00,38.01,73.0
2017-06-01 09:00:00,42.52,75.0
2017-06-01 10:00:00,44.76,80.1
2017-06-01 11:00:00,46.74,82.0
2017-06-01 12:00:00,48.15,82.0
2017-06-01 13:00:00,46.18,82.9
2017-06-01 14:00:00,46.69,82.0
2017-06-01 15:00:00,50.14,84.0
2017-06-01 16:00:00,47.28,82.0
2017-06-01 17:00:00,47.83,82.9
2017-06-01 18:00:00,49.41,81.0
2017-06-01 19:00:00,54.78,79.0
2017-06-01 20:00:00,127.18,77.0
2017-06-01 21:00:00,60.77,73.9
2017-06-01 22:00:00,43.84,73.0
2017-06-01 23:00:00,43.91,72.0
2017-06-02 00:00:00,42.43,70.0
2017-06-02 01:00:00,42.48,69.1
2017-06-02 02:00:00,42.62,66.9
2017-06-02 03:00:00,42.54,64.9
2017-06-02 04:00:00,41.6,64.0
2017-06-02 05:00:00,39.66,62.1
2017-06-02 06:00:00,34.92,64.0
2017-06-02 07:00:00,42.05,68.0
2017-06-02 08:00:00,41.82,71.1
2017-06-02 09:00:00,42.04,78.1
2017-06-02 10:00:00,42.06,80.1
2017-06-02 11:00:00,40.75,81.0
2017-06-02 12:00:00,44.41,81.0
2017-06-02 13:00:00,42.53,80.1
2017-06-02 14:00:00,43.24,81.0
2017-06-02 15:00:00,42.19,82.0
2017-06-02 16:00:00,41.36,82.9
2017-06-02 17:00:00,39.55,81.0
2017-06-02 18:00:00,40.01,80.1
2017-06-02 19:00:00,38.37,78.1
2017-06-02 20:00:00,117.38,75.0
2017-06-02 21:00:00,56.75,71.1
2017-06-02 22:00:00,42.84,71.1
2017-06-02 23:00:00,41.82,68.0
2017-06-03 00:00:00,42.57,68.0
2017-06-03 01:00:00,40.81,64.9
2017-06-03 02:00:00,40.4,62.1
2017-06-03 03:00:00,40.47,62.1
2017-06-03 04:00:00,41.29,62.1
2017-06-03 05:00:00,38.69,62.1
2017-06-03 06:00:00,34.53,64.0
2017-06-03 07:00:00,34.58,66.9
2017-06-03 08:00:00,36.79,73.0
2017-06-03 09:00:00,38.37,77.0
2017-06-03 10:00:00,45.16,80.1
2017-06-03 11:00:00,45.47,82.0
2017-06-03 12:00:00,45.7,81.0
2017-06-03 13:00:00,48.17,81.0
2017-06-03 14:00:00,48.39,82.9
2017-06-03 15:00:00,50.7,84.9
2017-06-03 16:00:00,56.06,84.0
2017-06-03 17:00:00,54.07,84.0
2017-06-03 18:00:00,42.6,82.9
2017-06-03 19:00:00,42.59,75.0
2017-06-03 20:00:00,116.02,72.0
2017-06-03 21:00:00,64.11,71.1
2017-06-03 22:00:00,44.97,69.1
2017-06-03 23:00:00,45.89,69.1
2017-06-04 00:00:00,44.19,68.0
2017-06-04 01:00:00,44.33,66.9
2017-06-04 02:00:00,43.95,64.0
2017-06-04 03:00:00,43.2,64.9
2017-06-04 04:00:00,43.27,63.0
2017-06-04 05:00:00,40.94,62.1
2017-06-04 06:00:00,37.26,64.9
2017-06-04 07:00:00,37.46,68.0
2017-06-04 08:00:00,37.78,70.0
2017-06-04 09:00:00,37.09,73.0
2017-06-04 10:00:00,41.55,75.9
2017-06-04 11:00:00,40.81,79.0
2017-06-04 12:00:00,43.55,82.0
2017-06-04 13:00:00,43.16,84.0
2017-06-04 14:00:00,44.26,86.0
2017-06-04 15:00:00,45.03,86.0
2017-06-04 16:00:00,47.65,84.9
2017-06-04 17:00:00,42.48,84.9
2017-06-04 18:00:00,46.61,84.0
2017-06-04 19:00:00,44.23,81.0
2017-06-04 20:00:00,122.47,79.0
2017-06-04 21:00:00,64.1,77.0
2017-06-04 22:00:00,49.83,75.0
2017-06-04 23:00:00,47.01,77.0
2017-06-05 00:00:00,47.59,75.9
2017-06-05 01:00:00,44.17,75.0
2017-06-05 02:00:00,47.0,73.9
2017-06-05 03:00:00,45.73,73.0
2017-06-05 04:00:00,45.74,72.0
2017-06-05 05:00:00,43.02,72.0
2017-06-05 06:00:00,40.03,72.0
2017-06-05 07:00:00,49.42,73.0
2017-06-05 08:00:00,49.95,73.0
2017-06-05 09:00:00,54.02,73.9
2017-06-05 10:00:00,54.66,73.9
2017-06-05 11:00:00,54.25,75.0
2017-06-05 12:00:00,56.78,75.9
2017-06-05 13:00:00,54.93,75.9
2017-06-05 14:00:00,53.04,72.0
2017-06-05 15:00:00,54.25,73.9
2017-06-05 16:00:00,53.58,73.9
2017-06-05 17:00:00,52.73,73.9
2017-06-05 18:00:00,52.21,73.0
2017-06-05 19:00:00,52.52,73.0
2017-06-05 20:00:00,118.07,73.0
2017-06-05 21:00:00,59.83,73.0
2017-06-05 22:00:00,42.58,72.0
2017-06-05 23:00:00,44.47,70.0
2017-06-06 00:00:00,42.46,70.0
2017-06-06 01:00:00,43.27,69.1
2017-06-06 02:00:00,42.72,68.0
2017-06-06 03:00:00,42.26,66.9
2017-06-06 04:00:00,42.35,66.9
2017-06-06 05:00:00,40.4,66.9
2017-06-06 06:00:00,34.13,66.9
2017-06-06 07:00:00,41.02,69.1
2017-06-06 08:00:00,46.65,71.1
2017-06-06 09:00:00,50.42,72.0
2017-06-06 10:00:00,50.68,75.0
2017-06-06 11:00:00,53.74,75.9
2017-06-06 12:00:00,50.71,77.0
2017-06-06 13:00:00,55.42,77.0
2017-06-06 14:00:00,48.05,75.9
2017-06-06 15:00:00,42.81,75.9
2017-06-06 16:00:00,44.67,75.0
2017-06-06 17:00:00,45.47,75.9
2017-06-06 18:00:00,44.3,75.9
2017-06-06 19:00:00,49.62,73.9
2017-06-06 20:00:00,122.49,71.1
2017-06-06 21:00:00,58.85,70.0
2017-06-06 22:00:00,44.68,69.1
2017-06-06 23:00:00,43.49,68.0
2017-06-07 00:00:00,41.92,64.9
2017-06-07 01:00:00,41.95,64.0
2017-06-07 02:00:00,42.21,63.0
2017-06-07 03:00:00,42.89,63.0
2017-06-07 04:00:00,42.09,63.0
2017-06-07 05:00:00,40.8,63.0
2017-06-07 06:00:00,35.69,63.0
2017-06-07 07:00:00,42.37,64.9
2017-06-07 08:00:00,42.98,64.9
2017-06-07 09:00:00,47.13,64.9
2017-06-07 10:00:00,48.01,64.9
2017-06-07 11:00:00,49.95,66.0
2017-06-07 12:00:00,51.05,66.9
2017-06-07 13:00:00,39.23,66.9
2017-06-07 14:00:00,35.33,66.9
2017-06-07 15:00:00,35.39,66.0
2017-06-07 16:00:00,36.49,68.0
2017-06-07 17:00:00,34.78,66.0
2017-06-07 18:00:00,35.43,66.0
2017-06-07 19:00:00,34.65,64.9
2017-06-07 20:00:00,102.53,64.0
2017-06-07 21:00:00,44.84,63.0
2017-06-07 22:00:00,29.2,62.1
2017-06-07 23:00:00,30.14,62.1
2017-06-08 00:00:00,28.93,60.1
2017-06-08 01:00:00,29.2,57.9
2017-06-08 02:00:00,28.65,57.9
2017-06-08 03:00:00,29.69,57.0
2017-06-08 04:00:00,28.64,57.0
2017-06-08 05:00:00,26.29,55.9
2017-06-08 06:00:00,21.51,57.9
2017-06-08 07:00:00,28.22,62.1
2017-06-08 08:00:00,30.86,64.0
2017-06-08 09:00:00,34.71,66.0
2017-06-08 10:00:00,34.14,66.9
2017-06-08 11:00:00,34.51,71.1
2017-06-08 12:00:00,33.59,71.1
2017-06-08 13:00:00,35.29,73.0
2017-06-08 14:00:00,33.23,73.9
2017-06-08 15:00:00,35.8,75.0
2017-06-08 16:00:00,37.52,73.9
2017-06-08 17:00:00,34.57,73.9
2017-06-08 18:00:00,35.5,73.0
2017-06-08 19:00:00,36.51,71.1
2017-06-08 20:00:00,107.0,69.1
2017-06-08 21:00:00,44.68,66.0
2017-06-08 22:00:00,27.4,64.0
2017-06-08 23:00:00,27.52,62.1
2017-06-09 00:00:00,28.18,63.0
2017-06-09 01:00:00,27.26,62.1
2017-06-09 02:00:00,27.22,61.0
2017-06-09 03:00:00,27.21,60.1
2017-06-09 04:00:00,28.16,60.1
2017-06-09 05:00:00,25.6,61.0
2017-06-09 06:00:00,21.72,62.1
2017-06-09 07:00:00,31.26,66.9
2017-06-09 08:00:00,33.12,72.0
2017-06-09 09:00:00,35.87,75.0
2017-06-09 10:00:00,37.24,77.0
2017-06-09 11:00:00,41.12,79.0
2017-06-09 12:00:00,36.98,79.0
2017-06-09 13:00:00,40.77,80.1
2017-06-09 14:00:00,39.21,82.0
2017-06-09 15:00:00,38.79,82.9
2017-06-09 16:00:00,40.88,82.0
2017-06-09 17:00:00,38.97,81.0
2017-06-09 18:00:00,41.52,81.0
2017-06-09 19:00:00,36.28,80.1
2017-06-09 20:00:00,103.09,78.1
2017-06-09 21:00:00,44.29,75.0
2017-06-09 22:00:00,27.45,73.0
2017-06-09 23:00:00,27.72,71.1
2017-06-10 00:00:00,25.7,70.0
2017-06-10 01:00:00,25.88,69.1
2017-06-10 02:00:00,26.68,69.1
2017-06-10 03:00:00,25.22,68.0
2017-06-10 04:00:00,25.55,64.9
2017-06-10 05:00:00,23.14,66.0
2017-06-10 06:00:00,19.91,66.9
2017-06-10 07:00:00,21.61,69.1
2017-06-10 08:00:00,20.26,72.0
2017-06-10 09:00:00,31.12,75.0
2017-06-10 10:00:00,44.25,79.0
2017-06-10 11:00:00,49.13,82.9
2017-06-10 12:00:00,45.62,84.9
2017-06-10 13:00:00,49.96,86.0
2017-06-10 14:00:00,48.78,86.0
2017-06-10 15:00:00,52.21,86.0
2017-06-10 16:00:00,51.7,86.0
2017-06-10 17:00:00,47.11,84.9
2017-06-10 18:00:00,49.37,84.9
2017-06-10 19:00:00,42.02,82.9
2017-06-10 20:00:00,112.91,81.0
2017-06-10 21:00:00,62.56,78.1
2017-06-10 22:00:00,47.72,77.0
2017-06-10 23:00:00,45.36,75.0
2017-06-11 00:00:00,46.55,75.0
2017-06-11 01:00:00,43.47,73.0
2017-06-11 02:00:00,45.43,73.0
2017-06-11 03:00:00,43.82,73.0
2017-06-11 04:00:00,44.66,73.0
2017-06-11 05:00:00,40.39,71.1
2017-06-11 06:00:00,36.4,73.0
2017-06-11 07:00:00,38.28,75.0
2017-06-11 08:00:00,42.23,75.9
2017-06-11 09:00:00,40.97,81.0
2017-06-11 10:00:00,45.88,89.1
2017-06-11 11:00:00,45.74,91.0
2017-06-11 12:00:00,46.04,91.0
2017-06-11 13:00:00,45.44,91.0
2017-06-11 14:00:00,50.63,91.9
2017-06-11 15:00:00,48.48,91.9
2017-06-11 16:00:00,49.26,91.9
2017-06-11 17:00:00,48.16,90.0
2017-06-11 18:00:00,46.85,90.0
2017-06-11 19:00:00,46.69,86.0
2017-06-11 20:00:00,117.27,82.9
2017-06-11 21:00:00,63.13,81.0
2017-06-11 22:00:00,48.94,80.1
2017-06-11 23:00:00,45.42,78.1
2017-06-12 00:00:00,46.42,78.1
2017-06-12 01:00:00,47.26,77.0
2017-06-12 02:00:00,43.42,75.9
2017-06-12 03:00:00,44.67,75.9
2017-06-12 04:00:00,43.86,75.9
2017-06-12 05:00:00,43.14,73.9
2017-06-12 06:00:00,37.24,75.9
2017-06-12 07:00:00,48.99,78.1
2017-06-12 08:00:00,55.26,80.1
2017-06-12 09:00:00,59.48,84.0
2017-06-12 10:00:00,62.5,91.0
2017-06-12 11:00:00,64.03,91.9
2017-06-12 12:00:00,64.03,93.0
2017-06-12 13:00:00,63.56,90.0
2017-06-12 14:00:00,64.78,95.0
2017-06-12 15:00:00,63.02,91.9
2017-06-12 16:00:00,63.86,91.9
2017-06-12 17:00:00,63.77,91.0
2017-06-12 18:00:00,65.15,91.0
2017-06-12 19:00:00,60.62,88.0
2017-06-12 20:00:00,119.65,82.9
2017-06-12 21:00:00,67.93,82.0
2017-06-12 22:00:00,50.71,80.1
2017-06-12 23:00:00,50.38,79.0
2017-06-13 00:00:00,50.75,78.1
2017-06-13 01:00:00,47.58,78.1
2017-06-13 02:00:00,48.92,77.0
2017-06-13 03:00:00,47.97,77.0
2017-06-13 04:00:00,45.49,75.9
2017-06-13 05:00:00,44.86,75.0
2017-06-13 06:00:00,42.76,75.9
2017-06-13 07:00:00,55.02,78.1
2017-06-13 08:00:00,57.91,81.0
2017-06-13 09:00:00,60.66,84.9
2017-06-13 10:00:00,61.93,91.0
2017-06-13 11:00:00,63.69,91.9
2017-06-13 12:00:00,66.21,91.0
2017-06-13 13:00:00,67.75,93.0
2017-06-13 14:00:00,65.7,93.9
2017-06-13 15:00:00,66.75,91.9
2017-06-13 16:00:00,67.17,90.0
2017-06-13 17:00:00,66.86,90.0
2017-06-13 18:00:00,64.58,91.0
2017-06-13 19:00:00,62.55,89.1
2017-06-13 20:00:00,129.44,88.0
2017-06-13 21:00:00,73.29,86.0
2017-06-13 22:00:00,57.45,84.0
2017-06-13 23:00:00,56.84,81.0
2017-06-14 00:00:00,54.43,81.0
2017-06-14 01:00:00,53.16,80.1
2017-06-14 02:00:00,52.84,79.0
2017-06-14 03:00:00,51.2,80.1
2017-06-14 04:00:00,49.59,79.0
2017-06-14 05:00:00,44.35,78.1
2017-06-14 06:00:00,42.11,79.0
2017-06-14 07:00:00,45.88,81.0
2017-06-14 08:00:00,51.43,82.9
2017-06-14 09:00:00,60.88,86.0
2017-06-14 10:00:00,60.5,88.0
2017-06-14 11:00:00,62.15,89.1
2017-06-14 12:00:00,62.62,89.1
2017-06-14 13:00:00,63.21,89.1
2017-06-14 14:00:00,62.45,89.1
2017-06-14 15:00:00,62.07,87.1
2017-06-14 16:00:00,62.46,88.0
2017-06-14 17:00:00,62.21,86.0
2017-06-14 18:00:00,63.58,86.0
2017-06-14 19:00:00,61.27,82.9
2017-06-14 20:00:00,118.65,81.0
2017-06-14 21:00:00,66.76,80.1
2017-06-14 22:00:00,47.27,78.1
2017-06-14 23:00:00,50.68,75.9
2017-06-15 00:00:00,45.19,75.0
2017-06-15 01:00:00,45.78,73.9
2017-06-15 02:00:00,45.43,73.0
2017-06-15 03:00:00,42.76,73.0
2017-06-15 04:00:00,45.98,73.0
2017-06-15 05:00:00,41.11,72.0
2017-06-15 06:00:00,36.58,72.0
2017-06-15 07:00:00,42.67,73.0
2017-06-15 08:00:00,48.18,75.9
2017-06-15 09:00:00,53.02,78.1
2017-06-15 10:00:00,53.61,81.0
2017-06-15 11:00:00,56.03,82.9
2017-06-15 12:00:00,61.92,84.0
2017-06-15 13:00:00,58.69,84.9
2017-06-15 14:00:00,60.22,84.0
2017-06-15 15:00:00,60.26,84.0
2017-06-15 16:00:00,61.44,84.0
2017-06-15 17:00:00,59.83,82.9
2017-06-15 18:00:00,60.8,82.0
2017-06-15 19:00:00,58.0,79.0
2017-06-15 20:00:00,125.33,78.1
2017-06-15 21:00:00,64.77,75.9
2017-06-15 22:00:00,49.22,75.0
2017-06-15 23:00:00,43.94,73.9
2017-06-16 00:00:00,45.4,72.0
2017-06-16 01:00:00,44.74,71.1
2017-06-16 02:00:00,43.36,70.0
2017-06-16 03:00:00,45.84,71.1
2017-06-16 04:00:00,43.01,71.1
2017-06-16 05:00:00,44.22,71.1
2017-06-16 06:00:00,37.32,71.1
2017-06-16 07:00:00,50.27,72.0
2017-06-16 08:00:00,50.88,73.9
2017-06-16 09:00:00,52.09,75.0
2017-06-16 10:00:00,53.4,75.9
2017-06-16 11:00:00,53.22,78.1
2017-06-16 12:00:00,60.13,80.1
2017-06-16 13:00:00,61.76,82.9
2017-06-16 14:00:00,67.01,82.9
2017-06-16 15:00:00,68.43,82.9
2017-06-16 16:00:00,60.76,84.0
2017-06-16 17:00:00,56.23,82.9
2017-06-16 18:00:00,51.54,82.9
2017-06-16 19:00:00,51.78,82.0
2017-06-16 20:00:00,117.52,78.1
2017-06-16 21:00:00,65.2,73.9
2017-06-16 22:00:00,46.18,75.0
2017-06-16 23:00:00,47.21,73.9
2017-06-17 00:00:00,47.16,73.9
2017-06-17 01:00:00,47.32,73.9
2017-06-17 02:00:00,46.11,73.9
2017-06-17 03:00:00,44.71,73.9
2017-06-17 04:00:00,44.29,73.9
2017-06-17 05:00:00,44.66,73.9
2017-06-17 06:00:00,39.75,73.9
2017-06-17 07:00:00,39.6,73.9
2017-06-17 08:00:00,41.11,75.0
2017-06-17 09:00:00,42.21,75.0
2017-06-17 10:00:00,51.12,75.9
2017-06-17 11:00:00,57.83,79.0
2017-06-17 12:00:00,59.81,82.0
2017-06-17 13:00:00,65.8,84.0
2017-06-17 14:00:00,65.23,86.0
2017-06-17 15:00:00,62.17,84.9
2017-06-17 16:00:00,65.02,86.0
2017-06-17 17:00:00,63.88,87.1
2017-06-17 18:00:00,52.4,84.9
2017-06-17 19:00:00,50.56,82.9
2017-06-17 20:00:00,116.59,81.0
2017-06-17 21:00:00,67.26,79.0
2017-06-17 22:00:00,50.82,78.1
2017-06-17 23:00:00,50.1,77.0
2017-06-18 00:00:00,48.0,77.0
2017-06-18 01:00:00,48.33,77.0
2017-06-18 02:00:00,50.39,77.0
2017-06-18 03:00:00,48.83,75.9
2017-06-18 04:00:00,47.85,77.0
2017-06-18 05:00:00,48.49,77.0
2017-06-18 06:00:00,43.02,77.0
2017-06-18 07:00:00,44.24,78.1
2017-06-18 08:00:00,45.6,79.0
2017-06-18 09:00:00,49.01,82.0
2017-06-18 10:00:00,49.89,84.0
2017-06-18 11:00:00,53.68,86.0
2017-06-18 12:00:00,54.29,89.1
2017-06-18 13:00:00,56.71,89.1
2017-06-18 14:00:00,55.95,91.0
2017-06-18 15:00:00,56.65,91.0
2017-06-18 16:00:00,57.64,91.0
2017-06-18 17:00:00,57.05,89.1
2017-06-18 18:00:00,55.27,89.1
2017-06-18 19:00:00,53.18,88.0
2017-06-18 20:00:00,113.91,86.0
2017-06-18 21:00:00,67.36,84.9
2017-06-18 22:00:00,51.4,84.0
2017-06-18 23:00:00,51.36,84.0
2017-06-19 00:00:00,47.22,82.9
2017-06-19 01:00:00,51.65,82.9
2017-06-19 02:00:00,46.23,82.0
2017-06-19 03:00:00,49.62,81.0
2017-06-19 04:00:00,46.5,80.1
2017-06-19 05:00:00,46.75,80.1
2017-06-19 06:00:00,44.77,80.1
2017-06-19 07:00:00,55.99,81.0
2017-06-19 08:00:00,59.37,81.0
2017-06-19 09:00:00,65.23,82.9
2017-06-19 10:00:00,69.5,82.9
2017-06-19 11:00:00,69.6,86.0
2017-06-19 12:00:00,71.15,88.0
2017-06-19 13:00:00,72.65,88.0
2017-06-19 14:00:00,71.87,88.0
2017-06-19 15:00:00,69.28,72.0
2017-06-19 16:00:00,65.99,73.9
2017-06-19 17:00:00,60.3,75.9
2017-06-19 18:00:00,62.83,75.9
2017-06-19 19:00:00,63.48,77.0
2017-06-19 20:00:00,129.41,75.9
2017-06-19 21:00:00,66.68,75.0
2017-06-19 22:00:00,50.03,73.9
2017-06-19 23:00:00,48.77,73.9
2017-06-20 00:00:00,47.04,73.9
2017-06-20 01:00:00,46.69,72.0
2017-06-20 02:00:00,46.64,72.0
2017-06-20 03:00:00,47.12,72.0
2017-06-20 04:00:00,45.18,71.1
2017-06-20 05:00:00,42.63,70.0
2017-06-20 06:00:00,37.22,71.1
2017-06-20 07:00:00,55.84,73.9
2017-06-20 08:00:00,58.64,77.0
2017-06-20 09:00:00,62.73,80.1
2017-06-20 10:00:00,64.66,82.0
2017-06-20 11:00:00,62.68,84.0
2017-06-20 12:00:00,65.17,86.0
2017-06-20 13:00:00,67.1,84.9
2017-06-20 14:00:00,63.84,87.1
2017-06-20 15:00:00,63.83,87.1
2017-06-20 16:00:00,66.27,84.9
2017-06-20 17:00:00,64.58,84.0
2017-06-20 18:00:00,66.68,82.9
2017-06-20 19:00:00,65.05,82.0
2017-06-20 20:00:00,127.93,80.1
2017-06-20 21:00:00,63.87,78.1
2017-06-20 22:00:00,49.92,77.0
2017-06-20 23:00:00,47.49,77.0
2017-06-21 00:00:00,29.42,75.0
2017-06-21 01:00:00,30.14,75.0
2017-06-21 02:00:00,30.93,73.0
2017-06-21 03:00:00,28.05,72.0
2017-06-21 04:00:00,29.06,72.0
2017-06-21 05:00:00,27.4,71.1
2017-06-21 06:00:00,24.75,72.0
2017-06-21 07:00:00,39.67,73.9
2017-06-21 08:00:00,39.56,77.0
2017-06-21 09:00:00,47.67,80.1
2017-06-21 10:00:00,49.45,82.0
2017-06-21 11:00:00,51.39,84.0
2017-06-21 12:00:00,50.31,86.0
2017-06-21 13:00:00,46.23,86.0
2017-06-21 14:00:00,47.79,89.1
2017-06-21 15:00:00,48.14,87.1
2017-06-21 16:00:00,45.76,86.0
2017-06-21 17:00:00,47.8,86.0
2017-06-21 18:00:00,47.87,86.0
2017-06-21 19:00:00,43.02,84.9
2017-06-21 20:00:00,42.12,82.9
2017-06-21 21:00:00,37.01,82.0
2017-06-21 22:00:00,38.98,81.0
2017-06-21 23:00:00,35.26,81.0
2017-06-22 00:00:00,15.43,80.1
2017-06-22 01:00:00,15.46,79.0
2017-06-22 02:00:00,15.42,78.1
2017-06-22 03:00:00,15.43,77.0
2017-06-22 04:00:00,15.44,75.9
2017-06-22 05:00:00,15.43,75.9
2017-06-22 06:00:00,15.34,77.0
2017-06-22 07:00:00,15.16,79.0
2017-06-22 08:00:00,15.01,80.1
2017-06-22 09:00:00,14.98,82.9
2017-06-22 10:00:00,15.05,84.0
2017-06-22 11:00:00,15.03,86.0
2017-06-22 12:00:00,15.02,87.1
2017-06-22 13:00:00,14.99,87.1
2017-06-22 14:00:00,15.01,88.0
2017-06-22 15:00:00,14.98,88.0
2017-06-22 16:00:00,15.0,87.1
2017-06-22 17:00:00,15.0,87.1
2017-06-22 18:00:00,14.97,87.1
2017-06-22 19:00:00,15.13,84.0
2017-06-22 20:00:00,15.28,84.0
2017-06-22 21:00:00,15.5,82.0
2017-06-22 22:00:00,15.52,81.0
2017-06-22 23:00:00,15.52,80.1
2017-06-23 00:00:00,50.64,79.0
2017-06-23 01:00:00,50.32,79.0
2017-06-23 02:00:00,51.32,79.0
2017-06-23 03:00:00,47.73,78.1
2017-06-23 04:00:00,49.02,78.1
2017-06-23 05:00:00,45.72,77.0
2017-06-23 06:00:00,41.46,73.0
2017-06-23 07:00:00,51.92,73.9
2017-06-23 08:00:00,56.33,75.0
2017-06-23 09:00:00,60.17,78.1
2017-06-23 10:00:00,62.72,82.0
2017-06-23 11:00:00,67.21,86.0
2017-06-23 12:00:00,68.55,88.0
2017-06-23 13:00:00,69.36,86.0
2017-06-23 14:00:00,67.69,87.1
2017-06-23 15:00:00,68.58,84.0
2017-06-23 16:00:00,66.52,84.0
2017-06-23 17:00:00,68.69,86.0
2017-06-23 18:00:00,67.29,87.1
2017-06-23 19:00:00,62.57,86.0
2017-06-23 20:00:00,121.31,84.9
2017-06-23 21:00:00,75.0,84.0
2017-06-23 22:00:00,54.79,84.0
2017-06-23 23:00:00,53.18,84.0
2017-06-24 00:00:00,50.28,84.0
2017-06-24 01:00:00,53.4,82.9
2017-06-24 02:00:00,49.13,79.0
2017-06-24 03:00:00,50.59,80.1
2017-06-24 04:00:00,49.41,79.0
2017-06-24 05:00:00,46.94,73.9
2017-06-24 06:00:00,39.84,73.9
2017-06-24 07:00:00,39.66,75.9
2017-06-24 08:00:00,41.17,80.1
2017-06-24 09:00:00,47.57,80.1
2017-06-24 10:00:00,47.39,82.0
2017-06-24 11:00:00,56.67,84.9
2017-06-24 12:00:00,58.56,86.0
2017-06-24 13:00:00,59.5,87.1
2017-06-24 14:00:00,51.5,89.1
2017-06-24 15:00:00,54.69,88.0
2017-06-24 16:00:00,48.92,88.0
2017-06-24 17:00:00,47.5,86.0
2017-06-24 18:00:00,45.39,86.0
2017-06-24 19:00:00,45.55,84.0
2017-06-24 20:00:00,104.69,82.0
2017-06-24 21:00:00,60.35,81.0
2017-06-24 22:00:00,46.04,80.1
2017-06-24 23:00:00,43.13,77.0
2017-06-25 00:00:00,43.91,73.9
2017-06-25 01:00:00,42.86,79.0
2017-06-25 02:00:00,45.01,77.0
2017-06-25 03:00:00,43.8,73.0
2017-06-25 04:00:00,42.08,73.0
2017-06-25 05:00:00,43.63,72.0
2017-06-25 06:00:00,37.41,75.0
2017-06-25 07:00:00,39.53,77.0
2017-06-25 08:00:00,38.51,78.1
2017-06-25 09:00:00,42.01,79.0
2017-06-25 10:00:00,42.66,82.0
2017-06-25 11:00:00,44.4,82.9
2017-06-25 12:00:00,43.81,84.9
2017-06-25 13:00:00,45.45,84.0
2017-06-25 14:00:00,44.12,87.1
2017-06-25 15:00:00,44.69,87.1
2017-06-25 16:00:00,45.29,87.1
2017-06-25 17:00:00,45.53,84.9
2017-06-25 18:00:00,45.43,84.0
2017-06-25 19:00:00,41.63,82.0
2017-06-25 20:00:00,104.44,79.0
2017-06-25 21:00:00,63.03,78.1
2017-06-25 22:00:00,45.1,75.9
2017-06-25 23:00:00,43.14,75.9
2017-06-26 00:00:00,42.0,75.0
2017-06-26 01:00:00,43.31,72.0
2017-06-26 02:00:00,41.99,73.0
2017-06-26 03:00:00,42.34,72.0
2017-06-26 04:00:00,42.43,70.0
2017-06-26 05:00:00,38.32,69.1
2017-06-26 06:00:00,37.35,69.1
2017-06-26 07:00:00,48.6,73.0
2017-06-26 08:00:00,54.33,77.0
2017-06-26 09:00:00,56.14,78.1
2017-06-26 10:00:00,57.08,79.0
2017-06-26 11:00:00,56.33,80.1
2017-06-26 12:00:00,58.33,81.0
2017-06-26 13:00:00,60.33,81.0
2017-06-26 14:00:00,60.85,82.0
2017-06-26 15:00:00,60.91,84.0
2017-06-26 16:00:00,61.89,82.9
2017-06-26 17:00:00,57.6,82.9
2017-06-26 18:00:00,60.01,80.1
2017-06-26 19:00:00,60.43,79.0
2017-06-26 20:00:00,110.89,78.1
2017-06-26 21:00:00,63.45,75.9
2017-06-26 22:00:00,45.88,75.0
2017-06-26 23:00:00,43.58,75.0
2017-06-27 00:00:00,43.56,75.0
2017-06-27 01:00:00,43.55,72.0
2017-06-27 02:00:00,43.53,71.1
2017-06-27 03:00:00,43.52,70.0
2017-06-27 04:00:00,43.5,68.0
2017-06-27 05:00:00,43.48,70.0
2017-06-27 06:00:00,43.18,69.1
2017-06-27 07:00:00,43.18,72.0
2017-06-27 08:00:00,43.18,75.0
2017-06-27 09:00:00,43.18,75.9
2017-06-27 10:00:00,43.18,78.1
2017-06-27 11:00:00,43.18,79.0
2017-06-27 12:00:00,43.18,80.1
2017-06-27 13:00:00,43.18,78.1
2017-06-27 14:00:00,43.18,81.0
2017-06-27 15:00:00,43.18,73.9
2017-06-27 16:00:00,43.18,78.1
2017-06-27 17:00:00,43.18,79.0
2017-06-27 18:00:00,43.18,80.1
2017-06-27 19:00:00,43.18,77.0
2017-06-27 20:00:00,43.18,75.0
2017-06-27 21:00:00,43.18,73.0
2017-06-27 22:00:00,43.18,71.1
2017-06-27 23:00:00,43.18,69.1
2017-06-28 00:00:00,43.18,66.9
2017-06-28 01:00:00,42.02,66.9
2017-06-28 02:00:00,42.11,64.9
2017-06-28 03:00:00,43.35,66.0
2017-06-28 04:00:00,41.57,63.0
2017-06-28 05:00:00,39.46,62.1
2017-06-28 06:00:00,35.24,63.0
2017-06-28 07:00:00,48.92,68.0
2017-06-28 08:00:00,50.01,70.0
2017-06-28 09:00:00,53.37,73.0
2017-06-28 10:00:00,53.68,75.9
2017-06-28 11:00:00,52.19,77.0
2017-06-28 12:00:00,55.73,79.0
2017-06-28 13:00:00,53.58,80.1
2017-06-28 14:00:00,60.11,81.0
2017-06-28 15:00:00,58.05,82.0
2017-06-28 16:00:00,61.15,82.0
2017-06-28 17:00:00,58.91,81.0
2017-06-28 18:00:00,57.5,79.0
2017-06-28 19:00:00,53.97,77.0
2017-06-28 20:00:00,115.22,75.9
2017-06-28 21:00:00,63.45,73.9
2017-06-28 22:00:00,42.31,73.0
2017-06-28 23:00:00,42.69,71.1
2017-06-29 00:00:00,42.8,70.0
2017-06-29 01:00:00,41.19,69.1
2017-06-29 02:00:00,41.83,69.1
2017-06-29 03:00:00,39.57,68.0
2017-06-29 04:00:00,39.97,66.9
2017-06-29 05:00:00,40.29,66.0
2017-06-29 06:00:00,37.85,68.0
2017-06-29 07:00:00,49.46,70.0
2017-06-29 08:00:00,52.3,73.9
2017-06-29 09:00:00,54.52,78.1
2017-06-29 10:00:00,58.77,80.1
2017-06-29 11:00:00,62.54,82.9
2017-06-29 12:00:00,62.37,84.9
2017-06-29 13:00:00,66.78,87.1
2017-06-29 14:00:00,64.58,88.0
2017-06-29 15:00:00,68.95,89.1
2017-06-29 16:00:00,69.3,90.0
2017-06-29 17:00:00,68.59,88.0
2017-06-29 18:00:00,63.99,86.0
2017-06-29 19:00:00,53.67,84.9
2017-06-29 20:00:00,116.3,82.9
2017-06-29 21:00:00,67.76,82.0
2017-06-29 22:00:00,51.44,81.0
2017-06-29 23:00:00,47.48,79.0
2017-06-30 00:00:00,49.24,78.1
2017-06-30 01:00:00,47.21,77.0
2017-06-30 02:00:00,47.71,75.9
2017-06-30 03:00:00,44.85,75.0
2017-06-30 04:00:00,47.3,73.9
2017-06-30 05:00:00,44.22,73.0
2017-06-30 06:00:00,39.95,73.0
2017-06-30 07:00:00,50.84,75.9
2017-06-30 08:00:00,55.74,78.1
2017-06-30 09:00:00,59.66,79.0
2017-06-30 10:00:00,63.16,82.9
2017-06-30 11:00:00,64.98,87.1
2017-06-30 12:00:00,68.16,89.1
2017-06-30 13:00:00,69.75,91.9
2017-06-30 14:00:00,74.05,93.9
2017-06-30 15:00:00,71.58,91.0
2017-06-30 16:00:00,71.39,90.0
2017-06-30 17:00:00,70.0,90.0
2017-06-30 18:00:00,66.52,89.1
2017-06-30 19:00:00,66.73,84.9
2017-06-30 20:00:00,125.36,84.9
2017-06-30 21:00:00,71.84,84.0
2017-06-30 22:00:00,52.66,82.0
2017-06-30 23:00:00,54.46,81.0
2017-07-01 00:00:00,51.75,81.0
2017-07-01 01:00:00,52.74,80.1
2017-07-01 02:00:00,50.17,79.0
2017-07-01 03:00:00,52.13,77.0
2017-07-01 04:00:00,48.39,78.1
2017-07-01 05:00:00,48.91,77.0
2017-07-01 06:00:00,43.95,78.1
2017-07-01 07:00:00,43.07,78.1
2017-07-01 08:00:00,47.3,80.1
2017-07-01 09:00:00,49.58,82.0
2017-07-01 10:00:00,56.97,82.9
2017-07-01 11:00:00,58.79,87.1
2017-07-01 12:00:00,62.73,87.1
2017-07-01 13:00:00,62.0,89.1
2017-07-01 14:00:00,62.81,91.0
2017-07-01 15:00:00,65.74,81.0
2017-07-01 16:00:00,60.65,78.1
2017-07-01 17:00:00,61.35,81.0
2017-07-01 18:00:00,62.17,84.0
2017-07-01 19:00:00,64.0,84.0
2017-07-01 20:00:00,123.83,82.9
2017-07-01 21:00:00,76.64,81.0
2017-07-01 22:00:00,57.71,79.0
2017-07-01 23:00:00,56.77,77.0
2017-07-02 00:00:00,54.35,77.0
2017-07-02 01:00:00,54.26,77.0
2017-07-02 02:00:00,54.19,77.0
2017-07-02 03:00:00,53.23,77.0
2017-07-02 04:00:00,53.73,75.9
2017-07-02 05:00:00,52.45,75.9
2017-07-02 06:00:00,46.47,77.0
2017-07-02 07:00:00,50.88,82.0
2017-07-02 08:00:00,51.82,84.0
2017-07-02 09:00:00,54.64,84.9
2017-07-02 10:00:00,55.78,87.1
2017-07-02 11:00:00,56.88,87.1
2017-07-02 12:00:00,58.81,90.0
2017-07-02 13:00:00,57.7,91.0
2017-07-02 14:00:00,55.33,91.9
2017-07-02 15:00:00,58.37,91.0
2017-07-02 16:00:00,54.66,91.0
2017-07-02 17:00:00,58.57,90.0
2017-07-02 18:00:00,52.61,86.0
2017-07-02 19:00:00,52.27,84.0
2017-07-02 20:00:00,118.25,84.0
2017-07-02 21:00:00,75.57,82.9
2017-07-02 22:00:00,59.55,82.0
2017-07-02 23:00:00,56.38,80.1
2017-07-03 00:00:00,58.73,80.1
2017-07-03 01:00:00,58.34,80.1
2017-07-03 02:00:00,56.08,79.0
2017-07-03 03:00:00,55.7,77.0
2017-07-03 04:00:00,54.58,78.1
2017-07-03 05:00:00,51.11,75.0
2017-07-03 06:00:00,48.52,78.1
2017-07-03 07:00:00,54.77,81.0
2017-07-03 08:00:00,59.16,84.0
2017-07-03 09:00:00,61.95,86.0
2017-07-03 10:00:00,65.44,88.0
2017-07-03 11:00:00,64.95,89.1
2017-07-03 12:00:00,66.34,90.0
2017-07-03 13:00:00,66.25,91.0
2017-07-03 14:00:00,65.37,90.0
2017-07-03 15:00:00,66.28,90.0
2017-07-03 16:00:00,64.08,91.0
2017-07-03 17:00:00,60.61,89.1
2017-07-03 18:00:00,62.44,89.1
2017-07-03 19:00:00,57.06,87.1
2017-07-03 20:00:00,118.25,84.9
2017-07-03 21:00:00,69.61,82.9
2017-07-03 22:00:00,48.56,82.0
2017-07-03 23:00:00,51.13,80.1
2017-07-04 00:00:00,47.58,79.0
2017-07-04 01:00:00,45.8,78.1
2017-07-04 02:00:00,48.15,78.1
2017-07-04 03:00:00,47.47,78.1
2017-07-04 04:00:00,44.95,75.9
2017-07-04 05:00:00,46.72,78.1
2017-07-04 06:00:00,41.77,78.1
2017-07-04 07:00:00,42.41,79.0
2017-07-04 08:00:00,45.62,82.9
2017-07-04 09:00:00,45.25,84.9
2017-07-04 10:00:00,47.88,87.1
2017-07-04 11:00:00,53.89,90.0
2017-07-04 12:00:00,53.48,89.1
2017-07-04 13:00:00,50.98,90.0
2017-07-04 14:00:00,54.74,90.0
2017-07-04 15:00:00,55.07,81.0
2017-07-04 16:00:00,52.69,87.1
2017-07-04 17:00:00,48.34,84.0
2017-07-04 18:00:00,51.53,86.0
2017-07-04 19:00:00,48.65,82.9
2017-07-04 20:00:00,108.83,79.0
2017-07-04 21:00:00,67.82,78.1
2017-07-04 22:00:00,47.05,79.0
2017-07-04 23:00:00,47.44,79.0
2017-07-05 00:00:00,48.58,78.1
2017-07-05 01:00:00,47.13,77.0
2017-07-05 02:00:00,46.6,77.0
2017-07-05 03:00:00,46.13,75.9
2017-07-05 04:00:00,49.09,75.9
2017-07-05 05:00:00,47.88,75.9
2017-07-05 06:00:00,42.34,75.9
2017-07-05 07:00:00,57.39,77.0
2017-07-05 08:00:00,61.98,78.1
2017-07-05 09:00:00,64.55,78.1
2017-07-05 10:00:00,66.22,80.1
2017-07-05 11:00:00,66.46,82.0
2017-07-05 12:00:00,67.16,82.9
2017-07-05 13:00:00,68.67,82.9
2017-07-05 14:00:00,67.5,82.9
2017-07-05 15:00:00,69.45,84.0
2017-07-05 16:00:00,68.79,84.0
2017-07-05 17:00:00,66.15,82.9
2017-07-05 18:00:00,61.18,75.0
2017-07-05 19:00:00,59.51,73.9
2017-07-05 20:00:00,120.61,73.9
2017-07-05 21:00:00,66.1,75.0
2017-07-05 22:00:00,50.27,75.0
2017-07-05 23:00:00,51.11,75.0
2017-07-06 00:00:00,49.24,75.0
2017-07-06 01:00:00,49.67,75.0
2017-07-06 02:00:00,48.27,75.0
2017-07-06 03:00:00,49.08,75.0
2017-07-06 04:00:00,49.24,73.9
2017-07-06 05:00:00,48.37,73.9
2017-07-06 06:00:00,44.2,73.9
2017-07-06 07:00:00,55.33,75.0
2017-07-06 08:00:00,58.53,75.0
2017-07-06 09:00:00,56.06,75.0
2017-07-06 10:00:00,61.39,75.9
2017-07-06 11:00:00,63.15,77.0
2017-07-06 12:00:00,67.26,78.1
2017-07-06 13:00:00,64.51,79.0
2017-07-06 14:00:00,67.35,81.0
2017-07-06 15:00:00,66.19,79.0
2017-07-06 16:00:00,67.91,80.1
2017-07-06 17:00:00,63.65,78.1
2017-07-06 18:00:00,62.96,78.1
2017-07-06 19:00:00,63.83,77.0
2017-07-06 20:00:00,120.52,77.0
2017-07-06 21:00:00,65.16,75.9
2017-07-06 22:00:00,48.27,75.0
2017-07-06 23:00:00,48.1,75.2
2017-07-07 00:00:00,45.78,75.0
2017-07-07 01:00:00,46.54,75.0
2017-07-07 02:00:00,46.91,75.9
2017-07-07 03:00:00,47.24,75.9
2017-07-07 04:00:00,47.64,75.0
2017-07-07 05:00:00,46.52,75.0
2017-07-07 06:00:00,43.16,75.0
2017-07-07 07:00:00,54.97,75.9
2017-07-07 08:00:00,62.07,78.1
2017-07-07 09:00:00,61.87,79.0
2017-07-07 10:00:00,64.35,81.0
2017-07-07 11:00:00,65.15,81.0
2017-07-07 12:00:00,66.86,84.9
2017-07-07 13:00:00,64.46,87.1
2017-07-07 14:00:00,69.46,89.1
2017-07-07 15:00:00,70.02,90.0
2017-07-07 16:00:00,71.7,90.0
2017-07-07 17:00:00,68.8,90.0
2017-07-07 18:00:00,68.34,89.1
2017-07-07 19:00:00,65.55,88.0
2017-07-07 20:00:00,128.61,78.1
2017-07-07 21:00:00,65.17,77.0
2017-07-07 22:00:00,48.8,75.9
2017-07-07 23:00:00,48.65,75.0
2017-07-08 00:00:00,47.13,73.9
2017-07-08 01:00:00,44.97,75.9
2017-07-08 02:00:00,46.09,73.0
2017-07-08 03:00:00,45.19,72.0
2017-07-08 04:00:00,44.68,72.0
2017-07-08 05:00:00,44.52,73.0
2017-07-08 06:00:00,37.36,75.0
2017-07-08 07:00:00,39.34,78.1
2017-07-08 08:00:00,43.04,78.1
2017-07-08 09:00:00,44.57,82.0
2017-07-08 10:00:00,53.77,84.9
2017-07-08 11:00:00,62.69,87.1
2017-07-08 12:00:00,63.91,86.0
2017-07-08 13:00:00,64.57,87.1
2017-07-08 14:00:00,63.99,88.0
2017-07-08 15:00:00,66.34,90.0
2017-07-08 16:00:00,66.66,89.1
2017-07-08 17:00:00,65.99,88.0
2017-07-08 18:00:00,58.07,88.0
2017-07-08 19:00:00,45.29,86.0
2017-07-08 20:00:00,109.89,79.0
2017-07-08 21:00:00,63.12,77.0
2017-07-08 22:00:00,46.36,75.0
2017-07-08 23:00:00,46.0,75.0
2017-07-09 00:00:00,44.14,75.0
2017-07-09 01:00:00,45.37,72.0
2017-07-09 02:00:00,44.39,71.1
2017-07-09 03:00:00,44.64,71.1
2017-07-09 04:00:00,45.26,71.1
2017-07-09 05:00:00,43.1,70.0
2017-07-09 06:00:00,39.07,70.0
2017-07-09 07:00:00,36.93,73.9
2017-07-09 08:00:00,39.8,75.0
2017-07-09 09:00:00,40.88,78.1
2017-07-09 10:00:00,42.1,80.1
2017-07-09 11:00:00,45.33,81.0
2017-07-09 12:00:00,44.1,82.9
2017-07-09 13:00:00,45.35,82.9
2017-07-09 14:00:00,46.49,84.0
2017-07-09 15:00:00,46.46,86.0
2017-07-09 16:00:00,46.65,84.9
2017-07-09 17:00:00,46.56,84.9
2017-07-09 18:00:00,47.41,84.0
2017-07-09 19:00:00,44.47,82.9
2017-07-09 20:00:00,111.98,80.1
2017-07-09 21:00:00,61.67,79.0
2017-07-09 22:00:00,48.84,78.1
2017-07-09 23:00:00,48.07,75.9
2017-07-10 00:00:00,46.69,75.9
2017-07-10 01:00:00,47.7,75.0
2017-07-10 02:00:00,45.88,75.0
2017-07-10 03:00:00,46.74,73.9
2017-07-10 04:00:00,45.85,73.0
2017-07-10 05:00:00,43.78,73.0
2017-07-10 06:00:00,41.22,73.9
2017-07-10 07:00:00,51.97,75.0
2017-07-10 08:00:00,58.64,77.0
2017-07-10 09:00:00,65.68,79.0
2017-07-10 10:00:00,67.43,81.0
2017-07-10 11:00:00,68.66,84.0
2017-07-10 12:00:00,70.42,87.1
2017-07-10 13:00:00,70.47,88.0
2017-07-10 14:00:00,70.72,87.1
2017-07-10 15:00:00,70.92,90.0
2017-07-10 16:00:00,71.74,88.0
2017-07-10 17:00:00,70.38,88.0
2017-07-10 18:00:00,70.45,87.1
2017-07-10 19:00:00,70.11,86.0
2017-07-10 20:00:00,129.08,84.0
2017-07-10 21:00:00,71.97,82.9
2017-07-10 22:00:00,48.77,82.0
2017-07-10 23:00:00,48.47,82.0
2017-07-11 00:00:00,50.28,82.0
2017-07-11 01:00:00,46.91,80.1
2017-07-11 02:00:00,47.86,78.1
2017-07-11 03:00:00,45.24,77.0
2017-07-11 04:00:00,44.04,75.0
2017-07-11 05:00:00,45.1,75.9
2017-07-11 06:00:00,43.0,75.9
2017-07-11 07:00:00,56.4,78.1
2017-07-11 08:00:00,61.88,81.0
2017-07-11 09:00:00,65.09,82.9
2017-07-11 10:00:00,70.35,84.9
2017-07-11 11:00:00,70.58,84.9
2017-07-11 12:00:00,69.32,84.9
2017-07-11 13:00:00,68.94,84.9
2017-07-11 14:00:00,71.58,89.1
2017-07-11 15:00:00,71.5,91.0
2017-07-11 16:00:00,71.86,91.9
2017-07-11 17:00:00,70.52,90.0
2017-07-11 18:00:00,68.71,89.1
2017-07-11 19:00:00,67.09,87.1
2017-07-11 20:00:00,131.93,86.0
2017-07-11 21:00:00,73.1,82.9
2017-07-11 22:00:00,54.18,82.0
2017-07-11 23:00:00,53.05,81.0
2017-07-12 00:00:00,50.62,81.0
2017-07-12 01:00:00,50.2,80.1
2017-07-12 02:00:00,49.6,80.1
2017-07-12 03:00:00,50.63,79.0
2017-07-12 04:00:00,47.05,78.1
2017-07-12 05:00:00,49.05,78.1
2017-07-12 06:00:00,46.03,79.0
2017-07-12 07:00:00,56.18,82.9
2017-07-12 08:00:00,62.21,84.9
2017-07-12 09:00:00,67.34,88.0
2017-07-12 10:00:00,67.8,91.0
2017-07-12 11:00:00,69.37,89.1
2017-07-12 12:00:00,69.87,93.0
2017-07-12 13:00:00,71.13,91.9
2017-07-12 14:00:00,71.29,93.0
2017-07-12 15:00:00,72.02,93.0
2017-07-12 16:00:00,72.23,93.9
2017-07-12 17:00:00,70.89,93.9
2017-07-12 18:00:00,68.79,93.0
2017-07-12 19:00:00,66.41,91.9
2017-07-12 20:00:00,129.57,90.0
2017-07-12 21:00:00,73.82,84.9
2017-07-12 22:00:00,56.82,84.0
2017-07-12 23:00:00,56.27,82.9
2017-07-13 00:00:00,53.13,82.9
2017-07-13 01:00:00,53.68,82.9
2017-07-13 02:00:00,52.36,81.0
2017-07-13 03:00:00,52.32,81.0
2017-07-13 04:00:00,52.05,80.1
2017-07-13 05:00:00,52.1,79.0
2017-07-13 06:00:00,44.99,80.1
2017-07-13 07:00:00,62.44,82.0
2017-07-13 08:00:00,63.13,84.0
2017-07-13 09:00:00,66.74,87.1
2017-07-13 10:00:00,69.23,89.1
2017-07-13 11:00:00,69.09,93.9
2017-07-13 12:00:00,70.96,93.0
2017-07-13 13:00:00,73.7,95.0
2017-07-13 14:00:00,72.51,95.0
2017-07-13 15:00:00,73.58,93.9
2017-07-13 16:00:00,72.98,93.9
2017-07-13 17:00:00,75.89,95.0
2017-07-13 18:00:00,74.54,93.9
2017-07-13 19:00:00,73.87,91.9
2017-07-13 20:00:00,137.59,90.0
2017-07-13 21:00:00,77.88,89.1
2017-07-13 22:00:00,60.76,87.1
2017-07-13 23:00:00,61.3,84.9
2017-07-14 00:00:00,59.47,86.0
2017-07-14 01:00:00,59.22,84.9
2017-07-14 02:00:00,58.72,82.9
2017-07-14 03:00:00,59.24,81.0
2017-07-14 04:00:00,57.98,80.1
2017-07-14 05:00:00,56.29,78.8
2017-07-14 06:00:00,52.49,79.0
2017-07-14 07:00:00,66.57,81.0
2017-07-14 08:00:00,67.21,82.9
2017-07-14 09:00:00,70.3,86.0
2017-07-14 10:00:00,73.24,89.1
2017-07-14 11:00:00,73.98,90.0
2017-07-14 12:00:00,75.4,91.9
2017-07-14 13:00:00,77.11,97.0
2017-07-14 14:00:00,78.22,93.9
2017-07-14 15:00:00,77.55,93.9
2017-07-14 16:00:00,75.74,78.1
2017-07-14 17:00:00,66.49,73.9
2017-07-14 18:00:00,66.42,77.0
2017-07-14 19:00:00,63.6,77.0
2017-07-14 20:00:00,129.34,77.0
2017-07-14 21:00:00,74.6,75.9
2017-07-14 22:00:00,59.24,77.0
2017-07-14 23:00:00,56.0,75.9
2017-07-15 00:00:00,54.54,77.0
2017-07-15 01:00:00,55.94,75.9
2017-07-15 02:00:00,55.8,75.9
2017-07-15 03:00:00,56.27,75.9
2017-07-15 04:00:00,56.23,75.9
2017-07-15 05:00:00,53.17,75.9
2017-07-15 06:00:00,48.72,77.0
2017-07-15 07:00:00,48.58,79.0
2017-07-15 08:00:00,51.36,80.1
2017-07-15 09:00:00,55.25,82.9
2017-07-15 10:00:00,55.7,82.9
2017-07-15 11:00:00,63.17,86.0
2017-07-15 12:00:00,59.77,88.0
2017-07-15 13:00:00,60.23,88.0
2017-07-15 14:00:00,60.53,88.0
2017-07-15 15:00:00,61.11,89.1
2017-07-15 16:00:00,60.98,88.0
2017-07-15 17:00:00,59.49,88.0
2017-07-15 18:00:00,53.48,87.1
2017-07-15 19:00:00,50.13,84.9
2017-07-15 20:00:00,117.09,82.9
2017-07-15 21:00:00,72.74,81.0
2017-07-15 22:00:00,49.95,80.1
2017-07-15 23:00:00,51.64,79.0
2017-07-16 00:00:00,50.68,77.0
2017-07-16 01:00:00,47.52,75.9
2017-07-16 02:00:00,49.5,75.0
2017-07-16 03:00:00,48.54,72.0
2017-07-16 04:00:00,47.35,73.0
2017-07-16 05:00:00,46.83,71.1
2017-07-16 06:00:00,42.34,73.0
2017-07-16 07:00:00,41.29,75.9
2017-07-16 08:00:00,44.63,78.1
2017-07-16 09:00:00,43.15,80.1
2017-07-16 10:00:00,49.29,82.0
2017-07-16 11:00:00,49.75,84.0
2017-07-16 12:00:00,50.1,84.9
2017-07-16 13:00:00,51.76,84.9
2017-07-16 14:00:00,53.02,86.0
2017-07-16 15:00:00,53.16,89.1
2017-07-16 16:00:00,55.06,88.0
2017-07-16 17:00:00,55.15,88.0
2017-07-16 18:00:00,51.89,87.1
2017-07-16 19:00:00,51.29,84.9
2017-07-16 20:00:00,124.24,82.0
2017-07-16 21:00:00,72.08,81.0
2017-07-16 22:00:00,53.97,80.1
2017-07-16 23:00:00,53.24,80.1
2017-07-17 00:00:00,54.28,79.0
2017-07-17 01:00:00,52.44,79.0
2017-07-17 02:00:00,52.08,77.0
2017-07-17 03:00:00,53.54,77.0
2017-07-17 04:00:00,52.59,77.0
2017-07-17 05:00:00,50.63,75.9
2017-07-17 06:00:00,47.94,77.0
2017-07-17 07:00:00,62.83,78.1
2017-07-17 08:00:00,68.31,79.0
2017-07-17 09:00:00,69.7,82.0
2017-07-17 10:00:00,71.36,84.9
2017-07-17 11:00:00,70.73,87.1
2017-07-17 12:00:00,71.51,87.1
2017-07-17 13:00:00,70.24,87.1
2017-07-17 14:00:00,69.76,88.0
2017-07-17 15:00:00,72.76,89.1
2017-07-17 16:00:00,73.01,90.0
2017-07-17 17:00:00,71.49,87.1
2017-07-17 18:00:00,69.95,87.1
2017-07-17 19:00:00,69.7,82.9
2017-07-17 20:00:00,136.01,82.9
2017-07-17 21:00:00,76.15,81.0
2017-07-17 22:00:00,57.49,80.1
2017-07-17 23:00:00,57.1,80.1
2017-07-18 00:00:00,55.83,79.0
2017-07-18 01:00:00,55.53,79.0
2017-07-18 02:00:00,53.5,78.1
2017-07-18 03:00:00,54.57,78.1
2017-07-18 04:00:00,54.16,78.1
2017-07-18 05:00:00,52.59,77.0
2017-07-18 06:00:00,46.42,77.0
2017-07-18 07:00:00,62.1,80.1
2017-07-18 08:00:00,64.99,81.0
2017-07-18 09:00:00,68.19,82.9
2017-07-18 10:00:00,69.85,84.9
2017-07-18 11:00:00,69.85,88.0
2017-07-18 12:00:00,72.83,90.0
2017-07-18 13:00:00,69.67,90.0
2017-07-18 14:00:00,70.82,91.0
2017-07-18 15:00:00,70.63,91.0
2017-07-18 16:00:00,72.47,91.0
2017-07-18 17:00:00,51.94,82.0
2017-07-18 18:00:00,52.83,82.9
2017-07-18 19:00:00,52.9,82.9
2017-07-18 20:00:00,124.48,82.9
2017-07-18 21:00:00,62.25,82.9
2017-07-18 22:00:00,44.43,82.0
2017-07-18 23:00:00,44.61,81.0
2017-07-19 00:00:00,40.0,81.0
2017-07-19 01:00:00,40.52,80.1
2017-07-19 02:00:00,40.65,79.0
2017-07-19 03:00:00,38.37,79.0
2017-07-19 04:00:00,40.41,78.1
2017-07-19 05:00:00,36.45,77.0
2017-07-19 06:00:00,35.62,78.1
2017-07-19 07:00:00,47.43,81.0
2017-07-19 08:00:00,51.05,82.0
2017-07-19 09:00:00,52.88,84.9
2017-07-19 10:00:00,68.62,88.0
2017-07-19 11:00:00,71.72,91.0
2017-07-19 12:00:00,70.61,91.9
2017-07-19 13:00:00,72.53,93.0
2017-07-19 14:00:00,72.23,91.0
2017-07-19 15:00:00,73.73,93.9
2017-07-19 16:00:00,74.21,96.1
2017-07-19 17:00:00,72.35,95.0
2017-07-19 18:00:00,71.3,93.0
2017-07-19 19:00:00,71.29,91.0
2017-07-19 20:00:00,138.31,89.1
2017-07-19 21:00:00,74.91,86.0
2017-07-19 22:00:00,55.65,84.9
2017-07-19 23:00:00,55.83,84.0
2017-07-20 00:00:00,55.1,82.9
2017-07-20 01:00:00,54.32,82.0
2017-07-20 02:00:00,53.64,81.0
2017-07-20 03:00:00,51.27,81.0
2017-07-20 04:00:00,51.82,80.1
2017-07-20 05:00:00,49.06,79.0
2017-07-20 06:00:00,47.54,81.0
2017-07-20 07:00:00,60.28,82.9
2017-07-20 08:00:00,62.7,87.1
2017-07-20 09:00:00,67.14,91.0
2017-07-20 10:00:00,69.07,91.9
2017-07-20 11:00:00,70.99,93.9
2017-07-20 12:00:00,69.11,95.0
2017-07-20 13:00:00,70.25,97.0
2017-07-20 14:00:00,70.17,96.1
2017-07-20 15:00:00,70.37,96.1
2017-07-20 16:00:00,70.0,97.0
2017-07-20 17:00:00,69.07,97.0
2017-07-20 18:00:00,69.88,95.0
2017-07-20 19:00:00,67.82,91.0
2017-07-20 20:00:00,141.27,89.1
2017-07-20 21:00:00,76.53,88.0
2017-07-20 22:00:00,58.02,87.1
2017-07-20 23:00:00,58.5,86.0
2017-07-21 00:00:00,58.07,84.9
2017-07-21 01:00:00,57.03,86.0
2017-07-21 02:00:00,55.71,84.9
2017-07-21 03:00:00,55.96,86.0
2017-07-21 04:00:00,53.13,84.0
2017-07-21 05:00:00,51.65,82.0
2017-07-21 06:00:00,45.76,84.0
2017-07-21 07:00:00,58.73,86.0
2017-07-21 08:00:00,64.48,88.0
2017-07-21 09:00:00,68.99,89.1
2017-07-21 10:00:00,71.39,91.9
2017-07-21 11:00:00,70.84,91.0
2017-07-21 12:00:00,70.52,91.9
2017-07-21 13:00:00,70.2,93.0
2017-07-21 14:00:00,73.15,93.0
2017-07-21 15:00:00,72.93,95.0
2017-07-21 16:00:00,72.49,96.1
2017-07-21 17:00:00,71.13,93.9
2017-07-21 18:00:00,68.37,93.0
2017-07-21 19:00:00,66.68,91.0
2017-07-21 20:00:00,141.46,90.0
2017-07-21 21:00:00,71.52,90.0
2017-07-21 22:00:00,55.5,88.0
2017-07-21 23:00:00,55.31,87.1
2017-07-22 00:00:00,53.2,84.0
2017-07-22 01:00:00,53.91,82.9
2017-07-22 02:00:00,52.04,82.0
2017-07-22 03:00:00,52.27,81.0
2017-07-22 04:00:00,51.64,81.0
2017-07-22 05:00:00,51.56,80.1
2017-07-22 06:00:00,45.49,80.1
2017-07-22 07:00:00,46.54,81.0
2017-07-22 08:00:00,46.37,84.0
2017-07-22 09:00:00,48.21,86.0
2017-07-22 10:00:00,55.12,89.1
2017-07-22 11:00:00,57.29,91.9
2017-07-22 12:00:00,57.94,93.0
2017-07-22 13:00:00,59.86,93.9
2017-07-22 14:00:00,56.94,75.9
2017-07-22 15:00:00,53.49,78.1
2017-07-22 16:00:00,50.22,82.0
2017-07-22 17:00:00,48.17,81.0
2017-07-22 18:00:00,41.99,75.9
2017-07-22 19:00:00,40.74,77.0
2017-07-22 20:00:00,124.29,75.9
2017-07-22 21:00:00,62.84,75.9
2017-07-22 22:00:00,47.53,75.0
2017-07-22 23:00:00,46.18,75.0
2017-07-23 00:00:00,49.8,75.0
2017-07-23 01:00:00,44.6,75.0
2017-07-23 02:00:00,47.27,75.9
2017-07-23 03:00:00,46.55,75.0
2017-07-23 04:00:00,45.36,75.0
2017-07-23 05:00:00,46.49,75.0
2017-07-23 06:00:00,41.77,75.9
2017-07-23 07:00:00,39.07,77.0
2017-07-23 08:00:00,45.88,80.1
2017-07-23 09:00:00,46.36,82.0
2017-07-23 10:00:00,51.09,84.9
2017-07-23 11:00:00,51.59,88.0
2017-07-23 12:00:00,51.89,89.1
2017-07-23 13:00:00,51.64,82.9
2017-07-23 14:00:00,48.88,82.0
2017-07-23 15:00:00,50.89,80.1
2017-07-23 16:00:00,48.5,82.0
2017-07-23 17:00:00,51.27,84.0
2017-07-23 18:00:00,45.5,73.0
2017-07-23 19:00:00,43.13,77.0
2017-07-23 20:00:00,120.27,78.1
2017-07-23 21:00:00,61.08,77.0
2017-07-23 22:00:00,47.45,78.1
2017-07-23 23:00:00,45.88,75.9
2017-07-24 00:00:00,45.73,75.9
2017-07-24 01:00:00,44.19,73.9
2017-07-24 02:00:00,46.72,77.0
2017-07-24 03:00:00,44.27,75.9
2017-07-24 04:00:00,45.12,75.9
2017-07-24 05:00:00,45.68,78.1
2017-07-24 06:00:00,42.37,77.0
2017-07-24 07:00:00,52.3,78.1
2017-07-24 08:00:00,62.7,81.0
2017-07-24 09:00:00,60.45,82.0
2017-07-24 10:00:00,62.45,84.9
2017-07-24 11:00:00,63.31,86.0
2017-07-24 12:00:00,64.89,87.1
2017-07-24 13:00:00,65.63,90.0
2017-07-24 14:00:00,65.76,89.1
2017-07-24 15:00:00,66.92,90.0
2017-07-24 16:00:00,67.5,88.0
2017-07-24 17:00:00,67.99,84.9
2017-07-24 18:00:00,67.31,84.9
2017-07-24 19:00:00,66.27,84.9
2017-07-24 20:00:00,143.87,84.9
2017-07-24 21:00:00,72.26,84.9
2017-07-24 22:00:00,54.62,82.9
2017-07-24 23:00:00,54.61,81.0
2017-07-25 00:00:00,50.29,79.0
2017-07-25 01:00:00,47.06,79.0
2017-07-25 02:00:00,49.22,77.0
2017-07-25 03:00:00,43.09,75.0
2017-07-25 04:00:00,45.09,73.0
2017-07-25 05:00:00,41.3,72.0
2017-07-25 06:00:00,39.94,71.1
2017-07-25 07:00:00,47.19,72.0
2017-07-25 08:00:00,54.18,73.9
2017-07-25 09:00:00,56.51,75.9
2017-07-25 10:00:00,59.22,78.1
2017-07-25 11:00:00,61.08,78.1
2017-07-25 12:00:00,60.36,79.0
2017-07-25 13:00:00,60.65,81.0
2017-07-25 14:00:00,61.17,79.0
2017-07-25 15:00:00,61.83,80.1
2017-07-25 16:00:00,60.09,82.0
2017-07-25 17:00:00,56.7,80.1
2017-07-25 18:00:00,62.71,80.1
2017-07-25 19:00:00,63.28,78.1
2017-07-25 20:00:00,137.7,77.0
2017-07-25 21:00:00,66.81,75.0
2017-07-25 22:00:00,44.43,75.0
2017-07-25 23:00:00,44.88,73.9
2017-07-26 00:00:00,44.57,73.9
2017-07-26 01:00:00,43.94,73.0
2017-07-26 02:00:00,44.34,72.0
2017-07-26 03:00:00,43.06,71.1
2017-07-26 04:00:00,42.94,69.1
2017-07-26 05:00:00,40.74,69.1
2017-07-26 06:00:00,39.04,70.0
2017-07-26 07:00:00,50.1,72.0
2017-07-26 08:00:00,55.26,75.0
2017-07-26 09:00:00,57.02,77.0
2017-07-26 10:00:00,64.11,78.1
2017-07-26 11:00:00,62.59,81.0
2017-07-26 12:00:00,63.35,82.9
2017-07-26 13:00:00,62.22,82.9
2017-07-26 14:00:00,59.95,82.9
2017-07-26 15:00:00,63.29,84.9
2017-07-26 16:00:00,60.57,84.0
2017-07-26 17:00:00,62.48,84.9
2017-07-26 18:00:00,62.47,84.0
2017-07-26 19:00:00,57.23,81.0
2017-07-26 20:00:00,134.1,79.0
2017-07-26 21:00:00,64.12,77.0
2017-07-26 22:00:00,45.06,75.9
2017-07-26 23:00:00,42.39,75.0
2017-07-27 00:00:00,44.01,73.9
2017-07-27 01:00:00,43.43,73.9
2017-07-27 02:00:00,42.35,73.9
2017-07-27 03:00:00,41.67,73.9
2017-07-27 04:00:00,41.03,73.0
2017-07-27 05:00:00,41.5,73.0
2017-07-27 06:00:00,39.49,73.0
2017-07-27 07:00:00,51.63,73.9
2017-07-27 08:00:00,52.78,75.9
2017-07-27 09:00:00,56.24,77.0
2017-07-27 10:00:00,58.83,79.0
2017-07-27 11:00:00,63.66,82.0
2017-07-27 12:00:00,65.95,82.9
2017-07-27 13:00:00,66.06,82.9
2017-07-27 14:00:00,62.78,84.9
2017-07-27 15:00:00,62.85,84.0
2017-07-27 16:00:00,62.53,84.9
2017-07-27 17:00:00,63.19,84.0
2017-07-27 18:00:00,61.26,84.0
2017-07-27 19:00:00,60.17,82.9
2017-07-27 20:00:00,141.37,82.9
2017-07-27 21:00:00,68.63,82.0
2017-07-27 22:00:00,50.97,81.0
2017-07-27 23:00:00,51.95,80.1
2017-07-28 00:00:00,49.71,79.0
2017-07-28 01:00:00,46.67,79.0
2017-07-28 02:00:00,48.85,79.0
2017-07-28 03:00:00,45.06,77.0
2017-07-28 04:00:00,47.94,77.0
2017-07-28 05:00:00,45.79,75.9
2017-07-28 06:00:00,42.79,75.9
2017-07-28 07:00:00,55.95,78.1
2017-07-28 08:00:00,57.98,79.0
2017-07-28 09:00:00,61.76,80.1
2017-07-28 10:00:00,62.95,81.0
2017-07-28 11:00:00,62.57,78.1
2017-07-28 12:00:00,62.15,77.0
2017-07-28 13:00:00,60.21,75.9
2017-07-28 14:00:00,59.94,75.0
2017-07-28 15:00:00,57.68,73.9
2017-07-28 16:00:00,56.15,73.0
2017-07-28 17:00:00,51.89,72.0
2017-07-28 18:00:00,52.23,73.0
2017-07-28 19:00:00,54.55,73.9
2017-07-28 20:00:00,134.07,73.9
2017-07-28 21:00:00,59.06,72.0
2017-07-28 22:00:00,43.4,73.0
2017-07-28 23:00:00,42.41,73.0
2017-07-29 00:00:00,41.54,71.1
2017-07-29 01:00:00,41.35,71.1
2017-07-29 02:00:00,40.56,71.1
2017-07-29 03:00:00,40.02,71.1
2017-07-29 04:00:00,40.52,72.0
2017-07-29 05:00:00,40.64,72.0
2017-07-29 06:00:00,38.57,72.0
2017-07-29 07:00:00,37.24,72.0
2017-07-29 08:00:00,35.69,70.0
2017-07-29 09:00:00,37.76,73.9
2017-07-29 10:00:00,41.88,73.0
2017-07-29 11:00:00,46.2,73.0
2017-07-29 12:00:00,43.55,72.0
2017-07-29 13:00:00,45.24,70.0
2017-07-29 14:00:00,51.44,73.9
2017-07-29 15:00:00,53.54,73.0
2017-07-29 16:00:00,54.71,75.0
2017-07-29 17:00:00,42.14,77.0
2017-07-29 18:00:00,35.73,75.0
2017-07-29 19:00:00,36.37,75.0
2017-07-29 20:00:00,123.7,73.9
2017-07-29 21:00:00,58.8,73.0
2017-07-29 22:00:00,40.01,72.0
2017-07-29 23:00:00,40.66,70.0
2017-07-30 00:00:00,39.42,69.1
2017-07-30 01:00:00,41.52,66.9
2017-07-30 02:00:00,40.5,66.0
2017-07-30 03:00:00,39.87,64.9
2017-07-30 04:00:00,40.2,64.9
2017-07-30 05:00:00,40.41,63.0
2017-07-30 06:00:00,34.6,64.0
2017-07-30 07:00:00,33.94,66.9
2017-07-30 08:00:00,34.27,71.1
2017-07-30 09:00:00,34.55,73.9
2017-07-30 10:00:00,37.56,77.0
2017-07-30 11:00:00,40.09,78.1
2017-07-30 12:00:00,39.67,80.1
2017-07-30 13:00:00,40.19,81.0
2017-07-30 14:00:00,43.5,82.9
2017-07-30 15:00:00,41.38,82.9
2017-07-30 16:00:00,40.48,82.9
2017-07-30 17:00:00,42.81,82.9
2017-07-30 18:00:00,38.63,82.0
2017-07-30 19:00:00,38.36,80.1
2017-07-30 20:00:00,129.03,75.9
2017-07-30 21:00:00,57.39,75.0
2017-07-30 22:00:00,42.51,73.9
2017-07-30 23:00:00,43.23,72.0
2017-07-31 00:00:00,41.72,70.0
2017-07-31 01:00:00,41.32,69.1
2017-07-31 02:00:00,40.8,66.9
2017-07-31 03:00:00,42.47,68.0
2017-07-31 04:00:00,41.1,66.9
2017-07-31 05:00:00,40.9,66.9
2017-07-31 06:00:00,34.8,68.0
2017-07-31 07:00:00,37.06,71.1
2017-07-31 08:00:00,35.57,75.9
2017-07-31 09:00:00,40.42,77.0
2017-07-31 10:00:00,43.0,82.9
2017-07-31 11:00:00,59.17,84.0
2017-07-31 12:00:00,60.24,86.0
2017-07-31 13:00:00,63.36,88.0
2017-07-31 14:00:00,63.32,87.1
2017-07-31 15:00:00,67.2,91.0
2017-07-31 16:00:00,64.59,88.0
2017-07-31 17:00:00,61.8,88.0
2017-07-31 18:00:00,61.77,88.0
2017-07-31 19:00:00,65.85,82.9
2017-07-31 20:00:00,141.9,80.1
2017-07-31 21:00:00,64.54,78.1
2017-07-31 22:00:00,46.53,77.0
2017-07-31 23:00:00,47.91,75.9
2017-08-01 00:00:00,43.05,75.0
2017-08-01 01:00:00,45.27,73.9
2017-08-01 02:00:00,42.0,73.0
2017-08-01 03:00:00,43.72,73.0
2017-08-01 04:00:00,43.05,71.1
2017-08-01 05:00:00,41.54,72.0
2017-08-01 06:00:00,37.99,73.0
2017-08-01 07:00:00,51.02,75.9
2017-08-01 08:00:00,52.34,80.1
2017-08-01 09:00:00,61.16,82.0
2017-08-01 10:00:00,62.71,86.0
2017-08-01 11:00:00,60.68,87.1
2017-08-01 12:00:00,62.95,86.0
2017-08-01 13:00:00,64.27,90.0
2017-08-01 14:00:00,64.5,88.0
2017-08-01 15:00:00,66.07,88.0
2017-08-01 16:00:00,64.29,87.1
2017-08-01 17:00:00,61.61,82.0
2017-08-01 18:00:00,57.47,78.1
2017-08-01 19:00:00,57.04,78.1
2017-08-01 20:00:00,140.62,79.0
2017-08-01 21:00:00,59.53,78.1
2017-08-01 22:00:00,44.3,78.1
2017-08-01 23:00:00,45.56,78.1
2017-08-02 00:00:00,41.7,78.1
2017-08-02 01:00:00,44.54,77.0
2017-08-02 02:00:00,44.13,75.9
2017-08-02 03:00:00,43.97,75.9
2017-08-02 04:00:00,42.15,75.9
2017-08-02 05:00:00,42.82,73.9
2017-08-02 06:00:00,38.08,73.9
2017-08-02 07:00:00,49.66,75.9
2017-08-02 08:00:00,55.14,77.0
2017-08-02 09:00:00,61.86,81.0
2017-08-02 10:00:00,67.96,82.9
2017-08-02 11:00:00,70.06,84.9
2017-08-02 12:00:00,69.14,87.1
2017-08-02 13:00:00,69.89,88.0
2017-08-02 14:00:00,71.79,88.0
2017-08-02 15:00:00,70.28,90.0
2017-08-02 16:00:00,70.28,89.1
2017-08-02 17:00:00,67.94,87.1
2017-08-02 18:00:00,67.14,86.0
2017-08-02 19:00:00,61.56,80.1
2017-08-02 20:00:00,149.89,79.0
2017-08-02 21:00:00,67.5,78.1
2017-08-02 22:00:00,46.21,78.1
2017-08-02 23:00:00,48.33,77.0
2017-08-03 00:00:00,47.76,75.9
2017-08-03 01:00:00,45.28,75.0
2017-08-03 02:00:00,44.4,75.0
2017-08-03 03:00:00,44.02,75.0
2017-08-03 04:00:00,44.8,73.0
2017-08-03 05:00:00,43.26,73.0
2017-08-03 06:00:00,40.46,73.0
2017-08-03 07:00:00,52.78,73.9
2017-08-03 08:00:00,59.17,77.0
2017-08-03 09:00:00,62.89,80.1
2017-08-03 10:00:00,63.69,84.0
2017-08-03 11:00:00,64.35,86.0
2017-08-03 12:00:00,65.55,87.1
2017-08-03 13:00:00,68.4,88.0
2017-08-03 14:00:00,65.72,89.1
2017-08-03 15:00:00,66.92,89.1
2017-08-03 16:00:00,67.5,88.0
2017-08-03 17:00:00,65.33,87.1
2017-08-03 18:00:00,61.81,73.0
2017-08-03 19:00:00,61.58,73.9
2017-08-03 20:00:00,152.82,75.0
2017-08-03 21:00:00,67.17,75.0
2017-08-03 22:00:00,45.94,75.0
2017-08-03 23:00:00,47.12,75.0
2017-08-04 00:00:00,47.98,75.9
2017-08-04 01:00:00,45.42,77.0
2017-08-04 02:00:00,47.78,75.9
2017-08-04 03:00:00,46.28,75.9
2017-08-04 04:00:00,44.86,75.0
2017-08-04 05:00:00,45.15,75.0
2017-08-04 06:00:00,42.47,75.0
2017-08-04 07:00:00,52.46,75.9
2017-08-04 08:00:00,59.0,78.1
2017-08-04 09:00:00,62.05,80.1
2017-08-04 10:00:00,66.08,82.0
2017-08-04 11:00:00,66.77,84.9
2017-08-04 12:00:00,68.03,88.0
2017-08-04 13:00:00,67.8,89.1
2017-08-04 14:00:00,66.2,89.1
2017-08-04 15:00:00,66.14,89.1
2017-08-04 16:00:00,65.47,88.0
2017-08-04 17:00:00,65.02,87.1
2017-08-04 18:00:00,62.76,84.9
2017-08-04 19:00:00,64.15,82.9
2017-08-04 20:00:00,151.84,81.0
2017-08-04 21:00:00,67.71,80.1
2017-08-04 22:00:00,52.35,79.0
2017-08-04 23:00:00,48.06,79.0
2017-08-05 00:00:00,52.17,79.0
2017-08-05 01:00:00,48.32,79.0
2017-08-05 02:00:00,50.72,79.0
2017-08-05 03:00:00,47.8,78.1
2017-08-05 04:00:00,49.02,77.0
2017-08-05 05:00:00,48.4,75.9
2017-08-05 06:00:00,41.18,75.0
2017-08-05 07:00:00,38.46,73.9
2017-08-05 08:00:00,40.99,75.0
2017-08-05 09:00:00,43.05,75.0
2017-08-05 10:00:00,45.79,75.0
2017-08-05 11:00:00,53.01,75.9
2017-08-05 12:00:00,50.3,78.1
2017-08-05 13:00:00,56.73,75.9
2017-08-05 14:00:00,47.82,80.1
2017-08-05 15:00:00,47.37,81.0
2017-08-05 16:00:00,46.48,80.1
2017-08-05 17:00:00,43.59,80.1
2017-08-05 18:00:00,40.69,78.1
2017-08-05 19:00:00,42.98,77.0
2017-08-05 20:00:00,133.44,75.0
2017-08-05 21:00:00,58.97,75.0
2017-08-05 22:00:00,40.84,73.0
2017-08-05 23:00:00,43.47,73.0
2017-08-06 00:00:00,41.64,71.1
2017-08-06 01:00:00,41.06,71.1
2017-08-06 02:00:00,41.05,70.0
2017-08-06 03:00:00,40.77,66.9
2017-08-06 04:00:00,41.29,68.0
2017-08-06 05:00:00,40.76,68.0
2017-08-06 06:00:00,36.3,70.0
2017-08-06 07:00:00,35.09,71.1
2017-08-06 08:00:00,36.52,72.0
2017-08-06 09:00:00,33.8,73.9
2017-08-06 10:00:00,37.27,75.9
2017-08-06 11:00:00,38.44,78.1
2017-08-06 12:00:00,41.84,80.1
2017-08-06 13:00:00,42.54,81.0
2017-08-06 14:00:00,41.87,81.0
2017-08-06 15:00:00,42.65,81.0
2017-08-06 16:00:00,41.63,81.0
2017-08-06 17:00:00,43.62,81.0
2017-08-06 18:00:00,38.5,80.1
2017-08-06 19:00:00,45.91,79.0
2017-08-06 20:00:00,131.24,78.1
2017-08-06 21:00:00,59.43,75.9
2017-08-06 22:00:00,40.21,75.9
2017-08-06 23:00:00,41.94,75.9
2017-08-07 00:00:00,39.6,75.9
2017-08-07 01:00:00,41.78,73.9
2017-08-07 02:00:00,42.22,72.0
2017-08-07 03:00:00,41.58,71.1
2017-08-07 04:00:00,41.2,71.1
2017-08-07 05:00:00,41.41,71.1
2017-08-07 06:00:00,41.36,72.0
2017-08-07 07:00:00,42.61,71.1
2017-08-07 08:00:00,48.72,71.1
2017-08-07 09:00:00,48.3,72.0
2017-08-07 10:00:00,52.19,72.0
2017-08-07 11:00:00,52.42,72.0
2017-08-07 12:00:00,49.85,72.0
2017-08-07 13:00:00,53.53,72.0
2017-08-07 14:00:00,51.81,72.0
2017-08-07 15:00:00,52.83,73.0
2017-08-07 16:00:00,50.45,73.0
2017-08-07 17:00:00,49.27,73.9
2017-08-07 18:00:00,52.33,72.0
2017-08-07 19:00:00,57.94,73.0
2017-08-07 20:00:00,137.24,73.0
2017-08-07 21:00:00,54.46,73.0
2017-08-07 22:00:00,41.39,73.0
2017-08-07 23:00:00,39.26,72.0
2017-08-08 00:00:00,14.4,72.0
2017-08-08 01:00:00,14.4,72.0
2017-08-08 02:00:00,14.39,72.0
2017-08-08 03:00:00,14.36,71.1
2017-08-08 04:00:00,14.41,70.0
2017-08-08 05:00:00,14.39,70.0
2017-08-08 06:00:00,14.3,70.0
2017-08-08 07:00:00,14.25,70.0
2017-08-08 08:00:00,14.22,70.0
2017-08-08 09:00:00,14.69,73.0
2017-08-08 10:00:00,16.03,73.9
2017-08-08 11:00:00,16.02,75.0
2017-08-08 12:00:00,15.97,75.9
2017-08-08 13:00:00,16.03,78.1
2017-08-08 14:00:00,15.8,79.0
2017-08-08 15:00:00,15.79,79.0
2017-08-08 16:00:00,15.92,79.0
2017-08-08 17:00:00,15.79,81.0
2017-08-08 18:00:00,15.86,79.0
2017-08-08 19:00:00,27.0,78.1
2017-08-08 20:00:00,107.35,75.9
2017-08-08 21:00:00,30.14,73.0
2017-08-08 22:00:00,14.31,72.0
2017-08-08 23:00:00,14.35,72.0
2017-08-09 00:00:00,41.28,70.0
2017-08-09 01:00:00,41.06,70.0
2017-08-09 02:00:00,40.75,71.1
2017-08-09 03:00:00,40.58,68.0
2017-08-09 04:00:00,41.52,66.0
2017-08-09 05:00:00,39.9,64.9
2017-08-09 06:00:00,35.9,66.0
2017-08-09 07:00:00,42.94,69.1
2017-08-09 08:00:00,47.48,73.0
2017-08-09 09:00:00,46.66,75.9
2017-08-09 10:00:00,49.84,79.0
2017-08-09 11:00:00,53.23,82.0
2017-08-09 12:00:00,51.62,82.9
2017-08-09 13:00:00,54.23,82.9
2017-08-09 14:00:00,53.79,84.9
2017-08-09 15:00:00,55.97,84.9
2017-08-09 16:00:00,54.37,82.9
2017-08-09 17:00:00,52.48,82.0
2017-08-09 18:00:00,50.55,81.0
2017-08-09 19:00:00,59.1,79.0
2017-08-09 20:00:00,135.17,77.0
2017-08-09 21:00:00,58.92,75.9
2017-08-09 22:00:00,40.08,73.9
2017-08-09 23:00:00,40.61,73.9
2017-08-10 00:00:00,39.64,73.0
2017-08-10 01:00:00,41.15,70.0
2017-08-10 02:00:00,40.04,71.1
2017-08-10 03:00:00,39.93,69.1
2017-08-10 04:00:00,40.06,69.1
2017-08-10 05:00:00,41.1,68.0
2017-08-10 06:00:00,38.68,70.0
2017-08-10 07:00:00,45.6,72.0
2017-08-10 08:00:00,47.48,75.9
2017-08-10 09:00:00,51.76,80.1
2017-08-10 10:00:00,50.38,80.1
2017-08-10 11:00:00,54.26,82.0
2017-08-10 12:00:00,52.22,82.9
2017-08-10 13:00:00,55.73,82.9
2017-08-10 14:00:00,53.52,82.9
2017-08-10 15:00:00,53.81,82.0
2017-08-10 16:00:00,55.96,81.0
2017-08-10 17:00:00,52.06,81.0
2017-08-10 18:00:00,51.78,79.0
2017-08-10 19:00:00,64.49,79.0
2017-08-10 20:00:00,144.19,77.0
2017-08-10 21:00:00,60.08,75.0
2017-08-10 22:00:00,43.81,73.9
2017-08-10 23:00:00,42.46,73.9
2017-08-11 00:00:00,43.71,73.0
2017-08-11 01:00:00,41.49,72.0
2017-08-11 02:00:00,43.78,71.1
2017-08-11 03:00:00,43.75,72.0
2017-08-11 04:00:00,45.0,71.1
2017-08-11 05:00:00,44.44,72.0
2017-08-11 06:00:00,40.63,72.0
2017-08-11 07:00:00,42.92,73.0
2017-08-11 08:00:00,49.18,73.0
2017-08-11 09:00:00,49.12,73.9
2017-08-11 10:00:00,53.42,75.0
2017-08-11 11:00:00,55.66,75.9
2017-08-11 12:00:00,56.25,78.1
2017-08-11 13:00:00,56.52,80.1
2017-08-11 14:00:00,57.48,81.0
2017-08-11 15:00:00,60.03,82.9
2017-08-11 16:00:00,55.57,82.0
2017-08-11 17:00:00,56.67,81.0
2017-08-11 18:00:00,55.64,80.1
2017-08-11 19:00:00,75.2,75.9
2017-08-11 20:00:00,151.5,73.9
2017-08-11 21:00:00,67.54,73.9
2017-08-11 22:00:00,46.59,73.0
2017-08-11 23:00:00,45.0,73.0
2017-08-12 00:00:00,45.18,73.9
2017-08-12 01:00:00,46.26,73.0
2017-08-12 02:00:00,46.34,73.0
2017-08-12 03:00:00,45.48,73.0
2017-08-12 04:00:00,45.53,73.0
2017-08-12 05:00:00,46.07,73.0
2017-08-12 06:00:00,40.56,73.9
2017-08-12 07:00:00,38.61,73.9
2017-08-12 08:00:00,37.89,73.9
2017-08-12 09:00:00,42.08,75.0
2017-08-12 10:00:00,48.86,78.1
2017-08-12 11:00:00,49.76,79.0
2017-08-12 12:00:00,52.72,80.1
2017-08-12 13:00:00,54.91,82.0
2017-08-12 14:00:00,57.77,82.9
2017-08-12 15:00:00,54.65,82.9
2017-08-12 16:00:00,58.27,84.9
2017-08-12 17:00:00,57.28,84.0
2017-08-12 18:00:00,48.98,82.9
2017-08-12 19:00:00,63.7,82.0
2017-08-12 20:00:00,137.17,72.0
2017-08-12 21:00:00,60.82,73.0
2017-08-12 22:00:00,44.58,72.0
2017-08-12 23:00:00,43.89,73.0
2017-08-13 00:00:00,42.72,73.0
2017-08-13 01:00:00,43.66,73.0
2017-08-13 02:00:00,42.78,73.0
2017-08-13 03:00:00,43.35,73.0
2017-08-13 04:00:00,41.38,72.0
2017-08-13 05:00:00,41.91,70.0
2017-08-13 06:00:00,39.32,70.0
2017-08-13 07:00:00,37.72,71.1
2017-08-13 08:00:00,38.12,73.0
2017-08-13 09:00:00,38.46,75.0
2017-08-13 10:00:00,39.91,78.1
2017-08-13 11:00:00,43.81,80.1
2017-08-13 12:00:00,43.19,82.0
2017-08-13 13:00:00,44.91,82.9
2017-08-13 14:00:00,44.14,84.0
2017-08-13 15:00:00,47.1,84.9
2017-08-13 16:00:00,42.39,84.9
2017-08-13 17:00:00,44.22,82.9
2017-08-13 18:00:00,41.04,82.9
2017-08-13 19:00:00,63.09,81.0
2017-08-13 20:00:00,136.75,77.0
2017-08-13 21:00:00,60.49,75.9
2017-08-13 22:00:00,45.05,77.0
2017-08-13 23:00:00,42.21,75.0
2017-08-14 00:00:00,44.34,73.9
2017-08-14 01:00:00,42.75,73.9
2017-08-14 02:00:00,41.9,73.0
2017-08-14 03:00:00,42.97,73.0
2017-08-14 04:00:00,43.02,72.0
2017-08-14 05:00:00,44.1,71.1
2017-08-14 06:00:00,41.5,71.1
2017-08-14 07:00:00,49.56,73.0
2017-08-14 08:00:00,49.57,77.0
2017-08-14 09:00:00,50.04,77.0
2017-08-14 10:00:00,53.29,78.1
2017-08-14 11:00:00,52.62,78.1
2017-08-14 12:00:00,50.71,79.0
2017-08-14 13:00:00,56.0,80.1
2017-08-14 14:00:00,53.54,79.0
2017-08-14 15:00:00,56.19,78.1
2017-08-14 16:00:00,52.48,78.1
2017-08-14 17:00:00,52.14,78.1
2017-08-14 18:00:00,49.12,78.1
2017-08-14 19:00:00,72.45,77.0
2017-08-14 20:00:00,140.43,77.0
2017-08-14 21:00:00,57.97,77.0
2017-08-14 22:00:00,44.23,75.9
2017-08-14 23:00:00,44.37,77.0
2017-08-15 00:00:00,43.91,75.9
2017-08-15 01:00:00,42.86,75.9
2017-08-15 02:00:00,42.38,75.9
2017-08-15 03:00:00,43.57,75.0
2017-08-15 04:00:00,44.49,75.0
2017-08-15 05:00:00,43.07,75.0
2017-08-15 06:00:00,45.07,75.0
2017-08-15 07:00:00,45.12,75.0
2017-08-15 08:00:00,46.66,75.9
2017-08-15 09:00:00,52.62,75.9
2017-08-15 10:00:00,52.71,77.0
2017-08-15 11:00:00,56.59,77.0
2017-08-15 12:00:00,57.26,79.0
2017-08-15 13:00:00,58.24,80.1
2017-08-15 14:00:00,60.03,80.1
2017-08-15 15:00:00,57.96,79.0
2017-08-15 16:00:00,56.23,80.1
2017-08-15 17:00:00,55.12,81.0
2017-08-15 18:00:00,56.45,82.0
2017-08-15 19:00:00,78.28,79.0
2017-08-15 20:00:00,146.15,79.0
2017-08-15 21:00:00,63.59,78.1
2017-08-15 22:00:00,47.27,77.0
2017-08-15 23:00:00,44.25,75.0
2017-08-16 00:00:00,43.11,75.0
2017-08-16 01:00:00,44.7,75.0
2017-08-16 02:00:00,44.36,73.0
2017-08-16 03:00:00,43.54,73.0
2017-08-16 04:00:00,43.98,73.0
2017-08-16 05:00:00,43.07,73.0
2017-08-16 06:00:00,41.74,73.0
2017-08-16 07:00:00,47.57,75.0
2017-08-16 08:00:00,49.15,75.9
2017-08-16 09:00:00,55.89,78.1
2017-08-16 10:00:00,58.6,81.0
2017-08-16 11:00:00,59.36,84.9
2017-08-16 12:00:00,61.18,88.0
2017-08-16 13:00:00,63.8,89.1
2017-08-16 14:00:00,65.2,91.0
2017-08-16 15:00:00,63.45,91.0
2017-08-16 16:00:00,62.94,90.0
2017-08-16 17:00:00,63.24,88.0
2017-08-16 18:00:00,61.02,87.1
2017-08-16 19:00:00,86.82,86.0
2017-08-16 20:00:00,146.53,84.9
2017-08-16 21:00:00,64.34,82.0
2017-08-16 22:00:00,49.61,82.9
2017-08-16 23:00:00,50.3,81.0
2017-08-17 00:00:00,45.77,81.0
2017-08-17 01:00:00,48.86,80.1
2017-08-17 02:00:00,46.9,79.0
2017-08-17 03:00:00,46.48,78.1
2017-08-17 04:00:00,46.13,77.0
2017-08-17 05:00:00,46.67,77.0
2017-08-17 06:00:00,41.96,77.0
2017-08-17 07:00:00,54.4,78.1
2017-08-17 08:00:00,56.51,80.1
2017-08-17 09:00:00,63.16,81.0
2017-08-17 10:00:00,61.83,84.0
2017-08-17 11:00:00,62.99,84.9
2017-08-17 12:00:00,63.1,87.1
2017-08-17 13:00:00,65.22,87.1
2017-08-17 14:00:00,64.66,88.0
2017-08-17 15:00:00,62.92,82.9
2017-08-17 16:00:00,62.53,84.9
2017-08-17 17:00:00,62.77,87.1
2017-08-17 18:00:00,59.66,86.0
2017-08-17 19:00:00,82.48,84.0
2017-08-17 20:00:00,149.86,82.9
2017-08-17 21:00:00,68.83,82.0
2017-08-17 22:00:00,49.31,81.0
2017-08-17 23:00:00,47.9,80.1
2017-08-18 00:00:00,48.49,79.0
2017-08-18 01:00:00,48.88,80.1
2017-08-18 02:00:00,45.56,79.0
2017-08-18 03:00:00,48.42,79.0
2017-08-18 04:00:00,48.92,78.1
2017-08-18 05:00:00,45.36,78.1
2017-08-18 06:00:00,48.4,78.1
2017-08-18 07:00:00,56.28,78.1
2017-08-18 08:00:00,60.63,80.1
2017-08-18 09:00:00,59.47,81.0
2017-08-18 10:00:00,62.62,82.9
2017-08-18 11:00:00,63.5,84.9
2017-08-18 12:00:00,66.27,87.1
2017-08-18 13:00:00,68.58,89.1
2017-08-18 14:00:00,67.99,90.0
2017-08-18 15:00:00,68.75,90.0
2017-08-18 16:00:00,68.2,91.0
2017-08-18 17:00:00,66.74,82.9
2017-08-18 18:00:00,61.27,80.1
2017-08-18 19:00:00,91.96,80.1
2017-08-18 20:00:00,156.67,80.1
2017-08-18 21:00:00,71.72,79.0
2017-08-18 22:00:00,55.49,78.1
2017-08-18 23:00:00,54.2,78.1
2017-08-19 00:00:00,50.98,78.1
2017-08-19 01:00:00,51.47,78.1
2017-08-19 02:00:00,50.9,79.0
2017-08-19 03:00:00,51.4,80.1
2017-08-19 04:00:00,48.34,79.0
2017-08-19 05:00:00,49.21,79.0
2017-08-19 06:00:00,44.28,77.0
2017-08-19 07:00:00,40.52,79.0
2017-08-19 08:00:00,45.56,80.1
2017-08-19 09:00:00,45.3,82.0
2017-08-19 10:00:00,49.98,84.0
2017-08-19 11:00:00,54.89,86.0
2017-08-19 12:00:00,56.48,84.9
2017-08-19 13:00:00,58.25,87.1
2017-08-19 14:00:00,57.25,88.0
2017-08-19 15:00:00,64.03,89.1
2017-08-19 16:00:00,62.72,90.0
2017-08-19 17:00:00,63.16,89.1
2017-08-19 18:00:00,58.35,87.1
2017-08-19 19:00:00,85.79,84.0
2017-08-19 20:00:00,145.61,82.9
2017-08-19 21:00:00,71.04,82.0
2017-08-19 22:00:00,53.86,75.0
2017-08-19 23:00:00,48.14,73.9
2017-08-20 00:00:00,48.63,73.0
2017-08-20 01:00:00,48.89,73.9
2017-08-20 02:00:00,46.93,72.0
2017-08-20 03:00:00,47.47,73.0
2017-08-20 04:00:00,48.86,71.1
2017-08-20 05:00:00,49.01,71.1
2017-08-20 06:00:00,44.43,71.1
2017-08-20 07:00:00,45.93,73.0
2017-08-20 08:00:00,43.6,75.9
2017-08-20 09:00:00,46.63,79.0
2017-08-20 10:00:00,46.66,81.0
2017-08-20 11:00:00,50.46,82.9
2017-08-20 12:00:00,50.49,84.0
2017-08-20 13:00:00,51.89,86.0
2017-08-20 14:00:00,52.99,87.1
2017-08-20 15:00:00,53.03,87.1
2017-08-20 16:00:00,53.93,87.1
2017-08-20 17:00:00,52.42,86.0
2017-08-20 18:00:00,52.06,84.9
2017-08-20 19:00:00,84.42,82.4
2017-08-20 20:00:00,144.21,80.1
2017-08-20 21:00:00,69.51,78.1
2017-08-20 22:00:00,53.21,77.0
2017-08-20 23:00:00,51.81,77.0
2017-08-21 00:00:00,52.16,75.9
2017-08-21 01:00:00,52.73,75.9
2017-08-21 02:00:00,51.36,75.9
2017-08-21 03:00:00,53.22,75.9
2017-08-21 04:00:00,51.19,75.9
2017-08-21 05:00:00,50.15,75.9
2017-08-21 06:00:00,51.23,75.0
2017-08-21 07:00:00,51.38,77.0
2017-08-21 08:00:00,59.91,78.1
2017-08-21 09:00:00,61.37,80.1
2017-08-21 10:00:00,62.35,82.0
2017-08-21 11:00:00,62.77,84.9
2017-08-21 12:00:00,64.06,87.1
2017-08-21 13:00:00,64.86,89.1
2017-08-21 14:00:00,64.54,87.1
2017-08-21 15:00:00,62.51,88.0
2017-08-21 16:00:00,63.92,86.0
2017-08-21 17:00:00,62.32,82.9
2017-08-21 18:00:00,62.66,80.1
2017-08-21 19:00:00,95.27,79.0
2017-08-21 20:00:00,146.36,79.0
2017-08-21 21:00:00,60.73,78.1
2017-08-21 22:00:00,45.99,78.1
2017-08-21 23:00:00,45.46,77.0
2017-08-22 00:00:00,44.71,75.9
2017-08-22 01:00:00,42.15,75.9
2017-08-22 02:00:00,45.09,75.9
2017-08-22 03:00:00,44.91,75.0
2017-08-22 04:00:00,43.52,75.9
2017-08-22 05:00:00,45.36,75.9
2017-08-22 06:00:00,42.41,75.9
2017-08-22 07:00:00,51.67,77.0
2017-08-22 08:00:00,55.33,79.0
2017-08-22 09:00:00,56.79,82.0
2017-08-22 10:00:00,63.1,84.0
2017-08-22 11:00:00,64.49,84.9
2017-08-22 12:00:00,64.83,88.0
2017-08-22 13:00:00,66.13,90.0
2017-08-22 14:00:00,59.84,91.0
2017-08-22 15:00:00,60.48,91.9
2017-08-22 16:00:00,59.7,91.9
2017-08-22 17:00:00,59.15,91.0
2017-08-22 18:00:00,58.93,89.1
2017-08-22 19:00:00,96.67,87.1
2017-08-22 20:00:00,148.08,86.0
2017-08-22 21:00:00,69.03,84.9
2017-08-22 22:00:00,52.81,84.0
2017-08-22 23:00:00,50.6,82.9
2017-08-23 00:00:00,49.15,84.0
2017-08-23 01:00:00,48.39,80.1
2017-08-23 02:00:00,45.25,80.1
2017-08-23 03:00:00,46.2,79.0
2017-08-23 04:00:00,44.78,79.0
2017-08-23 05:00:00,45.96,79.0
2017-08-23 06:00:00,41.47,78.1
2017-08-23 07:00:00,52.76,78.1
2017-08-23 08:00:00,54.61,78.1
2017-08-23 09:00:00,55.19,78.1
2017-08-23 10:00:00,58.72,79.0
2017-08-23 11:00:00,60.21,80.1
2017-08-23 12:00:00,60.19,82.0
2017-08-23 13:00:00,60.91,82.9
2017-08-23 14:00:00,61.38,82.9
2017-08-23 15:00:00,60.44,84.9
2017-08-23 16:00:00,57.85,84.9
2017-08-23 17:00:00,57.38,84.0
2017-08-23 18:00:00,55.12,82.0
2017-08-23 19:00:00,91.93,80.1
2017-08-23 20:00:00,137.72,79.0
2017-08-23 21:00:00,57.39,78.1
2017-08-23 22:00:00,42.57,75.0
2017-08-23 23:00:00,40.72,77.0
2017-08-24 00:00:00,42.02,73.0
2017-08-24 01:00:00,38.96,72.0
2017-08-24 02:00:00,40.71,73.0
2017-08-24 03:00:00,42.1,72.0
2017-08-24 04:00:00,41.69,73.0
2017-08-24 05:00:00,41.03,73.0
2017-08-24 06:00:00,35.23,71.1
2017-08-24 07:00:00,32.24,73.0
2017-08-24 08:00:00,34.49,73.0
2017-08-24 09:00:00,32.79,73.9
2017-08-24 10:00:00,37.83,75.9
2017-08-24 11:00:00,35.71,78.1
2017-08-24 12:00:00,39.8,80.1
2017-08-24 13:00:00,37.3,81.0
2017-08-24 14:00:00,40.5,82.9
2017-08-24 15:00:00,38.21,84.0
2017-08-24 16:00:00,42.04,82.0
2017-08-24 17:00:00,41.57,81.0
2017-08-24 18:00:00,40.52,79.0
2017-08-24 19:00:00,81.05,78.1
2017-08-24 20:00:00,126.11,77.0
2017-08-24 21:00:00,47.71,75.0
2017-08-24 22:00:00,25.86,73.9
2017-08-24 23:00:00,28.41,73.9
2017-08-25 00:00:00,28.69,72.0
2017-08-25 01:00:00,28.49,71.1
2017-08-25 02:00:00,28.21,69.1
2017-08-25 03:00:00,27.03,66.9
2017-08-25 04:00:00,26.57,66.9
2017-08-25 05:00:00,26.65,66.0
2017-08-25 06:00:00,25.88,66.0
2017-08-25 07:00:00,32.43,68.0
2017-08-25 08:00:00,31.55,70.0
2017-08-25 09:00:00,41.42,72.0
2017-08-25 10:00:00,50.76,73.9
2017-08-25 11:00:00,50.66,75.9
2017-08-25 12:00:00,53.02,75.9
2017-08-25 13:00:00,49.8,78.1
2017-08-25 14:00:00,52.77,78.1
2017-08-25 15:00:00,49.57,80.1
2017-08-25 16:00:00,47.05,80.1
2017-08-25 17:00:00,45.0,78.1
2017-08-25 18:00:00,42.88,78.1
2017-08-25 19:00:00,90.51,77.0
2017-08-25 20:00:00,137.27,75.0
2017-08-25 21:00:00,56.49,73.9
2017-08-25 22:00:00,40.85,73.0
2017-08-25 23:00:00,41.18,72.0
2017-08-26 00:00:00,39.97,71.1
2017-08-26 01:00:00,40.21,69.1
2017-08-26 02:00:00,39.69,66.9
2017-08-26 03:00:00,40.7,66.9
2017-08-26 04:00:00,40.07,66.9
2017-08-26 05:00:00,39.91,66.9
2017-08-26 06:00:00,36.41,66.9
2017-08-26 07:00:00,34.15,66.9
2017-08-26 08:00:00,35.45,71.1
2017-08-26 09:00:00,43.63,73.0
2017-08-26 10:00:00,48.35,75.9
2017-08-26 11:00:00,56.14,79.0
2017-08-26 12:00:00,53.0,78.1
2017-08-26 13:00:00,56.96,80.1
2017-08-26 14:00:00,55.41,80.1
2017-08-26 15:00:00,54.62,79.0
2017-08-26 16:00:00,52.26,79.0
2017-08-26 17:00:00,48.76,78.1
2017-08-26 18:00:00,41.99,77.0
2017-08-26 19:00:00,85.63,75.0
2017-08-26 20:00:00,136.29,73.9
2017-08-26 21:00:00,59.53,73.0
2017-08-26 22:00:00,42.82,72.0
2017-08-26 23:00:00,42.42,71.1
2017-08-27 00:00:00,43.04,70.0
2017-08-27 01:00:00,42.03,69.1
2017-08-27 02:00:00,42.38,68.0
2017-08-27 03:00:00,42.47,66.9
2017-08-27 04:00:00,42.62,66.0
2017-08-27 05:00:00,41.76,66.0
2017-08-27 06:00:00,38.85,66.0
2017-08-27 07:00:00,34.77,66.9
2017-08-27 08:00:00,37.6,70.0
2017-08-27 09:00:00,36.19,73.0
2017-08-27 10:00:00,37.33,75.9
2017-08-27 11:00:00,35.82,75.9
2017-08-27 12:00:00,39.96,78.1
2017-08-27 13:00:00,39.48,79.0
2017-08-27 14:00:00,37.69,78.1
2017-08-27 15:00:00,39.32,77.0
2017-08-27 16:00:00,39.51,78.1
2017-08-27 17:00:00,37.64,77.0
2017-08-27 18:00:00,37.71,75.0
2017-08-27 19:00:00,85.92,73.0
2017-08-27 20:00:00,133.34,72.0
2017-08-27 21:00:00,57.67,71.1
2017-08-27 22:00:00,41.53,70.0
2017-08-27 23:00:00,40.95,69.1
2017-08-28 00:00:00,40.46,68.0
2017-08-28 01:00:00,42.24,66.9
2017-08-28 02:00:00,41.33,66.0
2017-08-28 03:00:00,40.96,66.9
2017-08-28 04:00:00,41.4,66.9
2017-08-28 05:00:00,39.58,64.9
2017-08-28 06:00:00,39.69,64.0
2017-08-28 07:00:00,45.2,64.9
2017-08-28 08:00:00,48.66,68.0
2017-08-28 09:00:00,50.09,71.1
2017-08-28 10:00:00,46.38,73.0
2017-08-28 11:00:00,50.58,73.9
2017-08-28 12:00:00,48.56,75.9
2017-08-28 13:00:00,49.18,75.9
2017-08-28 14:00:00,52.08,77.0
2017-08-28 15:00:00,50.53,78.1
2017-08-28 16:00:00,49.67,75.9
2017-08-28 17:00:00,48.15,75.0
2017-08-28 18:00:00,53.52,73.0
2017-08-28 19:00:00,107.86,72.0
2017-08-28 20:00:00,139.08,70.0
2017-08-28 21:00:00,55.86,70.0
2017-08-28 22:00:00,39.43,69.1
2017-08-28 23:00:00,40.28,69.1
2017-08-29 00:00:00,38.82,69.1
2017-08-29 01:00:00,37.48,68.0
2017-08-29 02:00:00,38.57,68.0
2017-08-29 03:00:00,39.16,66.9
2017-08-29 04:00:00,38.68,64.9
2017-08-29 05:00:00,38.62,64.9
2017-08-29 06:00:00,40.17,64.9
2017-08-29 07:00:00,45.74,64.9
2017-08-29 08:00:00,46.21,66.0
2017-08-29 09:00:00,45.35,66.9
2017-08-29 10:00:00,48.73,68.0
2017-08-29 11:00:00,49.01,68.0
2017-08-29 12:00:00,50.04,68.0
2017-08-29 13:00:00,47.33,68.0
2017-08-29 14:00:00,46.02,68.0
2017-08-29 15:00:00,46.38,68.0
2017-08-29 16:00:00,48.17,68.0
2017-08-29 17:00:00,47.98,68.0
2017-08-29 18:00:00,46.56,68.0
2017-08-29 19:00:00,102.83,66.9
2017-08-29 20:00:00,140.62,66.9
2017-08-29 21:00:00,58.24,66.9
2017-08-29 22:00:00,39.89,66.0
2017-08-29 23:00:00,39.67,64.9
2017-08-30 00:00:00,40.05,64.9
2017-08-30 01:00:00,40.89,64.0
2017-08-30 02:00:00,39.82,64.0
2017-08-30 03:00:00,39.36,64.0
2017-08-30 04:00:00,39.2,63.0
2017-08-30 05:00:00,39.98,62.1
2017-08-30 06:00:00,37.6,62.1
2017-08-30 07:00:00,42.48,63.0
2017-08-30 08:00:00,44.45,66.9
2017-08-30 09:00:00,45.97,69.1
2017-08-30 10:00:00,49.6,72.0
2017-08-30 11:00:00,44.75,73.0
2017-08-30 12:00:00,49.13,75.0
2017-08-30 13:00:00,47.61,75.9
2017-08-30 14:00:00,50.26,77.0
2017-08-30 15:00:00,48.33,77.0
2017-08-30 16:00:00,48.19,78.1
2017-08-30 17:00:00,48.17,78.1
2017-08-30 18:00:00,48.76,75.9
2017-08-30 19:00:00,103.31,75.0
2017-08-30 20:00:00,135.35,72.0
2017-08-30 21:00:00,56.56,71.1
2017-08-30 22:00:00,39.45,71.1
2017-08-30 23:00:00,40.19,70.0
2017-08-31 00:00:00,39.37,71.1
2017-08-31 01:00:00,39.8,70.0
2017-08-31 02:00:00,39.47,69.1
2017-08-31 03:00:00,40.1,69.1
2017-08-31 04:00:00,39.3,68.0
2017-08-31 05:00:00,38.73,68.0
2017-08-31 06:00:00,37.49,68.0
2017-08-31 07:00:00,46.43,70.0
2017-08-31 08:00:00,47.64,72.0
2017-08-31 09:00:00,47.71,75.9
2017-08-31 10:00:00,46.69,79.0
2017-08-31 11:00:00,52.54,81.0
2017-08-31 12:00:00,51.73,82.0
2017-08-31 13:00:00,54.7,84.0
2017-08-31 14:00:00,54.92,84.9
2017-08-31 15:00:00,51.66,82.9
2017-08-31 16:00:00,56.39,82.9
2017-08-31 17:00:00,53.12,82.0
2017-08-31 18:00:00,50.53,82.0
2017-08-31 19:00:00,114.04,80.1
2017-08-31 20:00:00,144.15,80.1
2017-08-31 21:00:00,61.5,78.1
2017-08-31 22:00:00,41.76,75.9
2017-08-31 23:00:00,38.31,73.9
2017-09-01 00:00:00,40.09,73.0
2017-09-01 01:00:00,38.65,72.0
2017-09-01 02:00:00,40.12,71.1
2017-09-01 03:00:00,39.89,69.1
2017-09-01 04:00:00,38.93,66.9
2017-09-01 05:00:00,39.18,66.0
2017-09-01 06:00:00,36.21,64.0
2017-09-01 07:00:00,43.45,63.0
2017-09-01 08:00:00,45.58,63.0
2017-09-01 09:00:00,46.56,64.0
2017-09-01 10:00:00,45.26,64.0
2017-09-01 11:00:00,45.85,64.0
2017-09-01 12:00:00,45.99,64.0
2017-09-01 13:00:00,45.39,64.9
2017-09-01 14:00:00,46.51,66.0
2017-09-01 15:00:00,46.02,66.0
2017-09-01 16:00:00,45.56,66.0
2017-09-01 17:00:00,44.29,66.9
2017-09-01 18:00:00,45.53,64.9
2017-09-01 19:00:00,110.8,64.0
2017-09-01 20:00:00,142.18,64.0
2017-09-01 21:00:00,56.68,64.0
2017-09-01 22:00:00,38.27,64.0
2017-09-01 23:00:00,38.09,63.0
2017-09-02 00:00:00,37.8,64.0
2017-09-02 01:00:00,37.68,63.0
2017-09-02 02:00:00,38.11,63.0
2017-09-02 03:00:00,36.65,62.1
2017-09-02 04:00:00,37.07,62.1
2017-09-02 05:00:00,36.87,59.0
2017-09-02 06:00:00,38.1,57.0
2017-09-02 07:00:00,32.66,57.9
2017-09-02 08:00:00,31.33,59.0
2017-09-02 09:00:00,32.36,60.1
2017-09-02 10:00:00,36.63,60.1
2017-09-02 11:00:00,37.69,61.0
2017-09-02 12:00:00,35.41,62.1
2017-09-02 13:00:00,36.33,63.0
2017-09-02 14:00:00,36.92,62.1
2017-09-02 15:00:00,37.51,63.0
2017-09-02 16:00:00,36.57,63.0
2017-09-02 17:00:00,34.24,64.0
2017-09-02 18:00:00,31.38,64.0
2017-09-02 19:00:00,97.59,64.0
2017-09-02 20:00:00,129.33,64.0
2017-09-02 21:00:00,52.96,63.0
2017-09-02 22:00:00,37.78,63.0
2017-09-02 23:00:00,38.55,64.0
2017-09-03 00:00:00,37.97,64.0
2017-09-03 01:00:00,37.89,63.0
2017-09-03 02:00:00,37.85,63.0
2017-09-03 03:00:00,38.52,63.0
2017-09-03 04:00:00,36.78,63.0
2017-09-03 05:00:00,37.46,63.0
2017-09-03 06:00:00,36.51,63.0
2017-09-03 07:00:00,31.62,63.0
2017-09-03 08:00:00,30.75,64.9
2017-09-03 09:00:00,31.75,66.0
2017-09-03 10:00:00,33.65,70.0
2017-09-03 11:00:00,31.33,73.0
2017-09-03 12:00:00,33.65,73.9
2017-09-03 13:00:00,31.66,75.9
2017-09-03 14:00:00,35.35,79.0
2017-09-03 15:00:00,32.97,79.0
2017-09-03 16:00:00,34.77,78.1
2017-09-03 17:00:00,32.34,79.0
2017-09-03 18:00:00,35.37,78.1
2017-09-03 19:00:00,100.07,75.9
2017-09-03 20:00:00,131.02,71.1
2017-09-03 21:00:00,53.35,70.0
2017-09-03 22:00:00,38.37,66.9
2017-09-03 23:00:00,36.32,66.9
2017-09-04 00:00:00,37.08,66.0
2017-09-04 01:00:00,37.72,64.0
2017-09-04 02:00:00,38.8,66.0
2017-09-04 03:00:00,36.51,63.0
2017-09-04 04:00:00,37.52,62.1
2017-09-04 05:00:00,37.24,62.1
2017-09-04 06:00:00,35.11,63.0
2017-09-04 07:00:00,20.29,64.9
2017-09-04 08:00:00,17.82,68.0
2017-09-04 09:00:00,19.35,70.0
2017-09-04 10:00:00,19.24,73.9
2017-09-04 11:00:00,21.99,78.1
2017-09-04 12:00:00,22.0,81.0
2017-09-04 13:00:00,23.69,81.0
2017-09-04 14:00:00,24.72,82.0
2017-09-04 15:00:00,22.07,82.0
2017-09-04 16:00:00,25.25,82.0
2017-09-04 17:00:00,22.64,81.0
2017-09-04 18:00:00,24.37,79.0
2017-09-04 19:00:00,90.55,77.0
2017-09-04 20:00:00,120.45,75.9
2017-09-04 21:00:00,43.02,75.9
2017-09-04 22:00:00,25.45,75.9
2017-09-04 23:00:00,25.48,73.9
2017-09-05 00:00:00,24.22,73.0
2017-09-05 01:00:00,25.01,73.0
2017-09-05 02:00:00,24.75,72.0
2017-09-05 03:00:00,23.05,72.0
2017-09-05 04:00:00,22.87,71.1
2017-09-05 05:00:00,23.64,70.0
2017-09-05 06:00:00,24.13,70.0
2017-09-05 07:00:00,32.24,71.1
2017-09-05 08:00:00,35.62,72.0
2017-09-05 09:00:00,33.5,75.9
2017-09-05 10:00:00,36.83,78.1
2017-09-05 11:00:00,40.59,80.1
2017-09-05 12:00:00,42.7,82.0
2017-09-05 13:00:00,43.12,84.0
2017-09-05 14:00:00,49.25,86.0
2017-09-05 15:00:00,43.95,86.0
2017-09-05 16:00:00,43.7,86.0
2017-09-05 17:00:00,38.91,81.0
2017-09-05 18:00:00,39.94,73.0
2017-09-05 19:00:00,110.95,70.0
2017-09-05 20:00:00,132.54,71.1
2017-09-05 21:00:00,47.45,70.0
2017-09-05 22:00:00,27.51,70.0
2017-09-05 23:00:00,29.77,71.1
2017-09-06 00:00:00,29.0,71.1
2017-09-06 01:00:00,28.51,70.0
2017-09-06 02:00:00,27.78,70.0
2017-09-06 03:00:00,27.87,70.0
2017-09-06 04:00:00,27.34,70.0
2017-09-06 05:00:00,27.75,70.0
2017-09-06 06:00:00,29.38,69.1
2017-09-06 07:00:00,37.37,66.9
2017-09-06 08:00:00,34.51,66.9
2017-09-06 09:00:00,32.05,66.9
2017-09-06 10:00:00,32.81,66.0
2017-09-06 11:00:00,33.18,64.9
2017-09-06 12:00:00,34.28,64.9
2017-09-06 13:00:00,32.72,64.9
2017-09-06 14:00:00,32.47,64.9
2017-09-06 15:00:00,32.25,64.9
2017-09-06 16:00:00,34.12,64.0
2017-09-06 17:00:00,32.75,64.0
2017-09-06 18:00:00,31.65,63.0
2017-09-06 19:00:00,109.51,63.0
2017-09-06 20:00:00,130.98,63.0
2017-09-06 21:00:00,45.02,62.1
2017-09-06 22:00:00,26.31,62.1
2017-09-06 23:00:00,26.65,62.1
2017-09-07 00:00:00,25.15,61.0
2017-09-07 01:00:00,25.58,60.1
2017-09-07 02:00:00,25.08,60.1
2017-09-07 03:00:00,25.73,60.1
2017-09-07 04:00:00,25.75,61.0
2017-09-07 05:00:00,25.61,60.1
2017-09-07 06:00:00,23.52,59.0
2017-09-07 07:00:00,30.58,60.1
2017-09-07 08:00:00,31.59,63.0
2017-09-07 09:00:00,30.63,66.9
2017-09-07 10:00:00,33.34,69.1
2017-09-07 11:00:00,33.87,70.0
2017-09-07 12:00:00,32.26,71.1
2017-09-07 13:00:00,35.23,73.0
2017-09-07 14:00:00,33.65,73.9
2017-09-07 15:00:00,30.76,73.9
2017-09-07 16:00:00,34.57,73.9
2017-09-07 17:00:00,32.86,73.0
2017-09-07 18:00:00,31.84,73.0
2017-09-07 19:00:00,111.29,69.1
2017-09-07 20:00:00,129.87,68.0
2017-09-07 21:00:00,43.58,66.0
2017-09-07 22:00:00,25.79,66.0
2017-09-07 23:00:00,25.37,64.0
2017-09-08 00:00:00,25.61,61.0
2017-09-08 01:00:00,25.38,59.0
2017-09-08 02:00:00,25.41,57.9
2017-09-08 03:00:00,25.28,57.9
2017-09-08 04:00:00,25.36,55.9
2017-09-08 05:00:00,24.34,57.0
2017-09-08 06:00:00,24.74,55.9
2017-09-08 07:00:00,31.44,59.0
2017-09-08 08:00:00,31.65,63.0
2017-09-08 09:00:00,33.51,68.0
2017-09-08 10:00:00,38.0,71.1
2017-09-08 11:00:00,38.77,73.0
2017-09-08 12:00:00,37.46,75.0
2017-09-08 13:00:00,33.99,75.9
2017-09-08 14:00:00,33.18,75.9
2017-09-08 15:00:00,34.84,73.9
2017-09-08 16:00:00,33.39,73.9
2017-09-08 17:00:00,32.43,75.0
2017-09-08 18:00:00,35.17,72.0
2017-09-08 19:00:00,115.14,72.0
2017-09-08 20:00:00,129.88,70.0
2017-09-08 21:00:00,47.88,68.0
2017-09-08 22:00:00,25.61,66.0
2017-09-08 23:00:00,27.24,64.0
2017-09-09 00:00:00,25.93,62.1
2017-09-09 01:00:00,25.3,61.0
2017-09-09 02:00:00,24.93,60.1
2017-09-09 03:00:00,25.92,60.1
2017-09-09 04:00:00,25.28,59.0
2017-09-09 05:00:00,25.14,59.0
2017-09-09 06:00:00,22.57,57.0
2017-09-09 07:00:00,21.42,60.1
2017-09-09 08:00:00,23.35,62.1
2017-09-09 09:00:00,31.18,64.9
2017-09-09 10:00:00,34.51,66.9
2017-09-09 11:00:00,34.56,69.1
2017-09-09 12:00:00,35.28,71.1
2017-09-09 13:00:00,32.77,69.1
2017-09-09 14:00:00,36.11,70.0
2017-09-09 15:00:00,34.54,71.1
2017-09-09 16:00:00,33.23,72.0
2017-09-09 17:00:00,33.47,71.1
2017-09-09 18:00:00,27.65,68.0
2017-09-09 19:00:00,103.3,66.9
2017-09-09 20:00:00,118.7,64.9
2017-09-09 21:00:00,42.27,64.0
2017-09-09 22:00:00,27.42,63.0
2017-09-09 23:00:00,26.26,61.0
2017-09-10 00:00:00,25.02,60.1
2017-09-10 01:00:00,25.07,59.0
2017-09-10 02:00:00,24.78,57.9
2017-09-10 03:00:00,23.97,55.9
2017-09-10 04:00:00,23.99,55.0
2017-09-10 05:00:00,24.02,53.1
2017-09-10 06:00:00,23.27,54.0
2017-09-10 07:00:00,18.29,57.0
2017-09-10 08:00:00,18.99,60.1
2017-09-10 09:00:00,18.23,64.0
2017-09-10 10:00:00,21.1,66.9
2017-09-10 11:00:00,20.18,69.1
2017-09-10 12:00:00,19.89,71.1
2017-09-10 13:00:00,21.31,72.0
2017-09-10 14:00:00,21.32,73.9
2017-09-10 15:00:00,19.43,73.0
2017-09-10 16:00:00,21.12,73.0
2017-09-10 17:00:00,22.18,71.1
2017-09-10 18:00:00,18.91,70.0
2017-09-10 19:00:00,105.98,69.1
2017-09-10 20:00:00,118.8,66.9
2017-09-10 21:00:00,41.49,64.9
2017-09-10 22:00:00,24.16,63.0
2017-09-10 23:00:00,24.57,61.0
2017-09-11 00:00:00,24.89,61.0
2017-09-11 01:00:00,24.66,57.9
2017-09-11 02:00:00,24.52,59.0
2017-09-11 03:00:00,23.92,57.9
2017-09-11 04:00:00,23.91,57.9
2017-09-11 05:00:00,24.36,57.9
2017-09-11 06:00:00,22.33,57.9
2017-09-11 07:00:00,28.4,59.0
2017-09-11 08:00:00,30.57,62.1
2017-09-11 09:00:00,33.54,64.9
2017-09-11 10:00:00,32.61,69.1
2017-09-11 11:00:00,34.95,73.0
2017-09-11 12:00:00,36.14,73.9
2017-09-11 13:00:00,35.24,73.0
2017-09-11 14:00:00,36.13,73.9
2017-09-11 15:00:00,35.98,73.0
2017-09-11 16:00:00,31.1,72.0
2017-09-11 17:00:00,35.0,71.1
2017-09-11 18:00:00,32.44,70.0
2017-09-11 19:00:00,109.51,69.1
2017-09-11 20:00:00,122.81,69.1
2017-09-11 21:00:00,40.98,68.0
2017-09-11 22:00:00,25.75,66.9
2017-09-11 23:00:00,25.14,66.0
2017-09-12 00:00:00,25.11,64.9
2017-09-12 01:00:00,24.98,64.0
2017-09-12 02:00:00,25.07,64.0
2017-09-12 03:00:00,24.97,64.0
2017-09-12 04:00:00,24.75,63.0
2017-09-12 05:00:00,24.71,64.0
2017-09-12 06:00:00,25.74,64.0
2017-09-12 07:00:00,30.85,64.0
2017-09-12 08:00:00,31.86,66.0
2017-09-12 09:00:00,33.68,68.0
2017-09-12 10:00:00,35.53,71.1
2017-09-12 11:00:00,36.06,73.0
2017-09-12 12:00:00,36.22,75.9
2017-09-12 13:00:00,35.76,77.0
2017-09-12 14:00:00,38.1,78.1
2017-09-12 15:00:00,38.83,78.1
2017-09-12 16:00:00,35.57,78.1
2017-09-12 17:00:00,39.06,75.9
2017-09-12 18:00:00,35.36,73.0
2017-09-12 19:00:00,124.49,72.0
2017-09-12 20:00:00,125.17,71.1
2017-09-12 21:00:00,44.76,71.1
2017-09-12 22:00:00,27.81,71.1
2017-09-12 23:00:00,28.07,70.0
2017-09-13 00:00:00,27.68,69.1
2017-09-13 01:00:00,28.45,69.1
2017-09-13 02:00:00,29.65,69.1
2017-09-13 03:00:00,29.48,69.1
2017-09-13 04:00:00,28.27,68.0
2017-09-13 05:00:00,28.17,68.0
2017-09-13 06:00:00,28.49,66.9
2017-09-13 07:00:00,31.56,68.0
2017-09-13 08:00:00,26.2,68.0
2017-09-13 09:00:00,28.93,69.1
2017-09-13 10:00:00,33.56,70.0
2017-09-13 11:00:00,36.5,72.0
2017-09-13 12:00:00,36.91,73.9
2017-09-13 13:00:00,38.77,73.9
2017-09-13 14:00:00,39.02,77.0
2017-09-13 15:00:00,42.97,77.0
2017-09-13 16:00:00,40.22,79.0
2017-09-13 17:00:00,46.14,80.1
2017-09-13 18:00:00,40.62,77.0
2017-09-13 19:00:00,131.52,79.0
2017-09-13 20:00:00,130.63,73.9
2017-09-13 21:00:00,45.66,72.0
2017-09-13 22:00:00,27.44,72.0
2017-09-13 23:00:00,26.57,71.1
2017-09-14 00:00:00,27.42,70.0
2017-09-14 01:00:00,24.46,69.1
2017-09-14 02:00:00,28.0,70.0
2017-09-14 03:00:00,27.54,70.0
2017-09-14 04:00:00,29.43,70.0
2017-09-14 05:00:00,28.0,70.0
2017-09-14 06:00:00,26.98,70.0
2017-09-14 07:00:00,30.09,71.1
2017-09-14 08:00:00,34.69,71.1
2017-09-14 09:00:00,36.2,73.9
2017-09-14 10:00:00,36.63,75.9
2017-09-14 11:00:00,38.81,75.9
2017-09-14 12:00:00,41.55,80.1
2017-09-14 13:00:00,38.85,80.1
2017-09-14 14:00:00,42.96,82.0
2017-09-14 15:00:00,37.55,80.1
2017-09-14 16:00:00,42.34,79.0
2017-09-14 17:00:00,41.13,79.0
2017-09-14 18:00:00,37.24,79.0
2017-09-14 19:00:00,133.54,75.9
2017-09-14 20:00:00,132.13,77.0
2017-09-14 21:00:00,44.34,75.9
2017-09-14 22:00:00,28.5,72.0
2017-09-14 23:00:00,29.82,72.0
2017-09-15 00:00:00,26.14,72.0
2017-09-15 01:00:00,28.03,71.1
2017-09-15 02:00:00,28.64,69.1
2017-09-15 03:00:00,28.44,69.1
2017-09-15 04:00:00,28.5,68.0
2017-09-15 05:00:00,27.23,66.9
2017-09-15 06:00:00,26.71,66.9
2017-09-15 07:00:00,32.49,69.1
2017-09-15 08:00:00,37.21,72.0
2017-09-15 09:00:00,38.68,75.0
2017-09-15 10:00:00,42.34,79.0
2017-09-15 11:00:00,43.98,79.0
2017-09-15 12:00:00,45.52,80.1
2017-09-15 13:00:00,46.21,82.9
2017-09-15 14:00:00,45.67,82.0
2017-09-15 15:00:00,40.84,81.0
2017-09-15 16:00:00,40.06,80.1
2017-09-15 17:00:00,36.01,80.1
2017-09-15 18:00:00,39.95,80.1
2017-09-15 19:00:00,134.43,78.1
2017-09-15 20:00:00,128.08,75.9
2017-09-15 21:00:00,46.23,73.9
2017-09-15 22:00:00,28.69,73.9
2017-09-15 23:00:00,27.73,72.0
2017-09-16 00:00:00,28.67,71.1
2017-09-16 01:00:00,29.26,71.1
2017-09-16 02:00:00,29.79,70.0
2017-09-16 03:00:00,29.03,69.1
2017-09-16 04:00:00,29.51,69.1
2017-09-16 05:00:00,28.2,68.0
2017-09-16 06:00:00,26.91,66.9
2017-09-16 07:00:00,23.21,70.0
2017-09-16 08:00:00,25.62,73.0
2017-09-16 09:00:00,28.93,77.0
2017-09-16 10:00:00,39.2,81.0
2017-09-16 11:00:00,46.83,82.9
2017-09-16 12:00:00,41.37,86.0
2017-09-16 13:00:00,45.19,82.9
2017-09-16 14:00:00,43.99,80.1
2017-09-16 15:00:00,44.96,81.0
2017-09-16 16:00:00,42.67,81.0
2017-09-16 17:00:00,42.65,81.0
2017-09-16 18:00:00,38.58,79.0
2017-09-16 19:00:00,120.23,78.1
2017-09-16 20:00:00,121.45,77.0
2017-09-16 21:00:00,45.9,75.9
2017-09-16 22:00:00,26.16,75.0
2017-09-16 23:00:00,27.54,73.0
2017-09-17 00:00:00,26.46,72.0
2017-09-17 01:00:00,24.95,72.0
2017-09-17 02:00:00,29.09,71.1
2017-09-17 03:00:00,28.04,71.1
2017-09-17 04:00:00,27.75,69.1
2017-09-17 05:00:00,27.51,69.1
2017-09-17 06:00:00,27.05,69.1
2017-09-17 07:00:00,23.11,70.0
2017-09-17 08:00:00,22.11,73.0
2017-09-17 09:00:00,22.08,73.9
2017-09-17 10:00:00,25.13,78.1
2017-09-17 11:00:00,27.46,79.0
2017-09-17 12:00:00,24.96,81.0
2017-09-17 13:00:00,29.03,82.0
2017-09-17 14:00:00,27.49,84.0
2017-09-17 15:00:00,31.14,84.0
2017-09-17 16:00:00,25.98,80.1
2017-09-17 17:00:00,27.59,79.0
2017-09-17 18:00:00,33.33,78.1
2017-09-17 19:00:00,120.09,77.0
2017-09-17 20:00:00,122.83,75.9
2017-09-17 21:00:00,45.08,73.9
2017-09-17 22:00:00,27.78,73.9
2017-09-17 23:00:00,28.92,73.0
2017-09-18 00:00:00,29.09,72.0
2017-09-18 01:00:00,29.47,72.0
2017-09-18 02:00:00,30.01,71.1
2017-09-18 03:00:00,30.62,71.1
2017-09-18 04:00:00,28.5,71.1
2017-09-18 05:00:00,28.89,71.1
2017-09-18 06:00:00,29.74,71.1
2017-09-18 07:00:00,35.54,72.0
2017-09-18 08:00:00,34.34,73.0
2017-09-18 09:00:00,35.71,73.9
2017-09-18 10:00:00,36.65,73.9
2017-09-18 11:00:00,37.27,75.0
2017-09-18 12:00:00,40.69,75.9
2017-09-18 13:00:00,39.2,75.0
2017-09-18 14:00:00,36.86,75.0
2017-09-18 15:00:00,40.04,75.0
2017-09-18 16:00:00,41.39,75.9
2017-09-18 17:00:00,38.57,77.0
2017-09-18 18:00:00,51.5,73.9
2017-09-18 19:00:00,131.58,73.0
2017-09-18 20:00:00,127.72,72.0
2017-09-18 21:00:00,44.97,72.0
2017-09-18 22:00:00,28.53,71.1
2017-09-18 23:00:00,27.68,71.1
2017-09-19 00:00:00,26.83,70.0
2017-09-19 01:00:00,27.24,70.0
2017-09-19 02:00:00,27.05,70.0
2017-09-19 03:00:00,26.99,71.1
2017-09-19 04:00:00,26.57,70.0
2017-09-19 05:00:00,27.2,69.1
2017-09-19 06:00:00,26.86,69.1
2017-09-19 07:00:00,35.64,70.0
2017-09-19 08:00:00,32.89,72.0
2017-09-19 09:00:00,35.67,73.9
2017-09-19 10:00:00,35.66,77.0
2017-09-19 11:00:00,37.8,77.0
2017-09-19 12:00:00,42.4,80.1
2017-09-19 13:00:00,39.22,82.0
2017-09-19 14:00:00,42.52,82.9
2017-09-19 15:00:00,44.19,82.0
2017-09-19 16:00:00,41.68,82.9
2017-09-19 17:00:00,38.79,82.0
2017-09-19 18:00:00,55.43,80.1
2017-09-19 19:00:00,132.97,78.1
2017-09-19 20:00:00,132.58,77.0
2017-09-19 21:00:00,48.43,73.9
2017-09-19 22:00:00,27.93,75.0
2017-09-19 23:00:00,27.71,73.0
2017-09-20 00:00:00,27.43,72.0
2017-09-20 01:00:00,25.25,71.1
2017-09-20 02:00:00,26.8,73.0
2017-09-20 03:00:00,25.14,71.1
2017-09-20 04:00:00,26.14,71.1
2017-09-20 05:00:00,26.63,72.0
2017-09-20 06:00:00,27.5,71.1
2017-09-20 07:00:00,33.19,71.1
2017-09-20 08:00:00,34.97,73.0
2017-09-20 09:00:00,34.2,75.0
2017-09-20 10:00:00,37.59,77.0
2017-09-20 11:00:00,38.05,81.0
2017-09-20 12:00:00,40.91,84.9
2017-09-20 13:00:00,44.54,86.0
2017-09-20 14:00:00,42.2,87.1
2017-09-20 15:00:00,44.86,87.1
2017-09-20 16:00:00,46.64,87.1
2017-09-20 17:00:00,46.59,84.9
2017-09-20 18:00:00,54.99,84.0
2017-09-20 19:00:00,138.06,80.1
2017-09-20 20:00:00,132.09,78.1
2017-09-20 21:00:00,50.03,75.0
2017-09-20 22:00:00,26.74,75.0
2017-09-20 23:00:00,29.15,73.9
2017-09-21 00:00:00,27.47,73.0
2017-09-21 01:00:00,27.23,73.0
2017-09-21 02:00:00,26.98,72.0
2017-09-21 03:00:00,27.09,69.1
2017-09-21 04:00:00,27.4,69.1
2017-09-21 05:00:00,28.76,68.0
2017-09-21 06:00:00,26.74,68.0
2017-09-21 07:00:00,23.9,71.1
2017-09-21 08:00:00,35.37,73.9
2017-09-21 09:00:00,36.44,78.1
2017-09-21 10:00:00,40.69,82.0
2017-09-21 11:00:00,43.47,84.0
2017-09-21 12:00:00,45.64,86.0
2017-09-21 13:00:00,39.45,86.0
2017-09-21 14:00:00,39.89,87.1
2017-09-21 15:00:00,34.69,86.0
2017-09-21 16:00:00,38.64,84.9
2017-09-21 17:00:00,44.38,84.9
2017-09-21 18:00:00,62.34,82.0
2017-09-21 19:00:00,138.21,81.0
2017-09-21 20:00:00,130.28,80.1
2017-09-21 21:00:00,48.02,77.0
2017-09-21 22:00:00,28.54,75.9
2017-09-21 23:00:00,29.69,75.9
2017-09-22 00:00:00,28.95,73.9
2017-09-22 01:00:00,27.53,73.9
2017-09-22 02:00:00,27.54,73.0
2017-09-22 03:00:00,28.07,72.0
2017-09-22 04:00:00,27.96,72.0
2017-09-22 05:00:00,25.26,70.0
2017-09-22 06:00:00,26.98,71.1
2017-09-22 07:00:00,24.09,72.0
2017-09-22 08:00:00,23.0,73.0
2017-09-22 09:00:00,35.48,75.0
2017-09-22 10:00:00,37.55,80.1
2017-09-22 11:00:00,41.41,80.1
2017-09-22 12:00:00,41.51,80.1
2017-09-22 13:00:00,40.73,82.9
2017-09-22 14:00:00,42.72,82.9
2017-09-22 15:00:00,42.14,82.0
2017-09-22 16:00:00,40.7,82.0
2017-09-22 17:00:00,39.96,81.0
2017-09-22 18:00:00,62.35,79.0
2017-09-22 19:00:00,137.85,80.1
2017-09-22 20:00:00,129.86,75.0
2017-09-22 21:00:00,49.18,75.9
2017-09-22 22:00:00,29.01,73.9
2017-09-22 23:00:00,26.57,73.0
2017-09-23 00:00:00,27.05,70.0
2017-09-23 01:00:00,26.81,69.1
2017-09-23 02:00:00,28.18,68.0
2017-09-23 03:00:00,26.62,66.9
2017-09-23 04:00:00,26.6,66.0
2017-09-23 05:00:00,25.47,64.9
2017-09-23 06:00:00,26.01,66.0
2017-09-23 07:00:00,30.63,68.0
2017-09-23 08:00:00,34.26,72.0
2017-09-23 09:00:00,35.64,75.9
2017-09-23 10:00:00,41.75,81.0
2017-09-23 11:00:00,42.03,82.9
2017-09-23 12:00:00,45.27,84.9
2017-09-23 13:00:00,44.36,84.9
2017-09-23 14:00:00,46.91,88.0
2017-09-23 15:00:00,45.04,88.0
2017-09-23 16:00:00,42.62,88.0
2017-09-23 17:00:00,42.64,87.1
2017-09-23 18:00:00,59.4,82.9
2017-09-23 19:00:00,122.57,81.0
2017-09-23 20:00:00,121.38,77.0
2017-09-23 21:00:00,45.3,73.9
2017-09-23 22:00:00,27.09,73.9
2017-09-23 23:00:00,27.77,73.0
2017-09-24 00:00:00,25.93,71.1
2017-09-24 01:00:00,27.2,70.0
2017-09-24 02:00:00,28.26,70.0
2017-09-24 03:00:00,28.0,69.1
2017-09-24 04:00:00,27.28,68.0
2017-09-24 05:00:00,26.96,66.9
2017-09-24 06:00:00,26.57,66.9
2017-09-24 07:00:00,22.59,70.0
2017-09-24 08:00:00,23.91,73.9
2017-09-24 09:00:00,23.28,78.1
2017-09-24 10:00:00,24.76,82.9
2017-09-24 11:00:00,29.11,86.0
2017-09-24 12:00:00,30.14,89.1
2017-09-24 13:00:00,29.97,90.0
2017-09-24 14:00:00,33.41,91.0
2017-09-24 15:00:00,32.78,91.0
2017-09-24 16:00:00,31.37,90.0
2017-09-24 17:00:00,30.6,87.1
2017-09-24 18:00:00,55.51,84.0
2017-09-24 19:00:00,121.41,82.0
2017-09-24 20:00:00,123.6,80.1
2017-09-24 21:00:00,46.82,78.1
2017-09-24 22:00:00,29.05,78.1
2017-09-24 23:00:00,30.37,75.0
2017-09-25 00:00:00,28.34,75.0
2017-09-25 01:00:00,28.17,73.0
2017-09-25 02:00:00,28.18,73.0
2017-09-25 03:00:00,27.5,72.0
2017-09-25 04:00:00,27.66,72.0
2017-09-25 05:00:00,28.36,71.1
2017-09-25 06:00:00,29.66,72.0
2017-09-25 07:00:00,36.07,73.0
2017-09-25 08:00:00,37.77,75.9
2017-09-25 09:00:00,39.01,80.1
2017-09-25 10:00:00,43.7,84.0
2017-09-25 11:00:00,47.79,86.0
2017-09-25 12:00:00,47.37,88.0
2017-09-25 13:00:00,47.96,90.0
2017-09-25 14:00:00,50.25,91.0
2017-09-25 15:00:00,48.36,90.0
2017-09-25 16:00:00,46.58,88.0
2017-09-25 17:00:00,47.47,86.0
2017-09-25 18:00:00,76.63,84.0
2017-09-25 19:00:00,133.44,82.0
2017-09-25 20:00:00,137.06,80.1
2017-09-25 21:00:00,47.33,78.1
2017-09-25 22:00:00,31.49,77.0
2017-09-25 23:00:00,26.78,75.9
2017-09-26 00:00:00,28.36,75.0
2017-09-26 01:00:00,26.77,73.0
2017-09-26 02:00:00,28.52,72.0
2017-09-26 03:00:00,28.48,72.0
2017-09-26 04:00:00,27.11,71.1
2017-09-26 05:00:00,26.34,70.0
2017-09-26 06:00:00,28.22,69.1
2017-09-26 07:00:00,34.82,71.1
2017-09-26 08:00:00,36.76,72.0
2017-09-26 09:00:00,35.77,73.0
2017-09-26 10:00:00,36.43,75.0
2017-09-26 11:00:00,38.35,77.0
2017-09-26 12:00:00,43.97,80.1
2017-09-26 13:00:00,44.47,82.9
2017-09-26 14:00:00,45.35,84.9
2017-09-26 15:00:00,48.38,84.9
2017-09-26 16:00:00,45.23,82.9
2017-09-26 17:00:00,49.02,82.0
2017-09-26 18:00:00,78.45,81.0
2017-09-26 19:00:00,134.43,81.0
2017-09-26 20:00:00,128.87,80.1
2017-09-26 21:00:00,45.25,78.1
2017-09-26 22:00:00,30.0,78.1
2017-09-26 23:00:00,29.59,78.1
2017-09-27 00:00:00,29.02,77.0
2017-09-27 01:00:00,28.92,75.9
2017-09-27 02:00:00,29.34,75.9
2017-09-27 03:00:00,28.35,73.9
2017-09-27 04:00:00,27.09,73.9
2017-09-27 05:00:00,26.48,73.0
2017-09-27 06:00:00,25.95,73.9
2017-09-27 07:00:00,28.75,73.9
2017-09-27 08:00:00,32.33,77.0
2017-09-27 09:00:00,33.24,81.0
2017-09-27 10:00:00,42.29,82.9
2017-09-27 11:00:00,44.85,84.0
2017-09-27 12:00:00,47.49,87.1
2017-09-27 13:00:00,48.63,89.1
2017-09-27 14:00:00,49.58,90.0
2017-09-27 15:00:00,49.34,91.0
2017-09-27 16:00:00,49.54,91.0
2017-09-27 17:00:00,48.63,89.1
2017-09-27 18:00:00,79.73,86.0
2017-09-27 19:00:00,142.24,82.9
2017-09-27 20:00:00,141.43,82.9
2017-09-27 21:00:00,48.06,81.0
2017-09-27 22:00:00,34.35,78.1
2017-09-27 23:00:00,29.91,75.9
2017-09-28 00:00:00,31.71,78.1
2017-09-28 01:00:00,30.78,75.0
2017-09-28 02:00:00,29.05,75.0
2017-09-28 03:00:00,28.2,75.9
2017-09-28 04:00:00,30.71,73.9
2017-09-28 05:00:00,29.08,75.0
2017-09-28 06:00:00,27.12,75.0
2017-09-28 07:00:00,28.88,75.0
2017-09-28 08:00:00,31.05,75.9
2017-09-28 09:00:00,32.48,77.0
2017-09-28 10:00:00,34.53,78.1
2017-09-28 11:00:00,40.13,79.0
2017-09-28 12:00:00,38.8,79.0
2017-09-28 13:00:00,40.61,80.1
2017-09-28 14:00:00,41.52,80.1
2017-09-28 15:00:00,38.07,80.1
2017-09-28 16:00:00,38.82,80.1
2017-09-28 17:00:00,41.18,79.0
2017-09-28 18:00:00,73.16,75.9
2017-09-28 19:00:00,132.18,73.9
2017-09-28 20:00:00,125.63,72.0
2017-09-28 21:00:00,41.52,70.0
2017-09-28 22:00:00,25.92,69.1
2017-09-28 23:00:00,26.89,66.9
2017-09-29 00:00:00,25.49,66.9
2017-09-29 01:00:00,25.42,64.0
2017-09-29 02:00:00,27.01,63.0
2017-09-29 03:00:00,24.26,62.1
2017-09-29 04:00:00,25.09,61.0
2017-09-29 05:00:00,24.4,59.0
2017-09-29 06:00:00,26.65,59.0
2017-09-29 07:00:00,29.82,60.1
2017-09-29 08:00:00,32.34,62.1
2017-09-29 09:00:00,32.85,66.0
2017-09-29 10:00:00,35.11,66.9
2017-09-29 11:00:00,34.03,69.1
2017-09-29 12:00:00,32.46,71.1
2017-09-29 13:00:00,35.24,72.0
2017-09-29 14:00:00,35.8,73.9
2017-09-29 15:00:00,35.6,73.9
2017-09-29 16:00:00,33.16,73.9
2017-09-29 17:00:00,34.26,73.0
2017-09-29 18:00:00,71.77,71.1
2017-09-29 19:00:00,129.85,69.1
2017-09-29 20:00:00,120.43,66.0
2017-09-29 21:00:00,40.72,64.0
2017-09-29 22:00:00,23.29,64.0
2017-09-29 23:00:00,25.02,64.0
2017-09-30 00:00:00,24.3,66.0
2017-09-30 01:00:00,23.97,64.9
2017-09-30 02:00:00,23.92,64.9
2017-09-30 03:00:00,23.47,64.9
2017-09-30 04:00:00,25.04,63.0
2017-09-30 05:00:00,23.44,62.1
2017-09-30 06:00:00,23.48,60.1
2017-09-30 07:00:00,19.83,59.0
2017-09-30 08:00:00,21.56,61.0
2017-09-30 09:00:00,21.15,63.0
2017-09-30 10:00:00,24.47,66.0
2017-09-30 11:00:00,23.84,66.9
2017-09-30 12:00:00,26.22,64.9
2017-09-30 13:00:00,27.86,66.0
2017-09-30 14:00:00,25.73,69.1
2017-09-30 15:00:00,26.44,69.1
2017-09-30 16:00:00,28.98,66.9
2017-09-30 17:00:00,25.96,66.0
2017-09-30 18:00:00,59.88,63.0
2017-09-30 19:00:00,116.74,62.1
2017-09-30 20:00:00,117.43,61.0
2017-09-30 21:00:00,41.82,60.1
2017-09-30 22:00:00,24.29,57.9
2017-09-30 23:00:00,23.22,57.9
2017-10-01 00:00:00,23.12,57.0
2017-10-01 01:00:00,23.36,55.9
2017-10-01 02:00:00,23.13,55.0
2017-10-01 03:00:00,22.48,53.1
2017-10-01 04:00:00,23.26,52.0
2017-10-01 05:00:00,23.67,53.1
2017-10-01 06:00:00,22.99,52.0
2017-10-01 07:00:00,16.93,53.1
2017-10-01 08:00:00,16.64,55.9
2017-10-01 09:00:00,19.02,60.1
2017-10-01 10:00:00,17.12,62.1
2017-10-01 11:00:00,19.07,64.9
2017-10-01 12:00:00,19.71,66.9
2017-10-01 13:00:00,18.7,68.0
2017-10-01 14:00:00,17.95,70.0
2017-10-01 15:00:00,19.54,70.0
2017-10-01 16:00:00,19.78,69.1
2017-10-01 17:00:00,18.91,68.0
2017-10-01 18:00:00,61.32,64.9
2017-10-01 19:00:00,114.54,64.0
2017-10-01 20:00:00,116.96,62.1
2017-10-01 21:00:00,39.09,61.0
2017-10-01 22:00:00,22.61,60.1
2017-10-01 23:00:00,22.82,59.0
2017-10-02 00:00:00,23.6,57.0
2017-10-02 01:00:00,20.78,57.0
2017-10-02 02:00:00,21.31,55.9
2017-10-02 03:00:00,20.87,55.0
2017-10-02 04:00:00,22.18,53.1
2017-10-02 05:00:00,20.96,53.1
2017-10-02 06:00:00,21.73,54.0
2017-10-02 07:00:00,28.75,55.0
2017-10-02 08:00:00,31.37,60.1
2017-10-02 09:00:00,31.8,62.1
2017-10-02 10:00:00,33.49,66.0
2017-10-02 11:00:00,33.48,69.1
2017-10-02 12:00:00,34.53,71.1
2017-10-02 13:00:00,35.31,72.0
2017-10-02 14:00:00,31.86,72.0
2017-10-02 15:00:00,35.05,73.0
2017-10-02 16:00:00,35.07,73.0
2017-10-02 17:00:00,31.61,72.0
2017-10-02 18:00:00,81.55,70.0
2017-10-02 19:00:00,133.5,66.9
2017-10-02 20:00:00,123.75,64.0
2017-10-02 21:00:00,41.38,64.0
2017-10-02 22:00:00,26.89,63.0
2017-10-02 23:00:00,26.08,63.0
2017-10-03 00:00:00,24.62,61.0
2017-10-03 01:00:00,25.09,61.0
2017-10-03 02:00:00,26.4,57.9
2017-10-03 03:00:00,24.06,57.9
2017-10-03 04:00:00,23.34,55.9
2017-10-03 05:00:00,22.72,57.0
2017-10-03 06:00:00,25.76,57.0
2017-10-03 07:00:00,29.04,57.0
2017-10-03 08:00:00,30.91,60.1
2017-10-03 09:00:00,34.13,64.9
2017-10-03 10:00:00,34.57,69.1
2017-10-03 11:00:00,34.89,71.1
2017-10-03 12:00:00,33.53,72.0
2017-10-03 13:00:00,37.48,73.0
2017-10-03 14:00:00,35.51,73.9
2017-10-03 15:00:00,34.33,75.0
2017-10-03 16:00:00,34.28,73.0
2017-10-03 17:00:00,33.13,72.0
2017-10-03 18:00:00,83.26,69.1
2017-10-03 19:00:00,130.77,68.0
2017-10-03 20:00:00,123.49,66.0
2017-10-03 21:00:00,41.05,64.0
2017-10-03 22:00:00,25.16,63.0
2017-10-03 23:00:00,24.02,63.0
2017-10-04 00:00:00,23.36,62.1
2017-10-04 01:00:00,22.5,60.1
2017-10-04 02:00:00,24.88,59.0
2017-10-04 03:00:00,22.95,59.0
2017-10-04 04:00:00,22.57,57.9
2017-10-04 05:00:00,23.26,57.9
2017-10-04 06:00:00,23.12,57.0
2017-10-04 07:00:00,30.49,57.9
2017-10-04 08:00:00,31.92,61.0
2017-10-04 09:00:00,32.59,64.0
2017-10-04 10:00:00,35.46,68.0
2017-10-04 11:00:00,32.02,71.1
2017-10-04 12:00:00,35.21,73.0
2017-10-04 13:00:00,33.96,73.9
2017-10-04 14:00:00,36.2,75.9
2017-10-04 15:00:00,38.82,75.9
2017-10-04 16:00:00,34.32,75.9
2017-10-04 17:00:00,38.31,75.0
2017-10-04 18:00:00,83.82,71.1
2017-10-04 19:00:00,132.05,69.1
2017-10-04 20:00:00,129.61,66.9
2017-10-04 21:00:00,43.75,66.0
2017-10-04 22:00:00,26.8,64.9
2017-10-04 23:00:00,28.34,64.0
2017-10-05 00:00:00,27.55,63.0
2017-10-05 01:00:00,26.86,62.1
2017-10-05 02:00:00,26.16,61.0
2017-10-05 03:00:00,27.1,61.0
2017-10-05 04:00:00,25.56,60.1
2017-10-05 05:00:00,26.21,60.1
2017-10-05 06:00:00,26.33,59.0
2017-10-05 07:00:00,25.4,61.0
2017-10-05 08:00:00,28.08,64.0
2017-10-05 09:00:00,30.32,66.9
2017-10-05 10:00:00,35.35,69.1
2017-10-05 11:00:00,36.88,72.0
2017-10-05 12:00:00,40.62,75.9
2017-10-05 13:00:00,38.59,80.1
2017-10-05 14:00:00,41.12,79.0
2017-10-05 15:00:00,35.65,79.0
2017-10-05 16:00:00,42.27,80.1
2017-10-05 17:00:00,36.54,75.9
2017-10-05 18:00:00,90.77,73.9
2017-10-05 19:00:00,131.58,73.0
2017-10-05 20:00:00,128.81,73.0
2017-10-05 21:00:00,42.79,72.0
2017-10-05 22:00:00,25.08,71.1
2017-10-05 23:00:00,24.19,70.0
2017-10-06 00:00:00,25.66,69.1
2017-10-06 01:00:00,25.0,69.1
2017-10-06 02:00:00,25.44,69.1
2017-10-06 03:00:00,24.93,68.0
2017-10-06 04:00:00,24.11,66.9
2017-10-06 05:00:00,25.27,66.0
2017-10-06 06:00:00,24.77,66.0
2017-10-06 07:00:00,34.02,64.9
2017-10-06 08:00:00,31.9,68.0
2017-10-06 09:00:00,33.49,69.1
2017-10-06 10:00:00,35.29,72.0
2017-10-06 11:00:00,34.9,75.0
2017-10-06 12:00:00,39.97,80.1
2017-10-06 13:00:00,36.2,80.1
2017-10-06 14:00:00,41.0,82.0
2017-10-06 15:00:00,39.28,82.0
2017-10-06 16:00:00,41.46,81.0
2017-10-06 17:00:00,37.04,79.0
2017-10-06 18:00:00,93.96,78.1
2017-10-06 19:00:00,132.82,75.0
2017-10-06 20:00:00,125.08,75.9
2017-10-06 21:00:00,43.94,73.9
2017-10-06 22:00:00,25.59,72.0
2017-10-06 23:00:00,28.13,71.1
2017-10-07 00:00:00,0.07,70.0
2017-10-07 01:00:00,0.07,69.1
2017-10-07 02:00:00,0.07,69.1
2017-10-07 03:00:00,0.07,68.0
2017-10-07 04:00:00,0.07,68.0
2017-10-07 05:00:00,0.07,66.9
2017-10-07 06:00:00,0.07,64.9
2017-10-07 07:00:00,0.07,66.9
2017-10-07 08:00:00,0.07,70.0
2017-10-07 09:00:00,0.07,72.0
2017-10-07 10:00:00,0.07,75.9
2017-10-07 11:00:00,0.07,80.1
2017-10-07 12:00:00,0.07,82.0
2017-10-07 13:00:00,0.07,82.0
2017-10-07 14:00:00,0.07,82.9
2017-10-07 15:00:00,0.07,84.0
2017-10-07 16:00:00,0.07,82.0
2017-10-07 17:00:00,0.07,81.0
2017-10-07 18:00:00,58.12,80.1
2017-10-07 19:00:00,92.4,78.1
2017-10-07 20:00:00,92.73,77.0
2017-10-07 21:00:00,16.09,75.9
2017-10-07 22:00:00,0.07,75.9
2017-10-07 23:00:00,0.07,75.9
2017-10-08 00:00:00,29.62,75.9
2017-10-08 01:00:00,33.64,75.9
2017-10-08 02:00:00,31.58,75.9
2017-10-08 03:00:00,31.82,75.9
2017-10-08 04:00:00,30.39,75.0
2017-10-08 05:00:00,31.33,75.0
2017-10-08 06:00:00,31.26,75.9
2017-10-08 07:00:00,29.02,75.9
2017-10-08 08:00:00,26.81,75.9
2017-10-08 09:00:00,26.42,77.0
2017-10-08 10:00:00,27.12,78.1
2017-10-08 11:00:00,30.16,80.1
2017-10-08 12:00:00,27.5,82.0
2017-10-08 13:00:00,31.6,82.0
2017-10-08 14:00:00,33.72,82.0
2017-10-08 15:00:00,28.02,82.0
2017-10-08 16:00:00,31.09,81.0
2017-10-08 17:00:00,30.5,80.1
2017-10-08 18:00:00,89.64,79.0
2017-10-08 19:00:00,128.67,78.1
2017-10-08 20:00:00,124.66,78.1
2017-10-08 21:00:00,52.04,78.1
2017-10-08 22:00:00,32.48,78.1
2017-10-08 23:00:00,31.92,75.9
2017-10-09 00:00:00,33.15,77.0
2017-10-09 01:00:00,32.46,75.9
2017-10-09 02:00:00,30.59,75.9
2017-10-09 03:00:00,31.18,75.9
2017-10-09 04:00:00,29.62,75.9
2017-10-09 05:00:00,29.69,75.0
2017-10-09 06:00:00,29.41,73.9
2017-10-09 07:00:00,30.54,73.9
2017-10-09 08:00:00,25.03,75.0
2017-10-09 09:00:00,25.91,75.0
2017-10-09 10:00:00,26.74,75.9
2017-10-09 11:00:00,26.88,78.1
2017-10-09 12:00:00,28.77,80.1
2017-10-09 13:00:00,29.71,82.9
2017-10-09 14:00:00,33.54,84.9
2017-10-09 15:00:00,33.91,84.9
2017-10-09 16:00:00,32.53,84.9
2017-10-09 17:00:00,32.42,84.0
2017-10-09 18:00:00,94.75,81.0
2017-10-09 19:00:00,127.34,80.1
2017-10-09 20:00:00,127.32,81.0
2017-10-09 21:00:00,51.34,80.1
2017-10-09 22:00:00,32.57,80.1
2017-10-09 23:00:00,32.24,77.0
2017-10-10 00:00:00,33.47,75.9
2017-10-10 01:00:00,32.01,75.9
2017-10-10 02:00:00,29.34,75.0
2017-10-10 03:00:00,28.05,73.9
2017-10-10 04:00:00,29.36,73.0
2017-10-10 05:00:00,27.24,73.0
2017-10-10 06:00:00,28.14,73.0
2017-10-10 07:00:00,29.71,73.9
2017-10-10 08:00:00,37.69,75.9
2017-10-10 09:00:00,35.85,79.0
2017-10-10 10:00:00,42.51,80.1
2017-10-10 11:00:00,41.99,82.0
2017-10-10 12:00:00,44.94,84.0
2017-10-10 13:00:00,47.55,84.0
2017-10-10 14:00:00,47.48,84.9
2017-10-10 15:00:00,44.56,84.0
2017-10-10 16:00:00,44.58,84.9
2017-10-10 17:00:00,47.05,82.9
2017-10-10 18:00:00,107.32,80.1
2017-10-10 19:00:00,138.54,79.0
2017-10-10 20:00:00,125.66,79.0
2017-10-10 21:00:00,45.89,77.0
2017-10-10 22:00:00,30.59,75.9
2017-10-10 23:00:00,32.18,75.9
2017-10-11 00:00:00,28.63,75.0
2017-10-11 01:00:00,29.65,75.0
2017-10-11 02:00:00,30.45,73.9
2017-10-11 03:00:00,31.68,73.9
2017-10-11 04:00:00,29.63,73.9
2017-10-11 05:00:00,29.29,73.9
2017-10-11 06:00:00,29.33,73.9
2017-10-11 07:00:00,37.13,73.0
2017-10-11 08:00:00,34.33,73.9
2017-10-11 09:00:00,28.48,73.9
2017-10-11 10:00:00,30.69,73.9
2017-10-11 11:00:00,31.08,75.0
2017-10-11 12:00:00,32.87,73.9
2017-10-11 13:00:00,35.86,75.0
2017-10-11 14:00:00,35.99,75.0
2017-10-11 15:00:00,39.1,73.9
2017-10-11 16:00:00,36.12,73.0
2017-10-11 17:00:00,37.16,72.0
2017-10-11 18:00:00,108.44,71.1
2017-10-11 19:00:00,133.89,70.0
2017-10-11 20:00:00,130.49,70.0
2017-10-11 21:00:00,46.18,69.1
2017-10-11 22:00:00,28.58,66.9
2017-10-11 23:00:00,28.71,66.9
2017-10-12 00:00:00,28.39,66.9
2017-10-12 01:00:00,29.5,66.9
2017-10-12 02:00:00,28.51,66.9
2017-10-12 03:00:00,27.96,66.9
2017-10-12 04:00:00,28.24,66.9
2017-10-12 05:00:00,29.04,66.9
2017-10-12 06:00:00,28.67,66.0
2017-10-12 07:00:00,35.48,66.0
2017-10-12 08:00:00,32.25,66.0
2017-10-12 09:00:00,34.14,66.0
2017-10-12 10:00:00,34.35,64.9
2017-10-12 11:00:00,33.59,64.0
2017-10-12 12:00:00,36.78,64.0
2017-10-12 13:00:00,35.82,64.0
2017-10-12 14:00:00,29.84,64.0
2017-10-12 15:00:00,27.96,64.0
2017-10-12 16:00:00,29.77,63.0
2017-10-12 17:00:00,34.85,62.1
2017-10-12 18:00:00,104.13,62.1
2017-10-12 19:00:00,130.89,62.1
2017-10-12 20:00:00,124.65,62.1
2017-10-12 21:00:00,42.52,62.1
2017-10-12 22:00:00,25.86,61.0
2017-10-12 23:00:00,25.27,62.1
2017-10-13 00:00:00,24.65,61.0
2017-10-13 01:00:00,24.46,62.1
2017-10-13 02:00:00,24.35,61.0
2017-10-13 03:00:00,23.32,60.1
2017-10-13 04:00:00,25.39,61.0
2017-10-13 05:00:00,23.49,62.1
2017-10-13 06:00:00,24.06,61.0
2017-10-13 07:00:00,32.35,61.0
2017-10-13 08:00:00,31.47,62.1
2017-10-13 09:00:00,32.74,63.0
2017-10-13 10:00:00,33.37,63.0
2017-10-13 11:00:00,36.77,64.9
2017-10-13 12:00:00,35.56,66.0
2017-10-13 13:00:00,32.81,64.9
2017-10-13 14:00:00,34.44,66.0
2017-10-13 15:00:00,34.81,64.9
2017-10-13 16:00:00,32.88,64.9
2017-10-13 17:00:00,34.6,64.0
2017-10-13 18:00:00,110.54,63.0
2017-10-13 19:00:00,134.78,63.0
2017-10-13 20:00:00,128.74,63.0
2017-10-13 21:00:00,49.75,63.0
2017-10-13 22:00:00,33.8,63.0
2017-10-13 23:00:00,34.87,63.0
2017-10-14 00:00:00,33.71,63.0
2017-10-14 01:00:00,33.45,63.0
2017-10-14 02:00:00,32.92,64.0
2017-10-14 03:00:00,34.93,64.0
2017-10-14 04:00:00,34.08,63.0
2017-10-14 05:00:00,33.58,63.0
2017-10-14 06:00:00,34.67,63.0
2017-10-14 07:00:00,32.12,63.0
2017-10-14 08:00:00,27.81,64.0
2017-10-14 09:00:00,29.1,64.9
2017-10-14 10:00:00,32.34,66.0
2017-10-14 11:00:00,35.28,66.0
2017-10-14 12:00:00,34.08,68.0
2017-10-14 13:00:00,34.86,68.0
2017-10-14 14:00:00,36.95,69.1
2017-10-14 15:00:00,37.07,69.1
2017-10-14 16:00:00,34.56,69.1
2017-10-14 17:00:00,31.46,69.1
2017-10-14 18:00:00,97.54,66.9
2017-10-14 19:00:00,119.68,66.0
2017-10-14 20:00:00,118.97,64.9
2017-10-14 21:00:00,42.82,66.0
2017-10-14 22:00:00,28.09,66.0
2017-10-14 23:00:00,26.98,64.9
2017-10-15 00:00:00,26.47,64.9
2017-10-15 01:00:00,26.27,64.9
2017-10-15 02:00:00,27.48,64.9
2017-10-15 03:00:00,27.03,64.0
2017-10-15 04:00:00,26.91,64.0
2017-10-15 05:00:00,26.56,64.0
2017-10-15 06:00:00,28.07,64.0
2017-10-15 07:00:00,24.39,64.9
2017-10-15 08:00:00,21.23,64.9
2017-10-15 09:00:00,18.76,66.0
2017-10-15 10:00:00,21.85,68.0
2017-10-15 11:00:00,20.67,70.0
2017-10-15 12:00:00,21.22,72.0
2017-10-15 13:00:00,20.26,73.9
2017-10-15 14:00:00,22.53,75.9
2017-10-15 15:00:00,22.64,78.1
2017-10-15 16:00:00,22.33,78.1
2017-10-15 17:00:00,24.27,75.9
2017-10-15 18:00:00,99.42,73.9
2017-10-15 19:00:00,118.55,73.0
2017-10-15 20:00:00,118.18,73.0
2017-10-15 21:00:00,41.17,73.0
2017-10-15 22:00:00,25.67,72.0
2017-10-15 23:00:00,24.58,73.0
2017-10-16 00:00:00,26.46,73.0
2017-10-16 01:00:00,24.85,71.1
2017-10-16 02:00:00,25.12,69.1
2017-10-16 03:00:00,25.68,63.0
2017-10-16 04:00:00,24.99,63.0
2017-10-16 05:00:00,24.91,63.0
2017-10-16 06:00:00,26.61,63.0
2017-10-16 07:00:00,31.7,62.1
2017-10-16 08:00:00,29.79,62.1
2017-10-16 09:00:00,31.66,62.1
2017-10-16 10:00:00,32.8,62.1
2017-10-16 11:00:00,33.6,63.0
2017-10-16 12:00:00,33.28,61.0
2017-10-16 13:00:00,33.7,64.0
2017-10-16 14:00:00,32.39,62.1
2017-10-16 15:00:00,33.81,64.9
2017-10-16 16:00:00,32.55,64.9
2017-10-16 17:00:00,31.63,63.0
2017-10-16 18:00:00,111.18,61.0
2017-10-16 19:00:00,130.56,59.0
2017-10-16 20:00:00,126.5,57.9
2017-10-16 21:00:00,46.99,57.0
2017-10-16 22:00:00,29.76,55.0
2017-10-16 23:00:00,23.97,54.0
2017-10-17 00:00:00,23.12,52.0
2017-10-17 01:00:00,22.85,50.0
2017-10-17 02:00:00,23.17,50.0
2017-10-17 03:00:00,23.91,48.9
2017-10-17 04:00:00,23.17,48.9
2017-10-17 05:00:00,23.02,48.0
2017-10-17 06:00:00,25.3,46.9
2017-10-17 07:00:00,30.77,48.0
2017-10-17 08:00:00,27.34,50.0
2017-10-17 09:00:00,28.52,53.1
2017-10-17 10:00:00,30.41,55.0
2017-10-17 11:00:00,34.27,57.9
2017-10-17 12:00:00,31.47,60.1
2017-10-17 13:00:00,32.8,60.1
2017-10-17 14:00:00,33.46,63.0
2017-10-17 15:00:00,31.66,63.0
2017-10-17 16:00:00,30.48,62.1
2017-10-17 17:00:00,32.83,60.1
2017-10-17 18:00:00,111.62,59.0
2017-10-17 19:00:00,130.02,57.0
2017-10-17 20:00:00,120.59,54.0
2017-10-17 21:00:00,38.32,53.1
2017-10-17 22:00:00,21.56,51.1
2017-10-17 23:00:00,23.34,50.0
2017-10-18 00:00:00,21.81,48.9
2017-10-18 01:00:00,21.91,50.0
2017-10-18 02:00:00,21.49,48.9
2017-10-18 03:00:00,22.89,48.0
2017-10-18 04:00:00,21.56,46.9
2017-10-18 05:00:00,21.81,48.0
2017-10-18 06:00:00,23.08,46.0
2017-10-18 07:00:00,29.38,48.0
2017-10-18 08:00:00,26.47,51.1
2017-10-18 09:00:00,29.51,55.9
2017-10-18 10:00:00,31.08,60.1
2017-10-18 11:00:00,32.97,63.0
2017-10-18 12:00:00,30.56,66.0
2017-10-18 13:00:00,33.03,69.1
2017-10-18 14:00:00,32.95,70.0
2017-10-18 15:00:00,33.65,69.1
2017-10-18 16:00:00,31.84,69.1
2017-10-18 17:00:00,31.41,66.9
2017-10-18 18:00:00,115.84,63.0
2017-10-18 19:00:00,126.09,61.0
2017-10-18 20:00:00,120.98,60.1
2017-10-18 21:00:00,37.46,59.0
2017-10-18 22:00:00,22.25,57.0
2017-10-18 23:00:00,21.1,55.9
2017-10-19 00:00:00,21.23,53.1
2017-10-19 01:00:00,20.91,53.1
2017-10-19 02:00:00,22.06,51.1
2017-10-19 03:00:00,20.79,51.1
2017-10-19 04:00:00,21.04,51.1
2017-10-19 05:00:00,21.59,48.9
2017-10-19 06:00:00,20.79,50.0
2017-10-19 07:00:00,28.79,50.0
2017-10-19 08:00:00,27.53,54.0
2017-10-19 09:00:00,26.62,57.9
2017-10-19 10:00:00,23.94,61.0
2017-10-19 11:00:00,25.65,64.9
2017-10-19 12:00:00,24.03,68.0
2017-10-19 13:00:00,24.55,69.1
2017-10-19 14:00:00,22.63,71.1
2017-10-19 15:00:00,21.95,71.1
2017-10-19 16:00:00,24.52,71.1
2017-10-19 17:00:00,29.6,69.1
2017-10-19 18:00:00,116.14,64.9
2017-10-19 19:00:00,125.56,63.0
2017-10-19 20:00:00,121.87,63.0
2017-10-19 21:00:00,38.62,60.1
2017-10-19 22:00:00,21.23,59.0
2017-10-19 23:00:00,20.98,59.0
2017-10-20 00:00:00,20.43,59.0
2017-10-20 01:00:00,21.81,57.0
2017-10-20 02:00:00,20.38,55.0
2017-10-20 03:00:00,20.93,55.0
2017-10-20 04:00:00,20.18,55.9
2017-10-20 05:00:00,21.77,55.9
2017-10-20 06:00:00,20.69,55.9
2017-10-20 07:00:00,30.59,60.1
2017-10-20 08:00:00,26.84,66.9
2017-10-20 09:00:00,29.04,69.1
2017-10-20 10:00:00,26.43,72.0
2017-10-20 11:00:00,23.3,72.0
2017-10-20 12:00:00,22.39,75.0
2017-10-20 13:00:00,23.02,75.9
2017-10-20 14:00:00,21.51,75.9
2017-10-20 15:00:00,21.77,75.9
2017-10-20 16:00:00,21.96,75.0
2017-10-20 17:00:00,24.72,73.0
2017-10-20 18:00:00,116.94,71.1
2017-10-20 19:00:00,121.84,66.0
2017-10-20 20:00:00,118.2,64.9
2017-10-20 21:00:00,39.33,63.0
2017-10-20 22:00:00,22.44,60.1
2017-10-20 23:00:00,22.32,60.1
2017-10-21 00:00:00,22.5,59.0
2017-10-21 01:00:00,23.22,57.9
2017-10-21 02:00:00,22.3,55.9
2017-10-21 03:00:00,21.95,54.0
2017-10-21 04:00:00,22.14,54.0
2017-10-21 05:00:00,22.8,52.0
2017-10-21 06:00:00,21.77,52.0
2017-10-21 07:00:00,21.45,54.0
2017-10-21 08:00:00,28.14,57.9
2017-10-21 09:00:00,27.94,62.1
2017-10-21 10:00:00,28.97,68.0
2017-10-21 11:00:00,28.97,73.0
2017-10-21 12:00:00,28.49,75.0
2017-10-21 13:00:00,28.39,75.9
2017-10-21 14:00:00,29.09,77.0
2017-10-21 15:00:00,27.98,77.0
2017-10-21 16:00:00,29.79,75.0
2017-10-21 17:00:00,23.6,71.1
2017-10-21 18:00:00,108.46,69.1
2017-10-21 19:00:00,115.93,66.9
2017-10-21 20:00:00,115.74,66.0
2017-10-21 21:00:00,41.17,64.9
2017-10-21 22:00:00,23.31,62.1
2017-10-21 23:00:00,23.89,61.0
2017-10-22 00:00:00,23.46,59.0
2017-10-22 01:00:00,23.65,57.9
2017-10-22 02:00:00,24.71,57.9
2017-10-22 03:00:00,23.38,55.9
2017-10-22 04:00:00,23.54,55.9
2017-10-22 05:00:00,23.19,54.0
2017-10-22 06:00:00,24.13,55.0
2017-10-22 07:00:00,20.31,55.0
2017-10-22 08:00:00,16.27,57.0
2017-10-22 09:00:00,18.24,61.0
2017-10-22 10:00:00,16.4,66.0
2017-10-22 11:00:00,16.37,71.1
2017-10-22 12:00:00,16.86,75.0
2017-10-22 13:00:00,16.59,75.9
2017-10-22 14:00:00,18.14,75.9
2017-10-22 15:00:00,16.59,75.9
2017-10-22 16:00:00,16.77,75.0
2017-10-22 17:00:00,16.94,73.0
2017-10-22 18:00:00,111.69,70.0
2017-10-22 19:00:00,113.98,66.0
2017-10-22 20:00:00,114.23,66.0
2017-10-22 21:00:00,38.47,64.9
2017-10-22 22:00:00,23.22,64.0
2017-10-22 23:00:00,22.41,64.0
2017-10-23 00:00:00,22.17,63.0
2017-10-23 01:00:00,22.59,63.0
2017-10-23 02:00:00,23.23,61.0
2017-10-23 03:00:00,22.57,60.1
2017-10-23 04:00:00,22.2,61.0
2017-10-23 05:00:00,22.25,60.1
2017-10-23 06:00:00,24.36,62.1
2017-10-23 07:00:00,30.69,62.1
2017-10-23 08:00:00,27.88,64.0
2017-10-23 09:00:00,27.63,66.0
2017-10-23 10:00:00,28.91,68.0
2017-10-23 11:00:00,29.03,72.0
2017-10-23 12:00:00,28.71,75.0
2017-10-23 13:00:00,28.63,75.9
2017-10-23 14:00:00,29.71,75.9
2017-10-23 15:00:00,30.5,75.0
2017-10-23 16:00:00,28.25,73.9
2017-10-23 17:00:00,102.61,73.0
2017-10-23 18:00:00,124.17,72.0
2017-10-23 19:00:00,126.18,73.0
2017-10-23 20:00:00,119.73,73.0
2017-10-23 21:00:00,37.21,73.0
2017-10-23 22:00:00,21.76,72.0
2017-10-23 23:00:00,22.38,71.1
2017-10-24 00:00:00,21.77,71.1
2017-10-24 01:00:00,21.74,72.0
2017-10-24 02:00:00,21.5,72.0
2017-10-24 03:00:00,22.22,64.9
2017-10-24 04:00:00,22.34,64.0
2017-10-24 05:00:00,21.26,63.0
2017-10-24 06:00:00,21.49,63.0
2017-10-24 07:00:00,28.98,61.0
2017-10-24 08:00:00,27.94,62.1
2017-10-24 09:00:00,27.35,64.0
2017-10-24 10:00:00,28.82,64.9
2017-10-24 11:00:00,29.39,68.0
2017-10-24 12:00:00,30.31,70.0
2017-10-24 13:00:00,28.02,70.0
2017-10-24 14:00:00,27.66,71.1
2017-10-24 15:00:00,28.19,73.0
2017-10-24 16:00:00,28.89,72.0
2017-10-24 17:00:00,102.57,70.0
2017-10-24 18:00:00,123.9,68.0
2017-10-24 19:00:00,126.6,66.0
2017-10-24 20:00:00,119.49,64.0
2017-10-24 21:00:00,38.16,63.0
2017-10-24 22:00:00,22.5,64.0
2017-10-24 23:00:00,22.85,61.0
2017-10-25 00:00:00,23.77,59.0
2017-10-25 01:00:00,22.74,57.0
2017-10-25 02:00:00,22.77,55.0
2017-10-25 03:00:00,22.76,55.9
2017-10-25 04:00:00,22.62,55.9
2017-10-25 05:00:00,21.85,55.9
2017-10-25 06:00:00,22.5,57.0
2017-10-25 07:00:00,28.57,55.9
2017-10-25 08:00:00,26.16,57.0
2017-10-25 09:00:00,27.07,59.0
2017-10-25 10:00:00,27.72,61.0
2017-10-25 11:00:00,27.08,61.0
2017-10-25 12:00:00,26.23,62.1
2017-10-25 13:00:00,27.83,63.0
2017-10-25 14:00:00,29.41,63.0
2017-10-25 15:00:00,27.1,63.0
2017-10-25 16:00:00,26.85,63.0
2017-10-25 17:00:00,101.82,62.1
2017-10-25 18:00:00,123.01,60.1
2017-10-25 19:00:00,119.91,59.0
2017-10-25 20:00:00,115.57,57.0
2017-10-25 21:00:00,37.36,55.0
2017-10-25 22:00:00,21.3,52.0
2017-10-25 23:00:00,21.88,51.1
2017-10-26 00:00:00,20.95,50.0
2017-10-26 01:00:00,20.83,51.1
2017-10-26 02:00:00,20.73,51.1
2017-10-26 03:00:00,21.64,51.1
2017-10-26 04:00:00,20.73,51.1
2017-10-26 05:00:00,20.99,50.0
2017-10-26 06:00:00,20.85,50.0
2017-10-26 07:00:00,24.86,50.0
2017-10-26 08:00:00,27.08,51.1
2017-10-26 09:00:00,26.89,52.0
2017-10-26 10:00:00,27.81,55.9
2017-10-26 11:00:00,28.75,55.0
2017-10-26 12:00:00,27.97,57.0
2017-10-26 13:00:00,28.12,61.0
2017-10-26 14:00:00,28.01,62.1
2017-10-26 15:00:00,27.98,62.1
2017-10-26 16:00:00,26.72,61.0
2017-10-26 17:00:00,102.05,57.9
2017-10-26 18:00:00,125.29,55.9
2017-10-26 19:00:00,126.09,54.0
2017-10-26 20:00:00,122.38,54.0
2017-10-26 21:00:00,39.91,53.1
2017-10-26 22:00:00,25.05,51.1
2017-10-26 23:00:00,24.87,50.0
2017-10-27 00:00:00,1.22,48.9
2017-10-27 01:00:00,1.23,46.0
2017-10-27 02:00:00,1.21,46.0
2017-10-27 03:00:00,1.2,45.0
2017-10-27 04:00:00,1.2,43.0
2017-10-27 05:00:00,1.2,45.0
2017-10-27 06:00:00,1.2,46.0
2017-10-27 07:00:00,1.12,46.0
2017-10-27 08:00:00,0.91,48.9
2017-10-27 09:00:00,0.84,54.0
2017-10-27 10:00:00,0.83,55.9
2017-10-27 11:00:00,0.84,59.0
2017-10-27 12:00:00,0.83,62.1
2017-10-27 13:00:00,0.83,66.9
2017-10-27 14:00:00,0.84,66.9
2017-10-27 15:00:00,0.83,68.0
2017-10-27 16:00:00,0.84,68.0
2017-10-27 17:00:00,75.8,66.0
2017-10-27 18:00:00,93.83,63.0
2017-10-27 19:00:00,93.46,62.1
2017-10-27 20:00:00,94.09,60.1
2017-10-27 21:00:00,17.29,59.0
2017-10-27 22:00:00,1.2,57.0
2017-10-27 23:00:00,1.21,57.9
2017-10-28 00:00:00,21.23,57.9
2017-10-28 01:00:00,21.04,57.9
2017-10-28 02:00:00,21.34,57.0
2017-10-28 03:00:00,21.85,55.0
2017-10-28 04:00:00,20.85,55.0
2017-10-28 05:00:00,20.72,55.0
2017-10-28 06:00:00,20.67,54.0
2017-10-28 07:00:00,19.41,54.0
2017-10-28 08:00:00,15.5,55.9
2017-10-28 09:00:00,19.87,60.1
2017-10-28 10:00:00,26.06,64.0
2017-10-28 11:00:00,27.73,66.0
2017-10-28 12:00:00,28.54,68.0
2017-10-28 13:00:00,28.43,71.1
2017-10-28 14:00:00,28.35,71.1
2017-10-28 15:00:00,27.93,71.1
2017-10-28 16:00:00,27.53,69.1
2017-10-28 17:00:00,100.56,68.0
2017-10-28 18:00:00,112.19,66.0
2017-10-28 19:00:00,113.06,66.9
2017-10-28 20:00:00,113.17,66.0
2017-10-28 21:00:00,37.5,64.9
2017-10-28 22:00:00,22.72,64.9
2017-10-28 23:00:00,21.95,64.0
2017-10-29 00:00:00,21.93,64.0
2017-10-29 01:00:00,22.03,64.0
2017-10-29 02:00:00,23.06,64.0
2017-10-29 03:00:00,21.92,64.9
2017-10-29 04:00:00,21.81,64.9
2017-10-29 05:00:00,22.77,64.9
2017-10-29 06:00:00,21.59,64.9
2017-10-29 07:00:00,20.54,64.9
2017-10-29 08:00:00,15.27,64.9
2017-10-29 09:00:00,15.99,64.9
2017-10-29 10:00:00,14.98,66.0
2017-10-29 11:00:00,14.83,66.9
2017-10-29 12:00:00,14.76,68.0
2017-10-29 13:00:00,15.74,68.0
2017-10-29 14:00:00,15.06,66.0
2017-10-29 15:00:00,15.27,60.1
2017-10-29 16:00:00,15.06,60.1
2017-10-29 17:00:00,92.73,55.9
2017-10-29 18:00:00,112.42,52.0
2017-10-29 19:00:00,112.6,48.9
2017-10-29 20:00:00,112.51,48.0
2017-10-29 21:00:00,37.04,46.9
2017-10-29 22:00:00,20.02,48.0
2017-10-29 23:00:00,19.92,46.9
2017-10-30 00:00:00,19.87,46.9
2017-10-30 01:00:00,23.26,46.0
2017-10-30 02:00:00,22.59,46.0
2017-10-30 03:00:00,22.41,46.0
2017-10-30 04:00:00,22.41,46.0
2017-10-30 05:00:00,23.29,48.0
2017-10-30 06:00:00,22.76,48.0
2017-10-30 07:00:00,32.13,48.0
2017-10-30 08:00:00,29.55,48.9
2017-10-30 09:00:00,28.68,48.9
2017-10-30 10:00:00,29.82,50.0
2017-10-30 11:00:00,30.81,53.1
2017-10-30 12:00:00,30.61,55.0
2017-10-30 13:00:00,28.13,57.0
2017-10-30 14:00:00,28.47,57.9
2017-10-30 15:00:00,29.47,59.0
2017-10-30 16:00:00,26.99,59.0
2017-10-30 17:00:00,101.08,57.0
2017-10-30 18:00:00,123.86,54.0
2017-10-30 19:00:00,125.14,53.1
2017-10-30 20:00:00,118.41,53.1
2017-10-30 21:00:00,36.87,51.1
2017-10-30 22:00:00,21.6,51.1
2017-10-30 23:00:00,20.49,51.1
2017-10-31 00:00:00,20.15,51.1
2017-10-31 01:00:00,20.17,50.0
2017-10-31 02:00:00,21.25,48.0
2017-10-31 03:00:00,20.2,48.0
2017-10-31 04:00:00,20.16,46.9
2017-10-31 05:00:00,20.18,46.0
2017-10-31 06:00:00,21.16,46.0
2017-10-31 07:00:00,27.71,46.0
2017-10-31 08:00:00,25.82,50.0
2017-10-31 09:00:00,27.71,54.0
2017-10-31 10:00:00,27.4,55.9
2017-10-31 11:00:00,27.5,57.9
2017-10-31 12:00:00,29.89,61.0
2017-10-31 13:00:00,29.52,62.1
2017-10-31 14:00:00,27.14,63.0
2017-10-31 15:00:00,28.57,62.1
2017-10-31 16:00:00,27.64,61.0
2017-10-31 17:00:00,100.69,57.9
2017-10-31 18:00:00,121.83,55.0
2017-10-31 19:00:00,121.02,55.9
2017-10-31 20:00:00,115.05,52.0
2017-10-31 21:00:00,37.55,51.1
2017-10-31 22:00:00,21.68,50.0
2017-10-31 23:00:00,22.82,46.9
2017-11-01 00:00:00,21.46,46.0
2017-11-01 01:00:00,21.41,46.0
2017-11-01 02:00:00,21.48,46.9
2017-11-01 03:00:00,22.42,46.0
2017-11-01 04:00:00,21.35,46.0
2017-11-01 05:00:00,21.28,46.0
2017-11-01 06:00:00,22.16,46.0
2017-11-01 07:00:00,26.08,46.9
2017-11-01 08:00:00,27.96,48.0
2017-11-01 09:00:00,28.91,50.0
2017-11-01 10:00:00,29.82,53.1
2017-11-01 11:00:00,28.18,55.0
2017-11-01 12:00:00,30.12,57.0
2017-11-01 13:00:00,31.34,59.0
2017-11-01 14:00:00,30.5,63.0
2017-11-01 15:00:00,26.63,63.0
2017-11-01 16:00:00,24.56,63.0
2017-11-01 17:00:00,99.66,57.9
2017-11-01 18:00:00,120.37,60.1
2017-11-01 19:00:00,121.02,59.0
2017-11-01 20:00:00,115.73,57.0
2017-11-01 21:00:00,39.28,55.9
2017-11-01 22:00:00,24.9,54.0
2017-11-01 23:00:00,23.58,53.1
2017-11-02 00:00:00,23.69,53.1
2017-11-02 01:00:00,23.5,53.1
2017-11-02 02:00:00,24.66,52.0
2017-11-02 03:00:00,23.57,52.0
2017-11-02 04:00:00,23.43,53.1
2017-11-02 05:00:00,24.44,53.1
2017-11-02 06:00:00,23.43,54.0
2017-11-02 07:00:00,29.39,54.0
2017-11-02 08:00:00,31.08,55.9
2017-11-02 09:00:00,31.93,59.0
2017-11-02 10:00:00,29.25,63.0
2017-11-02 11:00:00,28.92,70.0
2017-11-02 12:00:00,31.78,70.0
2017-11-02 13:00:00,33.18,73.0
2017-11-02 14:00:00,30.2,75.0
2017-11-02 15:00:00,28.14,75.9
2017-11-02 16:00:00,28.62,71.1
2017-11-02 17:00:00,96.11,69.1
2017-11-02 18:00:00,124.39,68.0
2017-11-02 19:00:00,125.96,64.9
2017-11-02 20:00:00,119.89,63.0
2017-11-02 21:00:00,36.4,64.0
2017-11-02 22:00:00,21.26,62.1
2017-11-02 23:00:00,22.21,61.0
2017-11-03 00:00:00,21.74,62.1
2017-11-03 01:00:00,21.51,61.0
2017-11-03 02:00:00,21.61,61.0
2017-11-03 03:00:00,21.53,59.0
2017-11-03 04:00:00,22.57,59.0
2017-11-03 05:00:00,21.5,57.9
2017-11-03 06:00:00,22.14,59.0
2017-11-03 07:00:00,33.39,60.1
2017-11-03 08:00:00,30.17,61.0
2017-11-03 09:00:00,30.11,63.0
2017-11-03 10:00:00,31.23,66.0
2017-11-03 11:00:00,32.54,68.0
2017-11-03 12:00:00,31.69,73.0
2017-11-03 13:00:00,30.51,75.0
2017-11-03 14:00:00,30.82,78.1
2017-11-03 15:00:00,34.09,77.0
2017-11-03 16:00:00,37.38,75.9
2017-11-03 17:00:00,100.3,73.9
2017-11-03 18:00:00,130.99,72.0
2017-11-03 19:00:00,131.75,71.1
2017-11-03 20:00:00,126.28,70.0
2017-11-03 21:00:00,44.46,66.9
2017-11-03 22:00:00,26.73,64.9
2017-11-03 23:00:00,27.6,63.0
2017-11-04 00:00:00,27.13,60.1
2017-11-04 01:00:00,26.79,57.0
2017-11-04 02:00:00,26.77,55.9
2017-11-04 03:00:00,27.77,54.0
2017-11-04 04:00:00,26.34,53.1
2017-11-04 05:00:00,26.25,52.0
2017-11-04 06:00:00,26.14,51.1
2017-11-04 07:00:00,25.72,50.0
2017-11-04 08:00:00,26.75,48.9
2017-11-04 09:00:00,27.14,50.0
2017-11-04 10:00:00,27.63,51.1
2017-11-04 11:00:00,28.86,54.0
2017-11-04 12:00:00,30.17,57.0
2017-11-04 13:00:00,28.74,57.0
2017-11-04 14:00:00,28.76,60.1
2017-11-04 15:00:00,28.06,59.0
2017-11-04 16:00:00,28.31,57.0
2017-11-04 17:00:00,95.77,55.9
2017-11-04 18:00:00,123.64,55.9
2017-11-04 19:00:00,120.87,54.0
2017-11-04 20:00:00,120.42,53.1
2017-11-04 21:00:00,45.33,53.1
2017-11-04 22:00:00,28.07,54.0
2017-11-04 23:00:00,28.38,54.0
2017-11-05 00:00:00,28.3,54.0
2017-11-05 01:00:00,28.21,55.0
2017-11-05 02:00:00,29.42,55.0
2017-11-05 03:00:00,28.39,54.0
2017-11-05 04:00:00,28.16,55.0
2017-11-05 05:00:00,29.42,55.0
2017-11-05 06:00:00,28.21,55.0
2017-11-05 07:00:00,28.28,55.0
2017-11-05 08:00:00,24.81,55.9
2017-11-05 09:00:00,23.77,55.9
2017-11-05 10:00:00,22.46,57.0
2017-11-05 11:00:00,22.66,57.9
2017-11-05 12:00:00,22.21,59.0
2017-11-05 13:00:00,23.38,60.1
2017-11-05 14:00:00,22.51,60.1
2017-11-05 15:00:00,22.31,60.1
2017-11-05 16:00:00,22.4,60.1
2017-11-05 17:00:00,93.84,61.0
2017-11-05 18:00:00,121.66,60.1
2017-11-05 19:00:00,121.7,60.1
2017-11-05 20:00:00,121.66,61.0
2017-11-05 21:00:00,122.62,61.0
2017-11-05 22:00:00,45.49,61.0
2017-11-05 23:00:00,29.24,60.1
2017-11-06 00:00:00,29.32,61.0
2017-11-06 01:00:00,30.18,62.1
2017-11-06 02:00:00,29.32,62.1
2017-11-06 03:00:00,29.13,60.1
2017-11-06 04:00:00,29.3,62.1
2017-11-06 05:00:00,30.24,62.1
2017-11-06 06:00:00,29.16,61.0
2017-11-06 07:00:00,28.0,62.1
2017-11-06 08:00:00,23.77,63.0
2017-11-06 09:00:00,23.89,63.0
2017-11-06 10:00:00,23.79,64.9
2017-11-06 11:00:00,25.33,64.9
2017-11-06 12:00:00,26.96,68.0
2017-11-06 13:00:00,27.22,69.1
2017-11-06 14:00:00,25.03,70.0
2017-11-06 15:00:00,25.37,68.0
2017-11-06 16:00:00,24.97,68.0
2017-11-06 17:00:00,94.69,66.9
2017-11-06 18:00:00,120.46,70.0
2017-11-06 19:00:00,123.13,66.9
2017-11-06 20:00:00,122.71,66.0
2017-11-06 21:00:00,121.04,63.0
2017-11-06 22:00:00,43.57,61.0
2017-11-06 23:00:00,25.49,59.0
2017-11-07 00:00:00,23.93,57.0
2017-11-07 01:00:00,24.03,54.0
2017-11-07 02:00:00,23.87,51.1
2017-11-07 03:00:00,24.83,50.0
2017-11-07 04:00:00,23.78,48.0
2017-11-07 05:00:00,23.71,48.0
2017-11-07 06:00:00,23.66,48.0
2017-11-07 07:00:00,24.26,46.9
2017-11-07 08:00:00,22.97,48.0
2017-11-07 09:00:00,23.9,46.9
2017-11-07 10:00:00,28.11,46.9
2017-11-07 11:00:00,28.2,46.0
2017-11-07 12:00:00,28.46,45.0
2017-11-07 13:00:00,27.59,44.1
2017-11-07 14:00:00,26.03,43.0
2017-11-07 15:00:00,28.96,44.1
2017-11-07 16:00:00,27.66,44.1
2017-11-07 17:00:00,84.97,43.0
2017-11-07 18:00:00,94.58,43.0
2017-11-07 19:00:00,116.13,44.1
2017-11-07 20:00:00,127.56,43.0
2017-11-07 21:00:00,120.84,43.0
2017-11-07 22:00:00,40.57,43.0
2017-11-07 23:00:00,25.54,42.1
2017-11-08 00:00:00,24.14,42.1
2017-11-08 01:00:00,24.16,42.1
2017-11-08 02:00:00,25.2,42.1
2017-11-08 03:00:00,24.33,42.1
2017-11-08 04:00:00,24.19,42.1
2017-11-08 05:00:00,24.18,42.1
2017-11-08 06:00:00,25.14,42.1
2017-11-08 07:00:00,25.67,42.1
2017-11-08 08:00:00,30.77,43.0
2017-11-08 09:00:00,30.19,43.0
2017-11-08 10:00:00,29.68,45.0
2017-11-08 11:00:00,30.16,45.0
2017-11-08 12:00:00,30.05,46.0
2017-11-08 13:00:00,30.45,48.0
2017-11-08 14:00:00,28.5,48.9
2017-11-08 15:00:00,29.93,48.9
2017-11-08 16:00:00,29.56,48.9
2017-11-08 17:00:00,74.14,48.9
2017-11-08 18:00:00,102.18,48.9
2017-11-08 19:00:00,123.13,48.0
2017-11-08 20:00:00,122.76,48.0
2017-11-08 21:00:00,118.32,46.9
2017-11-08 22:00:00,105.81,46.9
2017-11-08 23:00:00,104.57,46.9
2017-11-09 00:00:00,104.24,46.0
2017-11-09 01:00:00,103.94,45.0
2017-11-09 02:00:00,103.76,45.0
2017-11-09 03:00:00,104.77,45.0
2017-11-09 04:00:00,103.72,46.0
2017-11-09 05:00:00,103.27,46.0
2017-11-09 06:00:00,102.88,46.0
2017-11-09 07:00:00,102.95,46.0
2017-11-09 08:00:00,102.31,46.9
2017-11-09 09:00:00,105.62,46.9
2017-11-09 10:00:00,107.9,48.9
2017-11-09 11:00:00,107.45,50.0
2017-11-09 12:00:00,108.91,51.1
2017-11-09 13:00:00,107.3,54.0
2017-11-09 14:00:00,107.6,57.0
2017-11-09 15:00:00,104.64,55.9
2017-11-09 16:00:00,104.4,55.9
2017-11-09 17:00:00,115.69,55.9
2017-11-09 18:00:00,111.36,55.0
2017-11-09 19:00:00,122.88,53.1
2017-11-09 20:00:00,124.45,52.0
2017-11-09 21:00:00,118.34,51.1
2017-11-09 22:00:00,65.9,52.0
2017-11-09 23:00:00,54.35,50.0
2017-11-10 00:00:00,54.63,48.9
2017-11-10 01:00:00,54.93,48.9
2017-11-10 02:00:00,56.21,46.9
2017-11-10 03:00:00,55.08,46.0
2017-11-10 04:00:00,54.94,45.0
2017-11-10 05:00:00,55.87,48.9
2017-11-10 06:00:00,55.31,46.9
2017-11-10 07:00:00,56.59,46.0
2017-11-10 08:00:00,53.55,44.1
2017-11-10 09:00:00,51.76,44.1
2017-11-10 10:00:00,51.7,45.0
2017-11-10 11:00:00,51.67,45.0
2017-11-10 12:00:00,53.03,42.1
2017-11-10 13:00:00,52.26,43.0
2017-11-10 14:00:00,52.16,42.1
2017-11-10 15:00:00,53.03,42.1
2017-11-10 16:00:00,49.14,41.0
2017-11-10 17:00:00,97.45,39.0
2017-11-10 18:00:00,113.22,37.9
2017-11-10 19:00:00,116.52,37.0
2017-11-10 20:00:00,115.43,36.0
2017-11-10 21:00:00,115.69,35.1
2017-11-10 22:00:00,68.61,34.0
2017-11-10 23:00:00,57.68,33.1
2017-11-11 00:00:00,57.8,32.0
2017-11-11 01:00:00,57.85,30.9
2017-11-11 02:00:00,58.99,30.0
2017-11-11 03:00:00,57.96,28.9
2017-11-11 04:00:00,58.06,28.0
2017-11-11 05:00:00,58.94,27.0
2017-11-11 06:00:00,57.72,26.1
2017-11-11 07:00:00,57.69,26.1
2017-11-11 08:00:00,61.04,28.0
2017-11-11 09:00:00,57.78,30.0
2017-11-11 10:00:00,57.66,32.0
2017-11-11 11:00:00,59.19,34.0
2017-11-11 12:00:00,63.75,35.1
2017-11-11 13:00:00,64.27,37.9
2017-11-11 14:00:00,66.28,37.9
2017-11-11 15:00:00,64.58,37.9
2017-11-11 16:00:00,64.47,37.9
2017-11-11 17:00:00,115.25,37.0
2017-11-11 18:00:00,125.97,36.0
2017-11-11 19:00:00,122.31,36.0
2017-11-11 20:00:00,123.92,36.0
2017-11-11 21:00:00,122.72,35.1
2017-11-11 22:00:00,74.35,35.1
2017-11-11 23:00:00,65.08,34.0
2017-11-12 00:00:00,64.78,33.1
2017-11-12 01:00:00,64.28,32.0
2017-11-12 02:00:00,64.34,32.0
2017-11-12 03:00:00,65.25,33.1
2017-11-12 04:00:00,64.24,34.0
2017-11-12 05:00:00,64.17,34.0
2017-11-12 06:00:00,64.99,34.0
2017-11-12 07:00:00,63.57,35.1
2017-11-12 08:00:00,58.63,37.0
2017-11-12 09:00:00,58.45,37.9
2017-11-12 10:00:00,57.45,39.9
2017-11-12 11:00:00,57.25,42.1
2017-11-12 12:00:00,58.43,44.1
2017-11-12 13:00:00,57.34,44.1
2017-11-12 14:00:00,57.46,46.0
2017-11-12 15:00:00,57.24,46.0
2017-11-12 16:00:00,58.15,46.9
2017-11-12 17:00:00,107.83,46.9
2017-11-12 18:00:00,121.0,46.9
2017-11-12 19:00:00,122.07,45.0
2017-11-12 20:00:00,121.2,44.1
2017-11-12 21:00:00,121.76,44.1
2017-11-12 22:00:00,74.82,44.1
2017-11-12 23:00:00,63.93,45.0
2017-11-13 00:00:00,64.03,43.0
2017-11-13 01:00:00,65.17,41.0
2017-11-13 02:00:00,64.2,41.0
2017-11-13 03:00:00,64.29,41.0
2017-11-13 04:00:00,64.27,41.0
2017-11-13 05:00:00,65.02,42.1
2017-11-13 06:00:00,63.91,42.1
2017-11-13 07:00:00,63.36,42.1
2017-11-13 08:00:00,65.32,42.1
2017-11-13 09:00:00,63.17,43.0
2017-11-13 10:00:00,62.93,45.0
2017-11-13 11:00:00,65.6,46.0
2017-11-13 12:00:00,64.64,48.0
2017-11-13 13:00:00,64.51,51.1
2017-11-13 14:00:00,61.4,53.1
2017-11-13 15:00:00,62.83,53.1
2017-11-13 16:00:00,60.67,51.1
2017-11-13 17:00:00,111.97,50.0
2017-11-13 18:00:00,126.08,48.9
2017-11-13 19:00:00,124.19,46.9
2017-11-13 20:00:00,122.66,46.0
2017-11-13 21:00:00,118.31,45.0
2017-11-13 22:00:00,64.73,43.0
2017-11-13 23:00:00,54.82,43.0
2017-11-14 00:00:00,55.34,43.0
2017-11-14 01:00:00,56.34,42.1
2017-11-14 02:00:00,56.03,39.0
2017-11-14 03:00:00,58.07,41.0
2017-11-14 04:00:00,59.04,41.0
2017-11-14 05:00:00,58.0,39.9
2017-11-14 06:00:00,57.97,43.0
2017-11-14 07:00:00,58.02,43.0
2017-11-14 08:00:00,62.18,45.0
2017-11-14 09:00:00,63.58,45.0
2017-11-14 10:00:00,64.61,46.9
2017-11-14 11:00:00,65.03,48.9
2017-11-14 12:00:00,65.42,50.0
2017-11-14 13:00:00,66.97,51.1
2017-11-14 14:00:00,65.02,50.0
2017-11-14 15:00:00,64.92,50.0
2017-11-14 16:00:00,64.94,48.9
2017-11-14 17:00:00,118.77,48.0
2017-11-14 18:00:00,127.61,46.9
2017-11-14 19:00:00,127.42,46.9
2017-11-14 20:00:00,126.64,46.9
2017-11-14 21:00:00,124.06,46.0
2017-11-14 22:00:00,72.75,43.0
2017-11-14 23:00:00,57.79,44.1
2017-11-15 00:00:00,58.0,43.0
2017-11-15 01:00:00,59.13,39.0
2017-11-15 02:00:00,58.16,39.0
2017-11-15 03:00:00,58.09,37.9
2017-11-15 04:00:00,57.92,37.9
2017-11-15 05:00:00,58.57,37.0
2017-11-15 06:00:00,57.46,36.0
2017-11-15 07:00:00,56.93,37.0
2017-11-15 08:00:00,64.98,39.9
2017-11-15 09:00:00,64.17,43.0
2017-11-15 10:00:00,64.01,45.0
2017-11-15 11:00:00,64.99,48.9
2017-11-15 12:00:00,65.0,51.1
2017-11-15 13:00:00,66.92,53.1
2017-11-15 14:00:00,64.98,54.0
2017-11-15 15:00:00,61.8,53.1
2017-11-15 16:00:00,61.29,53.1
2017-11-15 17:00:00,113.26,51.1
2017-11-15 18:00:00,126.28,51.1
2017-11-15 19:00:00,127.69,51.1
2017-11-15 20:00:00,126.09,50.0
2017-11-15 21:00:00,122.87,50.0
2017-11-15 22:00:00,40.16,50.0
2017-11-15 23:00:00,25.73,50.0
2017-11-16 00:00:00,24.71,50.0
2017-11-16 01:00:00,25.78,48.9
2017-11-16 02:00:00,24.82,48.9
2017-11-16 03:00:00,24.81,48.0
2017-11-16 04:00:00,24.73,48.0
2017-11-16 05:00:00,25.62,48.0
2017-11-16 06:00:00,24.71,45.0
2017-11-16 07:00:00,24.03,44.1
2017-11-16 08:00:00,26.37,46.0
2017-11-16 09:00:00,29.61,48.9
2017-11-16 10:00:00,27.28,51.1
2017-11-16 11:00:00,26.22,51.1
2017-11-16 12:00:00,32.55,55.9
2017-11-16 13:00:00,30.46,62.1
2017-11-16 14:00:00,28.39,64.0
2017-11-16 15:00:00,28.92,62.1
2017-11-16 16:00:00,29.32,60.1
2017-11-16 17:00:00,81.05,55.9
2017-11-16 18:00:00,90.9,53.1
2017-11-16 19:00:00,93.81,48.9
2017-11-16 20:00:00,93.54,48.0
2017-11-16 21:00:00,89.89,48.0
2017-11-16 22:00:00,35.81,46.9
2017-11-16 23:00:00,24.71,46.9
2017-11-17 00:00:00,23.59,46.9
2017-11-17 01:00:00,23.81,46.0
2017-11-17 02:00:00,23.76,46.0
2017-11-17 03:00:00,24.83,45.0
2017-11-17 04:00:00,23.68,45.0
2017-11-17 05:00:00,23.78,44.1
2017-11-17 06:00:00,23.64,43.0
2017-11-17 07:00:00,24.18,43.0
2017-11-17 08:00:00,25.57,44.1
2017-11-17 09:00:00,26.49,46.0
2017-11-17 10:00:00,27.55,48.0
2017-11-17 11:00:00,28.22,50.0
2017-11-17 12:00:00,27.58,51.1
2017-11-17 13:00:00,29.07,53.1
2017-11-17 14:00:00,26.56,53.1
2017-11-17 15:00:00,25.26,52.0
2017-11-17 16:00:00,27.39,51.1
2017-11-17 17:00:00,82.73,50.0
2017-11-17 18:00:00,90.08,50.0
2017-11-17 19:00:00,90.73,46.9
2017-11-17 20:00:00,91.27,43.0
2017-11-17 21:00:00,80.29,44.1
2017-11-17 22:00:00,30.51,42.1
2017-11-17 23:00:00,21.61,39.9
2017-11-18 00:00:00,21.47,41.0
2017-11-18 01:00:00,21.04,39.9
2017-11-18 02:00:00,21.36,39.0
2017-11-18 03:00:00,24.69,39.0
2017-11-18 04:00:00,23.76,39.0
2017-11-18 05:00:00,23.82,39.0
2017-11-18 06:00:00,24.29,39.9
2017-11-18 07:00:00,25.29,41.0
2017-11-18 08:00:00,20.14,44.1
2017-11-18 09:00:00,18.66,46.9
2017-11-18 10:00:00,23.55,50.0
2017-11-18 11:00:00,28.5,53.1
2017-11-18 12:00:00,24.1,55.0
2017-11-18 13:00:00,24.3,60.1
2017-11-18 14:00:00,23.52,59.0
2017-11-18 15:00:00,23.34,57.9
2017-11-18 16:00:00,27.31,54.0
2017-11-18 17:00:00,85.04,54.0
2017-11-18 18:00:00,87.73,55.0
2017-11-18 19:00:00,82.97,57.0
2017-11-18 20:00:00,82.46,57.0
2017-11-18 21:00:00,84.31,61.0
2017-11-18 22:00:00,33.59,63.0
2017-11-18 23:00:00,24.62,62.1
2017-11-19 00:00:00,23.47,63.0
2017-11-19 01:00:00,23.52,64.0
2017-11-19 02:00:00,23.49,60.1
2017-11-19 03:00:00,24.59,57.9
2017-11-19 04:00:00,23.52,61.0
2017-11-19 05:00:00,23.51,61.0
2017-11-19 06:00:00,23.17,54.0
2017-11-19 07:00:00,25.04,50.0
2017-11-19 08:00:00,18.85,48.9
2017-11-19 09:00:00,17.53,50.0
2017-11-19 10:00:00,18.48,51.1
2017-11-19 11:00:00,17.71,51.1
2017-11-19 12:00:00,16.95,51.1
2017-11-19 13:00:00,17.01,51.1
2017-11-19 14:00:00,17.99,52.0
2017-11-19 15:00:00,15.96,50.0
2017-11-19 16:00:00,14.24,48.0
2017-11-19 17:00:00,72.81,48.0
2017-11-19 18:00:00,79.77,46.9
2017-11-19 19:00:00,79.14,46.0
2017-11-19 20:00:00,79.02,46.0
2017-11-19 21:00:00,79.92,46.0
2017-11-19 22:00:00,30.19,45.0
2017-11-19 23:00:00,22.38,45.0
2017-11-20 00:00:00,22.86,43.0
2017-11-20 01:00:00,23.95,43.0
2017-11-20 02:00:00,22.92,43.0
2017-11-20 03:00:00,22.95,43.0
2017-11-20 04:00:00,22.89,42.1
2017-11-20 05:00:00,23.82,41.0
2017-11-20 06:00:00,23.01,39.9
2017-11-20 07:00:00,23.17,39.0
2017-11-20 08:00:00,27.04,39.9
2017-11-20 09:00:00,28.13,42.1
2017-11-20 10:00:00,29.72,44.1
2017-11-20 11:00:00,32.87,46.0
2017-11-20 12:00:00,34.82,48.0
2017-11-20 13:00:00,33.66,50.0
2017-11-20 14:00:00,33.76,51.1
2017-11-20 15:00:00,34.2,52.0
2017-11-20 16:00:00,32.34,52.0
2017-11-20 17:00:00,90.15,50.0
2017-11-20 18:00:00,96.75,48.0
2017-11-20 19:00:00,98.11,45.0
2017-11-20 20:00:00,96.17,45.0
2017-11-20 21:00:00,88.87,43.0
2017-11-20 22:00:00,37.89,43.0
2017-11-20 23:00:00,28.83,43.0
2017-11-21 00:00:00,26.58,42.1
2017-11-21 01:00:00,26.51,42.1
2017-11-21 02:00:00,26.56,41.0
2017-11-21 03:00:00,27.65,41.0
2017-11-21 04:00:00,26.56,41.0
2017-11-21 05:00:00,26.46,39.9
2017-11-21 06:00:00,26.43,41.0
2017-11-21 07:00:00,27.58,41.0
2017-11-21 08:00:00,33.02,42.1
2017-11-21 09:00:00,33.33,46.9
2017-11-21 10:00:00,34.24,50.0
2017-11-21 11:00:00,34.72,52.0
2017-11-21 12:00:00,33.71,59.0
2017-11-21 13:00:00,33.67,60.1
2017-11-21 14:00:00,33.51,61.0
2017-11-21 15:00:00,34.28,61.0
2017-11-21 16:00:00,32.7,61.0
2017-11-21 17:00:00,89.29,61.0
2017-11-21 18:00:00,97.92,60.1
2017-11-21 19:00:00,105.92,57.0
2017-11-21 20:00:00,130.09,54.0
2017-11-21 21:00:00,127.85,52.0
2017-11-21 22:00:00,75.91,54.0
2017-11-21 23:00:00,29.82,53.1
2017-11-22 00:00:00,27.13,53.1
2017-11-22 01:00:00,27.23,52.0
2017-11-22 02:00:00,27.18,53.1
2017-11-22 03:00:00,28.44,53.1
2017-11-22 04:00:00,27.19,53.1
2017-11-22 05:00:00,27.23,51.1
2017-11-22 06:00:00,27.04,52.0
2017-11-22 07:00:00,29.04,51.1
2017-11-22 08:00:00,34.46,55.9
2017-11-22 09:00:00,32.9,57.0
2017-11-22 10:00:00,32.86,57.9
2017-11-22 11:00:00,34.02,57.9
2017-11-22 12:00:00,32.19,55.9
2017-11-22 13:00:00,32.7,55.0
2017-11-22 14:00:00,34.26,53.1
2017-11-22 15:00:00,32.43,52.0
2017-11-22 16:00:00,27.27,50.0
2017-11-22 17:00:00,84.26,48.0
2017-11-22 18:00:00,85.7,45.0
2017-11-22 19:00:00,86.39,44.1
2017-11-22 20:00:00,85.32,42.1
2017-11-22 21:00:00,85.51,41.0
2017-11-22 22:00:00,36.92,39.9
2017-11-22 23:00:00,27.43,39.0
2017-11-23 00:00:00,26.56,37.9
2017-11-23 01:00:00,26.51,36.0
2017-11-23 02:00:00,26.63,36.0
2017-11-23 03:00:00,27.58,35.1
2017-11-23 04:00:00,26.58,34.0
2017-11-23 05:00:00,26.51,32.0
2017-11-23 06:00:00,26.65,33.1
2017-11-23 07:00:00,27.54,32.0
2017-11-23 08:00:00,23.18,34.0
2017-11-23 09:00:00,21.38,35.1
2017-11-23 10:00:00,20.72,39.0
2017-11-23 11:00:00,21.75,41.0
2017-11-23 12:00:00,20.6,42.1
2017-11-23 13:00:00,20.62,45.0
2017-11-23 14:00:00,20.68,45.0
2017-11-23 15:00:00,21.69,46.0
2017-11-23 16:00:00,20.94,45.0
2017-11-23 17:00:00,79.96,43.0
2017-11-23 18:00:00,85.75,42.1
2017-11-23 19:00:00,86.29,41.0
2017-11-23 20:00:00,85.61,39.0
2017-11-23 21:00:00,85.43,37.9
2017-11-23 22:00:00,36.75,37.0
2017-11-23 23:00:00,27.54,37.9
2017-11-24 00:00:00,26.46,37.0
2017-11-24 01:00:00,26.49,36.0
2017-11-24 02:00:00,27.49,35.1
2017-11-24 03:00:00,26.5,34.0
2017-11-24 04:00:00,26.63,33.1
2017-11-24 05:00:00,26.58,34.0
2017-11-24 06:00:00,27.43,32.0
2017-11-24 07:00:00,26.55,33.1
2017-11-24 08:00:00,22.38,35.1
2017-11-24 09:00:00,20.91,37.9
2017-11-24 10:00:00,21.73,41.0
2017-11-24 11:00:00,20.6,46.0
2017-11-24 12:00:00,20.53,48.9
2017-11-24 13:00:00,20.5,50.0
2017-11-24 14:00:00,21.18,52.0
2017-11-24 15:00:00,20.89,53.1
2017-11-24 16:00:00,20.96,52.0
2017-11-24 17:00:00,79.35,48.9
2017-11-24 18:00:00,85.69,46.9
2017-11-24 19:00:00,85.25,46.9
2017-11-24 20:00:00,85.37,46.0
2017-11-24 21:00:00,85.61,43.0
2017-11-24 22:00:00,37.89,43.0
2017-11-24 23:00:00,26.41,41.0
2017-11-25 00:00:00,26.56,41.0
2017-11-25 01:00:00,26.6,39.9
2017-11-25 02:00:00,27.6,39.0
2017-11-25 03:00:00,26.67,39.9
2017-11-25 04:00:00,26.65,39.0
2017-11-25 05:00:00,26.49,39.9
2017-11-25 06:00:00,27.51,39.0
2017-11-25 07:00:00,26.48,39.9
2017-11-25 08:00:00,22.03,42.1
2017-11-25 09:00:00,21.78,45.0
2017-11-25 10:00:00,20.6,48.0
2017-11-25 11:00:00,23.54,51.1
2017-11-25 12:00:00,25.45,54.0
2017-11-25 13:00:00,31.51,57.9
2017-11-25 14:00:00,30.56,57.9
2017-11-25 15:00:00,30.53,59.0
2017-11-25 16:00:00,31.53,60.1
2017-11-25 17:00:00,88.68,57.0
2017-11-25 18:00:00,85.61,52.0
2017-11-25 19:00:00,85.45,51.1
2017-11-25 20:00:00,85.49,52.0
2017-11-25 21:00:00,86.83,59.0
2017-11-25 22:00:00,36.92,55.9
2017-11-25 23:00:00,26.95,57.9
2017-11-26 00:00:00,27.02,54.0
2017-11-26 01:00:00,28.02,52.0
2017-11-26 02:00:00,27.07,52.0
2017-11-26 03:00:00,27.13,48.9
2017-11-26 04:00:00,27.2,48.0
2017-11-26 05:00:00,28.02,48.9
2017-11-26 06:00:00,27.08,48.0
2017-11-26 07:00:00,26.92,46.9
2017-11-26 08:00:00,22.75,48.9
2017-11-26 09:00:00,22.15,51.1
2017-11-26 10:00:00,21.18,51.1
2017-11-26 11:00:00,21.33,53.1
2017-11-26 12:00:00,21.96,54.0
2017-11-26 13:00:00,20.96,54.0
2017-11-26 14:00:00,21.01,54.0
2017-11-26 15:00:00,20.95,54.0
2017-11-26 16:00:00,22.88,53.1
2017-11-26 17:00:00,80.22,51.1
2017-11-26 18:00:00,86.81,50.0
2017-11-26 19:00:00,86.82,48.0
2017-11-26 20:00:00,87.6,46.0
2017-11-26 21:00:00,86.92,46.9
2017-11-26 22:00:00,38.18,46.0
2017-11-26 23:00:00,28.21,46.9
2017-11-27 00:00:00,29.46,45.0
2017-11-27 01:00:00,28.35,43.0
2017-11-27 02:00:00,28.42,41.0
2017-11-27 03:00:00,28.32,39.9
2017-11-27 04:00:00,28.38,39.9
2017-11-27 05:00:00,29.4,39.0
2017-11-27 06:00:00,28.3,37.9
2017-11-27 07:00:00,28.32,39.0
2017-11-27 08:00:00,23.01,41.0
2017-11-27 09:00:00,22.28,44.1
2017-11-27 10:00:00,26.54,48.0
2017-11-27 11:00:00,30.78,55.9
2017-11-27 12:00:00,32.18,57.9
2017-11-27 13:00:00,31.1,59.0
2017-11-27 14:00:00,30.72,61.0
2017-11-27 15:00:00,30.79,61.0
2017-11-27 16:00:00,31.9,61.0
2017-11-27 17:00:00,91.04,59.0
2017-11-27 18:00:00,95.27,52.0
2017-11-27 19:00:00,104.85,52.0
2017-11-27 20:00:00,128.72,51.1
2017-11-27 21:00:00,125.13,46.0
2017-11-27 22:00:00,69.47,48.0
2017-11-27 23:00:00,59.96,45.0
2017-11-28 00:00:00,61.39,44.1
2017-11-28 01:00:00,60.54,43.0
2017-11-28 02:00:00,60.55,43.0
2017-11-28 03:00:00,60.56,41.0
2017-11-28 04:00:00,61.57,41.0
2017-11-28 05:00:00,60.63,39.9
2017-11-28 06:00:00,60.83,39.9
2017-11-28 07:00:00,60.45,39.0
2017-11-28 08:00:00,57.33,39.9
2017-11-28 09:00:00,55.14,44.1
2017-11-28 10:00:00,55.4,46.9
2017-11-28 11:00:00,55.66,51.1
2017-11-28 12:00:00,60.43,55.9
2017-11-28 13:00:00,61.07,60.1
2017-11-28 14:00:00,65.11,60.1
2017-11-28 15:00:00,65.13,60.1
2017-11-28 16:00:00,68.08,57.0
2017-11-28 17:00:00,123.74,55.0
2017-11-28 18:00:00,129.57,53.1
2017-11-28 19:00:00,130.36,52.0
2017-11-28 20:00:00,131.01,50.0
2017-11-28 21:00:00,125.85,51.1
2017-11-28 22:00:00,69.9,50.0
2017-11-28 23:00:00,60.85,50.0
2017-11-29 00:00:00,60.55,48.9
2017-11-29 01:00:00,60.29,48.0
2017-11-29 02:00:00,60.35,46.0
2017-11-29 03:00:00,60.5,46.9
2017-11-29 04:00:00,61.36,45.0
2017-11-29 05:00:00,60.19,44.1
2017-11-29 06:00:00,60.31,43.0
2017-11-29 07:00:00,60.14,43.0
2017-11-29 08:00:00,56.81,44.1
2017-11-29 09:00:00,54.77,46.9
2017-11-29 10:00:00,54.74,50.0
2017-11-29 11:00:00,59.09,55.0
2017-11-29 12:00:00,56.95,61.0
2017-11-29 13:00:00,30.06,68.0
2017-11-29 14:00:00,30.99,69.1
2017-11-29 15:00:00,37.72,70.0
2017-11-29 16:00:00,51.11,66.0
2017-11-29 17:00:00,126.29,61.0
2017-11-29 18:00:00,130.59,59.0
2017-11-29 19:00:00,131.41,57.9
2017-11-29 20:00:00,129.68,48.9
2017-11-29 21:00:00,123.92,50.0
2017-11-29 22:00:00,46.36,50.0
2017-11-29 23:00:00,30.74,44.1
2017-11-30 00:00:00,29.9,46.9
2017-11-30 01:00:00,29.57,46.9
2017-11-30 02:00:00,29.63,46.0
2017-11-30 03:00:00,29.56,46.0
2017-11-30 04:00:00,30.74,45.0
2017-11-30 05:00:00,29.49,44.1
2017-11-30 06:00:00,29.48,44.1
2017-11-30 07:00:00,29.28,43.0
2017-11-30 08:00:00,26.85,43.0
2017-11-30 09:00:00,23.82,46.0
2017-11-30 10:00:00,23.86,48.9
2017-11-30 11:00:00,23.9,51.1
2017-11-30 12:00:00,23.82,54.0
2017-11-30 13:00:00,25.05,55.9
2017-11-30 14:00:00,23.71,59.0
2017-11-30 15:00:00,23.9,59.0
2017-11-30 16:00:00,31.49,57.9
2017-11-30 17:00:00,125.29,55.9
2017-11-30 18:00:00,131.57,53.1
2017-11-30 19:00:00,132.12,52.0
2017-11-30 20:00:00,131.86,54.0
2017-11-30 21:00:00,130.05,53.1
2017-11-30 22:00:00,45.77,52.0
2017-11-30 23:00:00,28.87,52.0
2017-12-01 00:00:00,29.05,52.0
2017-12-01 01:00:00,29.15,50.0
2017-12-01 02:00:00,30.21,46.9
2017-12-01 03:00:00,29.31,48.0
2017-12-01 04:00:00,29.23,50.0
2017-12-01 05:00:00,29.08,48.9
2017-12-01 06:00:00,29.9,48.0
2017-12-01 07:00:00,29.06,46.0
2017-12-01 08:00:00,25.28,48.0
2017-12-01 09:00:00,23.6,50.0
2017-12-01 10:00:00,29.62,52.0
2017-12-01 11:00:00,30.06,55.0
2017-12-01 12:00:00,29.83,55.0
2017-12-01 13:00:00,29.4,55.9
2017-12-01 14:00:00,30.96,55.9
2017-12-01 15:00:00,29.74,55.9
2017-12-01 16:00:00,33.32,55.9
2017-12-01 17:00:00,123.77,53.1
2017-12-01 18:00:00,131.74,52.0
2017-12-01 19:00:00,133.5,50.0
2017-12-01 20:00:00,132.16,48.0
2017-12-01 21:00:00,123.96,45.0
2017-12-01 22:00:00,44.83,45.0
2017-12-01 23:00:00,29.74,43.0
2017-12-02 00:00:00,29.72,43.0
2017-12-02 01:00:00,29.28,41.0
2017-12-02 02:00:00,29.28,39.9
2017-12-02 03:00:00,29.26,37.9
2017-12-02 04:00:00,30.17,37.9
2017-12-02 05:00:00,29.38,36.0
2017-12-02 06:00:00,34.55,37.0
2017-12-02 07:00:00,32.75,37.9
2017-12-02 08:00:00,26.73,39.0
2017-12-02 09:00:00,23.68,39.9
2017-12-02 10:00:00,23.54,43.0
2017-12-02 11:00:00,23.61,46.0
2017-12-02 12:00:00,26.07,48.0
2017-12-02 13:00:00,34.06,50.0
2017-12-02 14:00:00,30.33,51.1
2017-12-02 15:00:00,30.58,52.0
2017-12-02 16:00:00,36.8,52.0
2017-12-02 17:00:00,124.37,50.0
2017-12-02 18:00:00,121.53,48.9
2017-12-02 19:00:00,118.82,48.0
2017-12-02 20:00:00,118.19,46.9
2017-12-02 21:00:00,118.88,45.0
2017-12-02 22:00:00,42.75,45.0
2017-12-02 23:00:00,26.34,44.1
2017-12-03 00:00:00,26.3,42.1
2017-12-03 01:00:00,26.39,42.1
2017-12-03 02:00:00,27.3,42.1
2017-12-03 03:00:00,26.19,42.1
2017-12-03 04:00:00,26.24,42.1
2017-12-03 05:00:00,26.17,43.0
2017-12-03 06:00:00,27.11,42.1
2017-12-03 07:00:00,26.07,43.0
2017-12-03 08:00:00,24.66,44.1
2017-12-03 09:00:00,20.91,46.9
2017-12-03 10:00:00,21.4,48.9
2017-12-03 11:00:00,20.45,50.0
2017-12-03 12:00:00,20.37,52.0
2017-12-03 13:00:00,20.22,54.0
2017-12-03 14:00:00,21.14,57.0
2017-12-03 15:00:00,20.25,57.0
2017-12-03 16:00:00,25.36,55.0
2017-12-03 17:00:00,112.65,53.1
2017-12-03 18:00:00,117.82,51.1
2017-12-03 19:00:00,118.84,50.0
2017-12-03 20:00:00,118.06,46.9
2017-12-03 21:00:00,118.11,45.0
2017-12-03 22:00:00,42.1,43.0
2017-12-03 23:00:00,27.14,43.0
2017-12-04 00:00:00,26.28,39.0
2017-12-04 01:00:00,26.27,39.9
2017-12-04 02:00:00,26.4,39.0
2017-12-04 03:00:00,27.26,39.0
2017-12-04 04:00:00,26.32,37.9
2017-12-04 05:00:00,26.37,37.9
2017-12-04 06:00:00,26.34,37.0
2017-12-04 07:00:00,28.24,37.9
2017-12-04 08:00:00,34.07,39.0
2017-12-04 09:00:00,31.61,41.0
2017-12-04 10:00:00,31.53,45.0
2017-12-04 11:00:00,32.93,48.9
2017-12-04 12:00:00,31.42,52.0
2017-12-04 13:00:00,30.83,54.0
2017-12-04 14:00:00,31.28,55.9
2017-12-04 15:00:00,32.15,55.0
2017-12-04 16:00:00,35.78,54.0
2017-12-04 17:00:00,123.93,52.0
2017-12-04 18:00:00,128.34,50.0
2017-12-04 19:00:00,130.8,50.0
2017-12-04 20:00:00,128.8,48.0
2017-12-04 21:00:00,126.81,48.0
2017-12-04 22:00:00,44.11,48.0
2017-12-04 23:00:00,26.58,48.0
2017-12-05 00:00:00,27.08,46.0
2017-12-05 01:00:00,26.61,45.0
2017-12-05 02:00:00,26.48,46.9
2017-12-05 03:00:00,26.52,46.0
2017-12-05 04:00:00,27.65,46.9
2017-12-05 05:00:00,26.51,46.9
2017-12-05 06:00:00,26.35,48.0
2017-12-05 07:00:00,27.55,46.9
2017-12-05 08:00:00,35.14,48.9
2017-12-05 09:00:00,31.96,50.0
2017-12-05 10:00:00,31.83,52.0
2017-12-05 11:00:00,32.71,53.1
2017-12-05 12:00:00,33.03,57.0
2017-12-05 13:00:00,33.43,57.0
2017-12-05 14:00:00,32.36,57.9
2017-12-05 15:00:00,32.23,57.9
2017-12-05 16:00:00,38.97,59.0
2017-12-05 17:00:00,124.94,57.9
2017-12-05 18:00:00,128.0,57.0
2017-12-05 19:00:00,128.46,60.1
2017-12-05 20:00:00,129.27,57.9
2017-12-05 21:00:00,122.64,55.0
2017-12-05 22:00:00,42.1,57.9
2017-12-05 23:00:00,26.55,57.0
2017-12-06 00:00:00,26.83,55.0
2017-12-06 01:00:00,25.89,57.0
2017-12-06 02:00:00,26.0,53.1
2017-12-06 03:00:00,26.05,52.0
2017-12-06 04:00:00,27.01,51.1
2017-12-06 05:00:00,26.0,48.9
2017-12-06 06:00:00,26.03,45.0
2017-12-06 07:00:00,29.18,43.0
2017-12-06 08:00:00,35.77,42.1
2017-12-06 09:00:00,31.31,42.1
2017-12-06 10:00:00,31.13,42.1
2017-12-06 11:00:00,31.29,43.0
2017-12-06 12:00:00,31.76,45.0
2017-12-06 13:00:00,33.12,46.9
2017-12-06 14:00:00,31.38,46.9
2017-12-06 15:00:00,31.35,46.9
2017-12-06 16:00:00,36.85,46.9
2017-12-06 17:00:00,125.63,46.0
2017-12-06 18:00:00,129.69,46.0
2017-12-06 19:00:00,129.0,45.0
2017-12-06 20:00:00,128.1,44.1
2017-12-06 21:00:00,120.85,44.1
2017-12-06 22:00:00,42.44,43.0
2017-12-06 23:00:00,26.46,44.1
2017-12-07 00:00:00,26.4,42.1
2017-12-07 01:00:00,26.54,43.0
2017-12-07 02:00:00,26.45,44.1
2017-12-07 03:00:00,27.69,43.0
2017-12-07 04:00:00,26.63,44.1
2017-12-07 05:00:00,26.51,43.0
2017-12-07 06:00:00,26.64,43.0
2017-12-07 07:00:00,28.67,43.0
2017-12-07 08:00:00,34.52,42.1
2017-12-07 09:00:00,32.27,44.1
2017-12-07 10:00:00,31.22,46.9
2017-12-07 11:00:00,27.15,46.9
2017-12-07 12:00:00,27.91,48.0
2017-12-07 13:00:00,27.66,48.0
2017-12-07 14:00:00,27.64,48.9
2017-12-07 15:00:00,28.51,48.0
2017-12-07 16:00:00,34.76,48.0
2017-12-07 17:00:00,125.93,46.0
2017-12-07 18:00:00,130.06,45.0
2017-12-07 19:00:00,132.52,45.0
2017-12-07 20:00:00,130.68,43.0
2017-12-07 21:00:00,127.37,43.0
2017-12-07 22:00:00,41.16,42.1
2017-12-07 23:00:00,26.8,42.1
2017-12-08 00:00:00,25.65,41.0
2017-12-08 01:00:00,25.71,41.0
2017-12-08 02:00:00,25.83,41.0
2017-12-08 03:00:00,26.75,39.9
2017-12-08 04:00:00,25.83,39.0
2017-12-08 05:00:00,25.78,39.0
2017-12-08 06:00:00,25.86,37.9
2017-12-08 07:00:00,27.2,37.9
2017-12-08 08:00:00,35.19,37.9
2017-12-08 09:00:00,32.98,39.0
2017-12-08 10:00:00,32.8,39.9
2017-12-08 11:00:00,34.09,41.0
2017-12-08 12:00:00,32.94,41.0
2017-12-08 13:00:00,33.11,42.1
2017-12-08 14:00:00,32.64,41.0
2017-12-08 15:00:00,31.54,41.0
2017-12-08 16:00:00,32.72,41.0
2017-12-08 17:00:00,124.81,41.0
2017-12-08 18:00:00,130.84,39.0
2017-12-08 19:00:00,131.78,37.9
2017-12-08 20:00:00,130.65,37.9
2017-12-08 21:00:00,127.57,37.0
2017-12-08 22:00:00,43.58,37.0
2017-12-08 23:00:00,28.18,37.0
2017-12-09 00:00:00,28.15,37.0
2017-12-09 01:00:00,27.42,37.0
2017-12-09 02:00:00,27.27,37.0
2017-12-09 03:00:00,27.32,37.0
2017-12-09 04:00:00,28.36,37.9
2017-12-09 05:00:00,27.35,37.9
2017-12-09 06:00:00,27.42,37.9
2017-12-09 07:00:00,27.19,37.9
2017-12-09 08:00:00,26.61,37.0
2017-12-09 09:00:00,21.89,35.1
2017-12-09 10:00:00,21.73,34.0
2017-12-09 11:00:00,22.99,33.1
2017-12-09 12:00:00,23.0,32.0
2017-12-09 13:00:00,26.8,32.0
2017-12-09 14:00:00,26.12,33.1
2017-12-09 15:00:00,26.16,32.0
2017-12-09 16:00:00,31.16,32.0
2017-12-09 17:00:00,119.07,32.0
2017-12-09 18:00:00,122.95,32.0
2017-12-09 19:00:00,120.95,32.0
2017-12-09 20:00:00,120.5,32.0
2017-12-09 21:00:00,121.61,32.0
2017-12-09 22:00:00,43.7,33.1
2017-12-09 23:00:00,28.03,32.0
2017-12-10 00:00:00,27.87,32.0
2017-12-10 01:00:00,28.74,30.9
2017-12-10 02:00:00,27.86,30.9
2017-12-10 03:00:00,27.81,30.9
2017-12-10 04:00:00,27.87,32.0
2017-12-10 05:00:00,28.86,33.1
2017-12-10 06:00:00,28.14,34.0
2017-12-10 07:00:00,28.14,34.0
2017-12-10 08:00:00,24.43,36.0
2017-12-10 09:00:00,20.52,35.1
2017-12-10 10:00:00,18.62,35.1
2017-12-10 11:00:00,18.63,37.0
2017-12-10 12:00:00,18.5,37.9
2017-12-10 13:00:00,19.2,39.9
2017-12-10 14:00:00,18.84,39.9
2017-12-10 15:00:00,18.49,41.0
2017-12-10 16:00:00,23.58,41.0
2017-12-10 17:00:00,113.6,39.9
2017-12-10 18:00:00,121.82,39.0
2017-12-10 19:00:00,121.14,37.9
2017-12-10 20:00:00,120.23,37.0
2017-12-10 21:00:00,118.13,37.0
2017-12-10 22:00:00,42.66,37.0
2017-12-10 23:00:00,25.44,37.9
2017-12-11 00:00:00,25.38,37.0
2017-12-11 01:00:00,25.17,37.0
2017-12-11 02:00:00,26.18,37.9
2017-12-11 03:00:00,25.3,37.9
2017-12-11 04:00:00,25.47,36.0
2017-12-11 05:00:00,25.33,36.0
2017-12-11 06:00:00,26.24,36.0
2017-12-11 07:00:00,25.67,36.0
2017-12-11 08:00:00,32.62,35.1
2017-12-11 09:00:00,33.01,37.9
2017-12-11 10:00:00,32.2,41.0
2017-12-11 11:00:00,33.61,43.0
2017-12-11 12:00:00,32.43,46.0
2017-12-11 13:00:00,32.15,48.0
2017-12-11 14:00:00,31.64,48.0
2017-12-11 15:00:00,33.01,48.0
2017-12-11 16:00:00,36.31,46.9
2017-12-11 17:00:00,124.59,44.1
2017-12-11 18:00:00,129.3,44.1
2017-12-11 19:00:00,130.56,43.0
2017-12-11 20:00:00,129.6,42.1
2017-12-11 21:00:00,127.33,42.1
2017-12-11 22:00:00,42.47,41.0
2017-12-11 23:00:00,26.72,41.0
2017-12-12 00:00:00,26.71,42.1
2017-12-12 01:00:00,26.03,41.0
2017-12-12 02:00:00,26.06,42.1
2017-12-12 03:00:00,26.53,43.0
2017-12-12 04:00:00,26.62,43.0
2017-12-12 05:00:00,26.16,42.1
2017-12-12 06:00:00,26.02,42.1
2017-12-12 07:00:00,27.91,42.1
2017-12-12 08:00:00,37.19,42.1
2017-12-12 09:00:00,33.38,43.0
2017-12-12 10:00:00,33.05,44.1
2017-12-12 11:00:00,32.49,45.0
2017-12-12 12:00:00,31.52,46.0
2017-12-12 13:00:00,34.82,48.0
2017-12-12 14:00:00,32.87,48.0
2017-12-12 15:00:00,32.43,48.0
2017-12-12 16:00:00,37.06,45.0
2017-12-12 17:00:00,125.35,41.0
2017-12-12 18:00:00,131.26,39.9
2017-12-12 19:00:00,130.44,36.0
2017-12-12 20:00:00,128.94,33.1
2017-12-12 21:00:00,123.75,28.9
2017-12-12 22:00:00,44.54,27.0
2017-12-12 23:00:00,27.05,26.1
2017-12-13 00:00:00,27.17,25.0
2017-12-13 01:00:00,27.05,25.0
2017-12-13 02:00:00,28.04,24.1
2017-12-13 03:00:00,26.94,23.0
2017-12-13 04:00:00,26.94,23.0
2017-12-13 05:00:00,26.95,23.0
2017-12-13 06:00:00,27.81,23.0
2017-12-13 07:00:00,29.76,23.0
2017-12-13 08:00:00,35.63,23.0
2017-12-13 09:00:00,33.21,25.0
2017-12-13 10:00:00,34.37,27.0
2017-12-13 11:00:00,33.98,28.9
2017-12-13 12:00:00,33.58,30.9
2017-12-13 13:00:00,33.81,33.1
2017-12-13 14:00:00,34.83,34.0
2017-12-13 15:00:00,34.78,35.1
2017-12-13 16:00:00,37.47,35.1
2017-12-13 17:00:00,127.38,34.0
2017-12-13 18:00:00,133.41,34.0
2017-12-13 19:00:00,131.95,34.0
2017-12-13 20:00:00,131.83,34.5
2017-12-13 21:00:00,129.56,35.1
2017-12-13 22:00:00,45.16,35.1
2017-12-13 23:00:00,27.31,36.0
2017-12-14 00:00:00,27.31,36.0
2017-12-14 01:00:00,27.38,37.0
2017-12-14 02:00:00,28.18,36.0
2017-12-14 03:00:00,27.42,35.1
2017-12-14 04:00:00,27.3,36.0
2017-12-14 05:00:00,27.3,36.0
2017-12-14 06:00:00,28.04,37.9
2017-12-14 07:00:00,27.48,37.0
2017-12-14 08:00:00,32.45,37.9
2017-12-14 09:00:00,30.24,41.0
2017-12-14 10:00:00,32.62,44.1
2017-12-14 11:00:00,33.4,42.1
2017-12-14 12:00:00,33.99,41.0
2017-12-14 13:00:00,34.76,41.0
2017-12-14 14:00:00,34.11,41.0
2017-12-14 15:00:00,33.2,39.9
2017-12-14 16:00:00,36.63,39.0
2017-12-14 17:00:00,124.31,37.0
2017-12-14 18:00:00,130.03,36.0
2017-12-14 19:00:00,129.69,35.1
2017-12-14 20:00:00,129.64,35.1
2017-12-14 21:00:00,127.05,34.0
2017-12-14 22:00:00,44.0,33.1
2017-12-14 23:00:00,29.3,32.0
2017-12-15 00:00:00,29.2,30.9
2017-12-15 01:00:00,29.68,30.0
2017-12-15 02:00:00,29.57,30.9
2017-12-15 03:00:00,29.27,30.0
2017-12-15 04:00:00,29.16,30.0
2017-12-15 05:00:00,29.01,30.0
2017-12-15 06:00:00,30.18,30.0
2017-12-15 07:00:00,30.44,30.0
2017-12-15 08:00:00,36.18,30.0
2017-12-15 09:00:00,35.03,30.0
2017-12-15 10:00:00,34.27,30.9
2017-12-15 11:00:00,35.19,30.9
2017-12-15 12:00:00,35.32,30.9
2017-12-15 13:00:00,33.98,30.0
2017-12-15 14:00:00,35.13,28.9
2017-12-15 15:00:00,34.28,28.0
2017-12-15 16:00:00,37.67,28.9
2017-12-15 17:00:00,125.51,28.9
2017-12-15 18:00:00,129.67,28.9
2017-12-15 19:00:00,129.2,28.9
2017-12-15 20:00:00,127.41,28.0
2017-12-15 21:00:00,123.97,28.0
2017-12-15 22:00:00,42.51,27.0
2017-12-15 23:00:00,26.42,26.1
2017-12-16 00:00:00,26.4,26.1
2017-12-16 01:00:00,26.45,27.0
2017-12-16 02:00:00,27.53,27.0
2017-12-16 03:00:00,26.66,28.0
2017-12-16 04:00:00,26.52,28.9
2017-12-16 05:00:00,26.49,28.9
2017-12-16 06:00:00,27.42,28.0
2017-12-16 07:00:00,26.42,28.9
2017-12-16 08:00:00,23.92,28.9
2017-12-16 09:00:00,21.45,33.1
2017-12-16 10:00:00,26.56,37.0
2017-12-16 11:00:00,26.78,41.0
2017-12-16 12:00:00,28.17,44.1
2017-12-16 13:00:00,31.92,46.0
2017-12-16 14:00:00,33.02,46.9
2017-12-16 15:00:00,33.2,46.9
2017-12-16 16:00:00,36.78,46.9
2017-12-16 17:00:00,124.09,45.0
2017-12-16 18:00:00,125.93,43.0
2017-12-16 19:00:00,121.92,39.9
2017-12-16 20:00:00,120.86,39.9
2017-12-16 21:00:00,117.97,41.0
2017-12-16 22:00:00,42.97,39.0
2017-12-16 23:00:00,28.46,37.0
2017-12-17 00:00:00,27.36,36.0
2017-12-17 01:00:00,27.61,35.1
2017-12-17 02:00:00,27.79,32.0
2017-12-17 03:00:00,28.63,32.0
2017-12-17 04:00:00,27.8,32.0
2017-12-17 05:00:00,27.88,33.1
2017-12-17 06:00:00,28.04,30.9
2017-12-17 07:00:00,28.87,33.1
2017-12-17 08:00:00,23.55,34.0
2017-12-17 09:00:00,19.55,36.0
2017-12-17 10:00:00,19.4,39.9
2017-12-17 11:00:00,20.17,44.1
2017-12-17 12:00:00,19.25,46.0
2017-12-17 13:00:00,19.17,48.9
2017-12-17 14:00:00,19.36,46.9
2017-12-17 15:00:00,20.4,50.0
2017-12-17 16:00:00,21.31,46.9
2017-12-17 17:00:00,111.95,46.9
2017-12-17 18:00:00,115.39,46.0
2017-12-17 19:00:00,116.16,46.0
2017-12-17 20:00:00,114.7,46.0
2017-12-17 21:00:00,116.28,46.0
2017-12-17 22:00:00,42.67,45.0
2017-12-17 23:00:00,27.54,45.0
2017-12-18 00:00:00,28.64,45.0
2017-12-18 01:00:00,27.39,42.1
2017-12-18 02:00:00,27.44,42.1
2017-12-18 03:00:00,27.4,42.1
2017-12-18 04:00:00,28.38,43.0
2017-12-18 05:00:00,27.38,41.0
2017-12-18 06:00:00,27.27,41.0
2017-12-18 07:00:00,28.47,39.0
2017-12-18 08:00:00,35.85,41.0
2017-12-18 09:00:00,32.39,42.1
2017-12-18 10:00:00,32.35,45.0
2017-12-18 11:00:00,32.67,48.0
2017-12-18 12:00:00,33.73,50.0
2017-12-18 13:00:00,32.21,53.1
2017-12-18 14:00:00,32.2,53.1
2017-12-18 15:00:00,32.34,52.0
2017-12-18 16:00:00,35.18,54.0
2017-12-18 17:00:00,122.98,51.1
2017-12-18 18:00:00,127.81,53.1
2017-12-18 19:00:00,128.47,50.0
2017-12-18 20:00:00,128.39,51.1
2017-12-18 21:00:00,125.59,48.9
2017-12-18 22:00:00,41.86,46.9
2017-12-18 23:00:00,26.5,48.9
2017-12-19 00:00:00,26.36,48.0
2017-12-19 01:00:00,27.29,46.9
2017-12-19 02:00:00,26.36,45.0
2017-12-19 03:00:00,26.38,44.1
2017-12-19 04:00:00,26.52,42.1
2017-12-19 05:00:00,27.56,42.1
2017-12-19 06:00:00,26.43,41.0
2017-12-19 07:00:00,28.41,41.0
2017-12-19 08:00:00,35.55,39.9
2017-12-19 09:00:00,33.31,43.0
2017-12-19 10:00:00,33.74,48.0
2017-12-19 11:00:00,32.43,53.1
2017-12-19 12:00:00,33.03,55.0
2017-12-19 13:00:00,33.27,55.9
2017-12-19 14:00:00,34.29,61.0
2017-12-19 15:00:00,33.34,61.0
2017-12-19 16:00:00,34.26,61.0
2017-12-19 17:00:00,123.25,57.0
2017-12-19 18:00:00,129.0,52.0
2017-12-19 19:00:00,127.07,54.0
2017-12-19 20:00:00,126.45,51.1
2017-12-19 21:00:00,118.86,51.1
2017-12-19 22:00:00,42.18,48.0
2017-12-19 23:00:00,27.69,50.0
2017-12-20 00:00:00,26.74,48.0
2017-12-20 01:00:00,26.8,46.0
2017-12-20 02:00:00,26.83,43.0
2017-12-20 03:00:00,27.86,55.0
2017-12-20 04:00:00,26.86,53.1
2017-12-20 05:00:00,26.71,54.0
2017-12-20 06:00:00,26.68,52.0
2017-12-20 07:00:00,29.68,50.0
2017-12-20 08:00:00,35.67,48.9
2017-12-20 09:00:00,32.68,51.1
2017-12-20 10:00:00,32.62,51.1
2017-12-20 11:00:00,33.42,51.1
2017-12-20 12:00:00,32.26,50.0
2017-12-20 13:00:00,32.28,51.1
2017-12-20 14:00:00,31.98,51.1
2017-12-20 15:00:00,32.12,53.1
2017-12-20 16:00:00,31.29,51.1
2017-12-20 17:00:00,118.37,46.0
2017-12-20 18:00:00,125.44,46.0
2017-12-20 19:00:00,126.85,45.0
2017-12-20 20:00:00,127.58,44.1
2017-12-20 21:00:00,123.21,41.0
2017-12-20 22:00:00,40.65,39.9
2017-12-20 23:00:00,25.53,39.9
2017-12-21 00:00:00,25.46,39.0
2017-12-21 01:00:00,25.7,39.0
2017-12-21 02:00:00,26.94,35.1
2017-12-21 03:00:00,25.85,33.1
2017-12-21 04:00:00,25.76,36.0
2017-12-21 05:00:00,25.89,34.0
2017-12-21 06:00:00,26.62,34.0
2017-12-21 07:00:00,26.86,34.0
2017-12-21 08:00:00,33.12,34.0
2017-12-21 09:00:00,33.23,36.0
2017-12-21 10:00:00,31.84,39.0
2017-12-21 11:00:00,30.26,39.9
2017-12-21 12:00:00,30.7,42.1
2017-12-21 13:00:00,29.95,43.0
2017-12-21 14:00:00,29.78,44.1
2017-12-21 15:00:00,30.45,44.1
2017-12-21 16:00:00,31.24,44.1
2017-12-21 17:00:00,120.55,43.0
2017-12-21 18:00:00,127.02,42.1
2017-12-21 19:00:00,127.98,39.0
2017-12-21 20:00:00,127.63,37.9
2017-12-21 21:00:00,125.63,37.9
2017-12-21 22:00:00,41.23,37.0
2017-12-21 23:00:00,25.66,37.9
2017-12-22 00:00:00,25.82,35.1
2017-12-22 01:00:00,25.23,37.0
2017-12-22 02:00:00,25.29,39.0
2017-12-22 03:00:00,26.25,39.0
2017-12-22 04:00:00,25.32,39.0
2017-12-22 05:00:00,25.24,37.9
2017-12-22 06:00:00,25.25,39.0
2017-12-22 07:00:00,26.32,39.0
2017-12-22 08:00:00,31.73,37.9
2017-12-22 09:00:00,32.38,39.9
2017-12-22 10:00:00,31.79,42.1
2017-12-22 11:00:00,31.81,44.1
2017-12-22 12:00:00,29.95,46.9
2017-12-22 13:00:00,27.24,51.1
2017-12-22 14:00:00,26.75,54.0
2017-12-22 15:00:00,27.48,55.0
2017-12-22 16:00:00,28.03,55.9
2017-12-22 17:00:00,117.12,54.0
2017-12-22 18:00:00,126.21,53.1
2017-12-22 19:00:00,128.29,52.0
2017-12-22 20:00:00,129.45,52.0
2017-12-22 21:00:00,127.53,53.1
2017-12-22 22:00:00,42.03,51.1
2017-12-22 23:00:00,26.42,53.1
2017-12-23 00:00:00,26.4,48.9
2017-12-23 01:00:00,27.18,46.9
2017-12-23 02:00:00,26.25,48.0
2017-12-23 03:00:00,26.34,46.9
2017-12-23 04:00:00,26.39,46.0
2017-12-23 05:00:00,27.16,48.9
2017-12-23 06:00:00,26.29,46.9
2017-12-23 07:00:00,26.19,50.0
2017-12-23 08:00:00,25.14,51.1
2017-12-23 09:00:00,22.45,52.0
2017-12-23 10:00:00,21.19,54.0
2017-12-23 11:00:00,21.2,53.1
2017-12-23 12:00:00,21.4,60.1
2017-12-23 13:00:00,22.92,63.0
2017-12-23 14:00:00,22.22,64.0
2017-12-23 15:00:00,21.92,64.0
2017-12-23 16:00:00,22.13,63.0
2017-12-23 17:00:00,113.77,63.0
2017-12-23 18:00:00,120.0,63.0
2017-12-23 19:00:00,119.18,54.0
2017-12-23 20:00:00,119.57,53.1
2017-12-23 21:00:00,119.61,52.0
2017-12-23 22:00:00,45.14,48.9
2017-12-23 23:00:00,28.69,48.0
2017-12-24 00:00:00,28.77,46.0
2017-12-24 01:00:00,28.78,45.0
2017-12-24 02:00:00,29.76,45.0
2017-12-24 03:00:00,28.9,44.1
2017-12-24 04:00:00,28.88,42.1
2017-12-24 05:00:00,28.91,39.9
2017-12-24 06:00:00,29.63,39.9
2017-12-24 07:00:00,29.13,39.0
2017-12-24 08:00:00,25.31,39.9
2017-12-24 09:00:00,22.27,43.0
2017-12-24 10:00:00,21.93,45.0
2017-12-24 11:00:00,22.85,44.1
2017-12-24 12:00:00,21.96,44.1
2017-12-24 13:00:00,21.95,44.1
2017-12-24 14:00:00,21.98,43.0
2017-12-24 15:00:00,23.0,43.0
2017-12-24 16:00:00,22.07,43.0
2017-12-24 17:00:00,111.7,42.1
2017-12-24 18:00:00,117.69,42.1
2017-12-24 19:00:00,118.92,41.0
2017-12-24 20:00:00,117.68,39.9
2017-12-24 21:00:00,117.76,39.9
2017-12-24 22:00:00,43.42,39.9
2017-12-24 23:00:00,28.52,39.9
2017-12-25 00:00:00,27.55,39.9
2017-12-25 01:00:00,27.79,39.0
2017-12-25 02:00:00,26.69,39.9
2017-12-25 03:00:00,25.98,41.0
2017-12-25 04:00:00,25.55,39.9
2017-12-25 05:00:00,26.09,39.9
2017-12-25 06:00:00,25.0,39.9
2017-12-25 07:00:00,25.89,37.9
2017-12-25 08:00:00,25.23,35.1
2017-12-25 09:00:00,19.68,35.1
2017-12-25 10:00:00,20.56,35.1
2017-12-25 11:00:00,20.63,35.1
2017-12-25 12:00:00,21.71,35.1
2017-12-25 13:00:00,20.48,37.0
2017-12-25 14:00:00,20.49,36.0
2017-12-25 15:00:00,21.98,36.0
2017-12-25 16:00:00,22.87,35.1
2017-12-25 17:00:00,108.46,33.1
2017-12-25 18:00:00,118.31,32.0
2017-12-25 19:00:00,118.34,30.9
2017-12-25 20:00:00,119.67,32.0
2017-12-25 21:00:00,118.71,32.0
2017-12-25 22:00:00,43.59,32.0
2017-12-25 23:00:00,27.95,32.0
2017-12-26 00:00:00,28.23,32.0
2017-12-26 01:00:00,28.8,30.9
2017-12-26 02:00:00,28.06,30.9
2017-12-26 03:00:00,28.1,30.0
2017-12-26 04:00:00,27.93,30.0
2017-12-26 05:00:00,29.0,30.0
2017-12-26 06:00:00,27.96,30.0
2017-12-26 07:00:00,27.9,30.0
2017-12-26 08:00:00,34.06,30.0
2017-12-26 09:00:00,32.73,30.9
2017-12-26 10:00:00,32.88,32.0
2017-12-26 11:00:00,31.88,34.0
2017-12-26 12:00:00,30.19,35.1
2017-12-26 13:00:00,31.11,37.0
2017-12-26 14:00:00,30.51,37.9
2017-12-26 15:00:00,29.46,37.0
2017-12-26 16:00:00,29.72,37.0
2017-12-26 17:00:00,112.86,36.0
2017-12-26 18:00:00,120.15,35.1
2017-12-26 19:00:00,120.26,35.1
2017-12-26 20:00:00,119.47,35.1
2017-12-26 21:00:00,116.69,34.0
2017-12-26 22:00:00,39.44,34.0
2017-12-26 23:00:00,24.5,33.1
2017-12-27 00:00:00,24.03,33.1
2017-12-27 01:00:00,24.09,33.1
2017-12-27 02:00:00,25.09,33.1
2017-12-27 03:00:00,25.25,33.1
2017-12-27 04:00:00,24.05,32.0
2017-12-27 05:00:00,24.14,32.0
2017-12-27 06:00:00,25.14,32.0
2017-12-27 07:00:00,24.16,32.0
2017-12-27 08:00:00,22.96,32.0
2017-12-27 09:00:00,19.38,30.9
2017-12-27 10:00:00,19.94,30.0
2017-12-27 11:00:00,25.15,30.0
2017-12-27 12:00:00,30.03,30.9
2017-12-27 13:00:00,30.79,28.9
2017-12-27 14:00:00,29.85,28.9
2017-12-27 15:00:00,27.42,28.9
2017-12-27 16:00:00,28.87,28.9
2017-12-27 17:00:00,113.44,27.0
2017-12-27 18:00:00,125.99,26.1
2017-12-27 19:00:00,128.51,25.0
2017-12-27 20:00:00,129.26,23.0
2017-12-27 21:00:00,124.66,21.9
2017-12-27 22:00:00,43.78,21.0
2017-12-27 23:00:00,27.76,19.9
2017-12-28 00:00:00,28.04,19.0
2017-12-28 01:00:00,29.0,19.0
2017-12-28 02:00:00,27.88,18.0
2017-12-28 03:00:00,27.82,17.1
2017-12-28 04:00:00,27.85,16.0
2017-12-28 05:00:00,29.08,16.0
2017-12-28 06:00:00,27.79,16.0
2017-12-28 07:00:00,27.96,16.0
2017-12-28 08:00:00,26.08,17.1
2017-12-28 09:00:00,23.87,18.0
2017-12-28 10:00:00,23.15,19.9
2017-12-28 11:00:00,23.68,21.9
2017-12-28 12:00:00,24.05,23.0
2017-12-28 13:00:00,24.05,24.1
2017-12-28 14:00:00,27.16,24.1
2017-12-28 15:00:00,29.85,24.1
2017-12-28 16:00:00,28.44,24.1
2017-12-28 17:00:00,113.32,21.9
2017-12-28 18:00:00,130.45,21.9
2017-12-28 19:00:00,131.2,21.0
2017-12-28 20:00:00,132.89,19.9
2017-12-28 21:00:00,127.31,19.9
2017-12-28 22:00:00,45.6,19.9
2017-12-28 23:00:00,29.36,19.0
2017-12-29 00:00:00,29.45,19.9
2017-12-29 01:00:00,29.26,21.0
2017-12-29 02:00:00,30.05,19.9
2017-12-29 03:00:00,29.1,19.9
2017-12-29 04:00:00,29.05,19.9
2017-12-29 05:00:00,29.14,21.0
2017-12-29 06:00:00,30.11,21.0
2017-12-29 07:00:00,29.07,21.0
2017-12-29 08:00:00,27.6,19.9
2017-12-29 09:00:00,24.27,21.9
2017-12-29 10:00:00,25.23,25.0
2017-12-29 11:00:00,30.11,27.0
2017-12-29 12:00:00,33.61,28.0
2017-12-29 13:00:00,35.1,28.9
2017-12-29 14:00:00,30.09,30.9
2017-12-29 15:00:00,31.17,30.9
2017-12-29 16:00:00,30.22,30.9
2017-12-29 17:00:00,113.71,28.0
2017-12-29 18:00:00,123.9,26.1
2017-12-29 19:00:00,124.95,27.0
2017-12-29 20:00:00,124.03,26.1
2017-12-29 21:00:00,123.48,26.1
2017-12-29 22:00:00,38.63,25.0
2017-12-29 23:00:00,22.82,24.1
2017-12-30 00:00:00,21.99,24.1
2017-12-30 01:00:00,21.85,24.1
2017-12-30 02:00:00,22.05,24.1
2017-12-30 03:00:00,23.07,23.0
2017-12-30 04:00:00,22.14,21.9
2017-12-30 05:00:00,22.05,21.9
2017-12-30 06:00:00,24.34,23.0
2017-12-30 07:00:00,25.84,23.0
2017-12-30 08:00:00,24.64,23.0
2017-12-30 09:00:00,22.22,24.1
2017-12-30 10:00:00,21.47,24.1
2017-12-30 11:00:00,30.26,26.1
2017-12-30 12:00:00,28.94,27.0
2017-12-30 13:00:00,29.23,28.0
2017-12-30 14:00:00,29.13,28.9
2017-12-30 15:00:00,30.24,30.9
2017-12-30 16:00:00,29.05,30.9
2017-12-30 17:00:00,111.21,30.0
2017-12-30 18:00:00,124.71,33.1
2017-12-30 19:00:00,125.18,28.9
2017-12-30 20:00:00,120.07,27.0
2017-12-30 21:00:00,119.0,26.1
2017-12-30 22:00:00,44.98,26.1
2017-12-30 23:00:00,28.13,24.1
2017-12-31 00:00:00,28.03,23.0
2017-12-31 01:00:00,28.03,21.9
2017-12-31 02:00:00,27.83,21.0
2017-12-31 03:00:00,29.07,19.9
2017-12-31 04:00:00,28.03,19.9
2017-12-31 05:00:00,27.93,19.0
2017-12-31 06:00:00,28.07,19.0
2017-12-31 07:00:00,28.98,19.0
2017-12-31 08:00:00,26.78,18.0
2017-12-31 09:00:00,24.21,19.0
2017-12-31 10:00:00,23.04,19.9
2017-12-31 11:00:00,23.96,21.0
2017-12-31 12:00:00,22.92,21.9
2017-12-31 13:00:00,22.88,23.0
2017-12-31 14:00:00,22.65,21.9
2017-12-31 15:00:00,24.09,21.0
2017-12-31 16:00:00,22.89,19.9
2017-12-31 17:00:00,104.14,19.0
2017-12-31 18:00:00,117.63,19.9
2017-12-31 19:00:00,119.0,19.0
2017-12-31 20:00:00,118.03,19.0
2017-12-31 21:00:00,117.17,18.0
2017-12-31 22:00:00,42.66,17.1
2017-12-31 23:00:00,28.05,17.1
