timestamp,kWh,air_temp_F
2017-01-01 00:00:00,85.59,44.1
2017-01-01 01:00:00,171.42,43.2
2017-01-01 02:00:00,169.05,42.8
2017-01-01 03:00:00,180.59,42.3
2017-01-01 04:00:00,168.32,42.1
2017-01-01 05:00:00,153.85,41.9
2017-01-01 06:00:00,160.6,42.6
2017-01-01 07:00:00,141.9,43.5
2017-01-01 08:00:00,136.18,44.1
2017-01-01 09:00:00,142.02,45.1
2017-01-01 10:00:00,157.14,46.4
2017-01-01 11:00:00,168.52,47.7
2017-01-01 12:00:00,142.57,49.5
2017-01-01 13:00:00,150.39,49.6
2017-01-01 14:00:00,165.62,48.4
2017-01-01 15:00:00,184.79,41.4
2017-01-01 16:00:00,156.71,40.3
2017-01-01 17:00:00,181.29,40.1
2017-01-01 18:00:00,160.3,39.7
2017-01-01 19:00:00,162.6,40.1
2017-01-01 20:00:00,173.76,40.3
2017-01-01 21:00:00,152.12,40.3
2017-01-01 22:00:00,166.68,40.1
2017-01-01 23:00:00,177.15,39.6
2017-01-02 00:00:00,179.52,39.0
2017-01-02 01:00:00,176.37,39.0
2017-01-02 02:00:00,180.1,38.7
2017-01-02 03:00:00,177.36,36.7
2017-01-02 04:00:00,173.96,36.3
2017-01-02 05:00:00,165.7,36.1
2017-01-02 06:00:00,158.76,36.0
2017-01-02 07:00:00,148.61,36.1
2017-01-02 08:00:00,152.0,35.6
2017-01-02 09:00:00,158.28,35.6
2017-01-02 10:00:00,160.2,37.2
2017-01-02 11:00:00,157.26,39.0
2017-01-02 12:00:00,175.71,40.1
2017-01-02 13:00:00,152.7,41.4
2017-01-02 14:00:00,154.82,41.7
2017-01-02 15:00:00,159.1,41.4
2017-01-02 16:00:00,172.28,39.7
2017-01-02 17:00:00,176.45,37.9
2017-01-02 18:00:00,195.16,36.1
2017-01-02 19:00:00,173.25,35.1
2017-01-02 20:00:00,177.78,34.3
2017-01-02 21:00:00,177.1,32.4
2017-01-02 22:00:00,177.85,32.4
2017-01-02 23:00:00,177.56,30.2
2017-01-03 00:00:00,183.4,28.8
2017-01-03 01:00:00,195.84,29.5
2017-01-03 02:00:00,187.78,29.3
2017-01-03 03:00:00,180.14,28.2
2017-01-03 04:00:00,182.65,28.2
2017-01-03 05:00:00,178.29,28.6
2017-01-03 06:00:00,169.15,29.7
2017-01-03 07:00:00,147.3,30.4
2017-01-03 08:00:00,169.1,28.9
2017-01-03 09:00:00,172.76,30.4
2017-01-03 10:00:00,192.81,34.0
2017-01-03 11:00:00,182.05,35.8
2017-01-03 12:00:00,169.25,38.7
2017-01-03 13:00:00,176.99,41.4
2017-01-03 14:00:00,166.49,42.3
2017-01-03 15:00:00,174.11,41.4
2017-01-03 16:00:00,173.95,40.1
2017-01-03 17:00:00,176.31,39.7
2017-01-03 18:00:00,186.96,39.6
2017-01-03 19:00:00,182.9,38.8
2017-01-03 20:00:00,191.85,37.6
2017-01-03 21:00:00,181.99,39.0
2017-01-03 22:00:00,183.3,38.8
2017-01-03 23:00:00,185.11,38.3
2017-01-04 00:00:00,194.02,37.0
2017-01-04 01:00:00,196.64,37.0
2017-01-04 02:00:00,181.65,38.5
2017-01-04 03:00:00,159.62,40.1
2017-01-04 04:00:00,170.56,40.8
2017-01-04 05:00:00,160.55,41.0
2017-01-04 06:00:00,146.62,41.4
2017-01-04 07:00:00,148.61,40.6
2017-01-04 08:00:00,156.35,41.0
2017-01-04 09:00:00,162.34,41.9
2017-01-04 10:00:00,166.02,43.2
2017-01-04 11:00:00,167.08,45.3
2017-01-04 12:00:00,189.78,46.9
2017-01-04 13:00:00,198.88,43.5
2017-01-04 14:00:00,173.35,45.0
2017-01-04 15:00:00,177.02,44.6
2017-01-04 16:00:00,171.09,44.1
2017-01-04 17:00:00,181.48,41.9
2017-01-04 18:00:00,178.74,40.1
2017-01-04 19:00:00,181.08,37.4
2017-01-04 20:00:00,193.16,36.0
2017-01-04 21:00:00,205.74,35.1
2017-01-04 22:00:00,207.35,34.3
2017-01-04 23:00:00,200.9,33.8
2017-01-05 00:00:00,215.18,34.7
2017-01-05 01:00:00,199.1,32.5
2017-01-05 02:00:00,190.68,32.2
2017-01-05 03:00:00,197.08,31.6
2017-01-05 04:00:00,191.55,31.6
2017-01-05 05:00:00,190.26,29.8
2017-01-05 06:00:00,187.29,28.4
2017-01-05 07:00:00,187.42,30.6
2017-01-05 08:00:00,184.55,30.0
2017-01-05 09:00:00,188.19,30.7
2017-01-05 10:00:00,185.36,33.6
2017-01-05 11:00:00,179.11,35.6
2017-01-05 12:00:00,170.91,38.1
2017-01-05 13:00:00,179.24,40.5
2017-01-05 14:00:00,184.88,41.7
2017-01-05 15:00:00,169.82,41.7
2017-01-05 16:00:00,188.44,38.8
2017-01-05 17:00:00,216.36,37.8
2017-01-05 18:00:00,216.52,36.3
2017-01-05 19:00:00,217.96,33.8
2017-01-05 20:00:00,208.24,32.7
2017-01-05 21:00:00,200.2,33.4
2017-01-05 22:00:00,203.02,32.7
2017-01-05 23:00:00,224.61,30.4
2017-01-06 00:00:00,204.41,29.7
2017-01-06 01:00:00,211.61,28.2
2017-01-06 02:00:00,207.61,28.6
2017-01-06 03:00:00,202.41,28.0
2017-01-06 04:00:00,189.71,27.1
2017-01-06 05:00:00,188.71,28.6
2017-01-06 06:00:00,184.31,30.2
2017-01-06 07:00:00,176.81,31.5
2017-01-06 08:00:00,171.11,32.4
2017-01-06 09:00:00,211.11,34.9
2017-01-06 10:00:00,179.31,36.1
2017-01-06 11:00:00,186.81,38.5
2017-01-06 12:00:00,181.91,41.7
2017-01-06 13:00:00,190.91,43.5
2017-01-06 14:00:00,180.01,44.1
2017-01-06 15:00:00,188.81,43.2
2017-01-06 16:00:00,195.31,42.1
2017-01-06 17:00:00,207.31,40.6
2017-01-06 18:00:00,210.11,40.5
2017-01-06 19:00:00,211.31,40.6
2017-01-06 20:00:00,194.81,40.8
2017-01-06 21:00:00,198.21,41.0
2017-01-06 22:00:00,199.21,41.7
2017-01-06 23:00:00,201.11,42.6
2017-01-07 00:00:00,197.92,43.2
2017-01-07 01:00:00,218.37,43.3
2017-01-07 02:00:00,189.55,43.9
2017-01-07 03:00:00,174.66,44.1
2017-01-07 04:00:00,171.06,44.4
2017-01-07 05:00:00,163.31,44.6
2017-01-07 06:00:00,178.82,45.3
2017-01-07 07:00:00,160.32,45.9
2017-01-07 08:00:00,161.62,46.2
2017-01-07 09:00:00,169.62,46.8
2017-01-07 10:00:00,180.42,48.2
2017-01-07 11:00:00,174.62,49.3
2017-01-07 12:00:00,167.82,50.7
2017-01-07 13:00:00,177.62,51.3
2017-01-07 14:00:00,181.52,51.4
2017-01-07 15:00:00,192.22,51.3
2017-01-07 16:00:00,203.02,50.7
2017-01-07 17:00:00,188.12,50.2
2017-01-07 18:00:00,201.32,49.8
2017-01-07 19:00:00,219.32,50.2
2017-01-07 20:00:00,191.62,49.1
2017-01-07 21:00:00,199.82,48.6
2017-01-07 22:00:00,205.82,48.6
2017-01-07 23:00:00,210.12,48.6
2017-01-08 00:00:00,212.88,48.2
2017-01-08 01:00:00,207.1,47.8
2017-01-08 02:00:00,187.22,47.3
2017-01-08 03:00:00,179.6,46.6
2017-01-08 04:00:00,177.65,46.0
2017-01-08 05:00:00,172.34,46.0
2017-01-08 06:00:00,155.64,45.9
2017-01-08 07:00:00,157.15,46.8
2017-01-08 08:00:00,162.66,47.3
2017-01-08 09:00:00,176.9,47.5
2017-01-08 10:00:00,168.54,48.2
2017-01-08 11:00:00,172.86,48.4
2017-01-08 12:00:00,181.81,48.9
2017-01-08 13:00:00,177.95,48.9
2017-01-08 14:00:00,179.98,48.9
2017-01-08 15:00:00,187.08,48.7
2017-01-08 16:00:00,197.52,48.6
2017-01-08 17:00:00,206.6,48.4
2017-01-08 18:00:00,224.81,48.6
2017-01-08 19:00:00,238.29,48.6
2017-01-08 20:00:00,229.98,48.6
2017-01-08 21:00:00,237.19,48.2
2017-01-08 22:00:00,232.74,47.3
2017-01-08 23:00:00,224.66,47.5
2017-01-09 00:00:00,215.64,47.1
2017-01-09 01:00:00,216.97,46.8
2017-01-09 02:00:00,193.5,46.4
2017-01-09 03:00:00,186.38,45.7
2017-01-09 04:00:00,173.76,45.5
2017-01-09 05:00:00,158.22,46.0
2017-01-09 06:00:00,155.96,45.9
2017-01-09 07:00:00,168.22,46.8
2017-01-09 08:00:00,197.98,47.1
2017-01-09 09:00:00,193.24,47.7
2017-01-09 10:00:00,184.38,48.7
2017-01-09 11:00:00,180.66,49.3
2017-01-09 12:00:00,194.38,48.7
2017-01-09 13:00:00,189.2,48.2
2017-01-09 14:00:00,176.49,48.6
2017-01-09 15:00:00,193.66,48.9
2017-01-09 16:00:00,190.15,49.5
2017-01-09 17:00:00,215.22,49.5
2017-01-09 18:00:00,227.48,45.9
2017-01-09 19:00:00,249.02,44.4
2017-01-09 20:00:00,244.99,42.1
2017-01-09 21:00:00,239.61,41.0
2017-01-09 22:00:00,235.11,40.5
2017-01-09 23:00:00,213.61,39.6
2017-01-10 00:00:00,216.86,38.8
2017-01-10 01:00:00,227.85,37.8
2017-01-10 02:00:00,220.55,36.7
2017-01-10 03:00:00,181.08,38.7
2017-01-10 04:00:00,171.1,38.8
2017-01-10 05:00:00,162.35,39.7
2017-01-10 06:00:00,151.91,38.8
2017-01-10 07:00:00,165.14,40.1
2017-01-10 08:00:00,196.46,41.4
2017-01-10 09:00:00,182.55,41.7
2017-01-10 10:00:00,168.45,43.9
2017-01-10 11:00:00,170.92,45.9
2017-01-10 12:00:00,180.2,46.2
2017-01-10 13:00:00,177.61,47.7
2017-01-10 14:00:00,167.32,48.0
2017-01-10 15:00:00,183.94,48.0
2017-01-10 16:00:00,187.75,46.8
2017-01-10 17:00:00,199.02,45.1
2017-01-10 18:00:00,200.61,45.5
2017-01-10 19:00:00,222.2,44.4
2017-01-10 20:00:00,233.68,45.3
2017-01-10 21:00:00,219.76,45.5
2017-01-10 22:00:00,213.31,45.7
2017-01-10 23:00:00,198.22,46.2
2017-01-11 00:00:00,206.78,44.4
2017-01-11 01:00:00,209.58,45.5
2017-01-11 02:00:00,183.58,44.8
2017-01-11 03:00:00,177.68,44.6
2017-01-11 04:00:00,163.28,45.1
2017-01-11 05:00:00,161.58,45.0
2017-01-11 06:00:00,152.78,47.7
2017-01-11 07:00:00,163.48,48.2
2017-01-11 08:00:00,184.28,49.8
2017-01-11 09:00:00,191.28,49.6
2017-01-11 10:00:00,184.08,51.1
2017-01-11 11:00:00,178.78,51.6
2017-01-11 12:00:00,174.48,51.3
2017-01-11 13:00:00,169.68,52.0
2017-01-11 14:00:00,188.18,50.0
2017-01-11 15:00:00,193.88,48.9
2017-01-11 16:00:00,194.08,47.7
2017-01-11 17:00:00,194.88,46.9
2017-01-11 18:00:00,229.38,45.1
2017-01-11 19:00:00,228.98,42.8
2017-01-11 20:00:00,224.28,42.8
2017-01-11 21:00:00,210.58,42.8
2017-01-11 22:00:00,218.48,42.3
2017-01-11 23:00:00,208.68,41.9
2017-01-12 00:00:00,218.08,41.5
2017-01-12 01:00:00,194.58,40.8
2017-01-12 02:00:00,187.18,41.7
2017-01-12 03:00:00,185.38,42.4
2017-01-12 04:00:00,171.98,42.1
2017-01-12 05:00:00,165.98,42.1
2017-01-12 06:00:00,160.68,42.4
2017-01-12 07:00:00,167.08,42.3
2017-01-12 08:00:00,187.78,42.1
2017-01-12 09:00:00,194.28,42.6
2017-01-12 10:00:00,188.38,43.7
2017-01-12 11:00:00,194.88,43.9
2017-01-12 12:00:00,189.18,43.7
2017-01-12 13:00:00,183.88,43.3
2017-01-12 14:00:00,202.68,42.3
2017-01-12 15:00:00,201.38,41.4
2017-01-12 16:00:00,206.08,39.9
2017-01-12 17:00:00,223.48,36.7
2017-01-12 18:00:00,241.58,33.6
2017-01-12 19:00:00,258.18,34.3
2017-01-12 20:00:00,249.18,35.8
2017-01-12 21:00:00,224.78,36.7
2017-01-12 22:00:00,223.98,36.3
2017-01-12 23:00:00,224.28,35.2
2017-01-13 00:00:00,224.88,34.0
2017-01-13 01:00:00,219.08,33.4
2017-01-13 02:00:00,202.98,33.4
2017-01-13 03:00:00,202.78,32.9
2017-01-13 04:00:00,190.38,34.5
2017-01-13 05:00:00,186.68,35.4
2017-01-13 06:00:00,181.68,35.1
2017-01-13 07:00:00,186.98,35.1
2017-01-13 08:00:00,218.68,35.4
2017-01-13 09:00:00,208.68,35.1
2017-01-13 10:00:00,209.38,37.6
2017-01-13 11:00:00,212.88,35.8
2017-01-13 12:00:00,221.98,39.7
2017-01-13 13:00:00,208.38,42.8
2017-01-13 14:00:00,210.38,43.7
2017-01-13 15:00:00,222.68,43.0
2017-01-13 16:00:00,218.38,42.6
2017-01-13 17:00:00,222.68,41.4
2017-01-13 18:00:00,219.68,39.6
2017-01-13 19:00:00,249.98,38.3
2017-01-13 20:00:00,240.98,37.4
2017-01-13 21:00:00,231.58,36.9
2017-01-13 22:00:00,235.98,35.8
2017-01-13 23:00:00,231.68,35.2
2017-01-14 00:00:00,219.08,35.1
2017-01-14 01:00:00,229.48,33.8
2017-01-14 02:00:00,222.78,34.2
2017-01-14 03:00:00,222.18,34.2
2017-01-14 04:00:00,200.38,34.0
2017-01-14 05:00:00,202.98,32.2
2017-01-14 06:00:00,196.78,33.6
2017-01-14 07:00:00,177.68,32.9
2017-01-14 08:00:00,190.88,33.1
2017-01-14 09:00:00,202.98,35.2
2017-01-14 10:00:00,203.78,37.6
2017-01-14 11:00:00,209.48,39.6
2017-01-14 12:00:00,217.88,41.0
2017-01-14 13:00:00,216.48,38.1
2017-01-14 14:00:00,211.08,38.7
2017-01-14 15:00:00,207.28,40.5
2017-01-14 16:00:00,214.08,39.4
2017-01-14 17:00:00,219.28,38.7
2017-01-14 18:00:00,224.58,37.0
2017-01-14 19:00:00,224.38,38.1
2017-01-14 20:00:00,233.08,38.8
2017-01-14 21:00:00,223.58,37.2
2017-01-14 22:00:00,223.78,36.5
2017-01-14 23:00:00,220.38,36.7
2017-01-15 00:00:00,225.98,35.6
2017-01-15 01:00:00,233.78,34.5
2017-01-15 02:00:00,218.18,34.0
2017-01-15 03:00:00,206.98,34.5
2017-01-15 04:00:00,201.88,35.1
2017-01-15 05:00:00,197.68,36.0
2017-01-15 06:00:00,179.08,37.4
2017-01-15 07:00:00,180.98,38.1
2017-01-15 08:00:00,189.48,38.8
2017-01-15 09:00:00,203.78,39.9
2017-01-15 10:00:00,198.18,41.2
2017-01-15 11:00:00,204.48,42.6
2017-01-15 12:00:00,220.58,43.7
2017-01-15 13:00:00,215.68,45.0
2017-01-15 14:00:00,203.98,45.7
2017-01-15 15:00:00,209.98,46.8
2017-01-15 16:00:00,215.98,47.5
2017-01-15 17:00:00,213.28,47.5
2017-01-15 18:00:00,225.38,47.7
2017-01-15 19:00:00,249.68,48.2
2017-01-15 20:00:00,229.08,47.7
2017-01-15 21:00:00,226.68,47.3
2017-01-15 22:00:00,223.38,46.4
2017-01-15 23:00:00,220.68,46.0
2017-01-16 00:00:00,228.02,46.4
2017-01-16 01:00:00,211.81,46.6
2017-01-16 02:00:00,191.65,46.2
2017-01-16 03:00:00,170.38,45.3
2017-01-16 04:00:00,166.85,43.9
2017-01-16 05:00:00,167.06,42.4
2017-01-16 06:00:00,158.28,41.7
2017-01-16 07:00:00,155.0,41.5
2017-01-16 08:00:00,196.72,41.0
2017-01-16 09:00:00,212.65,40.5
2017-01-16 10:00:00,215.58,40.6
2017-01-16 11:00:00,219.84,40.6
2017-01-16 12:00:00,192.52,40.8
2017-01-16 13:00:00,192.84,40.6
2017-01-16 14:00:00,185.21,40.8
2017-01-16 15:00:00,195.19,40.8
2017-01-16 16:00:00,191.09,40.3
2017-01-16 17:00:00,213.19,40.1
2017-01-16 18:00:00,244.98,39.9
2017-01-16 19:00:00,246.82,40.1
2017-01-16 20:00:00,252.06,40.5
2017-01-16 21:00:00,270.9,40.5
2017-01-16 22:00:00,260.0,39.7
2017-01-16 23:00:00,246.71,39.7
2017-01-17 00:00:00,255.03,39.0
2017-01-17 01:00:00,239.63,37.8
2017-01-17 02:00:00,238.05,36.3
2017-01-17 03:00:00,204.29,35.4
2017-01-17 04:00:00,182.88,35.2
2017-01-17 05:00:00,173.19,34.3
2017-01-17 06:00:00,164.25,34.5
2017-01-17 07:00:00,183.68,33.3
2017-01-17 08:00:00,222.12,33.3
2017-01-17 09:00:00,231.58,33.4
2017-01-17 10:00:00,208.14,37.4
2017-01-17 11:00:00,195.41,39.9
2017-01-17 12:00:00,212.79,41.9
2017-01-17 13:00:00,207.85,42.8
2017-01-17 14:00:00,214.85,43.0
2017-01-17 15:00:00,200.85,41.7
2017-01-17 16:00:00,229.5,39.7
2017-01-17 17:00:00,266.0,36.9
2017-01-17 18:00:00,272.82,35.8
2017-01-17 19:00:00,275.86,32.5
2017-01-17 20:00:00,272.92,32.5
2017-01-17 21:00:00,255.74,32.2
2017-01-17 22:00:00,248.79,32.7
2017-01-17 23:00:00,261.34,31.1
2017-01-18 00:00:00,255.0,29.5
2017-01-18 01:00:00,241.08,29.5
2017-01-18 02:00:00,218.46,28.8
2017-01-18 03:00:00,231.08,26.6
2017-01-18 04:00:00,197.82,27.9
2017-01-18 05:00:00,184.19,28.0
2017-01-18 06:00:00,189.72,27.0
2017-01-18 07:00:00,190.95,28.2
2017-01-18 08:00:00,219.65,27.1
2017-01-18 09:00:00,245.49,29.8
2017-01-18 10:00:00,226.58,32.7
2017-01-18 11:00:00,191.26,38.1
2017-01-18 12:00:00,178.35,41.2
2017-01-18 13:00:00,204.9,39.7
2017-01-18 14:00:00,203.01,41.0
2017-01-18 15:00:00,201.02,41.0
2017-01-18 16:00:00,226.59,40.6
2017-01-18 17:00:00,255.78,39.2
2017-01-18 18:00:00,256.31,37.2
2017-01-18 19:00:00,278.99,36.0
2017-01-18 20:00:00,287.74,34.7
2017-01-18 21:00:00,267.64,35.1
2017-01-18 22:00:00,271.41,34.7
2017-01-18 23:00:00,266.01,32.9
2017-01-19 00:00:00,241.19,32.9
2017-01-19 01:00:00,234.14,30.2
2017-01-19 02:00:00,230.28,29.7
2017-01-19 03:00:00,221.92,28.8
2017-01-19 04:00:00,216.11,28.2
2017-01-19 05:00:00,206.68,26.8
2017-01-19 06:00:00,173.06,28.2
2017-01-19 07:00:00,190.12,29.5
2017-01-19 08:00:00,216.7,30.9
2017-01-19 09:00:00,237.21,32.9
2017-01-19 10:00:00,228.86,34.9
2017-01-19 11:00:00,200.0,38.5
2017-01-19 12:00:00,193.29,42.6
2017-01-19 13:00:00,186.85,43.9
2017-01-19 14:00:00,205.69,44.4
2017-01-19 15:00:00,205.86,44.2
2017-01-19 16:00:00,211.08,42.4
2017-01-19 17:00:00,237.48,40.1
2017-01-19 18:00:00,254.29,38.7
2017-01-19 19:00:00,260.91,37.8
2017-01-19 20:00:00,251.06,36.5
2017-01-19 21:00:00,262.41,34.9
2017-01-19 22:00:00,255.0,34.5
2017-01-19 23:00:00,240.95,33.4
2017-01-20 00:00:00,240.57,32.7
2017-01-20 01:00:00,257.33,31.8
2017-01-20 02:00:00,236.32,31.8
2017-01-20 03:00:00,221.39,31.3
2017-01-20 04:00:00,207.24,30.7
2017-01-20 05:00:00,195.98,30.7
2017-01-20 06:00:00,196.3,30.9
2017-01-20 07:00:00,196.46,30.7
2017-01-20 08:00:00,230.78,30.2
2017-01-20 09:00:00,234.02,31.8
2017-01-20 10:00:00,231.29,35.6
2017-01-20 11:00:00,205.51,39.6
2017-01-20 12:00:00,208.39,42.4
2017-01-20 13:00:00,199.65,43.9
2017-01-20 14:00:00,209.34,44.6
2017-01-20 15:00:00,202.46,44.8
2017-01-20 16:00:00,232.28,43.2
2017-01-20 17:00:00,234.48,40.6
2017-01-20 18:00:00,262.96,39.4
2017-01-20 19:00:00,275.54,37.2
2017-01-20 20:00:00,260.25,36.5
2017-01-20 21:00:00,244.4,35.2
2017-01-20 22:00:00,230.41,34.7
2017-01-20 23:00:00,237.9,34.2
2017-01-21 00:00:00,239.0,33.4
2017-01-21 01:00:00,221.32,32.9
2017-01-21 02:00:00,229.65,32.0
2017-01-21 03:00:00,240.1,31.6
2017-01-21 04:00:00,218.05,31.3
2017-01-21 05:00:00,213.08,30.6
2017-01-21 06:00:00,214.35,30.7
2017-01-21 07:00:00,189.32,30.9
2017-01-21 08:00:00,202.6,30.4
2017-01-21 09:00:00,200.74,31.6
2017-01-21 10:00:00,214.56,34.3
2017-01-21 11:00:00,217.61,37.2
2017-01-21 12:00:00,200.15,38.7
2017-01-21 13:00:00,211.22,39.7
2017-01-21 14:00:00,226.12,40.6
2017-01-21 15:00:00,236.54,40.1
2017-01-21 16:00:00,212.39,37.9
2017-01-21 17:00:00,224.51,33.3
2017-01-21 18:00:00,253.64,32.5
2017-01-21 19:00:00,260.49,32.9
2017-01-21 20:00:00,268.23,31.3
2017-01-21 21:00:00,260.21,30.9
2017-01-21 22:00:00,254.36,28.2
2017-01-21 23:00:00,253.62,27.3
2017-01-22 00:00:00,248.57,25.9
2017-01-22 01:00:00,252.34,26.6
2017-01-22 02:00:00,234.38,26.4
2017-01-22 03:00:00,217.31,26.6
2017-01-22 04:00:00,214.05,25.5
2017-01-22 05:00:00,210.25,24.8
2017-01-22 06:00:00,206.26,25.5
2017-01-22 07:00:00,198.99,26.1
2017-01-22 08:00:00,212.61,24.6
2017-01-22 09:00:00,213.75,27.3
2017-01-22 10:00:00,208.06,30.4
2017-01-22 11:00:00,217.25,32.9
2017-01-22 12:00:00,206.62,39.2
2017-01-22 13:00:00,223.05,42.1
2017-01-22 14:00:00,221.2,43.0
2017-01-22 15:00:00,212.59,43.3
2017-01-22 16:00:00,224.32,41.9
2017-01-22 17:00:00,242.62,39.4
2017-01-22 18:00:00,243.92,37.8
2017-01-22 19:00:00,254.79,34.9
2017-01-22 20:00:00,268.92,33.6
2017-01-22 21:00:00,271.0,32.5
2017-01-22 22:00:00,277.94,31.6
2017-01-22 23:00:00,264.62,29.5
2017-01-23 00:00:00,256.32,27.9
2017-01-23 01:00:00,251.91,26.6
2017-01-23 02:00:00,223.0,25.7
2017-01-23 03:00:00,207.21,24.8
2017-01-23 04:00:00,203.31,25.9
2017-01-23 05:00:00,195.96,27.0
2017-01-23 06:00:00,174.15,27.3
2017-01-23 07:00:00,187.1,27.9
2017-01-23 08:00:00,220.88,28.4
2017-01-23 09:00:00,232.6,29.3
2017-01-23 10:00:00,225.92,30.6
2017-01-23 11:00:00,234.95,32.5
2017-01-23 12:00:00,232.46,34.3
2017-01-23 13:00:00,213.95,36.0
2017-01-23 14:00:00,209.19,39.0
2017-01-23 15:00:00,213.1,38.7
2017-01-23 16:00:00,219.52,38.8
2017-01-23 17:00:00,244.98,38.8
2017-01-23 18:00:00,266.11,38.8
2017-01-23 19:00:00,285.21,39.9
2017-01-23 20:00:00,289.92,39.0
2017-01-23 21:00:00,253.41,39.4
2017-01-23 22:00:00,251.82,38.8
2017-01-23 23:00:00,257.29,38.5
2017-01-24 00:00:00,233.05,37.8
2017-01-24 01:00:00,233.13,37.8
2017-01-24 02:00:00,228.79,36.3
2017-01-24 03:00:00,219.66,33.4
2017-01-24 04:00:00,186.4,31.6
2017-01-24 05:00:00,187.31,31.5
2017-01-24 06:00:00,179.21,30.6
2017-01-24 07:00:00,188.86,29.1
2017-01-24 08:00:00,216.59,28.8
2017-01-24 09:00:00,217.18,29.3
2017-01-24 10:00:00,203.78,32.0
2017-01-24 11:00:00,189.86,35.8
2017-01-24 12:00:00,199.14,42.4
2017-01-24 13:00:00,198.95,45.1
2017-01-24 14:00:00,186.18,47.8
2017-01-24 15:00:00,183.72,48.9
2017-01-24 16:00:00,179.11,47.5
2017-01-24 17:00:00,207.14,43.7
2017-01-24 18:00:00,245.06,43.9
2017-01-24 19:00:00,244.62,41.2
2017-01-24 20:00:00,264.34,40.5
2017-01-24 21:00:00,252.96,40.1
2017-01-24 22:00:00,258.6,38.5
2017-01-24 23:00:00,221.98,36.9
2017-01-25 00:00:00,245.87,34.2
2017-01-25 01:00:00,248.9,31.5
2017-01-25 02:00:00,220.0,29.8
2017-01-25 03:00:00,201.88,28.6
2017-01-25 04:00:00,191.22,28.9
2017-01-25 05:00:00,189.5,28.9
2017-01-25 06:00:00,181.39,29.5
2017-01-25 07:00:00,182.92,30.6
2017-01-25 08:00:00,206.76,31.3
2017-01-25 09:00:00,223.19,33.4
2017-01-25 10:00:00,197.4,36.0
2017-01-25 11:00:00,191.71,37.2
2017-01-25 12:00:00,207.32,37.6
2017-01-25 13:00:00,210.09,38.1
2017-01-25 14:00:00,216.45,38.5
2017-01-25 15:00:00,221.65,38.1
2017-01-25 16:00:00,224.54,37.8
2017-01-25 17:00:00,245.62,37.4
2017-01-25 18:00:00,268.71,36.9
2017-01-25 19:00:00,263.11,36.3
2017-01-25 20:00:00,259.04,35.1
2017-01-25 21:00:00,245.96,33.8
2017-01-25 22:00:00,250.61,32.5
2017-01-25 23:00:00,258.85,31.8
2017-01-26 00:00:00,267.08,31.6
2017-01-26 01:00:00,247.82,30.9
2017-01-26 02:00:00,247.88,30.6
2017-01-26 03:00:00,227.59,31.3
2017-01-26 04:00:00,230.29,31.5
2017-01-26 05:00:00,223.4,31.3
2017-01-26 06:00:00,187.11,31.6
2017-01-26 07:00:00,201.12,31.8
2017-01-26 08:00:00,219.74,31.6
2017-01-26 09:00:00,247.35,31.3
2017-01-26 10:00:00,229.36,30.9
2017-01-26 11:00:00,217.69,30.7
2017-01-26 12:00:00,232.66,30.6
2017-01-26 13:00:00,237.8,31.5
2017-01-26 14:00:00,230.65,32.4
2017-01-26 15:00:00,243.24,32.5
2017-01-26 16:00:00,257.96,32.2
2017-01-26 17:00:00,259.05,31.1
2017-01-26 18:00:00,276.11,30.4
2017-01-26 19:00:00,285.26,28.2
2017-01-26 20:00:00,292.36,29.7
2017-01-26 21:00:00,297.27,29.5
2017-01-26 22:00:00,298.98,28.8
2017-01-26 23:00:00,282.08,28.6
2017-01-27 00:00:00,247.65,30.6
2017-01-27 01:00:00,277.97,30.2
2017-01-27 02:00:00,257.11,30.2
2017-01-27 03:00:00,250.56,28.9
2017-01-27 04:00:00,231.55,29.7
2017-01-27 05:00:00,207.86,30.0
2017-01-27 06:00:00,210.94,30.6
2017-01-27 07:00:00,205.52,32.4
2017-01-27 08:00:00,236.86,32.9
2017-01-27 09:00:00,231.46,34.7
2017-01-27 10:00:00,223.12,38.5
2017-01-27 11:00:00,202.06,41.4
2017-01-27 12:00:00,208.28,40.6
2017-01-27 13:00:00,202.96,42.1
2017-01-27 14:00:00,220.06,42.1
2017-01-27 15:00:00,236.64,42.3
2017-01-27 16:00:00,248.42,43.2
2017-01-27 17:00:00,251.35,42.3
2017-01-27 18:00:00,270.62,42.1
2017-01-27 19:00:00,273.94,42.8
2017-01-27 20:00:00,261.88,43.5
2017-01-27 21:00:00,232.55,44.1
2017-01-27 22:00:00,230.11,43.7
2017-01-27 23:00:00,218.12,43.7
2017-01-28 00:00:00,217.59,43.2
2017-01-28 01:00:00,221.78,43.0
2017-01-28 02:00:00,221.06,43.2
2017-01-28 03:00:00,213.65,45.0
2017-01-28 04:00:00,206.58,44.6
2017-01-28 05:00:00,202.4,44.8
2017-01-28 06:00:00,185.76,45.5
2017-01-28 07:00:00,183.46,46.0
2017-01-28 08:00:00,181.62,46.9
2017-01-28 09:00:00,180.58,46.8
2017-01-28 10:00:00,191.66,44.6
2017-01-28 11:00:00,204.15,48.6
2017-01-28 12:00:00,199.44,49.5
2017-01-28 13:00:00,188.78,49.3
2017-01-28 14:00:00,190.89,49.3
2017-01-28 15:00:00,198.14,49.1
2017-01-28 16:00:00,189.8,48.7
2017-01-28 17:00:00,198.35,46.4
2017-01-28 18:00:00,224.21,42.6
2017-01-28 19:00:00,250.16,42.8
2017-01-28 20:00:00,237.26,41.5
2017-01-28 21:00:00,224.84,41.9
2017-01-28 22:00:00,209.2,40.5
2017-01-28 23:00:00,214.61,40.3
2017-01-29 00:00:00,217.3,40.1
2017-01-29 01:00:00,211.66,40.3
2017-01-29 02:00:00,197.18,39.2
2017-01-29 03:00:00,189.86,37.8
2017-01-29 04:00:00,190.6,36.5
2017-01-29 05:00:00,185.02,36.5
2017-01-29 06:00:00,178.21,35.8
2017-01-29 07:00:00,163.52,36.9
2017-01-29 08:00:00,157.93,38.8
2017-01-29 09:00:00,173.02,40.5
2017-01-29 10:00:00,185.49,43.2
2017-01-29 11:00:00,195.89,43.9
2017-01-29 12:00:00,200.12,45.7
2017-01-29 13:00:00,213.74,46.9
2017-01-29 14:00:00,226.7,47.3
2017-01-29 15:00:00,208.74,46.6
2017-01-29 16:00:00,200.19,46.0
2017-01-29 17:00:00,218.6,45.9
2017-01-29 18:00:00,230.4,45.7
2017-01-29 19:00:00,249.45,45.9
2017-01-29 20:00:00,236.46,47.1
2017-01-29 21:00:00,238.35,48.6
2017-01-29 22:00:00,236.28,49.1
2017-01-29 23:00:00,224.05,49.6
2017-01-30 00:00:00,218.54,49.3
2017-01-30 01:00:00,199.22,49.8
2017-01-30 02:00:00,187.7,49.3
2017-01-30 03:00:00,172.62,49.1
2017-01-30 04:00:00,174.62,47.7
2017-01-30 05:00:00,176.8,46.0
2017-01-30 06:00:00,163.07,45.7
2017-01-30 07:00:00,157.95,45.3
2017-01-30 08:00:00,188.21,45.0
2017-01-30 09:00:00,195.81,44.2
2017-01-30 10:00:00,189.76,44.6
2017-01-30 11:00:00,178.49,45.3
2017-01-30 12:00:00,173.36,46.4
2017-01-30 13:00:00,183.91,46.9
2017-01-30 14:00:00,197.11,46.4
2017-01-30 15:00:00,201.71,47.1
2017-01-30 16:00:00,203.34,46.0
2017-01-30 17:00:00,216.5,45.5
2017-01-30 18:00:00,246.3,44.8
2017-01-30 19:00:00,254.1,44.1
2017-01-30 20:00:00,242.68,43.5
2017-01-30 21:00:00,258.5,42.6
2017-01-30 22:00:00,272.36,42.4
2017-01-30 23:00:00,255.11,42.4
2017-01-31 00:00:00,225.09,42.4
2017-01-31 01:00:00,229.61,42.4
2017-01-31 02:00:00,228.16,42.4
2017-01-31 03:00:00,198.09,42.6
2017-01-31 04:00:00,192.2,42.8
2017-01-31 05:00:00,184.98,42.4
2017-01-31 06:00:00,175.56,42.3
2017-01-31 07:00:00,182.12,42.1
2017-01-31 08:00:00,197.05,42.1
2017-01-31 09:00:00,229.02,42.3
2017-01-31 10:00:00,210.66,42.6
2017-01-31 11:00:00,187.54,43.5
2017-01-31 12:00:00,194.3,44.6
2017-01-31 13:00:00,198.32,45.7
2017-01-31 14:00:00,198.79,46.2
2017-01-31 15:00:00,195.72,46.2
2017-01-31 16:00:00,211.21,46.6
2017-01-31 17:00:00,206.19,46.6
2017-01-31 18:00:00,223.46,46.9
2017-01-31 19:00:00,254.42,47.3
2017-01-31 20:00:00,255.75,47.3
2017-01-31 21:00:00,228.12,47.7
2017-01-31 22:00:00,228.81,48.6
2017-01-31 23:00:00,235.41,48.6
2017-02-01 00:00:00,201.75,48.9
2017-02-01 01:00:00,208.08,49.3
2017-02-01 02:00:00,193.96,49.8
2017-02-01 03:00:00,197.11,50.0
2017-02-01 04:00:00,185.64,51.1
2017-02-01 05:00:00,179.32,50.7
2017-02-01 06:00:00,165.04,50.7
2017-02-01 07:00:00,170.48,51.1
2017-02-01 08:00:00,190.54,50.2
2017-02-01 09:00:00,194.59,50.5
2017-02-01 10:00:00,187.19,50.5
2017-02-01 11:00:00,186.78,50.5
2017-02-01 12:00:00,176.22,51.8
2017-02-01 13:00:00,169.62,52.2
2017-02-01 14:00:00,200.11,51.6
2017-02-01 15:00:00,208.41,52.5
2017-02-01 16:00:00,199.41,51.4
2017-02-01 17:00:00,189.21,50.5
2017-02-01 18:00:00,212.72,49.8
2017-02-01 19:00:00,218.81,50.5
2017-02-01 20:00:00,217.71,50.9
2017-02-01 21:00:00,224.68,50.4
2017-02-01 22:00:00,207.28,50.7
2017-02-01 23:00:00,193.7,50.7
2017-02-02 00:00:00,195.98,50.5
2017-02-02 01:00:00,195.0,50.5
2017-02-02 02:00:00,187.95,50.7
2017-02-02 03:00:00,169.86,50.0
2017-02-02 04:00:00,152.3,49.8
2017-02-02 05:00:00,150.93,49.5
2017-02-02 06:00:00,146.35,49.5
2017-02-02 07:00:00,151.19,48.6
2017-02-02 08:00:00,169.65,48.6
2017-02-02 09:00:00,175.22,50.7
2017-02-02 10:00:00,167.71,51.1
2017-02-02 11:00:00,163.26,50.5
2017-02-02 12:00:00,165.51,49.8
2017-02-02 13:00:00,169.58,50.9
2017-02-02 14:00:00,174.84,52.2
2017-02-02 15:00:00,177.56,52.2
2017-02-02 16:00:00,176.45,52.5
2017-02-02 17:00:00,177.81,51.3
2017-02-02 18:00:00,199.2,51.8
2017-02-02 19:00:00,214.28,52.0
2017-02-02 20:00:00,200.24,50.5
2017-02-02 21:00:00,201.2,50.5
2017-02-02 22:00:00,205.31,50.7
2017-02-02 23:00:00,190.65,50.5
2017-02-03 00:00:00,194.1,50.4
2017-02-03 01:00:00,197.3,50.0
2017-02-03 02:00:00,185.36,49.1
2017-02-03 03:00:00,179.98,48.9
2017-02-03 04:00:00,156.78,47.7
2017-02-03 05:00:00,156.09,45.1
2017-02-03 06:00:00,162.93,44.1
2017-02-03 07:00:00,154.34,45.7
2017-02-03 08:00:00,150.81,44.1
2017-02-03 09:00:00,169.28,45.7
2017-02-03 10:00:00,167.5,48.7
2017-02-03 11:00:00,151.24,48.7
2017-02-03 12:00:00,152.32,50.2
2017-02-03 13:00:00,147.7,50.5
2017-02-03 14:00:00,169.12,49.5
2017-02-03 15:00:00,176.01,49.1
2017-02-03 16:00:00,175.81,46.9
2017-02-03 17:00:00,184.21,46.4
2017-02-03 18:00:00,222.76,45.7
2017-02-03 19:00:00,203.38,45.7
2017-02-03 20:00:00,201.5,45.7
2017-02-03 21:00:00,219.71,42.3
2017-02-03 22:00:00,212.72,41.5
2017-02-03 23:00:00,196.24,41.4
2017-02-04 00:00:00,196.91,39.7
2017-02-04 01:00:00,202.18,38.8
2017-02-04 02:00:00,184.79,38.1
2017-02-04 03:00:00,185.3,37.2
2017-02-04 04:00:00,176.01,36.5
2017-02-04 05:00:00,165.28,36.3
2017-02-04 06:00:00,163.57,36.5
2017-02-04 07:00:00,151.57,37.8
2017-02-04 08:00:00,161.98,39.9
2017-02-04 09:00:00,170.08,39.4
2017-02-04 10:00:00,181.88,41.0
2017-02-04 11:00:00,184.81,43.3
2017-02-04 12:00:00,179.41,45.0
2017-02-04 13:00:00,190.71,45.5
2017-02-04 14:00:00,181.56,49.3
2017-02-04 15:00:00,176.61,49.6
2017-02-04 16:00:00,190.38,46.9
2017-02-04 17:00:00,195.54,44.8
2017-02-04 18:00:00,203.26,43.9
2017-02-04 19:00:00,213.4,42.1
2017-02-04 20:00:00,212.38,40.5
2017-02-04 21:00:00,221.42,39.7
2017-02-04 22:00:00,201.5,40.5
2017-02-04 23:00:00,205.09,41.7
2017-02-05 00:00:00,217.79,39.9
2017-02-05 01:00:00,198.36,37.6
2017-02-05 02:00:00,192.4,37.2
2017-02-05 03:00:00,198.2,38.8
2017-02-05 04:00:00,193.62,39.9
2017-02-05 05:00:00,186.48,40.5
2017-02-05 06:00:00,159.62,40.1
2017-02-05 07:00:00,163.48,39.9
2017-02-05 08:00:00,163.64,39.9
2017-02-05 09:00:00,173.75,40.1
2017-02-05 10:00:00,180.24,40.6
2017-02-05 11:00:00,182.18,41.5
2017-02-05 12:00:00,182.19,41.5
2017-02-05 13:00:00,189.22,41.4
2017-02-05 14:00:00,200.59,41.7
2017-02-05 15:00:00,205.05,41.7
2017-02-05 16:00:00,197.88,41.4
2017-02-05 17:00:00,209.72,40.8
2017-02-05 18:00:00,239.49,39.7
2017-02-05 19:00:00,243.79,40.3
2017-02-05 20:00:00,255.95,41.0
2017-02-05 21:00:00,248.62,41.2
2017-02-05 22:00:00,245.58,41.2
2017-02-05 23:00:00,229.24,41.0
2017-02-06 00:00:00,235.35,38.5
2017-02-06 01:00:00,231.75,39.2
2017-02-06 02:00:00,222.68,36.5
2017-02-06 03:00:00,196.6,35.8
2017-02-06 04:00:00,184.51,32.7
2017-02-06 05:00:00,190.92,33.6
2017-02-06 06:00:00,172.78,32.2
2017-02-06 07:00:00,170.82,33.1
2017-02-06 08:00:00,210.1,33.4
2017-02-06 09:00:00,212.99,33.4
2017-02-06 10:00:00,185.16,36.7
2017-02-06 11:00:00,179.12,41.4
2017-02-06 12:00:00,166.88,43.7
2017-02-06 13:00:00,194.4,44.1
2017-02-06 14:00:00,194.54,45.3
2017-02-06 15:00:00,198.39,44.6
2017-02-06 16:00:00,192.92,44.1
2017-02-06 17:00:00,211.05,43.5
2017-02-06 18:00:00,247.16,43.3
2017-02-06 19:00:00,272.15,42.1
2017-02-06 20:00:00,257.23,40.6
2017-02-06 21:00:00,252.64,39.9
2017-02-06 22:00:00,247.82,39.9
2017-02-06 23:00:00,255.65,40.1
2017-02-07 00:00:00,228.26,40.5
2017-02-07 01:00:00,229.48,40.8
2017-02-07 02:00:00,216.55,41.0
2017-02-07 03:00:00,206.12,41.2
2017-02-07 04:00:00,191.26,41.5
2017-02-07 05:00:00,190.65,41.7
2017-02-07 06:00:00,172.82,42.1
2017-02-07 07:00:00,179.78,42.8
2017-02-07 08:00:00,204.54,43.7
2017-02-07 09:00:00,217.76,43.5
2017-02-07 10:00:00,194.92,45.9
2017-02-07 11:00:00,179.58,46.9
2017-02-07 12:00:00,173.16,48.4
2017-02-07 13:00:00,176.94,50.9
2017-02-07 14:00:00,175.56,51.1
2017-02-07 15:00:00,172.58,51.1
2017-02-07 16:00:00,196.88,50.9
2017-02-07 17:00:00,206.45,49.1
2017-02-07 18:00:00,211.59,46.8
2017-02-07 19:00:00,222.69,45.1
2017-02-07 20:00:00,249.0,43.9
2017-02-07 21:00:00,262.3,41.9
2017-02-07 22:00:00,247.12,40.6
2017-02-07 23:00:00,230.2,39.2
2017-02-08 00:00:00,244.74,39.0
2017-02-08 01:00:00,226.48,41.0
2017-02-08 02:00:00,202.78,40.6
2017-02-08 03:00:00,194.81,41.2
2017-02-08 04:00:00,182.8,39.7
2017-02-08 05:00:00,161.65,40.1
2017-02-08 06:00:00,176.32,40.3
2017-02-08 07:00:00,192.96,40.1
2017-02-08 08:00:00,201.46,39.0
2017-02-08 09:00:00,215.58,38.7
2017-02-08 10:00:00,192.68,39.7
2017-02-08 11:00:00,196.56,41.0
2017-02-08 12:00:00,202.52,41.0
2017-02-08 13:00:00,215.88,40.1
2017-02-08 14:00:00,199.09,39.7
2017-02-08 15:00:00,209.36,40.5
2017-02-08 16:00:00,219.78,40.5
2017-02-08 17:00:00,243.6,40.3
2017-02-08 18:00:00,265.46,39.6
2017-02-08 19:00:00,267.75,39.0
2017-02-08 20:00:00,253.14,38.5
2017-02-08 21:00:00,247.21,37.9
2017-02-08 22:00:00,255.45,37.4
2017-02-08 23:00:00,261.02,37.0
2017-02-09 00:00:00,258.26,36.5
2017-02-09 01:00:00,237.08,36.3
2017-02-09 02:00:00,232.14,36.0
2017-02-09 03:00:00,216.04,35.8
2017-02-09 04:00:00,207.98,35.8
2017-02-09 05:00:00,177.71,35.8
2017-02-09 06:00:00,169.6,35.8
2017-02-09 07:00:00,193.82,35.8
2017-02-09 08:00:00,210.7,35.6
2017-02-09 09:00:00,227.58,35.6
2017-02-09 10:00:00,213.88,35.8
2017-02-09 11:00:00,210.12,36.0
2017-02-09 12:00:00,216.44,36.3
2017-02-09 13:00:00,220.71,36.5
2017-02-09 14:00:00,211.55,36.5
2017-02-09 15:00:00,231.5,36.5
2017-02-09 16:00:00,233.82,36.3
2017-02-09 17:00:00,244.0,35.8
2017-02-09 18:00:00,264.89,35.4
2017-02-09 19:00:00,281.3,35.2
2017-02-09 20:00:00,286.41,34.9
2017-02-09 21:00:00,296.08,34.9
2017-02-09 22:00:00,279.73,34.7
2017-02-09 23:00:00,271.46,34.5
2017-02-10 00:00:00,242.38,34.5
2017-02-10 01:00:00,247.61,34.5
2017-02-10 02:00:00,230.56,34.7
2017-02-10 03:00:00,222.16,34.7
2017-02-10 04:00:00,204.92,34.7
2017-02-10 05:00:00,205.2,34.7
2017-02-10 06:00:00,203.56,34.7
2017-02-10 07:00:00,196.81,34.5
2017-02-10 08:00:00,219.99,34.7
2017-02-10 09:00:00,245.81,34.5
2017-02-10 10:00:00,223.54,34.5
2017-02-10 11:00:00,222.71,34.7
2017-02-10 12:00:00,230.12,34.7
2017-02-10 13:00:00,238.26,35.2
2017-02-10 14:00:00,234.18,35.4
2017-02-10 15:00:00,229.91,36.0
2017-02-10 16:00:00,233.45,36.0
2017-02-10 17:00:00,241.16,35.6
2017-02-10 18:00:00,249.19,34.7
2017-02-10 19:00:00,265.56,34.3
2017-02-10 20:00:00,258.25,34.3
2017-02-10 21:00:00,259.56,34.3
2017-02-10 22:00:00,252.09,34.5
2017-02-10 23:00:00,236.3,34.5
2017-02-11 00:00:00,243.15,34.9
2017-02-11 01:00:00,243.19,34.5
2017-02-11 02:00:00,224.78,34.2
2017-02-11 03:00:00,210.85,33.6
2017-02-11 04:00:00,210.35,33.8
2017-02-11 05:00:00,219.31,34.2
2017-02-11 06:00:00,200.04,34.2
2017-02-11 07:00:00,198.98,33.1
2017-02-11 08:00:00,193.55,33.3
2017-02-11 09:00:00,211.11,33.4
2017-02-11 10:00:00,216.2,34.0
2017-02-11 11:00:00,230.55,34.3
2017-02-11 12:00:00,239.86,34.9
2017-02-11 13:00:00,229.76,35.6
2017-02-11 14:00:00,227.65,35.6
2017-02-11 15:00:00,222.05,36.9
2017-02-11 16:00:00,256.9,36.7
2017-02-11 17:00:00,249.66,36.3
2017-02-11 18:00:00,265.1,36.1
2017-02-11 19:00:00,268.12,35.6
2017-02-11 20:00:00,278.24,35.6
2017-02-11 21:00:00,269.08,36.0
2017-02-11 22:00:00,261.29,36.7
2017-02-11 23:00:00,254.64,36.5
2017-02-12 00:00:00,237.42,36.1
2017-02-12 01:00:00,241.05,36.0
2017-02-12 02:00:00,239.25,36.1
2017-02-12 03:00:00,236.79,36.0
2017-02-12 04:00:00,205.56,36.1
2017-02-12 05:00:00,192.69,36.5
2017-02-12 06:00:00,194.34,35.6
2017-02-12 07:00:00,200.62,35.1
2017-02-12 08:00:00,203.01,35.1
2017-02-12 09:00:00,195.15,35.4
2017-02-12 10:00:00,224.38,36.1
2017-02-12 11:00:00,230.98,35.8
2017-02-12 12:00:00,239.72,36.1
2017-02-12 13:00:00,238.51,36.7
2017-02-12 14:00:00,250.88,38.5
2017-02-12 15:00:00,270.26,38.8
2017-02-12 16:00:00,244.75,39.0
2017-02-12 17:00:00,260.44,39.0
2017-02-12 18:00:00,255.98,39.6
2017-02-12 19:00:00,280.04,40.3
2017-02-12 20:00:00,272.92,41.4
2017-02-12 21:00:00,249.66,42.3
2017-02-12 22:00:00,257.86,42.6
2017-02-12 23:00:00,246.68,42.8
2017-02-13 00:00:00,238.81,42.3
2017-02-13 01:00:00,243.51,41.4
2017-02-13 02:00:00,223.31,41.4
2017-02-13 03:00:00,212.38,41.2
2017-02-13 04:00:00,210.41,41.2
2017-02-13 05:00:00,201.06,40.6
2017-02-13 06:00:00,193.81,40.1
2017-02-13 07:00:00,204.36,40.3
2017-02-13 08:00:00,205.54,40.3
2017-02-13 09:00:00,217.98,41.9
2017-02-13 10:00:00,226.01,43.9
2017-02-13 11:00:00,229.78,45.5
2017-02-13 12:00:00,233.98,47.1
2017-02-13 13:00:00,205.62,49.8
2017-02-13 14:00:00,208.56,50.4
2017-02-13 15:00:00,240.91,48.7
2017-02-13 16:00:00,234.2,46.8
2017-02-13 17:00:00,239.28,43.7
2017-02-13 18:00:00,241.9,41.5
2017-02-13 19:00:00,245.7,41.0
2017-02-13 20:00:00,249.12,41.4
2017-02-13 21:00:00,243.99,41.2
2017-02-13 22:00:00,247.2,41.2
2017-02-13 23:00:00,268.73,41.0
2017-02-14 00:00:00,214.9,40.5
2017-02-14 01:00:00,233.52,40.1
2017-02-14 02:00:00,225.95,39.0
2017-02-14 03:00:00,214.86,38.8
2017-02-14 04:00:00,205.04,38.3
2017-02-14 05:00:00,202.84,37.4
2017-02-14 06:00:00,187.22,36.9
2017-02-14 07:00:00,185.9,36.9
2017-02-14 08:00:00,200.54,38.3
2017-02-14 09:00:00,202.59,39.4
2017-02-14 10:00:00,214.02,41.2
2017-02-14 11:00:00,219.32,44.1
2017-02-14 12:00:00,196.39,48.7
2017-02-14 13:00:00,201.79,50.9
2017-02-14 14:00:00,190.44,53.2
2017-02-14 15:00:00,199.81,52.0
2017-02-14 16:00:00,199.9,51.6
2017-02-14 17:00:00,209.75,50.7
2017-02-14 18:00:00,220.88,50.2
2017-02-14 19:00:00,211.76,50.0
2017-02-14 20:00:00,208.74,49.6
2017-02-14 21:00:00,228.11,49.5
2017-02-14 22:00:00,230.76,49.5
2017-02-14 23:00:00,218.1,49.5
2017-02-15 00:00:00,196.46,49.1
2017-02-15 01:00:00,208.5,48.6
2017-02-15 02:00:00,222.45,48.7
2017-02-15 03:00:00,194.08,47.7
2017-02-15 04:00:00,176.8,46.2
2017-02-15 05:00:00,169.36,46.0
2017-02-15 06:00:00,154.1,46.2
2017-02-15 07:00:00,168.41,44.4
2017-02-15 08:00:00,190.12,45.9
2017-02-15 09:00:00,176.04,47.8
2017-02-15 10:00:00,175.84,49.8
2017-02-15 11:00:00,170.41,51.3
2017-02-15 12:00:00,183.06,52.7
2017-02-15 13:00:00,205.28,52.2
2017-02-15 14:00:00,200.5,49.6
2017-02-15 15:00:00,186.65,49.6
2017-02-15 16:00:00,202.38,48.9
2017-02-15 17:00:00,208.08,48.0
2017-02-15 18:00:00,208.35,47.5
2017-02-15 19:00:00,211.89,46.6
2017-02-15 20:00:00,200.38,46.4
2017-02-15 21:00:00,207.05,46.8
2017-02-15 22:00:00,214.62,45.9
2017-02-15 23:00:00,205.91,45.9
2017-02-16 00:00:00,184.5,44.8
2017-02-16 01:00:00,201.86,44.6
2017-02-16 02:00:00,193.21,43.3
2017-02-16 03:00:00,191.31,43.2
2017-02-16 04:00:00,166.86,44.2
2017-02-16 05:00:00,163.06,43.0
2017-02-16 06:00:00,155.85,42.3
2017-02-16 07:00:00,165.14,43.5
2017-02-16 08:00:00,161.81,44.4
2017-02-16 09:00:00,174.14,45.3
2017-02-16 10:00:00,164.92,47.3
2017-02-16 11:00:00,168.51,48.2
2017-02-16 12:00:00,171.16,49.3
2017-02-16 13:00:00,183.62,50.2
2017-02-16 14:00:00,177.66,52.9
2017-02-16 15:00:00,165.61,52.3
2017-02-16 16:00:00,185.24,52.2
2017-02-16 17:00:00,181.6,50.5
2017-02-16 18:00:00,199.42,49.6
2017-02-16 19:00:00,199.54,49.6
2017-02-16 20:00:00,190.31,48.9
2017-02-16 21:00:00,206.05,48.2
2017-02-16 22:00:00,204.02,47.7
2017-02-16 23:00:00,180.99,47.1
2017-02-17 00:00:00,188.69,46.9
2017-02-17 01:00:00,191.52,46.8
2017-02-17 02:00:00,190.21,46.2
2017-02-17 03:00:00,174.78,46.8
2017-02-17 04:00:00,166.29,46.2
2017-02-17 05:00:00,164.8,45.5
2017-02-17 06:00:00,142.96,45.5
2017-02-17 07:00:00,150.16,45.0
2017-02-17 08:00:00,155.36,45.1
2017-02-17 09:00:00,162.89,46.4
2017-02-17 10:00:00,157.57,49.3
2017-02-17 11:00:00,168.96,50.9
2017-02-17 12:00:00,167.55,52.5
2017-02-17 13:00:00,160.15,54.1
2017-02-17 14:00:00,169.19,55.0
2017-02-17 15:00:00,156.56,55.6
2017-02-17 16:00:00,178.3,52.5
2017-02-17 17:00:00,177.25,51.1
2017-02-17 18:00:00,179.32,49.5
2017-02-17 19:00:00,189.74,49.5
2017-02-17 20:00:00,193.45,47.7
2017-02-17 21:00:00,189.76,46.0
2017-02-17 22:00:00,183.89,44.2
2017-02-17 23:00:00,183.3,43.5
2017-02-18 00:00:00,189.21,42.8
2017-02-18 01:00:00,194.89,43.2
2017-02-18 02:00:00,179.42,43.3
2017-02-18 03:00:00,180.9,42.8
2017-02-18 04:00:00,169.61,42.1
2017-02-18 05:00:00,144.6,42.3
2017-02-18 06:00:00,150.41,42.6
2017-02-18 07:00:00,146.26,43.0
2017-02-18 08:00:00,151.95,43.3
2017-02-18 09:00:00,158.71,43.9
2017-02-18 10:00:00,148.35,44.6
2017-02-18 11:00:00,158.2,45.7
2017-02-18 12:00:00,173.56,46.9
2017-02-18 13:00:00,171.09,48.9
2017-02-18 14:00:00,152.66,51.1
2017-02-18 15:00:00,165.68,53.6
2017-02-18 16:00:00,168.91,54.9
2017-02-18 17:00:00,167.35,52.7
2017-02-18 18:00:00,172.92,50.4
2017-02-18 19:00:00,191.29,48.0
2017-02-18 20:00:00,209.5,45.7
2017-02-18 21:00:00,190.99,44.1
2017-02-18 22:00:00,199.75,41.5
2017-02-18 23:00:00,184.51,41.7
2017-02-19 00:00:00,191.9,40.6
2017-02-19 01:00:00,187.5,38.5
2017-02-19 02:00:00,192.64,39.4
2017-02-19 03:00:00,185.94,37.8
2017-02-19 04:00:00,174.75,40.5
2017-02-19 05:00:00,163.75,41.2
2017-02-19 06:00:00,140.31,42.1
2017-02-19 07:00:00,128.74,43.0
2017-02-19 08:00:00,146.61,44.4
2017-02-19 09:00:00,157.1,46.2
2017-02-19 10:00:00,165.7,48.0
2017-02-19 11:00:00,167.04,49.6
2017-02-19 12:00:00,182.49,50.9
2017-02-19 13:00:00,165.22,52.0
2017-02-19 14:00:00,171.82,54.7
2017-02-19 15:00:00,172.14,52.9
2017-02-19 16:00:00,175.81,52.3
2017-02-19 17:00:00,178.91,51.8
2017-02-19 18:00:00,192.16,51.4
2017-02-19 19:00:00,195.6,51.3
2017-02-19 20:00:00,199.59,50.5
2017-02-19 21:00:00,200.51,50.2
2017-02-19 22:00:00,210.84,49.8
2017-02-19 23:00:00,204.74,50.2
2017-02-20 00:00:00,196.18,50.2
2017-02-20 01:00:00,201.85,49.8
2017-02-20 02:00:00,187.65,49.8
2017-02-20 03:00:00,175.85,49.6
2017-02-20 04:00:00,160.88,49.3
2017-02-20 05:00:00,143.76,49.8
2017-02-20 06:00:00,139.31,50.0
2017-02-20 07:00:00,152.35,50.9
2017-02-20 08:00:00,150.75,52.2
2017-02-20 09:00:00,158.43,53.2
2017-02-20 10:00:00,166.31,53.8
2017-02-20 11:00:00,153.16,57.7
2017-02-20 12:00:00,137.74,57.9
2017-02-20 13:00:00,142.46,61.7
2017-02-20 14:00:00,135.88,63.1
2017-02-20 15:00:00,148.99,60.8
2017-02-20 16:00:00,152.78,58.1
2017-02-20 17:00:00,154.84,56.5
2017-02-20 18:00:00,169.79,55.9
2017-02-20 19:00:00,198.4,55.6
2017-02-20 20:00:00,213.49,54.3
2017-02-20 21:00:00,192.75,53.8
2017-02-20 22:00:00,194.22,52.9
2017-02-20 23:00:00,197.46,52.7
2017-02-21 00:00:00,173.86,51.1
2017-02-21 01:00:00,188.85,50.7
2017-02-21 02:00:00,159.8,50.7
2017-02-21 03:00:00,141.66,51.3
2017-02-21 04:00:00,145.56,50.2
2017-02-21 05:00:00,148.79,49.8
2017-02-21 06:00:00,125.71,49.6
2017-02-21 07:00:00,123.39,50.0
2017-02-21 08:00:00,136.45,50.5
2017-02-21 09:00:00,172.9,51.6
2017-02-21 10:00:00,156.22,52.7
2017-02-21 11:00:00,149.1,53.8
2017-02-21 12:00:00,150.79,54.3
2017-02-21 13:00:00,159.18,55.6
2017-02-21 14:00:00,160.14,56.3
2017-02-21 15:00:00,140.96,55.4
2017-02-21 16:00:00,160.18,55.2
2017-02-21 17:00:00,171.35,54.7
2017-02-21 18:00:00,175.12,54.3
2017-02-21 19:00:00,189.9,53.8
2017-02-21 20:00:00,192.35,53.4
2017-02-21 21:00:00,210.29,53.2
2017-02-21 22:00:00,198.29,53.2
2017-02-21 23:00:00,174.24,52.7
2017-02-22 00:00:00,176.18,52.7
2017-02-22 01:00:00,167.19,52.7
2017-02-22 02:00:00,163.8,53.1
2017-02-22 03:00:00,139.43,53.2
2017-02-22 04:00:00,127.76,52.7
2017-02-22 05:00:00,129.64,52.2
2017-02-22 06:00:00,118.05,52.0
2017-02-22 07:00:00,121.86,52.2
2017-02-22 08:00:00,144.59,51.3
2017-02-22 09:00:00,161.38,52.3
2017-02-22 10:00:00,147.68,54.0
2017-02-22 11:00:00,150.61,56.1
2017-02-22 12:00:00,147.3,55.6
2017-02-22 13:00:00,138.32,55.0
2017-02-22 14:00:00,155.22,55.2
2017-02-22 15:00:00,156.15,55.8
2017-02-22 16:00:00,148.75,55.8
2017-02-22 17:00:00,177.58,55.0
2017-02-22 18:00:00,196.99,54.5
2017-02-22 19:00:00,191.21,53.4
2017-02-22 20:00:00,183.79,52.7
2017-02-22 21:00:00,184.81,51.8
2017-02-22 22:00:00,179.66,52.2
2017-02-22 23:00:00,177.71,51.1
2017-02-23 00:00:00,179.55,51.1
2017-02-23 01:00:00,170.39,51.1
2017-02-23 02:00:00,148.86,51.3
2017-02-23 03:00:00,138.49,51.3
2017-02-23 04:00:00,129.35,50.4
2017-02-23 05:00:00,133.06,50.7
2017-02-23 06:00:00,129.55,50.0
2017-02-23 07:00:00,109.62,50.9
2017-02-23 08:00:00,139.78,51.6
2017-02-23 09:00:00,172.55,49.3
2017-02-23 10:00:00,148.26,49.8
2017-02-23 11:00:00,159.18,49.8
2017-02-23 12:00:00,158.19,50.5
2017-02-23 13:00:00,162.72,50.7
2017-02-23 14:00:00,162.78,51.3
2017-02-23 15:00:00,166.62,51.4
2017-02-23 16:00:00,174.45,50.5
2017-02-23 17:00:00,189.45,49.1
2017-02-23 18:00:00,203.81,47.3
2017-02-23 19:00:00,225.06,45.5
2017-02-23 20:00:00,213.44,44.2
2017-02-23 21:00:00,202.81,44.2
2017-02-23 22:00:00,223.08,43.3
2017-02-23 23:00:00,214.91,41.9
2017-02-24 00:00:00,165.59,42.1
2017-02-24 01:00:00,202.09,41.0
2017-02-24 02:00:00,191.5,41.5
2017-02-24 03:00:00,184.4,40.3
2017-02-24 04:00:00,160.78,37.9
2017-02-24 05:00:00,150.49,37.8
2017-02-24 06:00:00,154.91,38.3
2017-02-24 07:00:00,153.85,37.0
2017-02-24 08:00:00,168.88,38.3
2017-02-24 09:00:00,176.4,40.6
2017-02-24 10:00:00,161.68,43.7
2017-02-24 11:00:00,166.69,45.3
2017-02-24 12:00:00,147.86,47.8
2017-02-24 13:00:00,157.93,46.8
2017-02-24 14:00:00,163.81,47.5
2017-02-24 15:00:00,160.82,47.5
2017-02-24 16:00:00,150.09,48.0
2017-02-24 17:00:00,179.45,47.5
2017-02-24 18:00:00,204.79,45.5
2017-02-24 19:00:00,195.72,44.8
2017-02-24 20:00:00,211.89,43.7
2017-02-24 21:00:00,206.44,42.3
2017-02-24 22:00:00,207.72,41.4
2017-02-24 23:00:00,188.6,41.2
2017-02-25 00:00:00,174.29,41.5
2017-02-25 01:00:00,195.01,41.2
2017-02-25 02:00:00,185.71,42.3
2017-02-25 03:00:00,171.78,42.8
2017-02-25 04:00:00,172.41,44.1
2017-02-25 05:00:00,146.81,45.1
2017-02-25 06:00:00,146.65,46.0
2017-02-25 07:00:00,138.05,45.5
2017-02-25 08:00:00,144.9,46.4
2017-02-25 09:00:00,151.36,46.8
2017-02-25 10:00:00,166.71,48.6
2017-02-25 11:00:00,164.82,49.3
2017-02-25 12:00:00,172.68,49.8
2017-02-25 13:00:00,182.89,49.8
2017-02-25 14:00:00,189.18,50.7
2017-02-25 15:00:00,186.29,50.9
2017-02-25 16:00:00,176.58,49.3
2017-02-25 17:00:00,190.26,48.4
2017-02-25 18:00:00,188.44,48.4
2017-02-25 19:00:00,189.5,48.7
2017-02-25 20:00:00,200.04,48.4
2017-02-25 21:00:00,197.34,48.4
2017-02-25 22:00:00,186.12,49.1
2017-02-25 23:00:00,175.05,49.1
2017-02-26 00:00:00,180.84,48.9
2017-02-26 01:00:00,190.09,48.6
2017-02-26 02:00:00,171.06,49.3
2017-02-26 03:00:00,151.3,49.5
2017-02-26 04:00:00,148.02,49.8
2017-02-26 05:00:00,148.69,50.4
2017-02-26 06:00:00,143.8,50.0
2017-02-26 07:00:00,121.91,50.2
2017-02-26 08:00:00,126.75,49.8
2017-02-26 09:00:00,134.04,50.7
2017-02-26 10:00:00,140.84,50.7
2017-02-26 11:00:00,141.2,52.2
2017-02-26 12:00:00,166.85,52.9
2017-02-26 13:00:00,173.51,52.5
2017-02-26 14:00:00,164.26,52.0
2017-02-26 15:00:00,169.66,50.9
2017-02-26 16:00:00,189.09,51.1
2017-02-26 17:00:00,208.15,51.1
2017-02-26 18:00:00,193.46,51.6
2017-02-26 19:00:00,208.29,50.9
2017-02-26 20:00:00,212.9,50.2
2017-02-26 21:00:00,218.12,50.4
2017-02-26 22:00:00,203.48,51.1
2017-02-26 23:00:00,196.82,46.2
2017-02-27 00:00:00,216.08,47.7
2017-02-27 01:00:00,196.58,47.8
2017-02-27 02:00:00,182.19,47.1
2017-02-27 03:00:00,173.89,46.6
2017-02-27 04:00:00,153.25,46.6
2017-02-27 05:00:00,145.95,45.7
2017-02-27 06:00:00,128.34,45.9
2017-02-27 07:00:00,154.54,46.6
2017-02-27 08:00:00,181.41,46.6
2017-02-27 09:00:00,167.99,47.5
2017-02-27 10:00:00,169.9,47.7
2017-02-27 11:00:00,185.96,45.9
2017-02-27 12:00:00,169.98,47.3
2017-02-27 13:00:00,180.49,45.0
2017-02-27 14:00:00,195.36,44.1
2017-02-27 15:00:00,193.95,45.5
2017-02-27 16:00:00,194.32,42.3
2017-02-27 17:00:00,207.08,41.7
2017-02-27 18:00:00,235.52,40.6
2017-02-27 19:00:00,255.36,40.8
2017-02-27 20:00:00,231.52,38.7
2017-02-27 21:00:00,228.16,37.9
2017-02-27 22:00:00,220.04,38.7
2017-02-27 23:00:00,227.32,37.4
2017-02-28 00:00:00,218.3,36.7
2017-02-28 01:00:00,201.29,36.1
2017-02-28 02:00:00,203.2,36.0
2017-02-28 03:00:00,187.41,35.2
2017-02-28 04:00:00,174.88,36.0
2017-02-28 05:00:00,165.11,35.2
2017-02-28 06:00:00,159.65,34.7
2017-02-28 07:00:00,164.19,34.5
2017-02-28 08:00:00,183.35,34.5
2017-02-28 09:00:00,206.0,37.8
2017-02-28 10:00:00,176.85,41.0
2017-02-28 11:00:00,171.8,43.2
2017-02-28 12:00:00,191.45,44.6
2017-02-28 13:00:00,187.85,45.5
2017-02-28 14:00:00,179.79,44.4
2017-02-28 15:00:00,185.88,41.9
2017-02-28 16:00:00,201.66,40.1
2017-02-28 17:00:00,205.38,41.4
2017-02-28 18:00:00,220.71,41.7
2017-02-28 19:00:00,236.82,43.3
2017-02-28 20:00:00,234.74,43.9
2017-02-28 21:00:00,227.9,44.4
2017-02-28 22:00:00,231.44,45.0
2017-02-28 23:00:00,208.29,45.3
2017-03-01 00:00:00,207.44,44.8
2017-03-01 01:00:00,206.54,43.9
2017-03-01 02:00:00,179.12,41.5
2017-03-01 03:00:00,164.61,43.5
2017-03-01 04:00:00,176.74,43.7
2017-03-01 05:00:00,160.43,43.3
2017-03-01 06:00:00,144.79,42.3
2017-03-01 07:00:00,158.4,42.8
2017-03-01 08:00:00,192.0,42.4
2017-03-01 09:00:00,183.55,44.1
2017-03-01 10:00:00,170.34,45.3
2017-03-01 11:00:00,177.31,46.4
2017-03-01 12:00:00,174.06,48.6
2017-03-01 13:00:00,173.5,48.2
2017-03-01 14:00:00,185.6,48.7
2017-03-01 15:00:00,192.09,47.8
2017-03-01 16:00:00,181.3,46.6
2017-03-01 17:00:00,190.31,45.9
2017-03-01 18:00:00,220.96,44.8
2017-03-01 19:00:00,218.45,44.2
2017-03-01 20:00:00,220.88,44.4
2017-03-01 21:00:00,215.51,44.2
2017-03-01 22:00:00,218.11,44.4
2017-03-01 23:00:00,204.69,42.6
2017-03-02 00:00:00,202.68,42.1
2017-03-02 01:00:00,208.4,42.4
2017-03-02 02:00:00,189.81,41.4
2017-03-02 03:00:00,177.44,41.7
2017-03-02 04:00:00,167.84,41.5
2017-03-02 05:00:00,153.72,41.0
2017-03-02 06:00:00,154.25,41.4
2017-03-02 07:00:00,148.15,41.9
2017-03-02 08:00:00,177.35,43.5
2017-03-02 09:00:00,185.75,45.9
2017-03-02 10:00:00,153.05,46.9
2017-03-02 11:00:00,168.11,49.1
2017-03-02 12:00:00,174.62,51.3
2017-03-02 13:00:00,172.66,52.0
2017-03-02 14:00:00,151.39,51.8
2017-03-02 15:00:00,155.81,52.2
2017-03-02 16:00:00,153.78,51.1
2017-03-02 17:00:00,170.52,49.3
2017-03-02 18:00:00,207.08,47.8
2017-03-02 19:00:00,235.48,46.8
2017-03-02 20:00:00,220.78,45.1
2017-03-02 21:00:00,218.2,44.1
2017-03-02 22:00:00,215.08,43.2
2017-03-02 23:00:00,224.65,43.5
2017-03-03 00:00:00,186.24,42.3
2017-03-03 01:00:00,211.7,43.9
2017-03-03 02:00:00,187.88,42.4
2017-03-03 03:00:00,176.45,41.4
2017-03-03 04:00:00,154.86,41.2
2017-03-03 05:00:00,148.69,42.4
2017-03-03 06:00:00,132.78,43.5
2017-03-03 07:00:00,159.9,43.3
2017-03-03 08:00:00,190.11,43.7
2017-03-03 09:00:00,191.76,44.2
2017-03-03 10:00:00,176.19,44.8
2017-03-03 11:00:00,169.69,45.7
2017-03-03 12:00:00,164.26,47.5
2017-03-03 13:00:00,168.69,49.8
2017-03-03 14:00:00,154.06,51.6
2017-03-03 15:00:00,139.36,52.2
2017-03-03 16:00:00,164.84,51.8
2017-03-03 17:00:00,180.56,50.7
2017-03-03 18:00:00,196.02,50.0
2017-03-03 19:00:00,206.58,49.6
2017-03-03 20:00:00,196.4,49.6
2017-03-03 21:00:00,190.9,48.9
2017-03-03 22:00:00,190.74,48.2
2017-03-03 23:00:00,179.06,47.7
2017-03-04 00:00:00,167.89,46.8
2017-03-04 01:00:00,181.01,46.4
2017-03-04 02:00:00,182.26,46.8
2017-03-04 03:00:00,161.48,46.4
2017-03-04 04:00:00,143.1,46.2
2017-03-04 05:00:00,153.18,45.5
2017-03-04 06:00:00,143.8,45.1
2017-03-04 07:00:00,141.62,44.6
2017-03-04 08:00:00,150.59,45.0
2017-03-04 09:00:00,146.96,45.5
2017-03-04 10:00:00,154.7,50.0
2017-03-04 11:00:00,160.99,50.2
2017-03-04 12:00:00,164.29,52.2
2017-03-04 13:00:00,162.48,52.5
2017-03-04 14:00:00,164.71,53.1
2017-03-04 15:00:00,154.82,53.2
2017-03-04 16:00:00,172.84,49.3
2017-03-04 17:00:00,171.09,48.6
2017-03-04 18:00:00,180.12,47.8
2017-03-04 19:00:00,191.98,46.6
2017-03-04 20:00:00,188.09,45.9
2017-03-04 21:00:00,192.29,45.3
2017-03-04 22:00:00,187.96,44.6
2017-03-04 23:00:00,180.76,44.8
2017-03-05 00:00:00,194.31,43.9
2017-03-05 01:00:00,187.29,43.2
2017-03-05 02:00:00,184.98,42.8
2017-03-05 03:00:00,161.44,42.6
2017-03-05 04:00:00,142.56,43.0
2017-03-05 05:00:00,143.2,42.6
2017-03-05 06:00:00,141.76,43.9
2017-03-05 07:00:00,141.51,45.0
2017-03-05 08:00:00,144.09,43.7
2017-03-05 09:00:00,157.9,42.4
2017-03-05 10:00:00,162.35,47.1
2017-03-05 11:00:00,159.74,51.8
2017-03-05 12:00:00,154.22,50.4
2017-03-05 13:00:00,170.45,48.0
2017-03-05 14:00:00,179.11,47.8
2017-03-05 15:00:00,171.1,50.0
2017-03-05 16:00:00,181.26,45.5
2017-03-05 17:00:00,180.32,47.3
2017-03-05 18:00:00,182.2,44.1
2017-03-05 19:00:00,221.2,43.2
2017-03-05 20:00:00,222.68,43.9
2017-03-05 21:00:00,203.91,43.7
2017-03-05 22:00:00,203.89,43.5
2017-03-05 23:00:00,221.46,42.8
2017-03-06 00:00:00,207.04,43.2
2017-03-06 01:00:00,192.3,43.3
2017-03-06 02:00:00,190.92,42.8
2017-03-06 03:00:00,168.6,40.5
2017-03-06 04:00:00,147.0,39.7
2017-03-06 05:00:00,148.15,38.1
2017-03-06 06:00:00,142.62,37.6
2017-03-06 07:00:00,157.62,38.5
2017-03-06 08:00:00,162.21,39.2
2017-03-06 09:00:00,175.49,41.9
2017-03-06 10:00:00,164.36,45.1
2017-03-06 11:00:00,172.6,48.4
2017-03-06 12:00:00,162.35,49.6
2017-03-06 13:00:00,173.9,49.8
2017-03-06 14:00:00,167.81,50.4
2017-03-06 15:00:00,152.07,50.2
2017-03-06 16:00:00,159.5,50.4
2017-03-06 17:00:00,175.48,50.0
2017-03-06 18:00:00,184.05,48.7
2017-03-06 19:00:00,221.25,46.8
2017-03-06 20:00:00,240.51,45.0
2017-03-06 21:00:00,230.49,44.2
2017-03-06 22:00:00,207.92,44.4
2017-03-06 23:00:00,208.09,44.6
2017-03-07 00:00:00,197.0,44.8
2017-03-07 01:00:00,198.65,45.0
2017-03-07 02:00:00,187.06,44.2
2017-03-07 03:00:00,179.94,43.0
2017-03-07 04:00:00,162.75,42.1
2017-03-07 05:00:00,151.74,41.7
2017-03-07 06:00:00,152.28,41.2
2017-03-07 07:00:00,170.7,39.6
2017-03-07 08:00:00,182.3,41.4
2017-03-07 09:00:00,177.75,43.0
2017-03-07 10:00:00,167.12,44.2
2017-03-07 11:00:00,168.92,45.5
2017-03-07 12:00:00,159.35,47.3
2017-03-07 13:00:00,159.19,50.9
2017-03-07 14:00:00,169.68,51.3
2017-03-07 15:00:00,158.94,52.5
2017-03-07 16:00:00,158.6,52.2
2017-03-07 17:00:00,158.86,50.0
2017-03-07 18:00:00,195.06,48.0
2017-03-07 19:00:00,208.21,46.6
2017-03-07 20:00:00,229.89,45.3
2017-03-07 21:00:00,233.41,45.3
2017-03-07 22:00:00,221.08,45.7
2017-03-07 23:00:00,200.96,46.0
2017-03-08 00:00:00,192.49,45.9
2017-03-08 01:00:00,188.28,46.0
2017-03-08 02:00:00,183.28,46.6
2017-03-08 03:00:00,162.95,46.6
2017-03-08 04:00:00,130.59,47.3
2017-03-08 05:00:00,130.02,48.9
2017-03-08 06:00:00,130.72,50.9
2017-03-08 07:00:00,135.46,52.9
2017-03-08 08:00:00,145.14,53.6
2017-03-08 09:00:00,168.49,53.1
2017-03-08 10:00:00,144.75,54.1
2017-03-08 11:00:00,141.36,55.6
2017-03-08 12:00:00,133.81,57.7
2017-03-08 13:00:00,147.99,58.5
2017-03-08 14:00:00,152.11,57.6
2017-03-08 15:00:00,158.11,56.1
2017-03-08 16:00:00,156.43,55.9
2017-03-08 17:00:00,150.86,54.3
2017-03-08 18:00:00,181.52,52.3
2017-03-08 19:00:00,198.51,51.3
2017-03-08 20:00:00,210.12,49.6
2017-03-08 21:00:00,196.71,49.5
2017-03-08 22:00:00,188.11,49.1
2017-03-08 23:00:00,171.06,48.7
2017-03-09 00:00:00,175.39,48.6
2017-03-09 01:00:00,158.48,49.8
2017-03-09 02:00:00,150.65,51.3
2017-03-09 03:00:00,143.52,52.9
2017-03-09 04:00:00,126.88,53.1
2017-03-09 05:00:00,128.04,53.2
2017-03-09 06:00:00,118.16,53.2
2017-03-09 07:00:00,115.9,52.5
2017-03-09 08:00:00,121.29,53.4
2017-03-09 09:00:00,131.81,55.2
2017-03-09 10:00:00,147.57,57.6
2017-03-09 11:00:00,140.82,58.1
2017-03-09 12:00:00,131.72,59.2
2017-03-09 13:00:00,132.61,61.2
2017-03-09 14:00:00,128.9,61.0
2017-03-09 15:00:00,122.79,60.8
2017-03-09 16:00:00,119.82,61.0
2017-03-09 17:00:00,131.93,58.3
2017-03-09 18:00:00,148.89,56.1
2017-03-09 19:00:00,158.68,53.4
2017-03-09 20:00:00,181.58,52.3
2017-03-09 21:00:00,189.69,51.3
2017-03-09 22:00:00,173.71,50.0
2017-03-09 23:00:00,180.6,49.1
2017-03-10 00:00:00,162.72,47.5
2017-03-10 01:00:00,156.43,46.4
2017-03-10 02:00:00,147.52,44.2
2017-03-10 03:00:00,140.19,44.6
2017-03-10 04:00:00,122.7,45.1
2017-03-10 05:00:00,109.54,45.1
2017-03-10 06:00:00,110.92,46.0
2017-03-10 07:00:00,118.35,46.0
2017-03-10 08:00:00,141.89,46.9
2017-03-10 09:00:00,143.26,48.4
2017-03-10 10:00:00,128.85,48.0
2017-03-10 11:00:00,148.68,49.6
2017-03-10 12:00:00,155.35,51.3
2017-03-10 13:00:00,140.01,53.1
2017-03-10 14:00:00,136.26,53.8
2017-03-10 15:00:00,139.82,54.3
2017-03-10 16:00:00,135.34,53.8
2017-03-10 17:00:00,142.89,52.3
2017-03-10 18:00:00,176.56,52.0
2017-03-10 19:00:00,190.96,51.6
2017-03-10 20:00:00,172.31,51.3
2017-03-10 21:00:00,175.22,50.9
2017-03-10 22:00:00,165.19,50.9
2017-03-10 23:00:00,163.28,50.5
2017-03-11 00:00:00,136.53,50.7
2017-03-11 01:00:00,155.02,50.5
2017-03-11 02:00:00,161.89,50.5
2017-03-11 03:00:00,148.05,50.7
2017-03-11 04:00:00,124.62,50.7
2017-03-11 05:00:00,125.0,50.7
2017-03-11 06:00:00,114.74,50.5
2017-03-11 07:00:00,121.38,50.4
2017-03-11 08:00:00,106.79,50.9
2017-03-11 09:00:00,109.34,51.3
2017-03-11 10:00:00,127.46,51.4
2017-03-11 11:00:00,123.59,53.2
2017-03-11 12:00:00,126.75,55.0
2017-03-11 13:00:00,126.64,59.0
2017-03-11 14:00:00,130.44,61.5
2017-03-11 15:00:00,118.86,62.4
2017-03-11 16:00:00,123.32,60.6
2017-03-11 17:00:00,133.96,60.3
2017-03-11 18:00:00,134.07,58.6
2017-03-11 19:00:00,151.68,57.4
2017-03-11 20:00:00,148.05,55.6
2017-03-11 21:00:00,149.93,54.7
2017-03-11 22:00:00,145.34,53.8
2017-03-11 23:00:00,136.35,52.3
2017-03-12 00:00:00,144.13,50.9
2017-03-12 01:00:00,137.62,49.8
2017-03-12 02:00:00,122.05,49.3
2017-03-12 03:00:00,115.3,49.3
2017-03-12 04:00:00,105.31,49.1
2017-03-12 05:00:00,100.24,49.6
2017-03-12 06:00:00,104.5,50.0
2017-03-12 07:00:00,107.9,49.1
2017-03-12 08:00:00,102.46,50.4
2017-03-12 09:00:00,101.02,51.3
2017-03-12 10:00:00,118.0,49.6
2017-03-12 11:00:00,124.5,50.2
2017-03-12 12:00:00,139.22,50.5
2017-03-12 13:00:00,127.96,51.1
2017-03-12 14:00:00,141.16,52.7
2017-03-12 15:00:00,155.62,52.9
2017-03-12 16:00:00,145.99,53.6
2017-03-12 17:00:00,142.32,54.0
2017-03-12 18:00:00,150.41,53.6
2017-03-12 19:00:00,174.91,53.4
2017-03-12 20:00:00,169.09,52.7
2017-03-12 21:00:00,167.72,52.0
2017-03-12 22:00:00,160.91,51.6
2017-03-12 23:00:00,153.93,50.5
2017-03-13 00:00:00,152.9,49.3
2017-03-13 01:00:00,144.26,47.3
2017-03-13 02:00:00,135.0,46.8
2017-03-13 03:00:00,129.86,44.8
2017-03-13 04:00:00,120.42,43.7
2017-03-13 05:00:00,113.14,43.3
2017-03-13 06:00:00,110.95,43.3
2017-03-13 07:00:00,110.29,43.0
2017-03-13 08:00:00,121.6,44.6
2017-03-13 09:00:00,143.59,48.6
2017-03-13 10:00:00,144.8,51.4
2017-03-13 11:00:00,131.43,53.6
2017-03-13 12:00:00,124.5,55.2
2017-03-13 13:00:00,119.26,56.8
2017-03-13 14:00:00,120.38,57.2
2017-03-13 15:00:00,119.05,59.4
2017-03-13 16:00:00,124.9,58.8
2017-03-13 17:00:00,125.01,56.8
2017-03-13 18:00:00,143.52,54.7
2017-03-13 19:00:00,163.98,55.2
2017-03-13 20:00:00,164.45,55.6
2017-03-13 21:00:00,165.95,52.3
2017-03-13 22:00:00,162.96,50.2
2017-03-13 23:00:00,163.59,49.3
2017-03-14 00:00:00,160.32,47.7
2017-03-14 01:00:00,159.38,46.6
2017-03-14 02:00:00,135.86,45.0
2017-03-14 03:00:00,144.2,46.0
2017-03-14 04:00:00,124.9,46.8
2017-03-14 05:00:00,115.62,47.3
2017-03-14 06:00:00,100.68,47.5
2017-03-14 07:00:00,115.32,48.0
2017-03-14 08:00:00,132.68,49.3
2017-03-14 09:00:00,134.15,50.9
2017-03-14 10:00:00,125.41,51.3
2017-03-14 11:00:00,123.22,52.2
2017-03-14 12:00:00,136.68,55.0
2017-03-14 13:00:00,133.69,57.9
2017-03-14 14:00:00,112.84,57.6
2017-03-14 15:00:00,122.11,58.1
2017-03-14 16:00:00,121.48,58.3
2017-03-14 17:00:00,127.62,57.7
2017-03-14 18:00:00,141.29,57.2
2017-03-14 19:00:00,160.48,56.7
2017-03-14 20:00:00,170.62,54.5
2017-03-14 21:00:00,159.75,52.7
2017-03-14 22:00:00,153.24,51.4
2017-03-14 23:00:00,158.64,51.3
2017-03-15 00:00:00,151.17,48.7
2017-03-15 01:00:00,137.2,48.9
2017-03-15 02:00:00,128.82,47.7
2017-03-15 03:00:00,120.0,46.4
2017-03-15 04:00:00,121.28,46.9
2017-03-15 05:00:00,106.41,46.9
2017-03-15 06:00:00,98.64,46.9
2017-03-15 07:00:00,108.55,47.1
2017-03-15 08:00:00,121.3,48.0
2017-03-15 09:00:00,119.46,49.6
2017-03-15 10:00:00,111.48,52.3
2017-03-15 11:00:00,112.25,56.7
2017-03-15 12:00:00,114.09,58.5
2017-03-15 13:00:00,112.09,61.7
2017-03-15 14:00:00,102.76,63.3
2017-03-15 15:00:00,110.65,63.9
2017-03-15 16:00:00,110.16,63.3
2017-03-15 17:00:00,118.84,61.9
2017-03-15 18:00:00,133.8,59.0
2017-03-15 19:00:00,159.94,57.4
2017-03-15 20:00:00,154.39,54.0
2017-03-15 21:00:00,152.61,53.1
2017-03-15 22:00:00,145.22,51.1
2017-03-15 23:00:00,136.66,48.6
2017-03-16 00:00:00,144.77,47.3
2017-03-16 01:00:00,140.52,47.1
2017-03-16 02:00:00,123.22,45.7
2017-03-16 03:00:00,112.28,45.3
2017-03-16 04:00:00,111.76,44.1
2017-03-16 05:00:00,106.52,42.6
2017-03-16 06:00:00,99.54,42.4
2017-03-16 07:00:00,101.6,42.6
2017-03-16 08:00:00,115.99,43.5
2017-03-16 09:00:00,113.51,45.1
2017-03-16 10:00:00,114.62,48.2
2017-03-16 11:00:00,126.79,50.7
2017-03-16 12:00:00,117.44,51.6
2017-03-16 13:00:00,113.54,52.7
2017-03-16 14:00:00,110.1,54.1
2017-03-16 15:00:00,114.81,54.1
2017-03-16 16:00:00,118.45,54.1
2017-03-16 17:00:00,131.01,53.2
2017-03-16 18:00:00,149.1,51.8
2017-03-16 19:00:00,156.34,51.4
2017-03-16 20:00:00,158.68,50.0
2017-03-16 21:00:00,154.06,48.6
2017-03-16 22:00:00,149.57,46.9
2017-03-16 23:00:00,150.52,45.5
2017-03-17 00:00:00,140.47,45.9
2017-03-17 01:00:00,147.96,46.2
2017-03-17 02:00:00,136.52,46.4
2017-03-17 03:00:00,122.79,42.4
2017-03-17 04:00:00,125.5,43.2
2017-03-17 05:00:00,118.7,41.2
2017-03-17 06:00:00,105.7,40.3
2017-03-17 07:00:00,110.75,40.1
2017-03-17 08:00:00,125.31,41.0
2017-03-17 09:00:00,142.72,44.6
2017-03-17 10:00:00,134.68,47.1
2017-03-17 11:00:00,133.29,49.5
2017-03-17 12:00:00,138.48,50.0
2017-03-17 13:00:00,132.72,51.1
2017-03-17 14:00:00,118.9,53.1
2017-03-17 15:00:00,114.36,52.3
2017-03-17 16:00:00,130.52,51.1
2017-03-17 17:00:00,144.14,51.3
2017-03-17 18:00:00,144.19,50.2
2017-03-17 19:00:00,164.11,49.8
2017-03-17 20:00:00,170.16,49.8
2017-03-17 21:00:00,167.81,49.8
2017-03-17 22:00:00,153.3,50.4
2017-03-17 23:00:00,140.79,50.0
2017-03-18 00:00:00,136.12,50.4
2017-03-18 01:00:00,131.49,50.9
2017-03-18 02:00:00,127.86,51.4
2017-03-18 03:00:00,122.3,51.8
2017-03-18 04:00:00,122.21,52.2
2017-03-18 05:00:00,112.74,52.2
2017-03-18 06:00:00,101.5,51.3
2017-03-18 07:00:00,96.49,51.1
2017-03-18 08:00:00,99.68,52.2
2017-03-18 09:00:00,102.56,53.8
2017-03-18 10:00:00,106.61,55.4
2017-03-18 11:00:00,114.52,56.1
2017-03-18 12:00:00,122.2,57.6
2017-03-18 13:00:00,128.35,56.8
2017-03-18 14:00:00,118.14,57.2
2017-03-18 15:00:00,109.72,57.7
2017-03-18 16:00:00,129.59,57.0
2017-03-18 17:00:00,132.86,57.2
2017-03-18 18:00:00,127.69,55.6
2017-03-18 19:00:00,142.16,54.9
2017-03-18 20:00:00,158.88,54.3
2017-03-18 21:00:00,144.52,54.3
2017-03-18 22:00:00,124.58,54.0
2017-03-18 23:00:00,130.82,53.8
2017-03-19 00:00:00,134.13,53.8
2017-03-19 01:00:00,132.32,53.2
2017-03-19 02:00:00,117.79,53.4
2017-03-19 03:00:00,115.12,53.8
2017-03-19 04:00:00,108.09,53.6
2017-03-19 05:00:00,96.18,53.6
2017-03-19 06:00:00,91.55,52.9
2017-03-19 07:00:00,103.49,53.4
2017-03-19 08:00:00,109.05,53.2
2017-03-19 09:00:00,102.54,54.3
2017-03-19 10:00:00,112.48,55.4
2017-03-19 11:00:00,119.35,56.5
2017-03-19 12:00:00,122.91,56.7
2017-03-19 13:00:00,116.85,59.4
2017-03-19 14:00:00,126.7,58.5
2017-03-19 15:00:00,127.04,58.6
2017-03-19 16:00:00,132.99,57.4
2017-03-19 17:00:00,133.11,57.0
2017-03-19 18:00:00,146.59,56.8
2017-03-19 19:00:00,152.64,55.2
2017-03-19 20:00:00,164.25,54.0
2017-03-19 21:00:00,150.88,52.9
2017-03-19 22:00:00,148.86,52.5
2017-03-19 23:00:00,144.5,53.1
2017-03-20 00:00:00,155.93,53.1
2017-03-20 01:00:00,128.82,52.9
2017-03-20 02:00:00,113.06,52.2
2017-03-20 03:00:00,115.8,51.8
2017-03-20 04:00:00,99.21,51.1
2017-03-20 05:00:00,82.99,51.4
2017-03-20 06:00:00,91.48,51.8
2017-03-20 07:00:00,95.31,52.2
2017-03-20 08:00:00,108.89,52.5
2017-03-20 09:00:00,113.21,53.4
2017-03-20 10:00:00,131.55,53.8
2017-03-20 11:00:00,131.1,53.2
2017-03-20 12:00:00,126.05,54.3
2017-03-20 13:00:00,115.79,54.1
2017-03-20 14:00:00,123.9,52.5
2017-03-20 15:00:00,130.54,51.6
2017-03-20 16:00:00,129.05,53.4
2017-03-20 17:00:00,134.61,51.1
2017-03-20 18:00:00,156.93,49.5
2017-03-20 19:00:00,178.64,48.6
2017-03-20 20:00:00,182.66,47.3
2017-03-20 21:00:00,166.89,46.8
2017-03-20 22:00:00,164.38,45.3
2017-03-20 23:00:00,167.35,44.1
2017-03-21 00:00:00,167.58,43.5
2017-03-21 01:00:00,155.9,43.7
2017-03-21 02:00:00,149.48,43.9
2017-03-21 03:00:00,128.11,43.0
2017-03-21 04:00:00,119.69,41.4
2017-03-21 05:00:00,127.2,40.3
2017-03-21 06:00:00,117.38,39.0
2017-03-21 07:00:00,112.56,39.7
2017-03-21 08:00:00,122.15,42.3
2017-03-21 09:00:00,135.66,45.1
2017-03-21 10:00:00,142.11,47.1
2017-03-21 11:00:00,139.18,50.2
2017-03-21 12:00:00,128.0,51.8
2017-03-21 13:00:00,129.96,52.3
2017-03-21 14:00:00,127.99,50.2
2017-03-21 15:00:00,133.86,51.1
2017-03-21 16:00:00,129.26,50.9
2017-03-21 17:00:00,136.29,48.9
2017-03-21 18:00:00,159.65,48.9
2017-03-21 19:00:00,182.92,46.9
2017-03-21 20:00:00,195.99,44.1
2017-03-21 21:00:00,174.74,43.3
2017-03-21 22:00:00,196.88,42.4
2017-03-21 23:00:00,184.82,43.0
2017-03-22 00:00:00,179.3,41.9
2017-03-22 01:00:00,166.77,42.6
2017-03-22 02:00:00,161.25,41.5
2017-03-22 03:00:00,149.78,41.2
2017-03-22 04:00:00,134.89,41.9
2017-03-22 05:00:00,124.48,43.3
2017-03-22 06:00:00,132.15,43.3
2017-03-22 07:00:00,133.74,44.1
2017-03-22 08:00:00,146.96,44.8
2017-03-22 09:00:00,151.15,44.1
2017-03-22 10:00:00,163.32,44.4
2017-03-22 11:00:00,166.42,44.2
2017-03-22 12:00:00,143.39,47.5
2017-03-22 13:00:00,156.62,45.7
2017-03-22 14:00:00,163.92,51.1
2017-03-22 15:00:00,149.01,50.5
2017-03-22 16:00:00,149.78,50.2
2017-03-22 17:00:00,163.91,49.6
2017-03-22 18:00:00,184.41,48.7
2017-03-22 19:00:00,197.76,46.2
2017-03-22 20:00:00,202.69,44.4
2017-03-22 21:00:00,206.15,42.4
2017-03-22 22:00:00,185.52,43.0
2017-03-22 23:00:00,173.64,43.5
2017-03-23 00:00:00,190.86,44.1
2017-03-23 01:00:00,174.31,43.5
2017-03-23 02:00:00,163.49,43.0
2017-03-23 03:00:00,155.2,43.0
2017-03-23 04:00:00,144.19,44.4
2017-03-23 05:00:00,130.84,44.8
2017-03-23 06:00:00,133.59,44.8
2017-03-23 07:00:00,140.98,45.1
2017-03-23 08:00:00,136.52,46.2
2017-03-23 09:00:00,160.24,47.5
2017-03-23 10:00:00,174.41,49.1
2017-03-23 11:00:00,160.26,50.5
2017-03-23 12:00:00,158.12,52.7
2017-03-23 13:00:00,142.12,52.0
2017-03-23 14:00:00,156.21,51.8
2017-03-23 15:00:00,161.56,52.5
2017-03-23 16:00:00,157.41,52.5
2017-03-23 17:00:00,170.92,51.6
2017-03-23 18:00:00,188.59,50.5
2017-03-23 19:00:00,200.86,48.4
2017-03-23 20:00:00,205.51,46.8
2017-03-23 21:00:00,215.21,45.7
2017-03-23 22:00:00,210.62,44.8
2017-03-23 23:00:00,198.42,44.8
2017-03-24 00:00:00,181.5,44.8
2017-03-24 01:00:00,195.45,44.2
2017-03-24 02:00:00,193.04,44.2
2017-03-24 03:00:00,166.9,44.1
2017-03-24 04:00:00,166.51,44.4
2017-03-24 05:00:00,153.55,44.8
2017-03-24 06:00:00,138.62,45.1
2017-03-24 07:00:00,150.02,45.5
2017-03-24 08:00:00,157.49,46.0
2017-03-24 09:00:00,173.49,46.4
2017-03-24 10:00:00,176.52,47.3
2017-03-24 11:00:00,155.69,48.7
2017-03-24 12:00:00,144.22,50.0
2017-03-24 13:00:00,164.22,51.8
2017-03-24 14:00:00,150.96,52.9
2017-03-24 15:00:00,151.36,55.0
2017-03-24 16:00:00,144.55,55.8
2017-03-24 17:00:00,168.75,55.6
2017-03-24 18:00:00,157.84,53.4
2017-03-24 19:00:00,181.14,51.1
2017-03-24 20:00:00,186.76,48.7
2017-03-24 21:00:00,179.1,46.8
2017-03-24 22:00:00,171.94,45.0
2017-03-24 23:00:00,175.62,44.1
2017-03-25 00:00:00,170.78,43.0
2017-03-25 01:00:00,161.98,42.6
2017-03-25 02:00:00,152.28,41.5
2017-03-25 03:00:00,160.69,41.2
2017-03-25 04:00:00,162.38,41.5
2017-03-25 05:00:00,154.18,40.5
2017-03-25 06:00:00,142.1,40.3
2017-03-25 07:00:00,139.36,40.5
2017-03-25 08:00:00,128.59,45.5
2017-03-25 09:00:00,115.48,49.3
2017-03-25 10:00:00,117.41,52.7
2017-03-25 11:00:00,119.21,55.4
2017-03-25 12:00:00,123.68,57.4
2017-03-25 13:00:00,133.9,57.7
2017-03-25 14:00:00,129.16,59.2
2017-03-25 15:00:00,133.43,58.5
2017-03-25 16:00:00,141.82,58.6
2017-03-25 17:00:00,129.54,57.4
2017-03-25 18:00:00,141.25,54.9
2017-03-25 19:00:00,150.72,51.6
2017-03-25 20:00:00,148.24,49.6
2017-03-25 21:00:00,164.51,48.0
2017-03-25 22:00:00,153.61,46.6
2017-03-25 23:00:00,149.15,45.1
2017-03-26 00:00:00,117.82,44.1
2017-03-26 01:00:00,152.68,43.2
2017-03-26 02:00:00,128.52,41.9
2017-03-26 03:00:00,153.61,41.9
2017-03-26 04:00:00,144.62,42.1
2017-03-26 05:00:00,126.09,41.9
2017-03-26 06:00:00,119.21,41.9
2017-03-26 07:00:00,126.04,43.3
2017-03-26 08:00:00,118.88,45.3
2017-03-26 09:00:00,119.3,49.5
2017-03-26 10:00:00,115.08,53.1
2017-03-26 11:00:00,126.68,57.0
2017-03-26 12:00:00,120.26,59.4
2017-03-26 13:00:00,117.88,60.1
2017-03-26 14:00:00,116.7,59.4
2017-03-26 15:00:00,113.61,60.8
2017-03-26 16:00:00,125.89,57.9
2017-03-26 17:00:00,119.09,55.8
2017-03-26 18:00:00,127.91,53.8
2017-03-26 19:00:00,146.61,52.2
2017-03-26 20:00:00,140.39,50.4
2017-03-26 21:00:00,142.57,49.5
2017-03-26 22:00:00,138.16,46.6
2017-03-26 23:00:00,101.68,46.6
2017-03-27 00:00:00,99.07,45.0
2017-03-27 01:00:00,143.82,43.5
2017-03-27 02:00:00,139.78,44.2
2017-03-27 03:00:00,132.4,43.9
2017-03-27 04:00:00,123.25,43.5
2017-03-27 05:00:00,110.06,43.9
2017-03-27 06:00:00,102.16,44.2
2017-03-27 07:00:00,98.59,44.8
2017-03-27 08:00:00,110.6,45.7
2017-03-27 09:00:00,127.21,46.4
2017-03-27 10:00:00,122.86,50.4
2017-03-27 11:00:00,117.59,53.8
2017-03-27 12:00:00,121.28,56.8
2017-03-27 13:00:00,112.6,59.0
2017-03-27 14:00:00,114.78,59.5
2017-03-27 15:00:00,108.81,60.6
2017-03-27 16:00:00,103.96,60.6
2017-03-27 17:00:00,111.98,59.2
2017-03-27 18:00:00,113.66,55.6
2017-03-27 19:00:00,114.9,52.3
2017-03-27 20:00:00,121.21,51.4
2017-03-27 21:00:00,143.06,49.6
2017-03-27 22:00:00,135.62,47.1
2017-03-27 23:00:00,137.16,45.3
2017-03-28 00:00:00,120.6,44.1
2017-03-28 01:00:00,137.6,43.5
2017-03-28 02:00:00,132.4,42.4
2017-03-28 03:00:00,119.01,42.8
2017-03-28 04:00:00,129.32,43.2
2017-03-28 05:00:00,111.99,43.5
2017-03-28 06:00:00,98.75,44.1
2017-03-28 07:00:00,103.22,44.4
2017-03-28 08:00:00,118.71,48.7
2017-03-28 09:00:00,114.54,51.6
2017-03-28 10:00:00,110.14,55.9
2017-03-28 11:00:00,106.94,59.9
2017-03-28 12:00:00,109.11,62.8
2017-03-28 13:00:00,106.34,60.6
2017-03-28 14:00:00,94.22,62.4
2017-03-28 15:00:00,89.5,62.1
2017-03-28 16:00:00,101.11,59.4
2017-03-28 17:00:00,107.24,57.4
2017-03-28 18:00:00,108.74,56.1
2017-03-28 19:00:00,116.06,55.4
2017-03-28 20:00:00,116.65,54.3
2017-03-28 21:00:00,117.7,53.8
2017-03-28 22:00:00,120.84,52.9
2017-03-28 23:00:00,120.7,52.0
2017-03-29 00:00:00,120.88,52.5
2017-03-29 01:00:00,115.65,53.6
2017-03-29 02:00:00,111.89,53.1
2017-03-29 03:00:00,108.91,53.2
2017-03-29 04:00:00,105.54,53.2
2017-03-29 05:00:00,100.08,53.1
2017-03-29 06:00:00,89.35,53.6
2017-03-29 07:00:00,88.36,54.1
2017-03-29 08:00:00,89.36,54.5
2017-03-29 09:00:00,99.99,55.6
2017-03-29 10:00:00,102.5,56.5
2017-03-29 11:00:00,110.82,56.7
2017-03-29 12:00:00,111.78,57.7
2017-03-29 13:00:00,101.16,58.8
2017-03-29 14:00:00,100.5,57.0
2017-03-29 15:00:00,97.95,55.6
2017-03-29 16:00:00,120.46,56.8
2017-03-29 17:00:00,110.92,57.9
2017-03-29 18:00:00,100.78,57.7
2017-03-29 19:00:00,113.72,57.7
2017-03-29 20:00:00,121.28,57.4
2017-03-29 21:00:00,119.28,56.5
2017-03-29 22:00:00,118.05,55.0
2017-03-29 23:00:00,122.19,53.8
2017-03-30 00:00:00,106.34,53.2
2017-03-30 01:00:00,118.22,53.4
2017-03-30 02:00:00,112.12,53.8
2017-03-30 03:00:00,110.32,54.0
2017-03-30 04:00:00,105.22,53.2
2017-03-30 05:00:00,86.8,53.8
2017-03-30 06:00:00,85.48,54.7
2017-03-30 07:00:00,89.46,54.9
2017-03-30 08:00:00,84.24,56.3
2017-03-30 09:00:00,82.31,58.5
2017-03-30 10:00:00,90.49,60.6
2017-03-30 11:00:00,104.72,65.1
2017-03-30 12:00:00,102.61,67.8
2017-03-30 13:00:00,94.1,69.1
2017-03-30 14:00:00,78.71,70.3
2017-03-30 15:00:00,81.8,69.1
2017-03-30 16:00:00,78.29,67.6
2017-03-30 17:00:00,81.2,66.0
2017-03-30 18:00:00,85.01,65.1
2017-03-30 19:00:00,88.11,64.2
2017-03-30 20:00:00,93.3,63.1
2017-03-30 21:00:00,90.24,61.7
2017-03-30 22:00:00,87.68,60.8
2017-03-30 23:00:00,86.25,58.5
2017-03-31 00:00:00,99.91,56.8
2017-03-31 01:00:00,94.64,57.4
2017-03-31 02:00:00,89.65,55.8
2017-03-31 03:00:00,89.24,54.7
2017-03-31 04:00:00,90.31,54.1
2017-03-31 05:00:00,75.81,52.7
2017-03-31 06:00:00,74.66,53.8
2017-03-31 07:00:00,81.7,54.9
2017-03-31 08:00:00,70.95,55.4
2017-03-31 09:00:00,78.44,54.7
2017-03-31 10:00:00,89.21,55.9
2017-03-31 11:00:00,107.48,56.7
2017-03-31 12:00:00,94.8,57.2
2017-03-31 13:00:00,88.95,59.0
2017-03-31 14:00:00,80.85,62.1
2017-03-31 15:00:00,90.95,60.4
2017-03-31 16:00:00,86.88,59.9
2017-03-31 17:00:00,79.18,57.7
2017-03-31 18:00:00,88.4,56.7
2017-03-31 19:00:00,94.92,54.7
2017-03-31 20:00:00,96.5,53.8
2017-03-31 21:00:00,93.55,51.6
2017-03-31 22:00:00,92.11,50.5
2017-03-31 23:00:00,99.79,46.9
2017-04-01 00:00:00,98.32,49.1
2017-04-01 01:00:00,87.51,48.6
2017-04-01 02:00:00,100.69,49.3
2017-04-01 03:00:00,95.06,50.5
2017-04-01 04:00:00,82.36,50.0
2017-04-01 05:00:00,80.16,50.0
2017-04-01 06:00:00,82.52,50.2
2017-04-01 07:00:00,74.66,50.7
2017-04-01 08:00:00,72.2,50.4
2017-04-01 09:00:00,71.53,52.0
2017-04-01 10:00:00,81.19,58.1
2017-04-01 11:00:00,90.16,58.1
2017-04-01 12:00:00,92.01,61.0
2017-04-01 13:00:00,86.48,57.2
2017-04-01 14:00:00,86.54,58.5
2017-04-01 15:00:00,95.84,60.8
2017-04-01 16:00:00,80.74,57.6
2017-04-01 17:00:00,86.62,56.5
2017-04-01 18:00:00,92.34,54.3
2017-04-01 19:00:00,96.15,52.3
2017-04-01 20:00:00,98.49,52.0
2017-04-01 21:00:00,107.91,52.0
2017-04-01 22:00:00,103.65,50.4
2017-04-01 23:00:00,101.51,49.8
2017-04-02 00:00:00,100.72,48.9
2017-04-02 01:00:00,103.4,47.1
2017-04-02 02:00:00,93.3,45.5
2017-04-02 03:00:00,103.94,44.1
2017-04-02 04:00:00,95.0,44.2
2017-04-02 05:00:00,89.45,45.1
2017-04-02 06:00:00,89.48,44.2
2017-04-02 07:00:00,86.56,45.9
2017-04-02 08:00:00,85.79,48.0
2017-04-02 09:00:00,83.16,51.1
2017-04-02 10:00:00,80.7,53.4
2017-04-02 11:00:00,83.45,55.6
2017-04-02 12:00:00,88.55,56.3
2017-04-02 13:00:00,92.55,57.6
2017-04-02 14:00:00,85.74,59.0
2017-04-02 15:00:00,82.12,59.7
2017-04-02 16:00:00,87.62,61.5
2017-04-02 17:00:00,88.98,60.3
2017-04-02 18:00:00,93.1,58.5
2017-04-02 19:00:00,95.34,54.5
2017-04-02 20:00:00,115.82,53.1
2017-04-02 21:00:00,115.46,51.4
2017-04-02 22:00:00,115.19,48.9
2017-04-02 23:00:00,122.15,48.0
2017-04-03 00:00:00,105.11,45.1
2017-04-03 01:00:00,107.09,44.4
2017-04-03 02:00:00,104.94,43.3
2017-04-03 03:00:00,102.7,42.3
2017-04-03 04:00:00,95.92,40.3
2017-04-03 05:00:00,97.01,41.5
2017-04-03 06:00:00,85.26,39.4
2017-04-03 07:00:00,77.64,43.2
2017-04-03 08:00:00,88.16,48.7
2017-04-03 09:00:00,89.55,52.9
2017-04-03 10:00:00,86.42,57.4
2017-04-03 11:00:00,88.48,59.7
2017-04-03 12:00:00,91.65,61.3
2017-04-03 13:00:00,97.9,62.4
2017-04-03 14:00:00,82.84,62.1
2017-04-03 15:00:00,74.9,61.5
2017-04-03 16:00:00,76.66,61.7
2017-04-03 17:00:00,84.66,59.4
2017-04-03 18:00:00,91.06,57.0
2017-04-03 19:00:00,99.72,55.0
2017-04-03 20:00:00,115.58,52.2
2017-04-03 21:00:00,116.96,49.5
2017-04-03 22:00:00,116.52,49.3
2017-04-03 23:00:00,115.95,47.8
2017-04-04 00:00:00,111.86,48.0
2017-04-04 01:00:00,100.66,48.6
2017-04-04 02:00:00,100.45,48.9
2017-04-04 03:00:00,91.09,48.9
2017-04-04 04:00:00,89.2,49.3
2017-04-04 05:00:00,85.16,49.5
2017-04-04 06:00:00,85.12,50.0
2017-04-04 07:00:00,74.22,50.7
2017-04-04 08:00:00,82.04,51.1
2017-04-04 09:00:00,102.66,53.4
2017-04-04 10:00:00,106.89,55.0
2017-04-04 11:00:00,111.0,55.6
2017-04-04 12:00:00,116.08,55.9
2017-04-04 13:00:00,109.5,57.2
2017-04-04 14:00:00,93.04,58.6
2017-04-04 15:00:00,99.9,57.7
2017-04-04 16:00:00,94.29,57.2
2017-04-04 17:00:00,99.39,57.7
2017-04-04 18:00:00,106.58,56.7
2017-04-04 19:00:00,117.95,55.9
2017-04-04 20:00:00,119.75,53.8
2017-04-04 21:00:00,126.3,52.0
2017-04-04 22:00:00,117.74,51.1
2017-04-04 23:00:00,118.36,48.6
2017-04-05 00:00:00,117.1,48.7
2017-04-05 01:00:00,113.1,45.7
2017-04-05 02:00:00,114.3,44.8
2017-04-05 03:00:00,107.34,44.4
2017-04-05 04:00:00,108.9,42.3
2017-04-05 05:00:00,112.12,41.4
2017-04-05 06:00:00,101.35,42.4
2017-04-05 07:00:00,98.86,44.4
2017-04-05 08:00:00,97.62,48.2
2017-04-05 09:00:00,108.04,50.4
2017-04-05 10:00:00,110.44,51.6
2017-04-05 11:00:00,107.89,53.4
2017-04-05 12:00:00,107.12,54.5
2017-04-05 13:00:00,99.38,56.8
2017-04-05 14:00:00,103.28,57.0
2017-04-05 15:00:00,95.75,58.1
2017-04-05 16:00:00,97.1,57.7
2017-04-05 17:00:00,89.84,57.7
2017-04-05 18:00:00,101.62,55.8
2017-04-05 19:00:00,129.09,53.2
2017-04-05 20:00:00,115.21,51.6
2017-04-05 21:00:00,115.39,50.0
2017-04-05 22:00:00,119.64,48.7
2017-04-05 23:00:00,109.31,48.0
2017-04-06 00:00:00,118.42,45.9
2017-04-06 01:00:00,134.95,45.1
2017-04-06 02:00:00,116.98,43.0
2017-04-06 03:00:00,115.69,44.6
2017-04-06 04:00:00,103.28,44.6
2017-04-06 05:00:00,93.85,43.5
2017-04-06 06:00:00,101.92,43.5
2017-04-06 07:00:00,108.75,45.1
2017-04-06 08:00:00,94.26,47.5
2017-04-06 09:00:00,97.02,51.4
2017-04-06 10:00:00,101.86,54.9
2017-04-06 11:00:00,102.92,58.1
2017-04-06 12:00:00,98.98,59.2
2017-04-06 13:00:00,93.78,61.0
2017-04-06 14:00:00,95.99,61.9
2017-04-06 15:00:00,87.35,62.6
2017-04-06 16:00:00,83.66,63.0
2017-04-06 17:00:00,78.39,62.4
2017-04-06 18:00:00,87.31,60.6
2017-04-06 19:00:00,97.32,57.9
2017-04-06 20:00:00,111.9,55.2
2017-04-06 21:00:00,107.28,53.8
2017-04-06 22:00:00,103.86,52.3
2017-04-06 23:00:00,100.21,50.5
2017-04-07 00:00:00,107.28,48.0
2017-04-07 01:00:00,117.35,46.8
2017-04-07 02:00:00,117.88,45.3
2017-04-07 03:00:00,111.14,43.9
2017-04-07 04:00:00,103.29,43.3
2017-04-07 05:00:00,88.82,43.3
2017-04-07 06:00:00,90.12,42.3
2017-04-07 07:00:00,93.78,44.4
2017-04-07 08:00:00,90.36,48.0
2017-04-07 09:00:00,89.45,53.1
2017-04-07 10:00:00,96.29,54.3
2017-04-07 11:00:00,92.81,55.6
2017-04-07 12:00:00,87.74,59.9
2017-04-07 13:00:00,91.31,60.3
2017-04-07 14:00:00,96.98,63.0
2017-04-07 15:00:00,82.31,62.4
2017-04-07 16:00:00,73.01,62.6
2017-04-07 17:00:00,83.84,61.7
2017-04-07 18:00:00,88.62,60.3
2017-04-07 19:00:00,94.09,57.4
2017-04-07 20:00:00,106.65,54.9
2017-04-07 21:00:00,111.81,53.8
2017-04-07 22:00:00,93.09,52.2
2017-04-07 23:00:00,92.54,50.7
2017-04-08 00:00:00,106.16,47.1
2017-04-08 01:00:00,106.0,45.1
2017-04-08 02:00:00,105.94,44.4
2017-04-08 03:00:00,96.78,42.4
2017-04-08 04:00:00,97.7,42.8
2017-04-08 05:00:00,89.61,41.9
2017-04-08 06:00:00,88.35,42.8
2017-04-08 07:00:00,84.61,45.7
2017-04-08 08:00:00,87.02,51.3
2017-04-08 09:00:00,74.14,54.5
2017-04-08 10:00:00,71.9,58.6
2017-04-08 11:00:00,73.44,62.6
2017-04-08 12:00:00,80.96,65.1
2017-04-08 13:00:00,79.79,66.7
2017-04-08 14:00:00,78.47,67.8
2017-04-08 15:00:00,74.1,68.7
2017-04-08 16:00:00,69.75,68.4
2017-04-08 17:00:00,74.56,66.7
2017-04-08 18:00:00,79.78,64.0
2017-04-08 19:00:00,88.89,60.6
2017-04-08 20:00:00,94.1,58.6
2017-04-08 21:00:00,98.14,57.2
2017-04-08 22:00:00,94.94,55.4
2017-04-08 23:00:00,99.96,49.3
2017-04-09 00:00:00,96.35,48.6
2017-04-09 01:00:00,97.56,48.4
2017-04-09 02:00:00,93.01,48.4
2017-04-09 03:00:00,85.25,46.9
2017-04-09 04:00:00,83.85,47.3
2017-04-09 05:00:00,71.76,47.3
2017-04-09 06:00:00,70.39,49.8
2017-04-09 07:00:00,74.21,53.1
2017-04-09 08:00:00,73.36,57.4
2017-04-09 09:00:00,70.21,62.2
2017-04-09 10:00:00,64.26,67.1
2017-04-09 11:00:00,65.14,71.8
2017-04-09 12:00:00,74.54,73.9
2017-04-09 13:00:00,74.46,75.9
2017-04-09 14:00:00,67.01,76.8
2017-04-09 15:00:00,68.75,76.5
2017-04-09 16:00:00,65.46,75.6
2017-04-09 17:00:00,69.79,73.8
2017-04-09 18:00:00,66.01,68.9
2017-04-09 19:00:00,73.05,65.1
2017-04-09 20:00:00,82.26,59.0
2017-04-09 21:00:00,84.24,55.4
2017-04-09 22:00:00,89.14,54.7
2017-04-09 23:00:00,87.88,53.6
2017-04-10 00:00:00,91.74,52.7
2017-04-10 01:00:00,89.29,51.4
2017-04-10 02:00:00,77.44,50.4
2017-04-10 03:00:00,72.22,49.5
2017-04-10 04:00:00,74.14,49.1
2017-04-10 05:00:00,69.76,48.6
2017-04-10 06:00:00,69.31,48.6
2017-04-10 07:00:00,74.06,48.4
2017-04-10 08:00:00,70.03,50.2
2017-04-10 09:00:00,70.53,52.0
2017-04-10 10:00:00,73.24,53.4
2017-04-10 11:00:00,78.18,54.7
2017-04-10 12:00:00,77.06,53.6
2017-04-10 13:00:00,79.56,55.2
2017-04-10 14:00:00,82.95,55.2
2017-04-10 15:00:00,81.86,55.0
2017-04-10 16:00:00,73.36,55.0
2017-04-10 17:00:00,82.42,55.4
2017-04-10 18:00:00,89.99,54.7
2017-04-10 19:00:00,92.81,53.8
2017-04-10 20:00:00,93.68,52.5
2017-04-10 21:00:00,101.4,49.8
2017-04-10 22:00:00,104.6,48.7
2017-04-10 23:00:00,101.49,47.7
2017-04-11 00:00:00,97.32,47.3
2017-04-11 01:00:00,91.06,46.9
2017-04-11 02:00:00,86.68,45.0
2017-04-11 03:00:00,84.29,43.5
2017-04-11 04:00:00,83.22,44.2
2017-04-11 05:00:00,80.86,43.5
2017-04-11 06:00:00,66.5,43.3
2017-04-11 07:00:00,69.92,45.0
2017-04-11 08:00:00,71.72,48.2
2017-04-11 09:00:00,76.62,50.2
2017-04-11 10:00:00,79.11,52.0
2017-04-11 11:00:00,82.58,54.9
2017-04-11 12:00:00,85.19,56.3
2017-04-11 13:00:00,79.84,58.6
2017-04-11 14:00:00,69.95,58.8
2017-04-11 15:00:00,70.26,60.8
2017-04-11 16:00:00,77.01,61.0
2017-04-11 17:00:00,86.08,60.1
2017-04-11 18:00:00,80.65,58.8
2017-04-11 19:00:00,87.51,55.8
2017-04-11 20:00:00,104.12,53.6
2017-04-11 21:00:00,108.14,52.5
2017-04-11 22:00:00,99.26,50.2
2017-04-11 23:00:00,103.99,48.0
2017-04-12 00:00:00,104.79,46.4
2017-04-12 01:00:00,107.99,44.6
2017-04-12 02:00:00,89.86,43.9
2017-04-12 03:00:00,90.91,43.3
2017-04-12 04:00:00,86.02,42.6
2017-04-12 05:00:00,80.21,43.5
2017-04-12 06:00:00,79.58,44.1
2017-04-12 07:00:00,73.29,47.5
2017-04-12 08:00:00,73.97,49.3
2017-04-12 09:00:00,82.35,52.2
2017-04-12 10:00:00,91.81,54.5
2017-04-12 11:00:00,86.02,55.4
2017-04-12 12:00:00,88.62,58.3
2017-04-12 13:00:00,90.78,58.3
2017-04-12 14:00:00,79.68,59.9
2017-04-12 15:00:00,78.88,61.0
2017-04-12 16:00:00,75.53,60.6
2017-04-12 17:00:00,76.01,59.9
2017-04-12 18:00:00,89.65,59.0
2017-04-12 19:00:00,103.71,57.6
2017-04-12 20:00:00,109.98,55.4
2017-04-12 21:00:00,97.2,54.5
2017-04-12 22:00:00,102.98,53.6
2017-04-12 23:00:00,107.85,52.2
2017-04-13 00:00:00,101.34,50.4
2017-04-13 01:00:00,99.89,48.0
2017-04-13 02:00:00,91.05,46.9
2017-04-13 03:00:00,86.3,47.1
2017-04-13 04:00:00,82.31,42.8
2017-04-13 05:00:00,84.32,44.1
2017-04-13 06:00:00,79.64,44.4
2017-04-13 07:00:00,76.64,47.3
2017-04-13 08:00:00,76.12,50.0
2017-04-13 09:00:00,75.61,50.9
2017-04-13 10:00:00,81.8,54.1
2017-04-13 11:00:00,81.19,53.6
2017-04-13 12:00:00,85.44,54.3
2017-04-13 13:00:00,90.42,55.4
2017-04-13 14:00:00,92.69,57.0
2017-04-13 15:00:00,85.94,56.3
2017-04-13 16:00:00,87.92,55.8
2017-04-13 17:00:00,94.88,55.0
2017-04-13 18:00:00,102.75,53.8
2017-04-13 19:00:00,114.55,52.7
2017-04-13 20:00:00,104.61,52.3
2017-04-13 21:00:00,103.16,52.0
2017-04-13 22:00:00,98.48,51.6
2017-04-13 23:00:00,97.35,51.3
2017-04-14 00:00:00,98.28,50.0
2017-04-14 01:00:00,105.92,50.5
2017-04-14 02:00:00,105.31,49.5
2017-04-14 03:00:00,96.48,48.9
2017-04-14 04:00:00,86.16,48.0
2017-04-14 05:00:00,71.12,45.5
2017-04-14 06:00:00,70.66,45.7
2017-04-14 07:00:00,82.92,47.3
2017-04-14 08:00:00,79.39,49.1
2017-04-14 09:00:00,84.71,51.1
2017-04-14 10:00:00,76.42,51.4
2017-04-14 11:00:00,80.44,54.7
2017-04-14 12:00:00,90.1,58.3
2017-04-14 13:00:00,81.4,57.4
2017-04-14 14:00:00,77.08,56.7
2017-04-14 15:00:00,78.95,57.7
2017-04-14 16:00:00,84.78,57.4
2017-04-14 17:00:00,85.84,57.7
2017-04-14 18:00:00,85.56,56.8
2017-04-14 19:00:00,93.05,55.9
2017-04-14 20:00:00,97.61,55.2
2017-04-14 21:00:00,94.72,52.9
2017-04-14 22:00:00,97.54,51.1
2017-04-14 23:00:00,100.72,51.4
2017-04-15 00:00:00,99.75,51.1
2017-04-15 01:00:00,93.29,50.7
2017-04-15 02:00:00,92.2,50.4
2017-04-15 03:00:00,86.34,49.1
2017-04-15 04:00:00,78.28,49.6
2017-04-15 05:00:00,81.65,49.8
2017-04-15 06:00:00,76.09,50.5
2017-04-15 07:00:00,66.94,51.3
2017-04-15 08:00:00,73.95,50.9
2017-04-15 09:00:00,89.34,51.6
2017-04-15 10:00:00,77.4,52.5
2017-04-15 11:00:00,88.86,53.4
2017-04-15 12:00:00,97.86,54.9
2017-04-15 13:00:00,91.92,56.3
2017-04-15 14:00:00,92.16,59.9
2017-04-15 15:00:00,93.98,57.0
2017-04-15 16:00:00,87.11,55.8
2017-04-15 17:00:00,80.36,55.8
2017-04-15 18:00:00,81.56,55.0
2017-04-15 19:00:00,87.31,53.6
2017-04-15 20:00:00,97.76,51.8
2017-04-15 21:00:00,101.84,50.0
2017-04-15 22:00:00,93.94,48.4
2017-04-15 23:00:00,104.58,46.8
2017-04-16 00:00:00,107.29,46.8
2017-04-16 01:00:00,113.98,43.5
2017-04-16 02:00:00,102.74,43.3
2017-04-16 03:00:00,102.72,44.6
2017-04-16 04:00:00,99.5,44.1
2017-04-16 05:00:00,93.34,44.4
2017-04-16 06:00:00,86.32,45.0
2017-04-16 07:00:00,83.32,46.2
2017-04-16 08:00:00,86.09,46.8
2017-04-16 09:00:00,76.31,53.1
2017-04-16 10:00:00,81.39,55.2
2017-04-16 11:00:00,86.76,55.0
2017-04-16 12:00:00,89.11,58.1
2017-04-16 13:00:00,90.22,58.5
2017-04-16 14:00:00,87.88,58.6
2017-04-16 15:00:00,93.52,58.1
2017-04-16 16:00:00,91.01,57.0
2017-04-16 17:00:00,91.39,56.5
2017-04-16 18:00:00,96.68,56.1
2017-04-16 19:00:00,100.04,54.1
2017-04-16 20:00:00,101.75,53.4
2017-04-16 21:00:00,101.95,51.4
2017-04-16 22:00:00,101.55,50.9
2017-04-16 23:00:00,103.61,51.6
2017-04-17 00:00:00,111.44,48.0
2017-04-17 01:00:00,113.03,48.2
2017-04-17 02:00:00,108.43,48.0
2017-04-17 03:00:00,98.73,48.0
2017-04-17 04:00:00,96.13,47.8
2017-04-17 05:00:00,101.93,47.7
2017-04-17 06:00:00,97.33,46.4
2017-04-17 07:00:00,86.63,46.2
2017-04-17 08:00:00,91.63,46.8
2017-04-17 09:00:00,91.13,47.8
2017-04-17 10:00:00,92.23,48.9
2017-04-17 11:00:00,97.63,50.2
2017-04-17 12:00:00,98.73,51.1
2017-04-17 13:00:00,100.33,52.2
2017-04-17 14:00:00,99.03,52.9
2017-04-17 15:00:00,97.13,53.2
2017-04-17 16:00:00,96.43,53.6
2017-04-17 17:00:00,108.83,53.1
2017-04-17 18:00:00,108.93,52.2
2017-04-17 19:00:00,116.03,51.6
2017-04-17 20:00:00,117.63,50.7
2017-04-17 21:00:00,115.63,50.2
2017-04-17 22:00:00,110.03,48.6
2017-04-17 23:00:00,120.83,46.4
2017-04-18 00:00:00,128.63,43.5
2017-04-18 01:00:00,126.43,41.7
2017-04-18 02:00:00,123.13,40.8
2017-04-18 03:00:00,110.73,41.0
2017-04-18 04:00:00,109.53,41.0
2017-04-18 05:00:00,114.53,42.1
2017-04-18 06:00:00,110.53,42.3
2017-04-18 07:00:00,103.73,43.2
2017-04-18 08:00:00,99.33,45.0
2017-04-18 09:00:00,94.23,47.3
2017-04-18 10:00:00,98.43,48.7
2017-04-18 11:00:00,104.93,49.8
2017-04-18 12:00:00,106.23,52.5
2017-04-18 13:00:00,105.93,53.4
2017-04-18 14:00:00,103.53,53.6
2017-04-18 15:00:00,108.63,55.4
2017-04-18 16:00:00,103.03,54.9
2017-04-18 17:00:00,105.93,52.5
2017-04-18 18:00:00,116.93,51.1
2017-04-18 19:00:00,118.23,50.0
2017-04-18 20:00:00,129.53,48.0
2017-04-18 21:00:00,125.93,46.6
2017-04-18 22:00:00,138.23,45.9
2017-04-18 23:00:00,137.03,44.6
2017-04-19 00:00:00,133.17,43.2
2017-04-19 01:00:00,143.69,43.2
2017-04-19 02:00:00,125.22,41.5
2017-04-19 03:00:00,126.48,40.1
2017-04-19 04:00:00,123.0,39.0
2017-04-19 05:00:00,114.29,38.1
2017-04-19 06:00:00,110.91,39.4
2017-04-19 07:00:00,104.96,43.5
2017-04-19 08:00:00,109.09,47.7
2017-04-19 09:00:00,104.64,49.8
2017-04-19 10:00:00,100.58,52.9
2017-04-19 11:00:00,108.41,54.0
2017-04-19 12:00:00,110.04,55.8
2017-04-19 13:00:00,113.44,55.6
2017-04-19 14:00:00,117.65,57.4
2017-04-19 15:00:00,110.44,56.5
2017-04-19 16:00:00,109.84,56.8
2017-04-19 17:00:00,108.61,55.8
2017-04-19 18:00:00,121.9,55.8
2017-04-19 19:00:00,117.58,54.3
2017-04-19 20:00:00,132.91,48.7
2017-04-19 21:00:00,134.09,46.4
2017-04-19 22:00:00,144.98,46.0
2017-04-19 23:00:00,143.57,45.5
2017-04-20 00:00:00,124.91,45.0
2017-04-20 01:00:00,137.22,44.6
2017-04-20 02:00:00,139.36,44.6
2017-04-20 03:00:00,126.36,44.6
2017-04-20 04:00:00,115.42,43.3
2017-04-20 05:00:00,107.35,43.5
2017-04-20 06:00:00,92.11,44.2
2017-04-20 07:00:00,99.51,45.7
2017-04-20 08:00:00,112.75,48.7
2017-04-20 09:00:00,103.16,52.7
2017-04-20 10:00:00,94.3,53.4
2017-04-20 11:00:00,96.0,56.1
2017-04-20 12:00:00,104.94,57.7
2017-04-20 13:00:00,110.48,57.9
2017-04-20 14:00:00,102.76,57.0
2017-04-20 15:00:00,100.9,56.8
2017-04-20 16:00:00,105.0,57.6
2017-04-20 17:00:00,107.6,59.9
2017-04-20 18:00:00,100.9,57.0
2017-04-20 19:00:00,112.3,54.7
2017-04-20 20:00:00,125.98,54.5
2017-04-20 21:00:00,119.26,54.3
2017-04-20 22:00:00,126.7,53.4
2017-04-20 23:00:00,128.52,51.6
2017-04-21 00:00:00,120.25,51.1
2017-04-21 01:00:00,118.55,48.7
2017-04-21 02:00:00,117.26,48.2
2017-04-21 03:00:00,113.25,46.9
2017-04-21 04:00:00,101.75,45.3
2017-04-21 05:00:00,94.7,45.7
2017-04-21 06:00:00,85.0,48.2
2017-04-21 07:00:00,86.82,49.5
2017-04-21 08:00:00,90.82,51.1
2017-04-21 09:00:00,102.42,53.2
2017-04-21 10:00:00,105.1,55.6
2017-04-21 11:00:00,103.24,58.8
2017-04-21 12:00:00,101.78,58.8
2017-04-21 13:00:00,104.44,59.5
2017-04-21 14:00:00,103.94,59.5
2017-04-21 15:00:00,107.12,59.2
2017-04-21 16:00:00,107.25,58.8
2017-04-21 17:00:00,100.11,57.9
2017-04-21 18:00:00,111.52,56.8
2017-04-21 19:00:00,124.41,56.1
2017-04-21 20:00:00,117.62,55.6
2017-04-21 21:00:00,127.89,54.7
2017-04-21 22:00:00,120.72,54.7
2017-04-21 23:00:00,116.44,54.3
2017-04-22 00:00:00,111.71,53.4
2017-04-22 01:00:00,113.51,52.7
2017-04-22 02:00:00,114.19,50.7
2017-04-22 03:00:00,113.94,50.7
2017-04-22 04:00:00,105.69,48.7
2017-04-22 05:00:00,99.89,48.0
2017-04-22 06:00:00,91.92,48.7
2017-04-22 07:00:00,81.89,48.7
2017-04-22 08:00:00,104.75,49.8
2017-04-22 09:00:00,112.72,50.4
2017-04-22 10:00:00,101.09,51.8
2017-04-22 11:00:00,102.25,53.6
2017-04-22 12:00:00,107.2,56.3
2017-04-22 13:00:00,110.85,56.7
2017-04-22 14:00:00,112.46,59.0
2017-04-22 15:00:00,103.94,62.2
2017-04-22 16:00:00,96.96,59.9
2017-04-22 17:00:00,108.29,59.4
2017-04-22 18:00:00,122.61,59.2
2017-04-22 19:00:00,130.06,57.6
2017-04-22 20:00:00,127.4,54.3
2017-04-22 21:00:00,141.98,50.0
2017-04-22 22:00:00,142.72,47.8
2017-04-22 23:00:00,133.2,46.6
2017-04-23 00:00:00,124.49,46.6
2017-04-23 01:00:00,126.07,47.5
2017-04-23 02:00:00,115.95,47.1
2017-04-23 03:00:00,118.9,46.9
2017-04-23 04:00:00,109.42,46.8
2017-04-23 05:00:00,94.46,46.4
2017-04-23 06:00:00,93.41,46.9
2017-04-23 07:00:00,89.99,47.5
2017-04-23 08:00:00,103.76,49.3
2017-04-23 09:00:00,107.91,51.1
2017-04-23 10:00:00,94.85,55.4
2017-04-23 11:00:00,98.46,53.8
2017-04-23 12:00:00,97.89,56.1
2017-04-23 13:00:00,110.72,59.0
2017-04-23 14:00:00,98.94,60.6
2017-04-23 15:00:00,95.4,60.6
2017-04-23 16:00:00,91.48,60.6
2017-04-23 17:00:00,102.94,59.4
2017-04-23 18:00:00,102.49,59.4
2017-04-23 19:00:00,125.11,56.8
2017-04-23 20:00:00,132.18,53.8
2017-04-23 21:00:00,141.7,51.4
2017-04-23 22:00:00,138.43,49.5
2017-04-23 23:00:00,131.5,48.2
2017-04-24 00:00:00,132.87,47.3
2017-04-24 01:00:00,132.56,45.1
2017-04-24 02:00:00,118.59,45.1
2017-04-24 03:00:00,114.95,44.2
2017-04-24 04:00:00,104.98,45.0
2017-04-24 05:00:00,99.06,41.9
2017-04-24 06:00:00,96.25,44.2
2017-04-24 07:00:00,90.94,47.7
2017-04-24 08:00:00,100.61,51.8
2017-04-24 09:00:00,104.36,53.6
2017-04-24 10:00:00,105.64,52.2
2017-04-24 11:00:00,100.34,54.9
2017-04-24 12:00:00,99.92,52.3
2017-04-24 13:00:00,117.52,55.2
2017-04-24 14:00:00,102.1,55.8
2017-04-24 15:00:00,104.38,54.9
2017-04-24 16:00:00,110.56,55.4
2017-04-24 17:00:00,108.32,54.1
2017-04-24 18:00:00,129.81,50.5
2017-04-24 19:00:00,159.66,50.0
2017-04-24 20:00:00,152.2,48.9
2017-04-24 21:00:00,153.12,47.7
2017-04-24 22:00:00,155.06,44.1
2017-04-24 23:00:00,156.62,42.3
2017-04-25 00:00:00,161.35,40.3
2017-04-25 01:00:00,136.93,38.7
2017-04-25 02:00:00,134.36,37.6
2017-04-25 03:00:00,116.74,36.7
2017-04-25 04:00:00,122.8,32.9
2017-04-25 05:00:00,117.3,34.2
2017-04-25 06:00:00,108.09,37.4
2017-04-25 07:00:00,103.81,39.4
2017-04-25 08:00:00,113.31,41.9
2017-04-25 09:00:00,119.06,43.9
2017-04-25 10:00:00,117.64,46.2
2017-04-25 11:00:00,125.22,48.6
2017-04-25 12:00:00,138.96,48.7
2017-04-25 13:00:00,126.41,48.9
2017-04-25 14:00:00,119.81,49.8
2017-04-25 15:00:00,128.22,52.5
2017-04-25 16:00:00,129.66,47.7
2017-04-25 17:00:00,126.74,49.1
2017-04-25 18:00:00,137.6,45.9
2017-04-25 19:00:00,169.84,42.8
2017-04-25 20:00:00,182.86,40.3
2017-04-25 21:00:00,185.21,38.7
2017-04-25 22:00:00,184.99,38.5
2017-04-25 23:00:00,174.42,37.2
2017-04-26 00:00:00,161.18,36.9
2017-04-26 01:00:00,154.36,36.5
2017-04-26 02:00:00,142.84,36.5
2017-04-26 03:00:00,136.64,36.9
2017-04-26 04:00:00,126.29,36.7
2017-04-26 05:00:00,112.42,37.6
2017-04-26 06:00:00,114.48,38.8
2017-04-26 07:00:00,119.09,40.8
2017-04-26 08:00:00,129.34,42.8
2017-04-26 09:00:00,139.56,44.6
2017-04-26 10:00:00,131.35,48.2
2017-04-26 11:00:00,130.29,49.5
2017-04-26 12:00:00,142.45,46.4
2017-04-26 13:00:00,132.45,45.7
2017-04-26 14:00:00,132.68,51.8
2017-04-26 15:00:00,153.35,45.1
2017-04-26 16:00:00,144.94,47.8
2017-04-26 17:00:00,141.61,46.0
2017-04-26 18:00:00,156.64,45.0
2017-04-26 19:00:00,180.51,43.9
2017-04-26 20:00:00,194.29,42.3
2017-04-26 21:00:00,192.36,42.3
2017-04-26 22:00:00,179.36,41.0
2017-04-26 23:00:00,169.32,38.5
2017-04-27 00:00:00,163.3,36.7
2017-04-27 01:00:00,168.82,36.7
2017-04-27 02:00:00,155.28,35.6
2017-04-27 03:00:00,146.26,34.7
2017-04-27 04:00:00,133.16,33.4
2017-04-27 05:00:00,139.29,34.5
2017-04-27 06:00:00,128.0,36.0
2017-04-27 07:00:00,118.99,39.9
2017-04-27 08:00:00,142.05,44.1
2017-04-27 09:00:00,133.99,46.4
2017-04-27 10:00:00,127.89,49.6
2017-04-27 11:00:00,122.91,50.9
2017-04-27 12:00:00,127.95,50.7
2017-04-27 13:00:00,139.94,51.3
2017-04-27 14:00:00,133.43,50.9
2017-04-27 15:00:00,139.59,51.1
2017-04-27 16:00:00,138.11,51.1
2017-04-27 17:00:00,145.81,50.2
2017-04-27 18:00:00,157.61,47.8
2017-04-27 19:00:00,164.74,47.7
2017-04-27 20:00:00,177.05,47.3
2017-04-27 21:00:00,166.8,46.9
2017-04-27 22:00:00,155.79,47.3
2017-04-27 23:00:00,157.91,46.4
2017-04-28 00:00:00,152.99,46.4
2017-04-28 01:00:00,154.16,45.3
2017-04-28 02:00:00,140.43,45.7
2017-04-28 03:00:00,124.04,45.3
2017-04-28 04:00:00,121.86,45.5
2017-04-28 05:00:00,115.15,45.5
2017-04-28 06:00:00,106.39,45.9
2017-04-28 07:00:00,111.99,47.5
2017-04-28 08:00:00,132.0,49.3
2017-04-28 09:00:00,131.75,49.5
2017-04-28 10:00:00,128.7,50.9
2017-04-28 11:00:00,140.41,51.4
2017-04-28 12:00:00,132.51,51.1
2017-04-28 13:00:00,138.12,54.3
2017-04-28 14:00:00,130.86,54.7
2017-04-28 15:00:00,116.09,57.6
2017-04-28 16:00:00,124.09,57.2
2017-04-28 17:00:00,127.44,55.8
2017-04-28 18:00:00,137.52,54.9
2017-04-28 19:00:00,138.64,54.3
2017-04-28 20:00:00,136.12,53.6
2017-04-28 21:00:00,140.93,53.4
2017-04-28 22:00:00,136.09,53.1
2017-04-28 23:00:00,143.29,50.7
2017-04-29 00:00:00,90.06,50.2
2017-04-29 01:00:00,95.7,46.0
2017-04-29 02:00:00,37.28,45.1
2017-04-29 03:00:00,36.28,44.4
2017-04-29 04:00:00,34.15,41.7
2017-04-29 05:00:00,31.59,42.4
2017-04-29 06:00:00,30.28,44.8
2017-04-29 07:00:00,27.78,46.4
2017-04-29 08:00:00,28.03,48.2
2017-04-29 09:00:00,27.78,50.4
2017-04-29 10:00:00,31.09,52.3
2017-04-29 11:00:00,31.22,54.1
2017-04-29 12:00:00,30.03,54.3
2017-04-29 13:00:00,31.59,56.1
2017-04-29 14:00:00,32.72,57.4
2017-04-29 15:00:00,33.97,60.8
2017-04-29 16:00:00,30.78,60.1
2017-04-29 17:00:00,28.66,59.2
2017-04-29 18:00:00,28.9,57.4
2017-04-29 19:00:00,31.66,55.9
2017-04-29 20:00:00,35.53,54.9
2017-04-29 21:00:00,38.28,54.1
2017-04-29 22:00:00,36.59,53.8
2017-04-29 23:00:00,31.78,54.1
2017-04-30 00:00:00,78.78,54.0
2017-04-30 01:00:00,126.74,52.7
2017-04-30 02:00:00,109.39,51.4
2017-04-30 03:00:00,106.01,50.7
2017-04-30 04:00:00,105.91,49.5
2017-04-30 05:00:00,93.06,48.2
2017-04-30 06:00:00,87.02,50.4
2017-04-30 07:00:00,80.97,51.6
2017-04-30 08:00:00,101.2,55.8
2017-04-30 09:00:00,99.89,58.5
2017-04-30 10:00:00,92.42,61.0
2017-04-30 11:00:00,101.96,63.5
2017-04-30 12:00:00,107.24,62.6
2017-04-30 13:00:00,111.69,61.7
2017-04-30 14:00:00,111.74,62.8
2017-04-30 15:00:00,110.81,59.4
2017-04-30 16:00:00,109.6,59.2
2017-04-30 17:00:00,134.04,59.0
2017-04-30 18:00:00,126.72,59.4
2017-04-30 19:00:00,124.01,57.9
2017-04-30 20:00:00,140.55,55.2
2017-04-30 21:00:00,137.26,54.1
2017-04-30 22:00:00,124.72,53.1
2017-04-30 23:00:00,122.11,51.4
2017-05-01 00:00:00,127.82,49.6
2017-05-01 01:00:00,129.06,48.7
2017-05-01 02:00:00,122.75,48.6
2017-05-01 03:00:00,103.48,48.7
2017-05-01 04:00:00,99.48,48.4
2017-05-01 05:00:00,96.69,48.4
2017-05-01 06:00:00,81.18,48.2
2017-05-01 07:00:00,84.59,50.2
2017-05-01 08:00:00,92.71,51.1
2017-05-01 09:00:00,88.28,55.2
2017-05-01 10:00:00,96.1,53.8
2017-05-01 11:00:00,113.59,51.1
2017-05-01 12:00:00,111.24,55.0
2017-05-01 13:00:00,111.38,53.1
2017-05-01 14:00:00,126.61,55.6
2017-05-01 15:00:00,115.38,55.6
2017-05-01 16:00:00,114.26,50.7
2017-05-01 17:00:00,129.6,53.4
2017-05-01 18:00:00,125.78,53.1
2017-05-01 19:00:00,138.44,50.9
2017-05-01 20:00:00,151.68,49.5
2017-05-01 21:00:00,154.6,49.5
2017-05-01 22:00:00,161.88,48.6
2017-05-01 23:00:00,141.82,46.6
2017-05-02 00:00:00,138.29,47.3
2017-05-02 01:00:00,130.26,46.0
2017-05-02 02:00:00,107.92,45.9
2017-05-02 03:00:00,107.86,45.5
2017-05-02 04:00:00,113.21,44.8
2017-05-02 05:00:00,101.19,44.6
2017-05-02 06:00:00,87.31,46.4
2017-05-02 07:00:00,99.74,48.4
2017-05-02 08:00:00,104.31,53.6
2017-05-02 09:00:00,106.6,57.0
2017-05-02 10:00:00,104.11,60.1
2017-05-02 11:00:00,101.78,63.0
2017-05-02 12:00:00,106.16,62.1
2017-05-02 13:00:00,107.81,62.1
2017-05-02 14:00:00,102.5,60.1
2017-05-02 15:00:00,109.04,59.2
2017-05-02 16:00:00,111.68,56.8
2017-05-02 17:00:00,102.76,57.6
2017-05-02 18:00:00,115.98,57.6
2017-05-02 19:00:00,134.3,55.9
2017-05-02 20:00:00,146.26,52.9
2017-05-02 21:00:00,144.18,51.6
2017-05-02 22:00:00,138.4,49.5
2017-05-02 23:00:00,145.59,48.0
2017-05-03 00:00:00,139.04,47.7
2017-05-03 01:00:00,128.65,47.5
2017-05-03 02:00:00,124.45,46.6
2017-05-03 03:00:00,113.28,46.0
2017-05-03 04:00:00,97.65,45.7
2017-05-03 05:00:00,100.89,46.4
2017-05-03 06:00:00,98.19,46.9
2017-05-03 07:00:00,86.78,47.8
2017-05-03 08:00:00,103.72,49.1
2017-05-03 09:00:00,123.51,48.9
2017-05-03 10:00:00,133.51,49.3
2017-05-03 11:00:00,130.89,52.2
2017-05-03 12:00:00,127.99,51.6
2017-05-03 13:00:00,127.58,52.0
2017-05-03 14:00:00,139.65,52.3
2017-05-03 15:00:00,144.78,52.5
2017-05-03 16:00:00,130.57,51.4
2017-05-03 17:00:00,132.31,50.5
2017-05-03 18:00:00,138.98,50.5
2017-05-03 19:00:00,156.24,50.0
2017-05-03 20:00:00,167.59,50.0
2017-05-03 21:00:00,156.4,49.8
2017-05-03 22:00:00,147.56,49.8
2017-05-03 23:00:00,149.9,49.5
2017-05-04 00:00:00,36.93,49.3
2017-05-04 01:00:00,36.31,48.9
2017-05-04 02:00:00,32.5,48.7
2017-05-04 03:00:00,29.06,48.7
2017-05-04 04:00:00,28.06,48.6
2017-05-04 05:00:00,27.43,48.7
2017-05-04 06:00:00,25.06,49.1
2017-05-04 07:00:00,23.75,49.8
2017-05-04 08:00:00,26.18,51.1
2017-05-04 09:00:00,31.87,53.8
2017-05-04 10:00:00,29.37,55.8
2017-05-04 11:00:00,32.37,55.2
2017-05-04 12:00:00,30.5,58.3
2017-05-04 13:00:00,34.18,56.7
2017-05-04 14:00:00,30.81,56.8
2017-05-04 15:00:00,32.56,56.3
2017-05-04 16:00:00,33.18,55.6
2017-05-04 17:00:00,33.56,55.0
2017-05-04 18:00:00,33.75,54.1
2017-05-04 19:00:00,34.93,52.3
2017-05-04 20:00:00,39.0,51.3
2017-05-04 21:00:00,39.81,50.7
2017-05-04 22:00:00,39.5,49.5
2017-05-04 23:00:00,36.93,49.1
2017-05-05 00:00:00,35.12,49.1
2017-05-05 01:00:00,38.0,48.7
2017-05-05 02:00:00,35.0,48.2
2017-05-05 03:00:00,32.75,47.1
2017-05-05 04:00:00,29.31,46.8
2017-05-05 05:00:00,28.56,46.6
2017-05-05 06:00:00,26.37,48.7
2017-05-05 07:00:00,28.0,51.8
2017-05-05 08:00:00,30.0,54.7
2017-05-05 09:00:00,28.43,56.5
2017-05-05 10:00:00,27.25,56.7
2017-05-05 11:00:00,30.31,58.1
2017-05-05 12:00:00,29.25,60.4
2017-05-05 13:00:00,30.62,61.5
2017-05-05 14:00:00,28.12,60.8
2017-05-05 15:00:00,27.25,60.4
2017-05-05 16:00:00,30.68,59.5
2017-05-05 17:00:00,26.81,56.5
2017-05-05 18:00:00,29.12,54.1
2017-05-05 19:00:00,34.25,51.8
2017-05-05 20:00:00,36.81,50.7
2017-05-05 21:00:00,41.87,50.4
2017-05-05 22:00:00,37.5,50.5
2017-05-05 23:00:00,34.81,50.5
2017-05-06 00:00:00,35.12,50.0
2017-05-06 01:00:00,37.37,49.5
2017-05-06 02:00:00,32.0,49.6
2017-05-06 03:00:00,29.12,49.6
2017-05-06 04:00:00,29.12,49.5
2017-05-06 05:00:00,27.56,49.1
2017-05-06 06:00:00,24.62,50.4
2017-05-06 07:00:00,23.81,50.7
2017-05-06 08:00:00,23.37,52.5
2017-05-06 09:00:00,25.56,54.7
2017-05-06 10:00:00,28.06,55.2
2017-05-06 11:00:00,26.18,56.5
2017-05-06 12:00:00,28.18,56.8
2017-05-06 13:00:00,30.18,57.9
2017-05-06 14:00:00,29.68,59.0
2017-05-06 15:00:00,29.31,58.6
2017-05-06 16:00:00,28.75,58.8
2017-05-06 17:00:00,27.37,58.6
2017-05-06 18:00:00,28.12,57.0
2017-05-06 19:00:00,33.12,55.6
2017-05-06 20:00:00,32.12,54.3
2017-05-06 21:00:00,34.5,53.1
2017-05-06 22:00:00,33.87,52.2
2017-05-06 23:00:00,34.68,51.1
2017-05-07 00:00:00,80.41,50.4
2017-05-07 01:00:00,134.48,50.0
2017-05-07 02:00:00,119.18,48.6
2017-05-07 03:00:00,121.04,47.5
2017-05-07 04:00:00,106.36,48.0
2017-05-07 05:00:00,99.4,48.4
2017-05-07 06:00:00,82.39,48.4
2017-05-07 07:00:00,87.05,48.6
2017-05-07 08:00:00,93.94,49.1
2017-05-07 09:00:00,98.36,50.2
2017-05-07 10:00:00,111.41,52.2
2017-05-07 11:00:00,110.79,53.6
2017-05-07 12:00:00,116.02,55.8
2017-05-07 13:00:00,113.29,59.9
2017-05-07 14:00:00,122.31,61.7
2017-05-07 15:00:00,110.91,64.0
2017-05-07 16:00:00,105.41,65.1
2017-05-07 17:00:00,112.34,64.4
2017-05-07 18:00:00,110.42,63.0
2017-05-07 19:00:00,119.12,60.1
2017-05-07 20:00:00,132.62,57.0
2017-05-07 21:00:00,131.59,53.2
2017-05-07 22:00:00,137.99,51.4
2017-05-07 23:00:00,141.61,51.6
2017-05-08 00:00:00,138.46,50.0
2017-05-08 01:00:00,130.68,49.1
2017-05-08 02:00:00,130.38,46.2
2017-05-08 03:00:00,117.46,45.5
2017-05-08 04:00:00,114.26,46.0
2017-05-08 05:00:00,109.98,46.0
2017-05-08 06:00:00,92.4,46.9
2017-05-08 07:00:00,106.39,47.8
2017-05-08 08:00:00,124.56,48.6
2017-05-08 09:00:00,125.35,48.9
2017-05-08 10:00:00,119.98,49.5
2017-05-08 11:00:00,120.74,50.7
2017-05-08 12:00:00,122.81,51.3
2017-05-08 13:00:00,122.01,52.3
2017-05-08 14:00:00,118.45,53.2
2017-05-08 15:00:00,123.74,53.4
2017-05-08 16:00:00,139.96,53.2
2017-05-08 17:00:00,139.06,52.9
2017-05-08 18:00:00,147.55,52.0
2017-05-08 19:00:00,148.64,51.3
2017-05-08 20:00:00,170.0,50.2
2017-05-08 21:00:00,168.65,48.4
2017-05-08 22:00:00,166.51,46.8
2017-05-08 23:00:00,163.46,45.9
2017-05-09 00:00:00,154.54,46.4
2017-05-09 01:00:00,162.78,45.5
2017-05-09 02:00:00,149.36,44.1
2017-05-09 03:00:00,143.14,44.4
2017-05-09 04:00:00,124.3,45.7
2017-05-09 05:00:00,120.95,45.7
2017-05-09 06:00:00,104.98,46.4
2017-05-09 07:00:00,108.28,47.7
2017-05-09 08:00:00,112.59,48.9
2017-05-09 09:00:00,128.7,49.3
2017-05-09 10:00:00,125.81,50.0
2017-05-09 11:00:00,124.16,51.6
2017-05-09 12:00:00,128.18,52.9
2017-05-09 13:00:00,127.69,56.3
2017-05-09 14:00:00,127.3,56.5
2017-05-09 15:00:00,115.91,57.2
2017-05-09 16:00:00,120.94,58.1
2017-05-09 17:00:00,113.9,56.5
2017-05-09 18:00:00,119.46,55.4
2017-05-09 19:00:00,131.51,53.6
2017-05-09 20:00:00,141.72,51.4
2017-05-09 21:00:00,153.21,49.3
2017-05-09 22:00:00,151.31,49.1
2017-05-09 23:00:00,146.31,45.7
2017-05-10 00:00:00,145.14,42.8
2017-05-10 01:00:00,144.12,43.0
2017-05-10 02:00:00,124.34,42.4
2017-05-10 03:00:00,119.29,41.4
2017-05-10 04:00:00,119.95,41.9
2017-05-10 05:00:00,110.36,41.9
2017-05-10 06:00:00,99.59,44.1
2017-05-10 07:00:00,105.19,49.1
2017-05-10 08:00:00,105.44,51.6
2017-05-10 09:00:00,98.89,53.4
2017-05-10 10:00:00,100.88,55.4
2017-05-10 11:00:00,112.69,58.3
2017-05-10 12:00:00,109.9,61.0
2017-05-10 13:00:00,107.1,63.7
2017-05-10 14:00:00,113.05,65.5
2017-05-10 15:00:00,106.54,65.5
2017-05-10 16:00:00,113.64,64.8
2017-05-10 17:00:00,107.85,63.1
2017-05-10 18:00:00,116.54,60.6
2017-05-10 19:00:00,119.81,57.9
2017-05-10 20:00:00,132.43,53.4
2017-05-10 21:00:00,140.65,50.9
2017-05-10 22:00:00,143.56,49.8
2017-05-10 23:00:00,143.51,48.0
2017-05-11 00:00:00,122.84,47.7
2017-05-11 01:00:00,140.06,46.8
2017-05-11 02:00:00,117.5,45.9
2017-05-11 03:00:00,103.98,45.5
2017-05-11 04:00:00,106.35,45.7
2017-05-11 05:00:00,102.6,46.0
2017-05-11 06:00:00,97.96,48.2
2017-05-11 07:00:00,96.05,51.1
2017-05-11 08:00:00,106.46,53.8
2017-05-11 09:00:00,107.65,57.0
2017-05-11 10:00:00,110.58,60.4
2017-05-11 11:00:00,105.61,63.3
2017-05-11 12:00:00,114.15,68.4
2017-05-11 13:00:00,97.04,72.1
2017-05-11 14:00:00,94.79,68.7
2017-05-11 15:00:00,99.78,66.7
2017-05-11 16:00:00,95.41,68.4
2017-05-11 17:00:00,98.91,67.6
2017-05-11 18:00:00,101.18,66.6
2017-05-11 19:00:00,101.46,64.8
2017-05-11 20:00:00,107.14,62.8
2017-05-11 21:00:00,116.62,57.7
2017-05-11 22:00:00,112.52,56.1
2017-05-11 23:00:00,109.99,54.5
2017-05-12 00:00:00,107.78,54.3
2017-05-12 01:00:00,110.35,54.7
2017-05-12 02:00:00,106.88,54.7
2017-05-12 03:00:00,95.01,55.0
2017-05-12 04:00:00,91.2,55.2
2017-05-12 05:00:00,85.64,55.4
2017-05-12 06:00:00,79.91,55.8
2017-05-12 07:00:00,75.99,56.5
2017-05-12 08:00:00,80.36,58.1
2017-05-12 09:00:00,95.11,60.1
2017-05-12 10:00:00,86.16,60.6
2017-05-12 11:00:00,85.91,58.3
2017-05-12 12:00:00,96.2,60.6
2017-05-12 13:00:00,93.42,64.8
2017-05-12 14:00:00,89.58,64.8
2017-05-12 15:00:00,88.14,65.8
2017-05-12 16:00:00,82.4,64.2
2017-05-12 17:00:00,86.02,64.6
2017-05-12 18:00:00,91.94,64.0
2017-05-12 19:00:00,90.69,61.0
2017-05-12 20:00:00,100.22,57.0
2017-05-12 21:00:00,101.34,55.2
2017-05-12 22:00:00,96.71,55.2
2017-05-12 23:00:00,105.04,53.2
2017-05-13 00:00:00,94.62,53.1
2017-05-13 01:00:00,100.45,53.8
2017-05-13 02:00:00,100.28,54.5
2017-05-13 03:00:00,77.91,54.0
2017-05-13 04:00:00,79.81,54.5
2017-05-13 05:00:00,77.51,54.7
2017-05-13 06:00:00,65.2,53.6
2017-05-13 07:00:00,68.56,54.5
2017-05-13 08:00:00,75.2,55.9
2017-05-13 09:00:00,81.99,58.6
2017-05-13 10:00:00,76.62,59.5
2017-05-13 11:00:00,83.25,60.3
2017-05-13 12:00:00,90.12,58.5
2017-05-13 13:00:00,97.36,62.8
2017-05-13 14:00:00,106.18,64.9
2017-05-13 15:00:00,92.11,63.5
2017-05-13 16:00:00,90.34,63.3
2017-05-13 17:00:00,94.81,62.6
2017-05-13 18:00:00,95.98,62.1
2017-05-13 19:00:00,105.31,59.7
2017-05-13 20:00:00,111.22,57.9
2017-05-13 21:00:00,104.8,56.7
2017-05-13 22:00:00,102.66,55.4
2017-05-13 23:00:00,100.06,54.5
2017-05-14 00:00:00,98.61,54.7
2017-05-14 01:00:00,90.96,54.5
2017-05-14 02:00:00,92.55,54.9
2017-05-14 03:00:00,79.71,55.4
2017-05-14 04:00:00,72.71,54.3
2017-05-14 05:00:00,72.4,54.0
2017-05-14 06:00:00,64.78,53.8
2017-05-14 07:00:00,62.75,55.2
2017-05-14 08:00:00,71.1,56.5
2017-05-14 09:00:00,68.4,58.6
2017-05-14 10:00:00,69.29,63.0
2017-05-14 11:00:00,74.79,64.4
2017-05-14 12:00:00,81.0,67.6
2017-05-14 13:00:00,84.12,64.9
2017-05-14 14:00:00,82.46,67.8
2017-05-14 15:00:00,86.88,66.0
2017-05-14 16:00:00,77.1,63.9
2017-05-14 17:00:00,76.42,62.8
2017-05-14 18:00:00,101.34,58.1
2017-05-14 19:00:00,107.72,58.6
2017-05-14 20:00:00,115.69,56.3
2017-05-14 21:00:00,104.5,56.3
2017-05-14 22:00:00,106.44,54.3
2017-05-14 23:00:00,107.22,52.2
2017-05-15 00:00:00,99.74,50.4
2017-05-15 01:00:00,94.82,50.0
2017-05-15 02:00:00,85.08,50.2
2017-05-15 03:00:00,85.28,50.4
2017-05-15 04:00:00,81.0,52.0
2017-05-15 05:00:00,76.44,52.5
2017-05-15 06:00:00,69.2,54.0
2017-05-15 07:00:00,68.28,54.9
2017-05-15 08:00:00,79.32,54.1
2017-05-15 09:00:00,94.19,56.3
2017-05-15 10:00:00,91.3,57.7
2017-05-15 11:00:00,87.04,58.8
2017-05-15 12:00:00,88.19,60.4
2017-05-15 13:00:00,84.58,62.8
2017-05-15 14:00:00,90.0,63.1
2017-05-15 15:00:00,72.88,64.4
2017-05-15 16:00:00,72.25,66.0
2017-05-15 17:00:00,70.01,65.1
2017-05-15 18:00:00,84.82,62.6
2017-05-15 19:00:00,95.59,60.4
2017-05-15 20:00:00,107.64,60.6
2017-05-15 21:00:00,101.4,61.2
2017-05-15 22:00:00,93.2,61.3
2017-05-15 23:00:00,89.58,60.4
2017-05-16 00:00:00,83.71,59.5
2017-05-16 01:00:00,87.48,60.1
2017-05-16 02:00:00,76.8,60.3
2017-05-16 03:00:00,70.59,60.4
2017-05-16 04:00:00,66.18,60.6
2017-05-16 05:00:00,60.4,59.4
2017-05-16 06:00:00,64.08,60.3
2017-05-16 07:00:00,58.06,61.9
2017-05-16 08:00:00,62.08,64.6
2017-05-16 09:00:00,64.71,68.4
2017-05-16 10:00:00,65.46,70.0
2017-05-16 11:00:00,66.99,72.1
2017-05-16 12:00:00,76.08,76.6
2017-05-16 13:00:00,81.24,75.0
2017-05-16 14:00:00,77.11,73.6
2017-05-16 15:00:00,70.84,70.3
2017-05-16 16:00:00,67.39,69.4
2017-05-16 17:00:00,72.71,69.1
2017-05-16 18:00:00,78.21,67.3
2017-05-16 19:00:00,86.1,64.8
2017-05-16 20:00:00,93.68,63.1
2017-05-16 21:00:00,95.7,63.1
2017-05-16 22:00:00,93.84,62.1
2017-05-16 23:00:00,82.55,60.4
2017-05-17 00:00:00,87.1,60.3
2017-05-17 01:00:00,65.18,59.7
2017-05-17 02:00:00,63.95,59.4
2017-05-17 03:00:00,60.45,59.2
2017-05-17 04:00:00,54.19,59.2
2017-05-17 05:00:00,50.94,59.4
2017-05-17 06:00:00,51.29,59.7
2017-05-17 07:00:00,52.65,61.2
2017-05-17 08:00:00,61.3,61.7
2017-05-17 09:00:00,68.61,62.2
2017-05-17 10:00:00,69.97,63.9
2017-05-17 11:00:00,67.65,62.8
2017-05-17 12:00:00,72.41,62.6
2017-05-17 13:00:00,86.29,63.0
2017-05-17 14:00:00,81.1,60.6
2017-05-17 15:00:00,76.05,60.8
2017-05-17 16:00:00,88.02,58.1
2017-05-17 17:00:00,95.46,58.3
2017-05-17 18:00:00,103.3,57.7
2017-05-17 19:00:00,116.99,57.2
2017-05-17 20:00:00,115.51,56.8
2017-05-17 21:00:00,105.95,55.2
2017-05-17 22:00:00,107.92,53.2
2017-05-17 23:00:00,104.08,52.7
2017-05-18 00:00:00,102.48,52.2
2017-05-18 01:00:00,86.05,51.4
2017-05-18 02:00:00,86.16,51.3
2017-05-18 03:00:00,75.36,50.5
2017-05-18 04:00:00,70.72,49.6
2017-05-18 05:00:00,59.61,49.8
2017-05-18 06:00:00,58.26,50.7
2017-05-18 07:00:00,69.09,51.8
2017-05-18 08:00:00,75.28,55.4
2017-05-18 09:00:00,75.45,56.8
2017-05-18 10:00:00,70.06,59.5
2017-05-18 11:00:00,73.2,59.9
2017-05-18 12:00:00,81.36,60.6
2017-05-18 13:00:00,77.28,61.0
2017-05-18 14:00:00,81.4,60.4
2017-05-18 15:00:00,80.38,57.4
2017-05-18 16:00:00,78.64,55.6
2017-05-18 17:00:00,92.42,54.1
2017-05-18 18:00:00,108.4,53.4
2017-05-18 19:00:00,116.32,52.3
2017-05-18 20:00:00,116.46,51.4
2017-05-18 21:00:00,115.0,50.9
2017-05-18 22:00:00,106.18,50.5
2017-05-18 23:00:00,100.84,50.2
2017-05-19 00:00:00,107.65,49.8
2017-05-19 01:00:00,105.99,49.6
2017-05-19 02:00:00,96.6,49.8
2017-05-19 03:00:00,82.6,49.6
2017-05-19 04:00:00,71.55,49.8
2017-05-19 05:00:00,73.36,49.5
2017-05-19 06:00:00,71.12,50.2
2017-05-19 07:00:00,74.28,51.8
2017-05-19 08:00:00,83.54,52.3
2017-05-19 09:00:00,79.96,54.7
2017-05-19 10:00:00,86.06,53.4
2017-05-19 11:00:00,93.46,55.0
2017-05-19 12:00:00,94.95,54.9
2017-05-19 13:00:00,92.65,56.5
2017-05-19 14:00:00,94.96,56.8
2017-05-19 15:00:00,100.49,58.8
2017-05-19 16:00:00,92.45,53.4
2017-05-19 17:00:00,83.95,55.9
2017-05-19 18:00:00,98.89,56.3
2017-05-19 19:00:00,109.95,54.3
2017-05-19 20:00:00,119.56,52.3
2017-05-19 21:00:00,107.99,52.5
2017-05-19 22:00:00,106.65,51.6
2017-05-19 23:00:00,108.5,49.5
2017-05-20 00:00:00,109.04,48.0
2017-05-20 01:00:00,104.48,46.9
2017-05-20 02:00:00,88.2,46.4
2017-05-20 03:00:00,86.21,45.7
2017-05-20 04:00:00,91.12,44.6
2017-05-20 05:00:00,84.92,44.1
2017-05-20 06:00:00,80.4,47.3
2017-05-20 07:00:00,71.92,50.7
2017-05-20 08:00:00,75.39,54.3
2017-05-20 09:00:00,76.81,56.1
2017-05-20 10:00:00,78.04,57.2
2017-05-20 11:00:00,77.8,58.3
2017-05-20 12:00:00,81.36,55.9
2017-05-20 13:00:00,95.65,56.1
2017-05-20 14:00:00,104.78,59.0
2017-05-20 15:00:00,89.42,59.0
2017-05-20 16:00:00,88.74,60.8
2017-05-20 17:00:00,92.99,60.3
2017-05-20 18:00:00,94.58,59.5
2017-05-20 19:00:00,103.16,58.1
2017-05-20 20:00:00,107.31,55.9
2017-05-20 21:00:00,109.29,53.8
2017-05-20 22:00:00,115.48,53.2
2017-05-20 23:00:00,113.34,51.3
2017-05-21 00:00:00,98.91,50.2
2017-05-21 01:00:00,103.46,49.1
2017-05-21 02:00:00,90.5,48.7
2017-05-21 03:00:00,83.71,48.6
2017-05-21 04:00:00,82.44,47.5
2017-05-21 05:00:00,71.31,48.6
2017-05-21 06:00:00,79.76,50.7
2017-05-21 07:00:00,80.75,53.2
2017-05-21 08:00:00,69.8,55.6
2017-05-21 09:00:00,73.66,58.6
2017-05-21 10:00:00,77.35,62.1
2017-05-21 11:00:00,81.99,64.8
2017-05-21 12:00:00,86.86,66.4
2017-05-21 13:00:00,82.24,66.4
2017-05-21 14:00:00,74.45,68.0
2017-05-21 15:00:00,81.99,67.8
2017-05-21 16:00:00,87.58,68.0
2017-05-21 17:00:00,83.6,67.6
2017-05-21 18:00:00,86.42,65.1
2017-05-21 19:00:00,91.28,64.6
2017-05-21 20:00:00,94.56,61.7
2017-05-21 21:00:00,98.29,58.6
2017-05-21 22:00:00,97.88,57.2
2017-05-21 23:00:00,94.15,56.1
2017-05-22 00:00:00,85.35,53.8
2017-05-22 01:00:00,88.44,52.9
2017-05-22 02:00:00,74.2,54.0
2017-05-22 03:00:00,68.59,53.8
2017-05-22 04:00:00,66.81,52.3
2017-05-22 05:00:00,60.74,54.3
2017-05-22 06:00:00,62.99,56.8
2017-05-22 07:00:00,64.56,59.0
2017-05-22 08:00:00,58.19,61.7
2017-05-22 09:00:00,63.45,67.1
2017-05-22 10:00:00,69.61,68.7
2017-05-22 11:00:00,72.68,72.1
2017-05-22 12:00:00,68.76,74.8
2017-05-22 13:00:00,77.79,74.8
2017-05-22 14:00:00,69.49,73.6
2017-05-22 15:00:00,70.88,75.6
2017-05-22 16:00:00,72.4,75.0
2017-05-22 17:00:00,63.66,72.5
2017-05-22 18:00:00,69.08,71.8
2017-05-22 19:00:00,84.68,69.6
2017-05-22 20:00:00,85.86,67.1
2017-05-22 21:00:00,83.76,64.6
2017-05-22 22:00:00,80.25,62.4
2017-05-22 23:00:00,77.9,60.3
2017-05-23 00:00:00,72.89,59.2
2017-05-23 01:00:00,73.45,57.6
2017-05-23 02:00:00,68.39,55.2
2017-05-23 03:00:00,57.39,52.0
2017-05-23 04:00:00,53.52,52.2
2017-05-23 05:00:00,52.44,51.6
2017-05-23 06:00:00,47.41,56.1
2017-05-23 07:00:00,52.39,58.5
2017-05-23 08:00:00,60.4,59.5
2017-05-23 09:00:00,66.74,62.1
2017-05-23 10:00:00,68.81,65.7
2017-05-23 11:00:00,69.76,66.2
2017-05-23 12:00:00,68.95,67.5
2017-05-23 13:00:00,71.92,65.3
2017-05-23 14:00:00,74.84,64.6
2017-05-23 15:00:00,64.12,64.0
2017-05-23 16:00:00,72.79,69.3
2017-05-23 17:00:00,69.09,68.4
2017-05-23 18:00:00,68.45,69.3
2017-05-23 19:00:00,77.45,68.2
2017-05-23 20:00:00,79.78,65.5
2017-05-23 21:00:00,81.31,63.9
2017-05-23 22:00:00,78.65,62.8
2017-05-23 23:00:00,76.16,60.8
2017-05-24 00:00:00,73.7,59.2
2017-05-24 01:00:00,76.74,56.8
2017-05-24 02:00:00,73.54,56.3
2017-05-24 03:00:00,58.25,56.5
2017-05-24 04:00:00,52.91,55.6
2017-05-24 05:00:00,52.98,55.0
2017-05-24 06:00:00,47.51,57.6
2017-05-24 07:00:00,47.2,60.8
2017-05-24 08:00:00,53.56,66.6
2017-05-24 09:00:00,62.54,69.1
2017-05-24 10:00:00,65.01,71.4
2017-05-24 11:00:00,64.76,72.1
2017-05-24 12:00:00,67.59,74.3
2017-05-24 13:00:00,69.44,75.4
2017-05-24 14:00:00,65.75,75.6
2017-05-24 15:00:00,65.68,77.4
2017-05-24 16:00:00,58.31,77.2
2017-05-24 17:00:00,58.59,76.5
2017-05-24 18:00:00,64.4,77.5
2017-05-24 19:00:00,79.38,75.9
2017-05-24 20:00:00,74.6,72.9
2017-05-24 21:00:00,73.99,71.1
2017-05-24 22:00:00,74.86,66.7
2017-05-24 23:00:00,71.59,64.2
2017-05-25 00:00:00,68.78,62.8
2017-05-25 01:00:00,67.12,60.6
2017-05-25 02:00:00,56.39,60.1
2017-05-25 03:00:00,53.96,57.4
2017-05-25 04:00:00,51.16,58.5
2017-05-25 05:00:00,41.29,59.4
2017-05-25 06:00:00,41.01,63.3
2017-05-25 07:00:00,46.2,67.1
2017-05-25 08:00:00,43.4,70.7
2017-05-25 09:00:00,55.95,73.4
2017-05-25 10:00:00,56.16,75.9
2017-05-25 11:00:00,59.91,78.4
2017-05-25 12:00:00,59.78,75.2
2017-05-25 13:00:00,60.22,79.9
2017-05-25 14:00:00,62.51,79.0
2017-05-25 15:00:00,58.79,77.9
2017-05-25 16:00:00,55.19,77.2
2017-05-25 17:00:00,57.01,75.6
2017-05-25 18:00:00,60.65,72.9
2017-05-25 19:00:00,75.79,69.8
2017-05-25 20:00:00,75.06,66.9
2017-05-25 21:00:00,66.89,63.5
2017-05-25 22:00:00,69.8,61.7
2017-05-25 23:00:00,68.82,59.7
2017-05-26 00:00:00,60.96,60.1
2017-05-26 01:00:00,67.75,58.1
2017-05-26 02:00:00,61.39,57.9
2017-05-26 03:00:00,55.88,57.4
2017-05-26 04:00:00,48.04,57.0
2017-05-26 05:00:00,48.58,58.3
2017-05-26 06:00:00,46.28,62.1
2017-05-26 07:00:00,46.39,66.0
2017-05-26 08:00:00,44.08,71.1
2017-05-26 09:00:00,52.41,75.4
2017-05-26 10:00:00,57.88,76.8
2017-05-26 11:00:00,57.19,78.6
2017-05-26 12:00:00,62.21,79.7
2017-05-26 13:00:00,61.39,80.8
2017-05-26 14:00:00,52.69,81.1
2017-05-26 15:00:00,57.22,81.9
2017-05-26 16:00:00,54.46,79.7
2017-05-26 17:00:00,53.98,77.7
2017-05-26 18:00:00,60.66,75.7
2017-05-26 19:00:00,66.54,73.0
2017-05-26 20:00:00,68.64,71.2
2017-05-26 21:00:00,64.94,68.4
2017-05-26 22:00:00,65.61,66.4
2017-05-26 23:00:00,62.26,63.5
2017-05-27 00:00:00,61.25,63.7
2017-05-27 01:00:00,55.46,62.8
2017-05-27 02:00:00,55.29,61.3
2017-05-27 03:00:00,46.7,61.5
2017-05-27 04:00:00,47.04,61.3
2017-05-27 05:00:00,39.7,63.5
2017-05-27 06:00:00,42.14,68.2
2017-05-27 07:00:00,39.48,68.9
2017-05-27 08:00:00,37.49,68.4
2017-05-27 09:00:00,42.74,73.0
2017-05-27 10:00:00,44.94,70.7
2017-05-27 11:00:00,51.14,68.9
2017-05-27 12:00:00,55.59,70.2
2017-05-27 13:00:00,60.38,70.7
2017-05-27 14:00:00,55.84,70.3
2017-05-27 15:00:00,56.32,71.2
2017-05-27 16:00:00,51.41,71.4
2017-05-27 17:00:00,57.81,67.8
2017-05-27 18:00:00,59.8,66.6
2017-05-27 19:00:00,62.88,65.1
2017-05-27 20:00:00,69.69,63.5
2017-05-27 21:00:00,73.34,61.2
2017-05-27 22:00:00,67.6,59.2
2017-05-27 23:00:00,70.3,58.3
2017-05-28 00:00:00,60.85,57.4
2017-05-28 01:00:00,65.03,55.8
2017-05-28 02:00:00,57.82,54.5
2017-05-28 03:00:00,51.24,54.5
2017-05-28 04:00:00,46.36,53.4
2017-05-28 05:00:00,43.66,53.6
2017-05-28 06:00:00,41.85,56.7
2017-05-28 07:00:00,42.48,59.2
2017-05-28 08:00:00,38.78,61.3
2017-05-28 09:00:00,49.08,65.7
2017-05-28 10:00:00,53.46,67.8
2017-05-28 11:00:00,53.12,69.1
2017-05-28 12:00:00,57.34,70.0
2017-05-28 13:00:00,55.89,74.3
2017-05-28 14:00:00,61.1,72.9
2017-05-28 15:00:00,59.5,70.3
2017-05-28 16:00:00,54.04,70.5
2017-05-28 17:00:00,59.64,62.4
2017-05-28 18:00:00,66.46,64.8
2017-05-28 19:00:00,75.42,65.3
2017-05-28 20:00:00,79.9,65.1
2017-05-28 21:00:00,72.32,64.2
2017-05-28 22:00:00,70.88,63.7
2017-05-28 23:00:00,63.82,62.6
2017-05-29 00:00:00,62.14,62.4
2017-05-29 01:00:00,60.34,58.1
2017-05-29 02:00:00,54.36,57.4
2017-05-29 03:00:00,49.86,57.2
2017-05-29 04:00:00,47.74,57.0
2017-05-29 05:00:00,41.09,57.2
2017-05-29 06:00:00,39.33,59.0
2017-05-29 07:00:00,38.06,60.3
2017-05-29 08:00:00,40.92,61.7
2017-05-29 09:00:00,43.95,63.0
2017-05-29 10:00:00,44.64,64.6
2017-05-29 11:00:00,49.24,66.2
2017-05-29 12:00:00,57.7,66.2
2017-05-29 13:00:00,57.44,67.5
2017-05-29 14:00:00,60.09,68.9
2017-05-29 15:00:00,62.45,69.1
2017-05-29 16:00:00,60.41,68.9
2017-05-29 17:00:00,62.61,67.3
2017-05-29 18:00:00,65.5,65.3
2017-05-29 19:00:00,73.65,65.1
2017-05-29 20:00:00,79.97,64.4
2017-05-29 21:00:00,75.7,64.4
2017-05-29 22:00:00,74.3,64.0
2017-05-29 23:00:00,66.82,63.5
2017-05-30 00:00:00,65.22,62.8
2017-05-30 01:00:00,62.98,62.4
2017-05-30 02:00:00,52.8,61.2
2017-05-30 03:00:00,51.11,59.5
2017-05-30 04:00:00,48.31,57.7
2017-05-30 05:00:00,44.9,57.7
2017-05-30 06:00:00,39.72,58.6
2017-05-30 07:00:00,42.99,60.6
2017-05-30 08:00:00,46.55,60.8
2017-05-30 09:00:00,55.92,62.4
2017-05-30 10:00:00,56.39,65.5
2017-05-30 11:00:00,56.29,65.5
2017-05-30 12:00:00,55.94,67.5
2017-05-30 13:00:00,58.52,64.0
2017-05-30 14:00:00,61.62,65.5
2017-05-30 15:00:00,59.62,67.3
2017-05-30 16:00:00,54.49,67.1
2017-05-30 17:00:00,56.02,68.2
2017-05-30 18:00:00,67.7,68.2
2017-05-30 19:00:00,74.11,66.4
2017-05-30 20:00:00,77.24,64.9
2017-05-30 21:00:00,72.3,64.0
2017-05-30 22:00:00,67.94,61.9
2017-05-30 23:00:00,69.62,59.9
2017-05-31 00:00:00,61.58,58.5
2017-05-31 01:00:00,60.39,57.4
2017-05-31 02:00:00,53.56,56.5
2017-05-31 03:00:00,50.12,55.6
2017-05-31 04:00:00,50.44,55.6
2017-05-31 05:00:00,46.96,55.8
2017-05-31 06:00:00,44.96,57.4
2017-05-31 07:00:00,43.38,58.6
2017-05-31 08:00:00,44.92,61.5
2017-05-31 09:00:00,54.96,62.1
2017-05-31 10:00:00,53.74,64.2
2017-05-31 11:00:00,57.36,65.5
2017-05-31 12:00:00,56.05,68.2
2017-05-31 13:00:00,62.74,72.3
2017-05-31 14:00:00,57.55,72.5
2017-05-31 15:00:00,57.5,69.6
2017-05-31 16:00:00,59.46,69.1
2017-05-31 17:00:00,64.72,69.8
2017-05-31 18:00:00,65.66,69.4
2017-05-31 19:00:00,69.66,70.2
2017-05-31 20:00:00,77.01,67.5
2017-05-31 21:00:00,64.84,65.7
2017-05-31 22:00:00,71.38,63.7
2017-05-31 23:00:00,77.44,60.4
2017-06-01 00:00:00,65.85,57.7
2017-06-01 01:00:00,60.15,57.0
2017-06-01 02:00:00,58.46,56.3
2017-06-01 03:00:00,51.69,55.8
2017-06-01 04:00:00,48.5,54.3
2017-06-01 05:00:00,48.21,55.8
2017-06-01 06:00:00,46.55,58.5
2017-06-01 07:00:00,40.24,60.8
2017-06-01 08:00:00,44.65,64.2
2017-06-01 09:00:00,52.6,66.9
2017-06-01 10:00:00,56.28,71.1
2017-06-01 11:00:00,51.56,72.7
2017-06-01 12:00:00,53.72,72.5
2017-06-01 13:00:00,59.12,72.5
2017-06-01 14:00:00,57.24,76.5
2017-06-01 15:00:00,56.99,74.3
2017-06-01 16:00:00,54.76,74.3
2017-06-01 17:00:00,54.6,75.4
2017-06-01 18:00:00,56.52,73.8
2017-06-01 19:00:00,60.18,72.0
2017-06-01 20:00:00,67.0,70.3
2017-06-01 21:00:00,74.59,68.4
2017-06-01 22:00:00,65.53,66.0
2017-06-01 23:00:00,61.84,63.7
2017-06-02 00:00:00,57.81,61.5
2017-06-02 01:00:00,62.71,60.3
2017-06-02 02:00:00,54.02,58.5
2017-06-02 03:00:00,50.86,57.0
2017-06-02 04:00:00,44.41,58.3
2017-06-02 05:00:00,39.9,59.5
2017-06-02 06:00:00,37.05,60.6
2017-06-02 07:00:00,37.74,63.0
2017-06-02 08:00:00,45.21,66.0
2017-06-02 09:00:00,54.82,71.1
2017-06-02 10:00:00,54.2,73.9
2017-06-02 11:00:00,49.91,72.7
2017-06-02 12:00:00,56.7,76.3
2017-06-02 13:00:00,59.34,72.3
2017-06-02 14:00:00,56.22,74.7
2017-06-02 15:00:00,53.88,76.3
2017-06-02 16:00:00,55.75,73.6
2017-06-02 17:00:00,56.4,72.0
2017-06-02 18:00:00,63.81,70.7
2017-06-02 19:00:00,66.64,68.9
2017-06-02 20:00:00,72.18,67.6
2017-06-02 21:00:00,67.01,66.2
2017-06-02 22:00:00,63.38,65.3
2017-06-02 23:00:00,60.69,63.7
2017-06-03 00:00:00,57.6,62.4
2017-06-03 01:00:00,55.81,61.9
2017-06-03 02:00:00,49.04,60.3
2017-06-03 03:00:00,52.42,59.9
2017-06-03 04:00:00,54.01,59.5
2017-06-03 05:00:00,44.15,59.5
2017-06-03 06:00:00,37.54,59.7
2017-06-03 07:00:00,37.62,60.8
2017-06-03 08:00:00,44.82,62.1
2017-06-03 09:00:00,41.1,63.5
2017-06-03 10:00:00,42.6,65.1
2017-06-03 11:00:00,46.92,65.5
2017-06-03 12:00:00,54.9,66.4
2017-06-03 13:00:00,57.31,66.9
2017-06-03 14:00:00,53.06,69.6
2017-06-03 15:00:00,51.94,68.2
2017-06-03 16:00:00,49.26,70.5
2017-06-03 17:00:00,55.09,66.7
2017-06-03 18:00:00,60.24,66.4
2017-06-03 19:00:00,63.92,65.1
2017-06-03 20:00:00,58.06,60.1
2017-06-03 21:00:00,56.65,59.9
2017-06-03 22:00:00,61.35,59.0
2017-06-03 23:00:00,56.21,57.0
2017-06-04 00:00:00,60.8,55.2
2017-06-04 01:00:00,61.05,52.5
2017-06-04 02:00:00,54.38,51.6
2017-06-04 03:00:00,50.91,50.2
2017-06-04 04:00:00,53.19,49.1
2017-06-04 05:00:00,46.42,50.2
2017-06-04 06:00:00,40.55,53.1
2017-06-04 07:00:00,42.21,56.1
2017-06-04 08:00:00,45.3,58.5
2017-06-04 09:00:00,43.55,61.9
2017-06-04 10:00:00,43.08,63.9
2017-06-04 11:00:00,48.29,64.6
2017-06-04 12:00:00,49.55,66.6
2017-06-04 13:00:00,51.32,66.4
2017-06-04 14:00:00,54.38,63.5
2017-06-04 15:00:00,54.04,64.6
2017-06-04 16:00:00,54.94,64.2
2017-06-04 17:00:00,53.08,62.1
2017-06-04 18:00:00,65.08,62.2
2017-06-04 19:00:00,61.76,61.2
2017-06-04 20:00:00,66.81,60.1
2017-06-04 21:00:00,70.75,58.8
2017-06-04 22:00:00,69.68,57.2
2017-06-04 23:00:00,66.21,56.8
2017-06-05 00:00:00,59.44,56.8
2017-06-05 01:00:00,60.72,56.5
2017-06-05 02:00:00,54.84,55.8
2017-06-05 03:00:00,48.86,53.8
2017-06-05 04:00:00,45.82,53.1
2017-06-05 05:00:00,45.01,52.7
2017-06-05 06:00:00,44.55,55.0
2017-06-05 07:00:00,41.25,57.9
2017-06-05 08:00:00,45.31,60.1
2017-06-05 09:00:00,50.15,59.5
2017-06-05 10:00:00,57.22,61.2
2017-06-05 11:00:00,55.8,63.7
2017-06-05 12:00:00,62.54,62.2
2017-06-05 13:00:00,62.89,63.1
2017-06-05 14:00:00,56.1,63.0
2017-06-05 15:00:00,58.35,62.6
2017-06-05 16:00:00,57.91,60.8
2017-06-05 17:00:00,60.08,60.1
2017-06-05 18:00:00,70.22,56.8
2017-06-05 19:00:00,79.29,57.0
2017-06-05 20:00:00,83.34,56.5
2017-06-05 21:00:00,75.26,55.6
2017-06-05 22:00:00,70.47,55.4
2017-06-05 23:00:00,68.5,55.9
2017-06-06 00:00:00,67.2,56.1
2017-06-06 01:00:00,57.86,56.5
2017-06-06 02:00:00,59.21,56.5
2017-06-06 03:00:00,49.41,54.3
2017-06-06 04:00:00,46.31,54.0
2017-06-06 05:00:00,40.26,52.0
2017-06-06 06:00:00,43.08,50.5
2017-06-06 07:00:00,50.12,50.4
2017-06-06 08:00:00,53.52,50.2
2017-06-06 09:00:00,68.75,50.7
2017-06-06 10:00:00,69.28,51.3
2017-06-06 11:00:00,66.55,55.0
2017-06-06 12:00:00,71.91,57.9
2017-06-06 13:00:00,76.25,60.8
2017-06-06 14:00:00,73.54,61.7
2017-06-06 15:00:00,70.58,62.1
2017-06-06 16:00:00,72.19,57.6
2017-06-06 17:00:00,79.26,58.1
2017-06-06 18:00:00,88.78,57.6
2017-06-06 19:00:00,90.5,57.7
2017-06-06 20:00:00,87.24,55.6
2017-06-06 21:00:00,84.95,54.7
2017-06-06 22:00:00,82.05,54.1
2017-06-06 23:00:00,74.5,53.4
2017-06-07 00:00:00,76.97,52.9
2017-06-07 01:00:00,73.0,52.3
2017-06-07 02:00:00,67.58,52.0
2017-06-07 03:00:00,64.44,51.8
2017-06-07 04:00:00,61.39,51.8
2017-06-07 05:00:00,54.01,52.7
2017-06-07 06:00:00,51.6,54.3
2017-06-07 07:00:00,54.59,56.5
2017-06-07 08:00:00,59.08,58.5
2017-06-07 09:00:00,66.49,60.3
2017-06-07 10:00:00,67.9,60.3
2017-06-07 11:00:00,70.28,62.4
2017-06-07 12:00:00,68.69,66.2
2017-06-07 13:00:00,68.64,66.6
2017-06-07 14:00:00,69.15,68.4
2017-06-07 15:00:00,61.52,68.2
2017-06-07 16:00:00,62.11,68.0
2017-06-07 17:00:00,65.9,64.8
2017-06-07 18:00:00,75.65,62.6
2017-06-07 19:00:00,70.64,61.0
2017-06-07 20:00:00,78.38,57.7
2017-06-07 21:00:00,79.4,56.5
2017-06-07 22:00:00,73.94,56.3
2017-06-07 23:00:00,70.42,56.5
2017-06-08 00:00:00,66.25,57.2
2017-06-08 01:00:00,70.59,57.4
2017-06-08 02:00:00,64.53,57.6
2017-06-08 03:00:00,58.81,57.6
2017-06-08 04:00:00,62.09,57.4
2017-06-08 05:00:00,56.29,57.4
2017-06-08 06:00:00,49.66,57.9
2017-06-08 07:00:00,51.52,58.6
2017-06-08 08:00:00,56.9,60.3
2017-06-08 09:00:00,65.85,61.3
2017-06-08 10:00:00,61.94,62.2
2017-06-08 11:00:00,69.82,60.3
2017-06-08 12:00:00,70.28,61.5
2017-06-08 13:00:00,67.86,60.8
2017-06-08 14:00:00,66.59,61.9
2017-06-08 15:00:00,67.05,61.7
2017-06-08 16:00:00,60.61,63.3
2017-06-08 17:00:00,62.39,64.2
2017-06-08 18:00:00,69.25,63.3
2017-06-08 19:00:00,74.72,62.2
2017-06-08 20:00:00,68.71,61.5
2017-06-08 21:00:00,68.21,59.5
2017-06-08 22:00:00,71.41,59.2
2017-06-08 23:00:00,64.14,58.1
2017-06-09 00:00:00,62.55,57.4
2017-06-09 01:00:00,63.34,57.0
2017-06-09 02:00:00,63.0,56.5
2017-06-09 03:00:00,57.35,55.4
2017-06-09 04:00:00,49.74,54.1
2017-06-09 05:00:00,50.34,54.0
2017-06-09 06:00:00,49.74,55.8
2017-06-09 07:00:00,51.3,58.5
2017-06-09 08:00:00,54.34,60.1
2017-06-09 09:00:00,58.44,61.2
2017-06-09 10:00:00,62.59,62.8
2017-06-09 11:00:00,59.69,67.1
2017-06-09 12:00:00,61.42,66.0
2017-06-09 13:00:00,63.19,67.6
2017-06-09 14:00:00,68.14,66.7
2017-06-09 15:00:00,58.19,68.4
2017-06-09 16:00:00,57.88,67.8
2017-06-09 17:00:00,58.56,67.6
2017-06-09 18:00:00,58.85,66.7
2017-06-09 19:00:00,60.06,65.7
2017-06-09 20:00:00,62.01,63.5
2017-06-09 21:00:00,62.26,61.7
2017-06-09 22:00:00,59.05,60.6
2017-06-09 23:00:00,64.41,59.0
2017-06-10 00:00:00,59.35,57.7
2017-06-10 01:00:00,59.26,57.2
2017-06-10 02:00:00,60.5,56.7
2017-06-10 03:00:00,54.81,56.7
2017-06-10 04:00:00,45.19,56.8
2017-06-10 05:00:00,44.92,57.4
2017-06-10 06:00:00,45.49,58.6
2017-06-10 07:00:00,48.39,61.5
2017-06-10 08:00:00,42.51,64.8
2017-06-10 09:00:00,44.76,67.6
2017-06-10 10:00:00,47.5,69.6
2017-06-10 11:00:00,54.75,71.4
2017-06-10 12:00:00,58.11,73.4
2017-06-10 13:00:00,55.65,73.0
2017-06-10 14:00:00,51.0,74.1
2017-06-10 15:00:00,51.46,70.2
2017-06-10 16:00:00,47.96,69.8
2017-06-10 17:00:00,51.65,69.8
2017-06-10 18:00:00,55.02,69.8
2017-06-10 19:00:00,59.79,69.3
2017-06-10 20:00:00,60.04,67.3
2017-06-10 21:00:00,59.95,65.8
2017-06-10 22:00:00,62.6,64.2
2017-06-10 23:00:00,63.22,63.0
2017-06-11 00:00:00,60.76,62.6
2017-06-11 01:00:00,57.56,62.4
2017-06-11 02:00:00,56.2,63.0
2017-06-11 03:00:00,50.98,62.8
2017-06-11 04:00:00,48.78,62.2
2017-06-11 05:00:00,47.72,62.2
2017-06-11 06:00:00,44.94,62.2
2017-06-11 07:00:00,42.29,63.7
2017-06-11 08:00:00,42.51,66.9
2017-06-11 09:00:00,44.86,70.7
2017-06-11 10:00:00,48.48,70.7
2017-06-11 11:00:00,51.75,72.7
2017-06-11 12:00:00,53.29,72.7
2017-06-11 13:00:00,58.26,73.0
2017-06-11 14:00:00,56.59,69.4
2017-06-11 15:00:00,62.0,71.4
2017-06-11 16:00:00,56.71,70.9
2017-06-11 17:00:00,52.48,69.3
2017-06-11 18:00:00,55.32,66.6
2017-06-11 19:00:00,62.34,65.8
2017-06-11 20:00:00,64.86,63.5
2017-06-11 21:00:00,67.36,60.8
2017-06-11 22:00:00,69.44,59.4
2017-06-11 23:00:00,66.78,57.4
2017-06-12 00:00:00,61.42,56.3
2017-06-12 01:00:00,64.85,55.4
2017-06-12 02:00:00,58.65,54.3
2017-06-12 03:00:00,58.18,55.2
2017-06-12 04:00:00,46.94,55.4
2017-06-12 05:00:00,43.85,56.3
2017-06-12 06:00:00,42.02,56.7
2017-06-12 07:00:00,54.18,57.9
2017-06-12 08:00:00,51.29,59.2
2017-06-12 09:00:00,48.15,61.0
2017-06-12 10:00:00,55.09,61.9
2017-06-12 11:00:00,56.78,64.8
2017-06-12 12:00:00,55.08,63.0
2017-06-12 13:00:00,58.85,63.3
2017-06-12 14:00:00,59.52,65.7
2017-06-12 15:00:00,57.12,65.8
2017-06-12 16:00:00,57.85,68.0
2017-06-12 17:00:00,55.35,66.6
2017-06-12 18:00:00,48.31,67.5
2017-06-12 19:00:00,50.19,65.7
2017-06-12 20:00:00,59.51,63.1
2017-06-12 21:00:00,63.48,60.4
2017-06-12 22:00:00,59.5,58.8
2017-06-12 23:00:00,59.2,56.7
2017-06-13 00:00:00,58.54,55.6
2017-06-13 01:00:00,60.0,54.0
2017-06-13 02:00:00,55.92,52.7
2017-06-13 03:00:00,48.96,51.6
2017-06-13 04:00:00,51.51,50.7
2017-06-13 05:00:00,44.66,51.3
2017-06-13 06:00:00,40.51,54.0
2017-06-13 07:00:00,41.59,57.6
2017-06-13 08:00:00,48.74,61.0
2017-06-13 09:00:00,48.61,64.6
2017-06-13 10:00:00,55.82,66.7
2017-06-13 11:00:00,56.56,69.3
2017-06-13 12:00:00,57.4,70.5
2017-06-13 13:00:00,58.81,72.5
2017-06-13 14:00:00,54.75,74.1
2017-06-13 15:00:00,54.8,74.7
2017-06-13 16:00:00,51.76,75.6
2017-06-13 17:00:00,51.32,73.0
2017-06-13 18:00:00,59.0,72.3
2017-06-13 19:00:00,56.0,71.6
2017-06-13 20:00:00,58.05,70.2
2017-06-13 21:00:00,58.86,69.1
2017-06-13 22:00:00,57.4,68.7
2017-06-13 23:00:00,56.91,64.9
2017-06-14 00:00:00,56.95,61.7
2017-06-14 01:00:00,57.04,59.5
2017-06-14 02:00:00,53.4,58.1
2017-06-14 03:00:00,46.08,56.7
2017-06-14 04:00:00,40.59,57.6
2017-06-14 05:00:00,41.35,59.2
2017-06-14 06:00:00,35.39,63.7
2017-06-14 07:00:00,38.16,66.9
2017-06-14 08:00:00,39.56,70.0
2017-06-14 09:00:00,49.09,72.7
2017-06-14 10:00:00,57.2,75.4
2017-06-14 11:00:00,51.19,77.5
2017-06-14 12:00:00,53.64,78.6
2017-06-14 13:00:00,55.14,78.4
2017-06-14 14:00:00,49.48,77.4
2017-06-14 15:00:00,48.76,77.4
2017-06-14 16:00:00,50.19,79.0
2017-06-14 17:00:00,47.06,77.9
2017-06-14 18:00:00,46.99,76.8
2017-06-14 19:00:00,54.84,75.0
2017-06-14 20:00:00,61.16,70.7
2017-06-14 21:00:00,54.86,67.3
2017-06-14 22:00:00,51.4,65.3
2017-06-14 23:00:00,55.74,63.5
2017-06-15 00:00:00,53.39,61.7
2017-06-15 01:00:00,52.09,63.5
2017-06-15 02:00:00,52.58,63.3
2017-06-15 03:00:00,42.28,61.0
2017-06-15 04:00:00,39.84,59.0
2017-06-15 05:00:00,37.15,59.4
2017-06-15 06:00:00,39.52,61.7
2017-06-15 07:00:00,37.01,64.8
2017-06-15 08:00:00,38.41,67.8
2017-06-15 09:00:00,50.84,70.9
2017-06-15 10:00:00,51.16,73.6
2017-06-15 11:00:00,50.88,75.7
2017-06-15 12:00:00,53.21,71.4
2017-06-15 13:00:00,52.36,76.8
2017-06-15 14:00:00,49.48,72.5
2017-06-15 15:00:00,48.55,73.9
2017-06-15 16:00:00,50.12,73.0
2017-06-15 17:00:00,53.12,70.2
2017-06-15 18:00:00,56.08,68.0
2017-06-15 19:00:00,61.01,66.0
2017-06-15 20:00:00,64.5,63.3
2017-06-15 21:00:00,59.36,61.0
2017-06-15 22:00:00,56.01,59.4
2017-06-15 23:00:00,55.72,58.1
2017-06-16 00:00:00,53.69,55.9
2017-06-16 01:00:00,46.95,54.9
2017-06-16 02:00:00,45.34,53.4
2017-06-16 03:00:00,47.71,53.2
2017-06-16 04:00:00,45.44,52.7
2017-06-16 05:00:00,40.56,53.8
2017-06-16 06:00:00,40.34,57.0
2017-06-16 07:00:00,40.64,59.7
2017-06-16 08:00:00,40.39,62.2
2017-06-16 09:00:00,45.69,64.0
2017-06-16 10:00:00,50.86,65.7
2017-06-16 11:00:00,47.6,66.6
2017-06-16 12:00:00,48.91,68.9
2017-06-16 13:00:00,51.22,71.6
2017-06-16 14:00:00,48.82,74.7
2017-06-16 15:00:00,49.08,74.3
2017-06-16 16:00:00,51.56,74.3
2017-06-16 17:00:00,50.46,74.5
2017-06-16 18:00:00,52.32,72.3
2017-06-16 19:00:00,54.7,72.5
2017-06-16 20:00:00,56.96,70.2
2017-06-16 21:00:00,62.6,69.4
2017-06-16 22:00:00,67.5,67.1
2017-06-16 23:00:00,54.95,65.1
2017-06-17 00:00:00,56.95,63.1
2017-06-17 01:00:00,52.74,61.5
2017-06-17 02:00:00,47.46,61.0
2017-06-17 03:00:00,44.3,59.5
2017-06-17 04:00:00,42.31,58.6
2017-06-17 05:00:00,41.02,58.8
2017-06-17 06:00:00,40.95,61.7
2017-06-17 07:00:00,37.61,64.9
2017-06-17 08:00:00,42.81,68.7
2017-06-17 09:00:00,40.72,72.5
2017-06-17 10:00:00,44.04,76.1
2017-06-17 11:00:00,49.48,78.8
2017-06-17 12:00:00,47.16,82.2
2017-06-17 13:00:00,48.72,82.9
2017-06-17 14:00:00,50.86,81.9
2017-06-17 15:00:00,50.78,83.1
2017-06-17 16:00:00,48.46,84.7
2017-06-17 17:00:00,48.28,84.0
2017-06-17 18:00:00,48.24,83.7
2017-06-17 19:00:00,49.19,82.6
2017-06-17 20:00:00,48.65,80.4
2017-06-17 21:00:00,52.58,77.2
2017-06-17 22:00:00,59.8,73.8
2017-06-17 23:00:00,55.45,70.3
2017-06-18 00:00:00,56.7,68.2
2017-06-18 01:00:00,55.7,66.6
2017-06-18 02:00:00,50.01,65.3
2017-06-18 03:00:00,45.46,64.6
2017-06-18 04:00:00,43.6,63.3
2017-06-18 05:00:00,41.25,64.4
2017-06-18 06:00:00,40.72,67.5
2017-06-18 07:00:00,40.25,70.9
2017-06-18 08:00:00,39.11,75.9
2017-06-18 09:00:00,41.02,78.8
2017-06-18 10:00:00,46.32,81.5
2017-06-18 11:00:00,50.81,81.9
2017-06-18 12:00:00,52.68,81.3
2017-06-18 13:00:00,49.7,84.7
2017-06-18 14:00:00,53.1,86.0
2017-06-18 15:00:00,48.51,87.6
2017-06-18 16:00:00,50.04,87.8
2017-06-18 17:00:00,49.0,86.7
2017-06-18 18:00:00,53.96,87.1
2017-06-18 19:00:00,52.06,81.9
2017-06-18 20:00:00,49.11,79.2
2017-06-18 21:00:00,55.3,77.4
2017-06-18 22:00:00,57.54,75.9
2017-06-18 23:00:00,54.82,73.4
2017-06-19 00:00:00,55.05,71.1
2017-06-19 01:00:00,49.01,69.3
2017-06-19 02:00:00,45.5,68.9
2017-06-19 03:00:00,46.0,68.2
2017-06-19 04:00:00,39.98,67.1
2017-06-19 05:00:00,39.15,68.7
2017-06-19 06:00:00,40.65,73.4
2017-06-19 07:00:00,38.52,76.5
2017-06-19 08:00:00,40.85,78.6
2017-06-19 09:00:00,47.79,81.5
2017-06-19 10:00:00,51.45,83.7
2017-06-19 11:00:00,51.72,85.5
2017-06-19 12:00:00,54.3,86.9
2017-06-19 13:00:00,50.54,88.2
2017-06-19 14:00:00,49.84,87.4
2017-06-19 15:00:00,50.88,88.9
2017-06-19 16:00:00,49.18,87.6
2017-06-19 17:00:00,51.2,86.2
2017-06-19 18:00:00,48.5,84.7
2017-06-19 19:00:00,53.89,82.8
2017-06-19 20:00:00,52.86,80.4
2017-06-19 21:00:00,56.06,77.7
2017-06-19 22:00:00,56.79,75.9
2017-06-19 23:00:00,58.62,73.4
2017-06-20 00:00:00,55.12,72.9
2017-06-20 01:00:00,50.36,70.5
2017-06-20 02:00:00,45.7,68.4
2017-06-20 03:00:00,41.6,67.8
2017-06-20 04:00:00,43.76,67.8
2017-06-20 05:00:00,38.01,67.8
2017-06-20 06:00:00,39.26,71.4
2017-06-20 07:00:00,37.96,73.4
2017-06-20 08:00:00,41.29,76.1
2017-06-20 09:00:00,47.14,77.0
2017-06-20 10:00:00,50.86,80.4
2017-06-20 11:00:00,52.48,83.5
2017-06-20 12:00:00,51.32,83.1
2017-06-20 13:00:00,45.75,85.6
2017-06-20 14:00:00,45.25,87.3
2017-06-20 15:00:00,46.51,88.0
2017-06-20 16:00:00,45.86,87.1
2017-06-20 17:00:00,48.05,85.1
2017-06-20 18:00:00,46.69,81.3
2017-06-20 19:00:00,50.8,76.6
2017-06-20 20:00:00,52.9,72.7
2017-06-20 21:00:00,50.32,70.0
2017-06-20 22:00:00,54.0,67.8
2017-06-20 23:00:00,59.38,66.4
2017-06-21 00:00:00,52.96,64.9
2017-06-21 01:00:00,54.49,63.9
2017-06-21 02:00:00,46.58,62.8
2017-06-21 03:00:00,42.25,62.2
2017-06-21 04:00:00,37.55,61.9
2017-06-21 05:00:00,41.04,62.8
2017-06-21 06:00:00,39.33,64.4
2017-06-21 07:00:00,37.74,68.4
2017-06-21 08:00:00,44.38,72.5
2017-06-21 09:00:00,49.06,75.7
2017-06-21 10:00:00,47.15,80.2
2017-06-21 11:00:00,48.49,82.9
2017-06-21 12:00:00,51.24,86.4
2017-06-21 13:00:00,51.85,91.8
2017-06-21 14:00:00,50.46,90.9
2017-06-21 15:00:00,48.1,92.8
2017-06-21 16:00:00,43.38,93.0
2017-06-21 17:00:00,45.15,91.0
2017-06-21 18:00:00,46.55,89.2
2017-06-21 19:00:00,52.26,84.6
2017-06-21 20:00:00,50.71,82.0
2017-06-21 21:00:00,49.61,79.2
2017-06-21 22:00:00,49.81,76.1
2017-06-21 23:00:00,48.58,74.3
2017-06-22 00:00:00,47.99,72.1
2017-06-22 01:00:00,48.0,70.7
2017-06-22 02:00:00,44.56,69.1
2017-06-22 03:00:00,37.24,68.2
2017-06-22 04:00:00,37.16,66.7
2017-06-22 05:00:00,35.24,65.5
2017-06-22 06:00:00,35.56,65.3
2017-06-22 07:00:00,37.22,66.4
2017-06-22 08:00:00,39.91,67.6
2017-06-22 09:00:00,46.16,68.5
2017-06-22 10:00:00,47.45,70.5
2017-06-22 11:00:00,48.2,73.2
2017-06-22 12:00:00,48.08,73.6
2017-06-22 13:00:00,48.48,71.8
2017-06-22 14:00:00,46.01,72.9
2017-06-22 15:00:00,44.22,71.8
2017-06-22 16:00:00,44.7,72.7
2017-06-22 17:00:00,43.9,72.0
2017-06-22 18:00:00,49.46,72.9
2017-06-22 19:00:00,50.46,70.7
2017-06-22 20:00:00,49.21,68.5
2017-06-22 21:00:00,49.68,66.9
2017-06-22 22:00:00,47.95,65.1
2017-06-22 23:00:00,47.41,62.8
2017-06-23 00:00:00,46.85,60.8
2017-06-23 01:00:00,42.41,58.5
2017-06-23 02:00:00,42.41,57.4
2017-06-23 03:00:00,39.4,56.3
2017-06-23 04:00:00,36.44,55.8
2017-06-23 05:00:00,36.91,56.3
2017-06-23 06:00:00,35.96,58.5
2017-06-23 07:00:00,39.48,61.2
2017-06-23 08:00:00,38.66,62.4
2017-06-23 09:00:00,42.44,67.5
2017-06-23 10:00:00,45.22,70.2
2017-06-23 11:00:00,46.79,71.6
2017-06-23 12:00:00,47.49,74.7
2017-06-23 13:00:00,46.8,76.1
2017-06-23 14:00:00,44.94,74.3
2017-06-23 15:00:00,44.4,73.0
2017-06-23 16:00:00,42.62,71.8
2017-06-23 17:00:00,45.08,72.1
2017-06-23 18:00:00,43.12,70.9
2017-06-23 19:00:00,46.35,69.3
2017-06-23 20:00:00,48.5,68.4
2017-06-23 21:00:00,50.21,66.7
2017-06-23 22:00:00,46.12,64.8
2017-06-23 23:00:00,47.6,63.7
2017-06-24 00:00:00,47.31,63.1
2017-06-24 01:00:00,45.4,63.1
2017-06-24 02:00:00,40.95,63.1
2017-06-24 03:00:00,42.95,63.0
2017-06-24 04:00:00,37.45,63.0
2017-06-24 05:00:00,38.39,63.0
2017-06-24 06:00:00,35.91,63.7
2017-06-24 07:00:00,36.71,64.6
2017-06-24 08:00:00,42.34,64.6
2017-06-24 09:00:00,50.76,68.9
2017-06-24 10:00:00,49.69,69.6
2017-06-24 11:00:00,51.95,71.8
2017-06-24 12:00:00,51.3,71.4
2017-06-24 13:00:00,47.85,70.7
2017-06-24 14:00:00,46.55,72.0
2017-06-24 15:00:00,49.64,73.2
2017-06-24 16:00:00,52.29,72.1
2017-06-24 17:00:00,48.81,72.5
2017-06-24 18:00:00,47.69,68.4
2017-06-24 19:00:00,45.0,67.6
2017-06-24 20:00:00,45.18,65.7
2017-06-24 21:00:00,48.39,64.8
2017-06-24 22:00:00,49.26,63.3
2017-06-24 23:00:00,46.54,61.3
2017-06-25 00:00:00,47.24,60.4
2017-06-25 01:00:00,43.82,60.3
2017-06-25 02:00:00,38.46,59.7
2017-06-25 03:00:00,34.49,58.6
2017-06-25 04:00:00,34.81,59.0
2017-06-25 05:00:00,34.42,60.3
2017-06-25 06:00:00,34.52,60.6
2017-06-25 07:00:00,34.15,62.1
2017-06-25 08:00:00,37.92,62.8
2017-06-25 09:00:00,41.04,65.7
2017-06-25 10:00:00,43.59,65.7
2017-06-25 11:00:00,49.21,68.5
2017-06-25 12:00:00,49.24,72.1
2017-06-25 13:00:00,51.11,72.7
2017-06-25 14:00:00,51.18,71.8
2017-06-25 15:00:00,50.49,72.0
2017-06-25 16:00:00,52.1,72.5
2017-06-25 17:00:00,54.54,72.0
2017-06-25 18:00:00,61.94,68.9
2017-06-25 19:00:00,67.7,66.9
2017-06-25 20:00:00,63.61,65.5
2017-06-25 21:00:00,59.04,63.9
2017-06-25 22:00:00,53.49,64.2
2017-06-25 23:00:00,47.72,62.2
2017-06-26 00:00:00,49.09,60.8
2017-06-26 01:00:00,53.06,58.6
2017-06-26 02:00:00,44.0,57.0
2017-06-26 03:00:00,41.1,56.5
2017-06-26 04:00:00,39.92,55.4
2017-06-26 05:00:00,39.92,56.1
2017-06-26 06:00:00,41.54,58.1
2017-06-26 07:00:00,41.78,61.5
2017-06-26 08:00:00,45.82,62.6
2017-06-26 09:00:00,53.08,64.6
2017-06-26 10:00:00,52.39,67.8
2017-06-26 11:00:00,54.74,69.3
2017-06-26 12:00:00,55.51,71.1
2017-06-26 13:00:00,53.14,73.4
2017-06-26 14:00:00,48.31,74.1
2017-06-26 15:00:00,47.12,73.6
2017-06-26 16:00:00,46.31,74.5
2017-06-26 17:00:00,43.48,74.1
2017-06-26 18:00:00,46.1,74.3
2017-06-26 19:00:00,50.9,72.9
2017-06-26 20:00:00,55.54,69.8
2017-06-26 21:00:00,57.41,66.0
2017-06-26 22:00:00,54.51,64.4
2017-06-26 23:00:00,50.45,61.5
2017-06-27 00:00:00,48.46,60.6
2017-06-27 01:00:00,43.49,59.5
2017-06-27 02:00:00,38.42,58.8
2017-06-27 03:00:00,34.8,59.2
2017-06-27 04:00:00,33.7,61.0
2017-06-27 05:00:00,32.41,61.7
2017-06-27 06:00:00,33.02,62.4
2017-06-27 07:00:00,33.19,63.0
2017-06-27 08:00:00,38.2,63.9
2017-06-27 09:00:00,50.3,66.6
2017-06-27 10:00:00,51.82,65.1
2017-06-27 11:00:00,47.82,69.3
2017-06-27 12:00:00,46.38,68.2
2017-06-27 13:00:00,45.98,65.3
2017-06-27 14:00:00,42.89,64.9
2017-06-27 15:00:00,46.99,65.1
2017-06-27 16:00:00,47.31,64.8
2017-06-27 17:00:00,51.88,63.7
2017-06-27 18:00:00,51.51,62.6
2017-06-27 19:00:00,61.82,61.9
2017-06-27 20:00:00,62.58,61.2
2017-06-27 21:00:00,59.29,60.4
2017-06-27 22:00:00,58.06,59.9
2017-06-27 23:00:00,53.82,59.5
2017-06-28 00:00:00,50.58,59.0
2017-06-28 01:00:00,45.45,58.8
2017-06-28 02:00:00,42.08,58.8
2017-06-28 03:00:00,43.92,58.6
2017-06-28 04:00:00,37.06,58.5
2017-06-28 05:00:00,34.11,58.6
2017-06-28 06:00:00,35.9,59.4
2017-06-28 07:00:00,36.29,60.4
2017-06-28 08:00:00,42.09,60.6
2017-06-28 09:00:00,57.88,62.8
2017-06-28 10:00:00,57.32,62.8
2017-06-28 11:00:00,55.81,61.7
2017-06-28 12:00:00,59.88,62.1
2017-06-28 13:00:00,62.82,61.7
2017-06-28 14:00:00,54.85,60.8
2017-06-28 15:00:00,48.76,60.3
2017-06-28 16:00:00,45.95,60.1
2017-06-28 17:00:00,50.01,59.0
2017-06-28 18:00:00,54.59,58.6
2017-06-28 19:00:00,54.86,58.3
2017-06-28 20:00:00,59.34,57.7
2017-06-28 21:00:00,60.42,56.7
2017-06-28 22:00:00,57.66,55.9
2017-06-28 23:00:00,57.2,55.6
2017-06-29 00:00:00,55.94,55.0
2017-06-29 01:00:00,50.05,54.7
2017-06-29 02:00:00,45.28,54.5
2017-06-29 03:00:00,45.86,54.1
2017-06-29 04:00:00,45.82,53.8
2017-06-29 05:00:00,35.79,54.1
2017-06-29 06:00:00,37.05,54.5
2017-06-29 07:00:00,42.38,55.6
2017-06-29 08:00:00,45.35,56.7
2017-06-29 09:00:00,59.66,58.1
2017-06-29 10:00:00,59.36,61.0
2017-06-29 11:00:00,55.86,61.9
2017-06-29 12:00:00,49.51,62.4
2017-06-29 13:00:00,51.76,62.1
2017-06-29 14:00:00,50.39,62.6
2017-06-29 15:00:00,47.01,62.1
2017-06-29 16:00:00,43.18,62.2
2017-06-29 17:00:00,46.26,62.4
2017-06-29 18:00:00,48.19,63.0
2017-06-29 19:00:00,61.18,62.6
2017-06-29 20:00:00,58.5,61.9
2017-06-29 21:00:00,58.58,61.2
2017-06-29 22:00:00,61.95,60.4
2017-06-29 23:00:00,57.8,60.3
2017-06-30 00:00:00,15.79,59.4
2017-06-30 01:00:00,18.79,58.6
2017-06-30 02:00:00,15.35,57.7
2017-06-30 03:00:00,13.41,57.6
2017-06-30 04:00:00,12.22,57.6
2017-06-30 05:00:00,12.47,57.4
2017-06-30 06:00:00,11.97,57.6
2017-06-30 07:00:00,13.1,60.4
2017-06-30 08:00:00,13.79,60.8
2017-06-30 09:00:00,15.66,65.5
2017-06-30 10:00:00,15.04,64.4
2017-06-30 11:00:00,14.85,66.7
2017-06-30 12:00:00,13.85,66.4
2017-06-30 13:00:00,15.04,67.3
2017-06-30 14:00:00,14.66,70.2
2017-06-30 15:00:00,13.47,69.6
2017-06-30 16:00:00,12.91,70.9
2017-06-30 17:00:00,13.16,70.0
2017-06-30 18:00:00,11.91,69.3
2017-06-30 19:00:00,15.79,68.2
2017-06-30 20:00:00,16.1,66.0
2017-06-30 21:00:00,14.54,64.4
2017-06-30 22:00:00,15.66,63.9
2017-06-30 23:00:00,15.47,60.4
2017-07-01 00:00:00,13.47,60.3
2017-07-01 01:00:00,13.41,60.4
2017-07-01 02:00:00,12.35,59.7
2017-07-01 03:00:00,10.72,58.5
2017-07-01 04:00:00,11.41,58.1
2017-07-01 05:00:00,9.66,58.1
2017-07-01 06:00:00,10.54,58.6
2017-07-01 07:00:00,9.97,59.5
2017-07-01 08:00:00,9.41,60.8
2017-07-01 09:00:00,11.79,63.0
2017-07-01 10:00:00,13.22,66.4
2017-07-01 11:00:00,13.35,66.9
2017-07-01 12:00:00,13.97,68.9
2017-07-01 13:00:00,13.41,68.4
2017-07-01 14:00:00,14.29,69.4
2017-07-01 15:00:00,12.85,69.4
2017-07-01 16:00:00,11.54,70.0
2017-07-01 17:00:00,11.97,71.4
2017-07-01 18:00:00,13.04,73.0
2017-07-01 19:00:00,13.66,70.0
2017-07-01 20:00:00,14.6,67.6
2017-07-01 21:00:00,15.66,64.6
2017-07-01 22:00:00,14.6,63.1
2017-07-01 23:00:00,15.97,61.9
2017-07-02 00:00:00,31.87,61.5
2017-07-02 01:00:00,49.85,61.0
2017-07-02 02:00:00,42.59,61.5
2017-07-02 03:00:00,37.91,61.7
2017-07-02 04:00:00,37.98,61.5
2017-07-02 05:00:00,35.81,59.0
2017-07-02 06:00:00,39.26,59.4
2017-07-02 07:00:00,39.94,59.5
2017-07-02 08:00:00,39.92,61.2
2017-07-02 09:00:00,48.99,63.5
2017-07-02 10:00:00,43.92,65.1
2017-07-02 11:00:00,46.16,66.9
2017-07-02 12:00:00,53.99,69.6
2017-07-02 13:00:00,57.41,70.7
2017-07-02 14:00:00,51.4,72.0
2017-07-02 15:00:00,44.59,73.9
2017-07-02 16:00:00,43.69,74.1
2017-07-02 17:00:00,44.14,74.1
2017-07-02 18:00:00,45.64,74.3
2017-07-02 19:00:00,49.25,72.3
2017-07-02 20:00:00,52.6,70.2
2017-07-02 21:00:00,48.34,69.8
2017-07-02 22:00:00,50.14,67.6
2017-07-02 23:00:00,57.34,64.0
2017-07-03 00:00:00,48.57,61.7
2017-07-03 01:00:00,43.62,60.1
2017-07-03 02:00:00,37.21,60.3
2017-07-03 03:00:00,36.5,59.4
2017-07-03 04:00:00,33.83,58.6
2017-07-03 05:00:00,36.16,59.0
2017-07-03 06:00:00,36.88,58.8
2017-07-03 07:00:00,38.44,60.3
2017-07-03 08:00:00,39.66,62.8
2017-07-03 09:00:00,48.1,64.2
2017-07-03 10:00:00,48.86,66.2
2017-07-03 11:00:00,46.68,68.9
2017-07-03 12:00:00,46.65,72.7
2017-07-03 13:00:00,47.55,70.2
2017-07-03 14:00:00,48.52,72.7
2017-07-03 15:00:00,46.92,73.4
2017-07-03 16:00:00,41.75,76.5
2017-07-03 17:00:00,38.65,75.7
2017-07-03 18:00:00,45.66,75.0
2017-07-03 19:00:00,51.9,72.1
2017-07-03 20:00:00,52.91,70.3
2017-07-03 21:00:00,53.86,69.1
2017-07-03 22:00:00,51.68,66.7
2017-07-03 23:00:00,55.02,63.0
2017-07-04 00:00:00,46.05,62.6
2017-07-04 01:00:00,45.69,61.3
2017-07-04 02:00:00,41.61,58.8
2017-07-04 03:00:00,35.94,57.6
2017-07-04 04:00:00,36.31,57.6
2017-07-04 05:00:00,33.01,57.2
2017-07-04 06:00:00,36.64,59.5
2017-07-04 07:00:00,37.38,63.0
2017-07-04 08:00:00,40.8,66.2
2017-07-04 09:00:00,50.64,68.4
2017-07-04 10:00:00,47.56,72.7
2017-07-04 11:00:00,46.25,70.5
2017-07-04 12:00:00,47.5,73.9
2017-07-04 13:00:00,45.51,73.9
2017-07-04 14:00:00,47.01,74.1
2017-07-04 15:00:00,41.75,73.8
2017-07-04 16:00:00,40.72,75.2
2017-07-04 17:00:00,41.99,74.5
2017-07-04 18:00:00,45.28,73.0
2017-07-04 19:00:00,52.96,72.1
2017-07-04 20:00:00,46.26,70.9
2017-07-04 21:00:00,45.88,69.4
2017-07-04 22:00:00,51.72,68.0
2017-07-04 23:00:00,47.36,68.4
2017-07-05 00:00:00,45.91,65.7
2017-07-05 01:00:00,42.96,63.9
2017-07-05 02:00:00,40.4,61.0
2017-07-05 03:00:00,33.55,59.0
2017-07-05 04:00:00,31.7,58.5
2017-07-05 05:00:00,32.19,59.0
2017-07-05 06:00:00,31.1,63.0
2017-07-05 07:00:00,33.4,66.9
2017-07-05 08:00:00,40.24,70.0
2017-07-05 09:00:00,54.11,71.4
2017-07-05 10:00:00,48.91,74.5
2017-07-05 11:00:00,46.06,76.5
2017-07-05 12:00:00,48.76,78.1
2017-07-05 13:00:00,46.11,81.3
2017-07-05 14:00:00,50.32,82.0
2017-07-05 15:00:00,44.89,84.4
2017-07-05 16:00:00,42.05,84.2
2017-07-05 17:00:00,42.44,84.7
2017-07-05 18:00:00,46.45,83.1
2017-07-05 19:00:00,49.74,79.7
2017-07-05 20:00:00,58.06,76.1
2017-07-05 21:00:00,50.31,74.1
2017-07-05 22:00:00,47.9,71.2
2017-07-05 23:00:00,44.76,70.0
2017-07-06 00:00:00,47.38,69.1
2017-07-06 01:00:00,41.74,67.1
2017-07-06 02:00:00,35.85,65.7
2017-07-06 03:00:00,32.48,65.7
2017-07-06 04:00:00,30.16,65.8
2017-07-06 05:00:00,29.99,65.7
2017-07-06 06:00:00,33.61,67.6
2017-07-06 07:00:00,34.1,71.1
2017-07-06 08:00:00,43.0,74.3
2017-07-06 09:00:00,53.41,78.1
2017-07-06 10:00:00,46.94,81.1
2017-07-06 11:00:00,45.29,85.3
2017-07-06 12:00:00,45.84,86.4
2017-07-06 13:00:00,42.32,85.1
2017-07-06 14:00:00,41.85,87.3
2017-07-06 15:00:00,42.94,87.3
2017-07-06 16:00:00,39.86,87.8
2017-07-06 17:00:00,44.18,86.4
2017-07-06 18:00:00,47.46,87.4
2017-07-06 19:00:00,49.94,82.0
2017-07-06 20:00:00,58.4,80.4
2017-07-06 21:00:00,58.74,79.0
2017-07-06 22:00:00,57.49,75.7
2017-07-06 23:00:00,50.41,73.2
2017-07-07 00:00:00,49.23,71.6
2017-07-07 01:00:00,44.94,70.0
2017-07-07 02:00:00,39.44,67.8
2017-07-07 03:00:00,35.21,66.2
2017-07-07 04:00:00,33.01,64.6
2017-07-07 05:00:00,33.42,64.2
2017-07-07 06:00:00,35.25,65.8
2017-07-07 07:00:00,35.2,67.3
2017-07-07 08:00:00,46.6,70.7
2017-07-07 09:00:00,55.8,73.8
2017-07-07 10:00:00,52.76,77.0
2017-07-07 11:00:00,51.5,79.0
2017-07-07 12:00:00,49.41,80.6
2017-07-07 13:00:00,48.85,82.8
2017-07-07 14:00:00,47.8,84.0
2017-07-07 15:00:00,45.8,82.8
2017-07-07 16:00:00,39.71,82.8
2017-07-07 17:00:00,40.54,80.8
2017-07-07 18:00:00,44.61,79.7
2017-07-07 19:00:00,45.81,76.3
2017-07-07 20:00:00,53.19,73.8
2017-07-07 21:00:00,51.86,70.9
2017-07-07 22:00:00,53.3,69.1
2017-07-07 23:00:00,50.22,68.2
2017-07-08 00:00:00,48.01,67.1
2017-07-08 01:00:00,44.93,66.6
2017-07-08 02:00:00,37.49,65.1
2017-07-08 03:00:00,35.02,64.6
2017-07-08 04:00:00,32.59,64.4
2017-07-08 05:00:00,31.69,64.0
2017-07-08 06:00:00,33.46,65.1
2017-07-08 07:00:00,33.06,65.7
2017-07-08 08:00:00,41.88,65.7
2017-07-08 09:00:00,45.7,68.9
2017-07-08 10:00:00,51.45,69.1
2017-07-08 11:00:00,53.11,72.3
2017-07-08 12:00:00,52.68,75.0
2017-07-08 13:00:00,47.0,77.2
2017-07-08 14:00:00,44.58,78.4
2017-07-08 15:00:00,43.91,79.9
2017-07-08 16:00:00,41.54,78.1
2017-07-08 17:00:00,42.76,78.3
2017-07-08 18:00:00,44.86,77.2
2017-07-08 19:00:00,51.59,76.1
2017-07-08 20:00:00,53.05,74.3
2017-07-08 21:00:00,59.31,72.5
2017-07-08 22:00:00,56.25,69.3
2017-07-08 23:00:00,48.64,65.8
2017-07-09 00:00:00,49.86,65.3
2017-07-09 01:00:00,45.32,65.1
2017-07-09 02:00:00,37.75,65.1
2017-07-09 03:00:00,36.2,64.9
2017-07-09 04:00:00,32.58,64.9
2017-07-09 05:00:00,31.52,64.8
2017-07-09 06:00:00,30.65,65.7
2017-07-09 07:00:00,31.36,65.8
2017-07-09 08:00:00,37.04,68.7
2017-07-09 09:00:00,47.55,74.5
2017-07-09 10:00:00,51.32,75.7
2017-07-09 11:00:00,48.94,78.6
2017-07-09 12:00:00,54.04,77.5
2017-07-09 13:00:00,57.14,76.8
2017-07-09 14:00:00,52.01,79.7
2017-07-09 15:00:00,50.9,82.0
2017-07-09 16:00:00,47.8,79.7
2017-07-09 17:00:00,46.91,79.9
2017-07-09 18:00:00,52.55,79.0
2017-07-09 19:00:00,62.14,76.3
2017-07-09 20:00:00,59.96,74.3
2017-07-09 21:00:00,61.3,72.3
2017-07-09 22:00:00,56.58,70.0
2017-07-09 23:00:00,53.95,67.8
2017-07-10 00:00:00,48.62,66.2
2017-07-10 01:00:00,44.73,64.6
2017-07-10 02:00:00,36.38,63.0
2017-07-10 03:00:00,32.29,62.6
2017-07-10 04:00:00,31.55,61.5
2017-07-10 05:00:00,32.08,61.3
2017-07-10 06:00:00,34.79,63.3
2017-07-10 07:00:00,39.94,66.0
2017-07-10 08:00:00,48.71,68.5
2017-07-10 09:00:00,58.8,70.9
2017-07-10 10:00:00,51.74,74.1
2017-07-10 11:00:00,49.94,74.7
2017-07-10 12:00:00,50.04,77.4
2017-07-10 13:00:00,50.09,77.0
2017-07-10 14:00:00,50.81,77.2
2017-07-10 15:00:00,48.1,76.6
2017-07-10 16:00:00,45.8,77.0
2017-07-10 17:00:00,47.59,77.0
2017-07-10 18:00:00,57.7,75.4
2017-07-10 19:00:00,68.82,71.8
2017-07-10 20:00:00,67.09,69.4
2017-07-10 21:00:00,60.49,66.4
2017-07-10 22:00:00,61.94,64.2
2017-07-10 23:00:00,53.9,62.4
2017-07-11 00:00:00,45.95,60.8
2017-07-11 01:00:00,43.6,59.7
2017-07-11 02:00:00,39.16,59.2
2017-07-11 03:00:00,31.38,58.6
2017-07-11 04:00:00,32.8,59.2
2017-07-11 05:00:00,33.92,59.4
2017-07-11 06:00:00,31.88,59.9
2017-07-11 07:00:00,36.6,61.7
2017-07-11 08:00:00,53.78,63.5
2017-07-11 09:00:00,64.7,66.0
2017-07-11 10:00:00,55.08,66.6
2017-07-11 11:00:00,51.78,64.9
2017-07-11 12:00:00,56.12,64.4
2017-07-11 13:00:00,55.89,63.9
2017-07-11 14:00:00,55.96,63.9
2017-07-11 15:00:00,50.88,66.4
2017-07-11 16:00:00,49.61,60.4
2017-07-11 17:00:00,52.76,59.7
2017-07-11 18:00:00,66.15,59.0
2017-07-11 19:00:00,71.75,57.9
2017-07-11 20:00:00,71.26,57.7
2017-07-11 21:00:00,67.26,57.9
2017-07-11 22:00:00,55.25,58.3
2017-07-11 23:00:00,50.0,59.2
2017-07-12 00:00:00,47.35,59.9
2017-07-12 01:00:00,42.27,58.8
2017-07-12 02:00:00,33.31,58.3
2017-07-12 03:00:00,32.02,58.3
2017-07-12 04:00:00,35.17,57.9
2017-07-12 05:00:00,32.26,58.1
2017-07-12 06:00:00,33.52,57.7
2017-07-12 07:00:00,36.75,58.8
2017-07-12 08:00:00,51.45,59.5
2017-07-12 09:00:00,64.92,62.1
2017-07-12 10:00:00,56.95,60.1
2017-07-12 11:00:00,53.6,61.7
2017-07-12 12:00:00,55.04,64.4
2017-07-12 13:00:00,56.74,67.3
2017-07-12 14:00:00,57.51,69.6
2017-07-12 15:00:00,51.35,70.2
2017-07-12 16:00:00,47.74,69.8
2017-07-12 17:00:00,44.14,71.2
2017-07-12 18:00:00,50.45,68.7
2017-07-12 19:00:00,60.31,68.5
2017-07-12 20:00:00,61.42,66.0
2017-07-12 21:00:00,55.71,63.7
2017-07-12 22:00:00,50.65,61.3
2017-07-12 23:00:00,54.81,60.6
2017-07-13 00:00:00,48.57,60.4
2017-07-13 01:00:00,45.77,60.4
2017-07-13 02:00:00,41.07,59.5
2017-07-13 03:00:00,39.17,58.1
2017-07-13 04:00:00,42.37,56.8
2017-07-13 05:00:00,38.77,57.6
2017-07-13 06:00:00,38.27,58.6
2017-07-13 07:00:00,41.57,61.7
2017-07-13 08:00:00,58.97,64.2
2017-07-13 09:00:00,62.57,65.8
2017-07-13 10:00:00,52.17,66.7
2017-07-13 11:00:00,52.17,64.9
2017-07-13 12:00:00,52.07,68.2
2017-07-13 13:00:00,48.47,70.2
2017-07-13 14:00:00,50.37,72.9
2017-07-13 15:00:00,48.87,71.1
2017-07-13 16:00:00,47.27,72.1
2017-07-13 17:00:00,46.07,72.9
2017-07-13 18:00:00,58.07,69.4
2017-07-13 19:00:00,60.57,68.7
2017-07-13 20:00:00,62.37,68.4
2017-07-13 21:00:00,55.57,67.3
2017-07-13 22:00:00,56.77,65.7
2017-07-13 23:00:00,52.47,63.3
2017-07-14 00:00:00,50.93,61.9
2017-07-14 01:00:00,45.12,61.2
2017-07-14 02:00:00,39.81,60.1
2017-07-14 03:00:00,38.88,58.8
2017-07-14 04:00:00,40.9,57.9
2017-07-14 05:00:00,36.28,58.6
2017-07-14 06:00:00,34.91,60.1
2017-07-14 07:00:00,38.54,61.7
2017-07-14 08:00:00,51.89,63.1
2017-07-14 09:00:00,69.25,63.1
2017-07-14 10:00:00,57.95,65.8
2017-07-14 11:00:00,53.0,66.7
2017-07-14 12:00:00,56.94,66.4
2017-07-14 13:00:00,54.95,66.9
2017-07-14 14:00:00,55.68,68.0
2017-07-14 15:00:00,51.62,69.1
2017-07-14 16:00:00,44.8,69.8
2017-07-14 17:00:00,46.82,68.9
2017-07-14 18:00:00,50.25,69.3
2017-07-14 19:00:00,59.2,68.2
2017-07-14 20:00:00,68.46,66.4
2017-07-14 21:00:00,65.56,64.9
2017-07-14 22:00:00,60.31,63.7
2017-07-14 23:00:00,54.51,62.2
2017-07-15 00:00:00,54.09,61.2
2017-07-15 01:00:00,49.0,60.6
2017-07-15 02:00:00,44.05,60.3
2017-07-15 03:00:00,41.31,59.9
2017-07-15 04:00:00,41.59,59.2
2017-07-15 05:00:00,38.7,59.5
2017-07-15 06:00:00,37.5,60.6
2017-07-15 07:00:00,38.72,62.1
2017-07-15 08:00:00,44.45,64.0
2017-07-15 09:00:00,48.71,63.5
2017-07-15 10:00:00,50.41,63.0
2017-07-15 11:00:00,49.95,62.1
2017-07-15 12:00:00,61.5,61.9
2017-07-15 13:00:00,64.58,62.8
2017-07-15 14:00:00,60.44,65.5
2017-07-15 15:00:00,54.62,68.9
2017-07-15 16:00:00,47.52,70.5
2017-07-15 17:00:00,50.24,72.0
2017-07-15 18:00:00,53.85,71.4
2017-07-15 19:00:00,51.0,70.5
2017-07-15 20:00:00,55.82,70.2
2017-07-15 21:00:00,61.45,68.4
2017-07-15 22:00:00,62.76,67.5
2017-07-15 23:00:00,57.08,66.4
2017-07-16 00:00:00,51.2,66.2
2017-07-16 01:00:00,48.38,65.3
2017-07-16 02:00:00,40.52,66.0
2017-07-16 03:00:00,34.79,66.0
2017-07-16 04:00:00,35.19,63.5
2017-07-16 05:00:00,35.81,64.0
2017-07-16 06:00:00,33.44,64.9
2017-07-16 07:00:00,32.94,67.1
2017-07-16 08:00:00,35.33,71.4
2017-07-16 09:00:00,46.48,71.6
2017-07-16 10:00:00,52.26,72.1
2017-07-16 11:00:00,50.62,72.3
2017-07-16 12:00:00,54.61,73.2
2017-07-16 13:00:00,61.28,75.7
2017-07-16 14:00:00,49.36,76.6
2017-07-16 15:00:00,51.24,76.5
2017-07-16 16:00:00,44.98,73.2
2017-07-16 17:00:00,53.76,75.9
2017-07-16 18:00:00,64.12,75.7
2017-07-16 19:00:00,71.04,72.7
2017-07-16 20:00:00,67.09,72.1
2017-07-16 21:00:00,61.46,68.4
2017-07-16 22:00:00,56.14,68.2
2017-07-16 23:00:00,54.3,66.7
2017-07-17 00:00:00,48.56,66.2
2017-07-17 01:00:00,46.82,64.8
2017-07-17 02:00:00,41.04,62.4
2017-07-17 03:00:00,35.91,61.3
2017-07-17 04:00:00,33.34,60.6
2017-07-17 05:00:00,31.72,59.7
2017-07-17 06:00:00,35.31,59.9
2017-07-17 07:00:00,37.25,61.7
2017-07-17 08:00:00,50.09,63.5
2017-07-17 09:00:00,70.78,66.0
2017-07-17 10:00:00,57.32,69.1
2017-07-17 11:00:00,53.56,72.1
2017-07-17 12:00:00,57.81,74.8
2017-07-17 13:00:00,55.15,77.0
2017-07-17 14:00:00,54.06,78.1
2017-07-17 15:00:00,51.49,79.9
2017-07-17 16:00:00,44.38,78.4
2017-07-17 17:00:00,49.44,78.8
2017-07-17 18:00:00,57.64,77.7
2017-07-17 19:00:00,64.49,76.5
2017-07-17 20:00:00,61.18,72.9
2017-07-17 21:00:00,64.36,70.2
2017-07-17 22:00:00,58.3,68.5
2017-07-17 23:00:00,54.66,66.7
2017-07-18 00:00:00,48.73,65.1
2017-07-18 01:00:00,41.35,65.5
2017-07-18 02:00:00,38.28,64.9
2017-07-18 03:00:00,33.04,64.4
2017-07-18 04:00:00,32.94,63.5
2017-07-18 05:00:00,32.7,63.0
2017-07-18 06:00:00,34.01,64.8
2017-07-18 07:00:00,35.29,66.2
2017-07-18 08:00:00,53.46,69.3
2017-07-18 09:00:00,70.34,70.7
2017-07-18 10:00:00,58.02,73.9
2017-07-18 11:00:00,50.29,76.6
2017-07-18 12:00:00,48.82,78.3
2017-07-18 13:00:00,49.52,79.2
2017-07-18 14:00:00,45.2,79.0
2017-07-18 15:00:00,46.48,79.2
2017-07-18 16:00:00,45.22,78.3
2017-07-18 17:00:00,49.24,75.2
2017-07-18 18:00:00,61.51,73.9
2017-07-18 19:00:00,64.18,72.7
2017-07-18 20:00:00,60.91,71.2
2017-07-18 21:00:00,56.1,67.1
2017-07-18 22:00:00,56.62,67.1
2017-07-18 23:00:00,52.84,67.3
2017-07-19 00:00:00,47.45,66.7
2017-07-19 01:00:00,45.24,66.2
2017-07-19 02:00:00,40.71,65.3
2017-07-19 03:00:00,34.08,65.3
2017-07-19 04:00:00,31.91,64.8
2017-07-19 05:00:00,32.39,64.9
2017-07-19 06:00:00,34.56,66.6
2017-07-19 07:00:00,35.33,67.8
2017-07-19 08:00:00,51.84,68.9
2017-07-19 09:00:00,69.58,70.5
2017-07-19 10:00:00,59.51,72.5
2017-07-19 11:00:00,54.59,70.7
2017-07-19 12:00:00,56.52,69.4
2017-07-19 13:00:00,59.28,69.3
2017-07-19 14:00:00,59.55,69.1
2017-07-19 15:00:00,57.68,69.1
2017-07-19 16:00:00,57.48,68.4
2017-07-19 17:00:00,51.09,67.6
2017-07-19 18:00:00,61.82,69.4
2017-07-19 19:00:00,56.35,69.3
2017-07-19 20:00:00,63.35,68.4
2017-07-19 21:00:00,57.36,66.9
2017-07-19 22:00:00,53.82,66.4
2017-07-19 23:00:00,50.38,65.1
2017-07-20 00:00:00,48.43,65.3
2017-07-20 01:00:00,41.07,64.9
2017-07-20 02:00:00,36.15,63.3
2017-07-20 03:00:00,34.62,63.5
2017-07-20 04:00:00,31.89,63.3
2017-07-20 05:00:00,31.49,63.5
2017-07-20 06:00:00,32.01,64.4
2017-07-20 07:00:00,33.7,66.2
2017-07-20 08:00:00,50.58,66.4
2017-07-20 09:00:00,69.11,63.7
2017-07-20 10:00:00,59.99,61.0
2017-07-20 11:00:00,57.9,59.7
2017-07-20 12:00:00,56.4,61.9
2017-07-20 13:00:00,53.39,64.8
2017-07-20 14:00:00,53.16,66.6
2017-07-20 15:00:00,51.11,67.6
2017-07-20 16:00:00,48.9,68.7
2017-07-20 17:00:00,51.14,67.5
2017-07-20 18:00:00,62.78,66.4
2017-07-20 19:00:00,60.94,66.6
2017-07-20 20:00:00,64.46,63.5
2017-07-20 21:00:00,60.69,61.3
2017-07-20 22:00:00,55.99,59.9
2017-07-20 23:00:00,52.82,58.6
2017-07-21 00:00:00,53.02,57.0
2017-07-21 01:00:00,48.16,56.8
2017-07-21 02:00:00,42.72,55.9
2017-07-21 03:00:00,35.69,54.9
2017-07-21 04:00:00,33.95,55.0
2017-07-21 05:00:00,35.49,55.9
2017-07-21 06:00:00,38.5,58.6
2017-07-21 07:00:00,36.96,63.0
2017-07-21 08:00:00,54.45,62.6
2017-07-21 09:00:00,71.9,66.6
2017-07-21 10:00:00,56.52,66.6
2017-07-21 11:00:00,55.54,69.1
2017-07-21 12:00:00,58.08,68.9
2017-07-21 13:00:00,53.96,69.6
2017-07-21 14:00:00,53.96,70.2
2017-07-21 15:00:00,55.7,73.0
2017-07-21 16:00:00,43.7,69.4
2017-07-21 17:00:00,41.89,69.4
2017-07-21 18:00:00,54.48,69.1
2017-07-21 19:00:00,67.18,67.6
2017-07-21 20:00:00,60.96,66.4
2017-07-21 21:00:00,56.08,62.2
2017-07-21 22:00:00,60.32,60.6
2017-07-21 23:00:00,58.04,58.8
2017-07-22 00:00:00,55.31,57.9
2017-07-22 01:00:00,47.9,57.4
2017-07-22 02:00:00,41.65,57.2
2017-07-22 03:00:00,35.7,57.2
2017-07-22 04:00:00,32.89,56.7
2017-07-22 05:00:00,35.83,56.5
2017-07-22 06:00:00,33.2,57.4
2017-07-22 07:00:00,33.38,59.5
2017-07-22 08:00:00,40.1,60.8
2017-07-22 09:00:00,49.31,61.7
2017-07-22 10:00:00,51.12,61.0
2017-07-22 11:00:00,53.65,64.9
2017-07-22 12:00:00,64.58,63.0
2017-07-22 13:00:00,71.49,62.2
2017-07-22 14:00:00,56.9,57.2
2017-07-22 15:00:00,52.99,56.1
2017-07-22 16:00:00,58.64,57.0
2017-07-22 17:00:00,54.66,56.5
2017-07-22 18:00:00,56.56,56.5
2017-07-22 19:00:00,68.99,56.3
2017-07-22 20:00:00,74.8,56.7
2017-07-22 21:00:00,66.82,56.7
2017-07-22 22:00:00,64.65,55.6
2017-07-22 23:00:00,56.36,55.2
2017-07-23 00:00:00,55.85,54.0
2017-07-23 01:00:00,53.02,54.0
2017-07-23 02:00:00,46.36,54.5
2017-07-23 03:00:00,38.8,53.1
2017-07-23 04:00:00,39.91,52.7
2017-07-23 05:00:00,39.24,53.2
2017-07-23 06:00:00,36.51,52.5
2017-07-23 07:00:00,40.22,54.0
2017-07-23 08:00:00,44.11,56.3
2017-07-23 09:00:00,50.76,59.9
2017-07-23 10:00:00,55.42,62.6
2017-07-23 11:00:00,54.41,64.8
2017-07-23 12:00:00,61.04,64.8
2017-07-23 13:00:00,63.52,63.0
2017-07-23 14:00:00,60.71,65.8
2017-07-23 15:00:00,54.31,66.0
2017-07-23 16:00:00,48.31,66.7
2017-07-23 17:00:00,51.74,65.3
2017-07-23 18:00:00,68.36,64.4
2017-07-23 19:00:00,81.0,63.5
2017-07-23 20:00:00,70.5,62.6
2017-07-23 21:00:00,65.95,60.6
2017-07-23 22:00:00,65.04,59.7
2017-07-23 23:00:00,64.09,59.5
2017-07-24 00:00:00,57.5,59.0
2017-07-24 01:00:00,54.5,59.0
2017-07-24 02:00:00,47.8,59.0
2017-07-24 03:00:00,41.5,57.6
2017-07-24 04:00:00,45.0,58.1
2017-07-24 05:00:00,44.8,59.4
2017-07-24 06:00:00,41.9,60.1
2017-07-24 07:00:00,47.6,60.3
2017-07-24 08:00:00,64.9,60.6
2017-07-24 09:00:00,70.6,61.2
2017-07-24 10:00:00,58.5,60.8
2017-07-24 11:00:00,60.5,62.4
2017-07-24 12:00:00,59.7,61.9
2017-07-24 13:00:00,62.3,61.5
2017-07-24 14:00:00,60.8,63.0
2017-07-24 15:00:00,57.4,65.8
2017-07-24 16:00:00,54.8,66.2
2017-07-24 17:00:00,61.8,66.4
2017-07-24 18:00:00,73.5,65.5
2017-07-24 19:00:00,81.0,64.9
2017-07-24 20:00:00,76.6,62.6
2017-07-24 21:00:00,68.1,60.8
2017-07-24 22:00:00,65.6,59.7
2017-07-24 23:00:00,63.2,58.6
2017-07-25 00:00:00,55.78,58.1
2017-07-25 01:00:00,55.24,57.2
2017-07-25 02:00:00,46.5,56.7
2017-07-25 03:00:00,38.96,56.8
2017-07-25 04:00:00,37.88,56.8
2017-07-25 05:00:00,40.33,55.6
2017-07-25 06:00:00,39.14,56.7
2017-07-25 07:00:00,42.44,59.4
2017-07-25 08:00:00,63.21,62.6
2017-07-25 09:00:00,78.11,64.4
2017-07-25 10:00:00,59.56,65.7
2017-07-25 11:00:00,60.06,66.9
2017-07-25 12:00:00,54.92,68.0
2017-07-25 13:00:00,57.28,68.9
2017-07-25 14:00:00,56.7,69.3
2017-07-25 15:00:00,52.99,70.9
2017-07-25 16:00:00,48.92,71.4
2017-07-25 17:00:00,47.79,72.1
2017-07-25 18:00:00,65.96,72.1
2017-07-25 19:00:00,71.12,72.0
2017-07-25 20:00:00,68.04,69.3
2017-07-25 21:00:00,70.64,68.4
2017-07-25 22:00:00,63.2,66.0
2017-07-25 23:00:00,58.95,65.1
2017-07-26 00:00:00,53.05,63.3
2017-07-26 01:00:00,51.52,61.2
2017-07-26 02:00:00,44.99,61.0
2017-07-26 03:00:00,39.33,60.1
2017-07-26 04:00:00,38.24,59.4
2017-07-26 05:00:00,36.49,58.3
2017-07-26 06:00:00,36.14,60.6
2017-07-26 07:00:00,42.34,61.7
2017-07-26 08:00:00,60.94,63.0
2017-07-26 09:00:00,78.7,62.8
2017-07-26 10:00:00,62.96,63.3
2017-07-26 11:00:00,60.49,64.2
2017-07-26 12:00:00,63.06,65.8
2017-07-26 13:00:00,55.66,69.4
2017-07-26 14:00:00,55.95,70.0
2017-07-26 15:00:00,56.69,67.8
2017-07-26 16:00:00,50.01,67.3
2017-07-26 17:00:00,50.59,66.6
2017-07-26 18:00:00,65.68,66.9
2017-07-26 19:00:00,79.81,66.7
2017-07-26 20:00:00,77.89,66.2
2017-07-26 21:00:00,59.59,62.8
2017-07-26 22:00:00,57.35,61.7
2017-07-26 23:00:00,63.39,59.9
2017-07-27 00:00:00,54.43,59.2
2017-07-27 01:00:00,50.68,58.5
2017-07-27 02:00:00,44.44,58.1
2017-07-27 03:00:00,37.94,57.9
2017-07-27 04:00:00,35.8,57.9
2017-07-27 05:00:00,35.12,57.6
2017-07-27 06:00:00,35.66,59.0
2017-07-27 07:00:00,39.54,60.1
2017-07-27 08:00:00,58.31,60.4
2017-07-27 09:00:00,84.81,61.7
2017-07-27 10:00:00,65.95,64.6
2017-07-27 11:00:00,62.25,62.4
2017-07-27 12:00:00,64.31,64.6
2017-07-27 13:00:00,62.72,70.9
2017-07-27 14:00:00,55.3,70.0
2017-07-27 15:00:00,61.1,66.9
2017-07-27 16:00:00,58.34,66.7
2017-07-27 17:00:00,60.86,64.0
2017-07-27 18:00:00,69.05,64.6
2017-07-27 19:00:00,71.29,63.7
2017-07-27 20:00:00,67.08,61.9
2017-07-27 21:00:00,69.05,60.6
2017-07-27 22:00:00,71.16,59.7
2017-07-27 23:00:00,58.62,58.5
2017-07-28 00:00:00,54.06,58.5
2017-07-28 01:00:00,53.85,57.4
2017-07-28 02:00:00,51.68,57.2
2017-07-28 03:00:00,42.88,57.2
2017-07-28 04:00:00,40.01,57.4
2017-07-28 05:00:00,37.94,57.7
2017-07-28 06:00:00,39.67,58.8
2017-07-28 07:00:00,41.36,60.4
2017-07-28 08:00:00,60.78,62.4
2017-07-28 09:00:00,82.39,64.6
2017-07-28 10:00:00,64.1,66.6
2017-07-28 11:00:00,60.12,70.7
2017-07-28 12:00:00,63.25,69.1
2017-07-28 13:00:00,61.64,68.0
2017-07-28 14:00:00,64.42,65.1
2017-07-28 15:00:00,62.09,64.0
2017-07-28 16:00:00,52.49,63.5
2017-07-28 17:00:00,48.62,64.4
2017-07-28 18:00:00,65.11,64.6
2017-07-28 19:00:00,75.58,63.7
2017-07-28 20:00:00,73.54,62.8
2017-07-28 21:00:00,71.08,61.7
2017-07-28 22:00:00,64.89,61.7
2017-07-28 23:00:00,59.6,63.0
2017-07-29 00:00:00,54.46,63.5
2017-07-29 01:00:00,48.35,63.1
2017-07-29 02:00:00,44.42,62.6
2017-07-29 03:00:00,38.99,62.4
2017-07-29 04:00:00,33.39,61.0
2017-07-29 05:00:00,34.01,59.2
2017-07-29 06:00:00,37.02,59.7
2017-07-29 07:00:00,36.11,61.5
2017-07-29 08:00:00,41.51,63.0
2017-07-29 09:00:00,47.25,66.7
2017-07-29 10:00:00,49.54,66.0
2017-07-29 11:00:00,54.36,66.9
2017-07-29 12:00:00,59.08,65.5
2017-07-29 13:00:00,65.94,66.2
2017-07-29 14:00:00,57.8,64.0
2017-07-29 15:00:00,56.88,61.2
2017-07-29 16:00:00,51.62,60.1
2017-07-29 17:00:00,52.39,60.4
2017-07-29 18:00:00,67.14,60.6
2017-07-29 19:00:00,79.05,60.8
2017-07-29 20:00:00,71.5,61.0
2017-07-29 21:00:00,66.97,61.0
2017-07-29 22:00:00,55.56,62.1
2017-07-29 23:00:00,54.79,62.1
2017-07-30 00:00:00,53.46,62.4
2017-07-30 01:00:00,50.91,62.1
2017-07-30 02:00:00,45.41,60.4
2017-07-30 03:00:00,43.54,59.7
2017-07-30 04:00:00,40.92,59.5
2017-07-30 05:00:00,38.95,59.0
2017-07-30 06:00:00,39.3,58.6
2017-07-30 07:00:00,41.14,59.7
2017-07-30 08:00:00,44.01,61.2
2017-07-30 09:00:00,54.14,63.3
2017-07-30 10:00:00,59.42,64.4
2017-07-30 11:00:00,58.94,65.1
2017-07-30 12:00:00,66.6,64.0
2017-07-30 13:00:00,62.09,63.9
2017-07-30 14:00:00,62.14,68.7
2017-07-30 15:00:00,59.75,67.5
2017-07-30 16:00:00,55.51,70.0
2017-07-30 17:00:00,54.2,67.3
2017-07-30 18:00:00,66.03,65.3
2017-07-30 19:00:00,80.65,63.7
2017-07-30 20:00:00,83.66,63.1
2017-07-30 21:00:00,70.89,62.4
2017-07-30 22:00:00,63.39,61.2
2017-07-30 23:00:00,60.18,59.0
2017-07-31 00:00:00,57.08,57.9
2017-07-31 01:00:00,55.79,57.2
2017-07-31 02:00:00,48.46,56.5
2017-07-31 03:00:00,45.09,56.7
2017-07-31 04:00:00,40.71,55.9
2017-07-31 05:00:00,38.28,55.6
2017-07-31 06:00:00,42.3,57.0
2017-07-31 07:00:00,43.55,60.3
2017-07-31 08:00:00,62.6,63.5
2017-07-31 09:00:00,81.28,66.2
2017-07-31 10:00:00,59.21,66.4
2017-07-31 11:00:00,55.82,67.6
2017-07-31 12:00:00,59.32,68.0
2017-07-31 13:00:00,60.3,67.6
2017-07-31 14:00:00,59.21,70.3
2017-07-31 15:00:00,54.79,70.2
2017-07-31 16:00:00,54.59,70.7
2017-07-31 17:00:00,46.35,70.0
2017-07-31 18:00:00,58.95,68.2
2017-07-31 19:00:00,74.25,66.4
2017-07-31 20:00:00,70.2,64.6
2017-07-31 21:00:00,70.34,62.2
2017-07-31 22:00:00,64.12,60.3
2017-07-31 23:00:00,58.48,59.0
2017-08-01 00:00:00,58.31,57.6
2017-08-01 01:00:00,55.19,56.3
2017-08-01 02:00:00,45.3,55.6
2017-08-01 03:00:00,40.71,55.4
2017-08-01 04:00:00,41.99,55.2
2017-08-01 05:00:00,39.59,54.7
2017-08-01 06:00:00,37.31,56.1
2017-08-01 07:00:00,41.28,58.1
2017-08-01 08:00:00,66.03,61.7
2017-08-01 09:00:00,86.46,66.2
2017-08-01 10:00:00,65.49,67.8
2017-08-01 11:00:00,58.88,68.7
2017-08-01 12:00:00,60.14,68.7
2017-08-01 13:00:00,59.08,68.9
2017-08-01 14:00:00,55.95,64.6
2017-08-01 15:00:00,56.68,66.4
2017-08-01 16:00:00,56.15,72.0
2017-08-01 17:00:00,49.52,69.4
2017-08-01 18:00:00,63.49,67.8
2017-08-01 19:00:00,79.97,65.8
2017-08-01 20:00:00,72.24,64.0
2017-08-01 21:00:00,68.35,62.2
2017-08-01 22:00:00,64.79,61.3
2017-08-01 23:00:00,63.86,60.4
2017-08-02 00:00:00,56.6,59.7
2017-08-02 01:00:00,51.85,59.0
2017-08-02 02:00:00,45.06,58.1
2017-08-02 03:00:00,42.35,58.6
2017-08-02 04:00:00,36.54,59.5
2017-08-02 05:00:00,35.56,59.9
2017-08-02 06:00:00,41.32,61.2
2017-08-02 07:00:00,42.12,62.2
2017-08-02 08:00:00,65.86,64.2
2017-08-02 09:00:00,77.53,65.1
2017-08-02 10:00:00,66.76,64.4
2017-08-02 11:00:00,63.66,63.3
2017-08-02 12:00:00,62.82,61.2
2017-08-02 13:00:00,60.08,60.3
2017-08-02 14:00:00,68.99,61.0
2017-08-02 15:00:00,60.21,62.4
2017-08-02 16:00:00,57.68,63.0
2017-08-02 17:00:00,58.6,64.2
2017-08-02 18:00:00,78.5,64.0
2017-08-02 19:00:00,81.3,64.4
2017-08-02 20:00:00,79.85,65.3
2017-08-02 21:00:00,76.69,64.9
2017-08-02 22:00:00,61.79,64.9
2017-08-02 23:00:00,56.58,64.8
2017-08-03 00:00:00,56.41,64.6
2017-08-03 01:00:00,53.99,64.4
2017-08-03 02:00:00,47.55,61.5
2017-08-03 03:00:00,47.39,60.6
2017-08-03 04:00:00,41.14,60.1
2017-08-03 05:00:00,41.66,60.1
2017-08-03 06:00:00,39.99,61.5
2017-08-03 07:00:00,38.96,62.6
2017-08-03 08:00:00,62.8,65.1
2017-08-03 09:00:00,84.66,66.0
2017-08-03 10:00:00,71.9,67.1
2017-08-03 11:00:00,61.74,66.0
2017-08-03 12:00:00,63.24,71.1
2017-08-03 13:00:00,60.4,68.0
2017-08-03 14:00:00,58.81,69.3
2017-08-03 15:00:00,60.31,69.6
2017-08-03 16:00:00,54.9,70.7
2017-08-03 17:00:00,56.72,67.8
2017-08-03 18:00:00,73.01,68.2
2017-08-03 19:00:00,70.21,65.5
2017-08-03 20:00:00,69.19,64.6
2017-08-03 21:00:00,64.2,63.9
2017-08-03 22:00:00,58.88,63.3
2017-08-03 23:00:00,55.11,62.2
2017-08-04 00:00:00,54.69,61.9
2017-08-04 01:00:00,49.54,61.0
2017-08-04 02:00:00,43.5,60.6
2017-08-04 03:00:00,37.78,61.0
2017-08-04 04:00:00,35.96,60.6
2017-08-04 05:00:00,38.28,59.2
2017-08-04 06:00:00,37.05,59.5
2017-08-04 07:00:00,37.88,61.7
2017-08-04 08:00:00,57.46,64.0
2017-08-04 09:00:00,80.06,66.0
2017-08-04 10:00:00,59.99,66.6
2017-08-04 11:00:00,58.78,68.5
2017-08-04 12:00:00,60.76,68.7
2017-08-04 13:00:00,58.18,70.7
2017-08-04 14:00:00,65.32,71.1
2017-08-04 15:00:00,59.85,70.7
2017-08-04 16:00:00,52.75,69.8
2017-08-04 17:00:00,50.52,69.1
2017-08-04 18:00:00,56.84,68.4
2017-08-04 19:00:00,63.42,67.8
2017-08-04 20:00:00,76.44,65.7
2017-08-04 21:00:00,69.42,64.0
2017-08-04 22:00:00,63.42,63.5
2017-08-04 23:00:00,57.19,63.1
2017-08-05 00:00:00,58.42,61.9
2017-08-05 01:00:00,49.22,61.5
2017-08-05 02:00:00,45.99,60.6
2017-08-05 03:00:00,37.55,60.1
2017-08-05 04:00:00,37.06,59.4
2017-08-05 05:00:00,39.71,59.2
2017-08-05 06:00:00,37.5,59.4
2017-08-05 07:00:00,37.42,59.5
2017-08-05 08:00:00,45.28,63.0
2017-08-05 09:00:00,55.79,65.1
2017-08-05 10:00:00,60.7,67.1
2017-08-05 11:00:00,65.91,68.0
2017-08-05 12:00:00,75.24,63.5
2017-08-05 13:00:00,77.26,65.3
2017-08-05 14:00:00,61.45,67.6
2017-08-05 15:00:00,52.9,63.7
2017-08-05 16:00:00,48.61,66.9
2017-08-05 17:00:00,55.75,68.0
2017-08-05 18:00:00,71.72,66.0
2017-08-05 19:00:00,73.9,64.6
2017-08-05 20:00:00,69.19,61.7
2017-08-05 21:00:00,64.49,59.4
2017-08-05 22:00:00,59.55,58.3
2017-08-05 23:00:00,60.68,56.7
2017-08-06 00:00:00,58.11,55.6
2017-08-06 01:00:00,56.02,54.1
2017-08-06 02:00:00,49.3,52.7
2017-08-06 03:00:00,42.96,52.0
2017-08-06 04:00:00,37.09,51.4
2017-08-06 05:00:00,40.41,52.2
2017-08-06 06:00:00,39.95,53.2
2017-08-06 07:00:00,38.44,55.2
2017-08-06 08:00:00,41.38,59.4
2017-08-06 09:00:00,49.76,63.7
2017-08-06 10:00:00,57.4,64.8
2017-08-06 11:00:00,54.9,69.1
2017-08-06 12:00:00,66.58,69.8
2017-08-06 13:00:00,63.25,70.0
2017-08-06 14:00:00,58.91,70.5
2017-08-06 15:00:00,54.98,69.1
2017-08-06 16:00:00,45.14,68.4
2017-08-06 17:00:00,55.01,67.5
2017-08-06 18:00:00,68.75,66.4
2017-08-06 19:00:00,72.61,64.9
2017-08-06 20:00:00,66.01,63.3
2017-08-06 21:00:00,64.72,61.3
2017-08-06 22:00:00,61.14,59.4
2017-08-06 23:00:00,57.88,58.3
2017-08-07 00:00:00,54.11,57.2
2017-08-07 01:00:00,50.3,56.3
2017-08-07 02:00:00,47.19,55.9
2017-08-07 03:00:00,41.14,55.9
2017-08-07 04:00:00,38.69,56.3
2017-08-07 05:00:00,37.06,56.7
2017-08-07 06:00:00,35.35,58.1
2017-08-07 07:00:00,36.88,61.2
2017-08-07 08:00:00,50.55,61.3
2017-08-07 09:00:00,73.5,63.5
2017-08-07 10:00:00,60.55,63.9
2017-08-07 11:00:00,59.0,66.0
2017-08-07 12:00:00,56.88,65.3
2017-08-07 13:00:00,58.35,67.6
2017-08-07 14:00:00,61.9,68.9
2017-08-07 15:00:00,57.05,67.3
2017-08-07 16:00:00,52.12,67.5
2017-08-07 17:00:00,53.9,64.4
2017-08-07 18:00:00,67.58,64.6
2017-08-07 19:00:00,74.0,63.3
2017-08-07 20:00:00,72.15,61.9
2017-08-07 21:00:00,66.45,60.8
2017-08-07 22:00:00,61.08,60.6
2017-08-07 23:00:00,59.02,60.1
2017-08-08 00:00:00,55.9,59.9
2017-08-08 01:00:00,47.3,59.4
2017-08-08 02:00:00,42.15,60.8
2017-08-08 03:00:00,38.35,60.4
2017-08-08 04:00:00,35.78,60.1
2017-08-08 05:00:00,34.3,59.7
2017-08-08 06:00:00,35.48,59.4
2017-08-08 07:00:00,38.6,59.2
2017-08-08 08:00:00,54.38,59.9
2017-08-08 09:00:00,80.88,60.3
2017-08-08 10:00:00,63.45,59.5
2017-08-08 11:00:00,54.55,60.1
2017-08-08 12:00:00,57.35,60.1
2017-08-08 13:00:00,59.0,60.4
2017-08-08 14:00:00,64.22,59.4
2017-08-08 15:00:00,61.18,59.9
2017-08-08 16:00:00,56.28,61.2
2017-08-08 17:00:00,58.2,60.4
2017-08-08 18:00:00,70.28,59.4
2017-08-08 19:00:00,72.7,59.0
2017-08-08 20:00:00,69.5,58.3
2017-08-08 21:00:00,62.2,57.7
2017-08-08 22:00:00,62.65,56.8
2017-08-08 23:00:00,64.08,56.5
2017-08-09 00:00:00,60.08,56.7
2017-08-09 01:00:00,53.7,55.9
2017-08-09 02:00:00,49.98,56.1
2017-08-09 03:00:00,44.3,55.8
2017-08-09 04:00:00,40.15,55.6
2017-08-09 05:00:00,36.62,55.6
2017-08-09 06:00:00,37.42,56.1
2017-08-09 07:00:00,43.38,56.7
2017-08-09 08:00:00,62.48,57.4
2017-08-09 09:00:00,78.62,57.6
2017-08-09 10:00:00,61.02,57.2
2017-08-09 11:00:00,57.28,57.4
2017-08-09 12:00:00,60.15,58.6
2017-08-09 13:00:00,71.18,59.7
2017-08-09 14:00:00,68.08,58.5
2017-08-09 15:00:00,58.95,58.1
2017-08-09 16:00:00,63.02,57.2
2017-08-09 17:00:00,67.3,57.4
2017-08-09 18:00:00,85.1,57.0
2017-08-09 19:00:00,92.62,57.0
2017-08-09 20:00:00,83.28,56.7
2017-08-09 21:00:00,78.88,56.7
2017-08-09 22:00:00,78.05,56.8
2017-08-09 23:00:00,72.8,56.8
2017-08-10 00:00:00,62.92,56.7
2017-08-10 01:00:00,57.28,56.3
2017-08-10 02:00:00,51.32,56.1
2017-08-10 03:00:00,47.52,54.7
2017-08-10 04:00:00,41.08,54.5
2017-08-10 05:00:00,40.88,54.1
2017-08-10 06:00:00,42.85,54.5
2017-08-10 07:00:00,51.5,54.7
2017-08-10 08:00:00,68.5,58.8
2017-08-10 09:00:00,82.0,60.4
2017-08-10 10:00:00,66.38,62.6
2017-08-10 11:00:00,58.5,63.0
2017-08-10 12:00:00,59.0,65.3
2017-08-10 13:00:00,55.68,67.6
2017-08-10 14:00:00,53.65,68.4
2017-08-10 15:00:00,49.78,68.9
2017-08-10 16:00:00,49.7,69.1
2017-08-10 17:00:00,47.85,67.6
2017-08-10 18:00:00,59.75,68.5
2017-08-10 19:00:00,76.53,67.1
2017-08-10 20:00:00,71.8,64.6
2017-08-10 21:00:00,69.03,60.6
2017-08-10 22:00:00,70.8,60.1
2017-08-10 23:00:00,65.32,55.6
2017-08-11 00:00:00,63.25,54.5
2017-08-11 01:00:00,57.85,52.3
2017-08-11 02:00:00,51.42,52.3
2017-08-11 03:00:00,49.68,51.3
2017-08-11 04:00:00,42.52,50.0
2017-08-11 05:00:00,40.67,50.4
2017-08-11 06:00:00,38.88,52.7
2017-08-11 07:00:00,43.68,55.6
2017-08-11 08:00:00,65.92,59.4
2017-08-11 09:00:00,77.65,63.3
2017-08-11 10:00:00,59.3,65.5
2017-08-11 11:00:00,53.38,67.5
2017-08-11 12:00:00,53.7,69.1
2017-08-11 13:00:00,56.25,69.6
2017-08-11 14:00:00,62.65,70.0
2017-08-11 15:00:00,59.8,68.7
2017-08-11 16:00:00,46.7,66.2
2017-08-11 17:00:00,51.9,66.4
2017-08-11 18:00:00,65.15,65.8
2017-08-11 19:00:00,59.75,64.8
2017-08-11 20:00:00,66.97,63.9
2017-08-11 21:00:00,68.05,62.4
2017-08-11 22:00:00,64.55,62.8
2017-08-11 23:00:00,64.5,62.4
2017-08-12 00:00:00,62.4,62.6
2017-08-12 01:00:00,59.95,62.8
2017-08-12 02:00:00,57.55,63.1
2017-08-12 03:00:00,47.42,62.6
2017-08-12 04:00:00,40.25,62.4
2017-08-12 05:00:00,39.55,62.1
2017-08-12 06:00:00,38.08,62.6
2017-08-12 07:00:00,41.35,63.3
2017-08-12 08:00:00,45.7,65.3
2017-08-12 09:00:00,61.9,67.6
2017-08-12 10:00:00,67.95,68.4
2017-08-12 11:00:00,69.55,68.9
2017-08-12 12:00:00,71.05,70.3
2017-08-12 13:00:00,71.88,69.4
2017-08-12 14:00:00,64.58,68.2
2017-08-12 15:00:00,57.4,71.1
2017-08-12 16:00:00,57.58,71.1
2017-08-12 17:00:00,56.8,68.5
2017-08-12 18:00:00,62.22,68.2
2017-08-12 19:00:00,67.9,68.4
2017-08-12 20:00:00,69.28,65.8
2017-08-12 21:00:00,73.18,64.2
2017-08-12 22:00:00,64.38,63.7
2017-08-12 23:00:00,62.2,62.8
2017-08-13 00:00:00,56.6,59.7
2017-08-13 01:00:00,51.58,59.2
2017-08-13 02:00:00,47.42,58.5
2017-08-13 03:00:00,42.78,56.1
2017-08-13 04:00:00,33.8,55.6
2017-08-13 05:00:00,34.95,54.5
2017-08-13 06:00:00,35.75,55.0
2017-08-13 07:00:00,40.52,56.7
2017-08-13 08:00:00,43.7,60.1
2017-08-13 09:00:00,50.7,62.6
2017-08-13 10:00:00,58.32,66.4
2017-08-13 11:00:00,60.88,66.7
2017-08-13 12:00:00,56.8,69.3
2017-08-13 13:00:00,67.28,69.8
2017-08-13 14:00:00,64.05,70.5
2017-08-13 15:00:00,57.95,72.7
2017-08-13 16:00:00,53.85,71.8
2017-08-13 17:00:00,58.0,71.2
2017-08-13 18:00:00,69.32,69.6
2017-08-13 19:00:00,68.6,67.1
2017-08-13 20:00:00,66.47,65.3
2017-08-13 21:00:00,63.98,64.0
2017-08-13 22:00:00,58.92,62.1
2017-08-13 23:00:00,59.6,58.5
2017-08-14 00:00:00,58.62,56.8
2017-08-14 01:00:00,53.95,53.6
2017-08-14 02:00:00,45.62,53.1
2017-08-14 03:00:00,40.7,52.7
2017-08-14 04:00:00,36.6,51.8
2017-08-14 05:00:00,38.2,52.2
2017-08-14 06:00:00,38.2,56.5
2017-08-14 07:00:00,41.8,59.9
2017-08-14 08:00:00,62.0,62.2
2017-08-14 09:00:00,76.1,65.8
2017-08-14 10:00:00,60.9,67.5
2017-08-14 11:00:00,55.22,70.3
2017-08-14 12:00:00,63.8,73.6
2017-08-14 13:00:00,64.15,72.7
2017-08-14 14:00:00,67.9,72.7
2017-08-14 15:00:00,56.72,72.7
2017-08-14 16:00:00,51.62,70.9
2017-08-14 17:00:00,52.58,69.8
2017-08-14 18:00:00,64.97,68.9
2017-08-14 19:00:00,65.38,68.5
2017-08-14 20:00:00,60.78,67.5
2017-08-14 21:00:00,60.48,65.7
2017-08-14 22:00:00,64.45,64.0
2017-08-14 23:00:00,57.55,63.1
2017-08-15 00:00:00,52.6,62.1
2017-08-15 01:00:00,49.0,61.7
2017-08-15 02:00:00,46.55,60.4
2017-08-15 03:00:00,38.15,60.1
2017-08-15 04:00:00,34.88,60.8
2017-08-15 05:00:00,34.4,60.4
2017-08-15 06:00:00,36.83,60.8
2017-08-15 07:00:00,38.7,61.7
2017-08-15 08:00:00,62.82,64.2
2017-08-15 09:00:00,77.95,64.6
2017-08-15 10:00:00,59.0,66.4
2017-08-15 11:00:00,53.35,67.6
2017-08-15 12:00:00,56.42,72.5
2017-08-15 13:00:00,53.1,71.1
2017-08-15 14:00:00,57.28,73.8
2017-08-15 15:00:00,53.4,74.7
2017-08-15 16:00:00,52.22,73.8
2017-08-15 17:00:00,55.85,73.2
2017-08-15 18:00:00,59.68,70.7
2017-08-15 19:00:00,60.08,68.4
2017-08-15 20:00:00,69.08,65.8
2017-08-15 21:00:00,57.6,63.3
2017-08-15 22:00:00,56.75,61.2
2017-08-15 23:00:00,54.5,59.4
2017-08-16 00:00:00,55.05,57.7
2017-08-16 01:00:00,47.95,54.5
2017-08-16 02:00:00,43.02,54.3
2017-08-16 03:00:00,40.08,54.0
2017-08-16 04:00:00,35.05,53.1
2017-08-16 05:00:00,34.85,53.4
2017-08-16 06:00:00,34.4,55.2
2017-08-16 07:00:00,38.58,57.2
2017-08-16 08:00:00,61.85,60.3
2017-08-16 09:00:00,76.03,62.2
2017-08-16 10:00:00,59.22,64.4
2017-08-16 11:00:00,51.58,66.7
2017-08-16 12:00:00,54.12,70.7
2017-08-16 13:00:00,59.35,68.7
2017-08-16 14:00:00,59.65,71.6
2017-08-16 15:00:00,54.08,72.7
2017-08-16 16:00:00,50.8,72.0
2017-08-16 17:00:00,47.65,70.2
2017-08-16 18:00:00,55.5,68.4
2017-08-16 19:00:00,72.25,66.4
2017-08-16 20:00:00,67.75,63.9
2017-08-16 21:00:00,65.0,62.2
2017-08-16 22:00:00,58.78,62.1
2017-08-16 23:00:00,58.85,62.1
2017-08-17 00:00:00,56.72,59.9
2017-08-17 01:00:00,50.3,60.6
2017-08-17 02:00:00,46.22,61.5
2017-08-17 03:00:00,41.15,61.7
2017-08-17 04:00:00,37.25,61.9
2017-08-17 05:00:00,36.72,62.6
2017-08-17 06:00:00,35.12,63.7
2017-08-17 07:00:00,39.88,64.2
2017-08-17 08:00:00,55.98,64.9
2017-08-17 09:00:00,72.45,67.5
2017-08-17 10:00:00,58.62,68.9
2017-08-17 11:00:00,48.9,73.4
2017-08-17 12:00:00,48.6,75.4
2017-08-17 13:00:00,48.65,73.4
2017-08-17 14:00:00,45.4,74.1
2017-08-17 15:00:00,45.95,73.4
2017-08-17 16:00:00,48.12,74.8
2017-08-17 17:00:00,59.18,72.7
2017-08-17 18:00:00,60.92,70.2
2017-08-17 19:00:00,55.42,68.0
2017-08-17 20:00:00,64.45,65.5
2017-08-17 21:00:00,56.05,63.9
2017-08-17 22:00:00,55.08,62.6
2017-08-17 23:00:00,57.12,61.7
2017-08-18 00:00:00,57.12,61.2
2017-08-18 01:00:00,54.78,60.4
2017-08-18 02:00:00,45.9,59.9
2017-08-18 03:00:00,39.6,60.6
2017-08-18 04:00:00,36.83,60.6
2017-08-18 05:00:00,36.15,59.9
2017-08-18 06:00:00,34.72,59.0
2017-08-18 07:00:00,38.35,60.3
2017-08-18 08:00:00,54.2,62.6
2017-08-18 09:00:00,67.62,64.4
2017-08-18 10:00:00,54.75,66.6
2017-08-18 11:00:00,50.7,65.5
2017-08-18 12:00:00,54.32,66.6
2017-08-18 13:00:00,51.0,59.4
2017-08-18 14:00:00,59.7,60.1
2017-08-18 15:00:00,54.82,57.2
2017-08-18 16:00:00,48.5,58.5
2017-08-18 17:00:00,48.6,61.5
2017-08-18 18:00:00,54.45,60.3
2017-08-18 19:00:00,67.78,59.5
2017-08-18 20:00:00,72.62,59.5
2017-08-18 21:00:00,68.68,59.0
2017-08-18 22:00:00,65.78,58.1
2017-08-18 23:00:00,60.88,57.7
2017-08-19 00:00:00,56.52,58.1
2017-08-19 01:00:00,55.77,56.5
2017-08-19 02:00:00,50.82,56.7
2017-08-19 03:00:00,44.5,55.6
2017-08-19 04:00:00,39.7,55.6
2017-08-19 05:00:00,38.4,55.2
2017-08-19 06:00:00,39.05,55.4
2017-08-19 07:00:00,39.67,57.6
2017-08-19 08:00:00,45.45,60.4
2017-08-19 09:00:00,56.32,62.4
2017-08-19 10:00:00,57.35,63.9
2017-08-19 11:00:00,65.42,63.9
2017-08-19 12:00:00,69.12,67.3
2017-08-19 13:00:00,68.82,65.7
2017-08-19 14:00:00,54.72,68.4
2017-08-19 15:00:00,58.35,67.1
2017-08-19 16:00:00,54.2,67.3
2017-08-19 17:00:00,55.68,66.4
2017-08-19 18:00:00,65.65,65.7
2017-08-19 19:00:00,79.68,62.1
2017-08-19 20:00:00,66.85,59.5
2017-08-19 21:00:00,66.25,57.4
2017-08-19 22:00:00,67.5,56.7
2017-08-19 23:00:00,64.2,54.9
2017-08-20 00:00:00,57.63,54.1
2017-08-20 01:00:00,55.28,52.9
2017-08-20 02:00:00,53.22,51.8
2017-08-20 03:00:00,46.25,50.4
2017-08-20 04:00:00,41.1,51.1
2017-08-20 05:00:00,42.58,51.1
2017-08-20 06:00:00,37.83,52.3
2017-08-20 07:00:00,37.7,54.9
2017-08-20 08:00:00,43.0,58.1
2017-08-20 09:00:00,52.9,60.6
2017-08-20 10:00:00,58.45,64.4
2017-08-20 11:00:00,60.1,65.5
2017-08-20 12:00:00,64.1,66.9
2017-08-20 13:00:00,70.25,67.5
2017-08-20 14:00:00,65.82,68.2
2017-08-20 15:00:00,58.52,67.8
2017-08-20 16:00:00,53.42,66.9
2017-08-20 17:00:00,62.98,65.3
2017-08-20 18:00:00,72.65,60.8
2017-08-20 19:00:00,80.05,58.6
2017-08-20 20:00:00,71.85,57.4
2017-08-20 21:00:00,61.32,56.8
2017-08-20 22:00:00,69.9,56.5
2017-08-20 23:00:00,64.97,56.7
2017-08-21 00:00:00,56.74,57.2
2017-08-21 01:00:00,54.38,57.0
2017-08-21 02:00:00,52.12,57.2
2017-08-21 03:00:00,43.88,57.2
2017-08-21 04:00:00,39.98,57.2
2017-08-21 05:00:00,41.08,57.4
2017-08-21 06:00:00,37.9,57.7
2017-08-21 07:00:00,39.9,58.5
2017-08-21 08:00:00,55.75,59.4
2017-08-21 09:00:00,78.3,60.4
2017-08-21 10:00:00,62.2,61.3
2017-08-21 11:00:00,54.78,62.6
2017-08-21 12:00:00,57.78,64.6
2017-08-21 13:00:00,59.3,64.9
2017-08-21 14:00:00,64.85,64.9
2017-08-21 15:00:00,61.65,65.3
2017-08-21 16:00:00,54.35,66.6
2017-08-21 17:00:00,58.45,66.2
2017-08-21 18:00:00,63.75,66.2
2017-08-21 19:00:00,74.18,66.2
2017-08-21 20:00:00,67.3,65.8
2017-08-21 21:00:00,64.47,65.7
2017-08-21 22:00:00,59.15,65.3
2017-08-21 23:00:00,58.72,64.6
2017-08-22 00:00:00,35.91,64.2
2017-08-22 01:00:00,35.82,64.0
2017-08-22 02:00:00,13.48,63.7
2017-08-22 03:00:00,11.48,63.3
2017-08-22 04:00:00,9.73,63.3
2017-08-22 05:00:00,9.1,63.3
2017-08-22 06:00:00,9.1,63.3
2017-08-22 07:00:00,9.23,63.7
2017-08-22 08:00:00,12.1,64.2
2017-08-22 09:00:00,18.23,65.3
2017-08-22 10:00:00,18.35,67.3
2017-08-22 11:00:00,13.6,69.1
2017-08-22 12:00:00,13.6,70.9
2017-08-22 13:00:00,13.85,71.2
2017-08-22 14:00:00,14.73,72.7
2017-08-22 15:00:00,14.23,72.1
2017-08-22 16:00:00,13.48,71.8
2017-08-22 17:00:00,12.48,70.9
2017-08-22 18:00:00,15.23,69.4
2017-08-22 19:00:00,17.48,68.2
2017-08-22 20:00:00,17.1,67.6
2017-08-22 21:00:00,16.98,65.8
2017-08-22 22:00:00,16.1,64.4
2017-08-22 23:00:00,18.35,63.7
2017-08-23 00:00:00,37.46,63.3
2017-08-23 01:00:00,49.42,62.4
2017-08-23 02:00:00,43.08,62.8
2017-08-23 03:00:00,36.28,62.2
2017-08-23 04:00:00,35.3,61.3
2017-08-23 05:00:00,37.15,61.0
2017-08-23 06:00:00,34.85,62.6
2017-08-23 07:00:00,34.4,65.7
2017-08-23 08:00:00,52.25,66.2
2017-08-23 09:00:00,67.82,66.6
2017-08-23 10:00:00,52.5,67.8
2017-08-23 11:00:00,48.32,67.6
2017-08-23 12:00:00,52.05,70.0
2017-08-23 13:00:00,51.25,69.6
2017-08-23 14:00:00,59.12,70.3
2017-08-23 15:00:00,56.35,70.0
2017-08-23 16:00:00,55.3,69.6
2017-08-23 17:00:00,51.32,68.7
2017-08-23 18:00:00,60.45,67.1
2017-08-23 19:00:00,71.47,65.8
2017-08-23 20:00:00,72.62,64.2
2017-08-23 21:00:00,70.35,63.0
2017-08-23 22:00:00,59.98,62.2
2017-08-23 23:00:00,56.12,59.5
2017-08-24 00:00:00,55.42,58.3
2017-08-24 01:00:00,51.3,57.0
2017-08-24 02:00:00,44.75,56.7
2017-08-24 03:00:00,41.92,55.8
2017-08-24 04:00:00,38.65,55.9
2017-08-24 05:00:00,35.5,56.1
2017-08-24 06:00:00,34.33,56.5
2017-08-24 07:00:00,38.0,59.0
2017-08-24 08:00:00,55.88,61.2
2017-08-24 09:00:00,64.58,63.1
2017-08-24 10:00:00,56.7,66.2
2017-08-24 11:00:00,55.25,67.1
2017-08-24 12:00:00,53.38,68.7
2017-08-24 13:00:00,57.42,69.6
2017-08-24 14:00:00,60.78,69.3
2017-08-24 15:00:00,52.88,68.4
2017-08-24 16:00:00,52.9,69.6
2017-08-24 17:00:00,50.82,68.5
2017-08-24 18:00:00,60.72,67.3
2017-08-24 19:00:00,65.8,65.5
2017-08-24 20:00:00,58.68,64.0
2017-08-24 21:00:00,60.28,63.5
2017-08-24 22:00:00,61.62,61.9
2017-08-24 23:00:00,61.82,59.4
2017-08-25 00:00:00,53.69,59.5
2017-08-25 01:00:00,47.69,57.6
2017-08-25 02:00:00,46.28,57.7
2017-08-25 03:00:00,44.12,55.9
2017-08-25 04:00:00,39.35,56.1
2017-08-25 05:00:00,35.58,55.0
2017-08-25 06:00:00,37.08,54.7
2017-08-25 07:00:00,41.02,57.2
2017-08-25 08:00:00,52.78,60.4
2017-08-25 09:00:00,65.2,63.5
2017-08-25 10:00:00,60.15,67.5
2017-08-25 11:00:00,58.52,68.2
2017-08-25 12:00:00,62.25,71.1
2017-08-25 13:00:00,57.22,72.9
2017-08-25 14:00:00,57.1,73.2
2017-08-25 15:00:00,55.82,74.1
2017-08-25 16:00:00,49.4,73.8
2017-08-25 17:00:00,47.65,72.7
2017-08-25 18:00:00,52.82,70.7
2017-08-25 19:00:00,65.45,70.3
2017-08-25 20:00:00,69.0,68.2
2017-08-25 21:00:00,59.35,67.5
2017-08-25 22:00:00,55.75,65.1
2017-08-25 23:00:00,52.32,63.1
2017-08-26 00:00:00,50.38,59.9
2017-08-26 01:00:00,48.22,59.2
2017-08-26 02:00:00,43.02,57.0
2017-08-26 03:00:00,38.25,59.2
2017-08-26 04:00:00,36.7,59.2
2017-08-26 05:00:00,36.1,59.0
2017-08-26 06:00:00,39.0,58.3
2017-08-26 07:00:00,37.83,59.4
2017-08-26 08:00:00,40.42,63.9
2017-08-26 09:00:00,50.42,67.1
2017-08-26 10:00:00,53.2,71.6
2017-08-26 11:00:00,50.08,72.7
2017-08-26 12:00:00,56.25,74.3
2017-08-26 13:00:00,61.68,73.6
2017-08-26 14:00:00,51.08,76.1
2017-08-26 15:00:00,48.3,75.2
2017-08-26 16:00:00,46.4,74.8
2017-08-26 17:00:00,55.4,74.3
2017-08-26 18:00:00,57.5,72.7
2017-08-26 19:00:00,72.58,71.6
2017-08-26 20:00:00,70.92,70.2
2017-08-26 21:00:00,64.88,68.9
2017-08-26 22:00:00,57.4,66.7
2017-08-26 23:00:00,57.1,64.6
2017-08-27 00:00:00,48.9,62.8
2017-08-27 01:00:00,46.65,61.7
2017-08-27 02:00:00,41.88,61.5
2017-08-27 03:00:00,39.88,61.5
2017-08-27 04:00:00,37.17,61.5
2017-08-27 05:00:00,34.58,61.5
2017-08-27 06:00:00,34.9,60.8
2017-08-27 07:00:00,34.9,62.6
2017-08-27 08:00:00,43.3,64.4
2017-08-27 09:00:00,49.5,68.7
2017-08-27 10:00:00,55.38,71.1
2017-08-27 11:00:00,51.3,73.0
2017-08-27 12:00:00,57.18,74.5
2017-08-27 13:00:00,61.85,77.2
2017-08-27 14:00:00,58.82,77.0
2017-08-27 15:00:00,52.32,77.4
2017-08-27 16:00:00,47.48,78.6
2017-08-27 17:00:00,50.15,78.8
2017-08-27 18:00:00,63.3,77.4
2017-08-27 19:00:00,69.45,74.7
2017-08-27 20:00:00,67.7,72.7
2017-08-27 21:00:00,65.82,70.9
2017-08-27 22:00:00,62.2,68.5
2017-08-27 23:00:00,56.98,63.9
2017-08-28 00:00:00,49.32,62.6
2017-08-28 01:00:00,46.1,62.8
2017-08-28 02:00:00,42.82,60.3
2017-08-28 03:00:00,39.05,60.8
2017-08-28 04:00:00,36.95,59.9
2017-08-28 05:00:00,33.38,59.0
2017-08-28 06:00:00,33.3,60.8
2017-08-28 07:00:00,34.6,64.4
2017-08-28 08:00:00,36.5,67.3
2017-08-28 09:00:00,46.38,70.7
2017-08-28 10:00:00,48.4,73.8
2017-08-28 11:00:00,51.9,75.7
2017-08-28 12:00:00,59.15,78.1
2017-08-28 13:00:00,62.75,79.2
2017-08-28 14:00:00,52.22,81.1
2017-08-28 15:00:00,46.1,80.2
2017-08-28 16:00:00,47.1,79.5
2017-08-28 17:00:00,52.6,79.3
2017-08-28 18:00:00,69.53,78.3
2017-08-28 19:00:00,66.03,75.4
2017-08-28 20:00:00,64.88,73.6
2017-08-28 21:00:00,60.98,71.4
2017-08-28 22:00:00,56.02,69.1
2017-08-28 23:00:00,53.18,67.5
2017-08-29 00:00:00,47.95,66.0
2017-08-29 01:00:00,42.57,64.6
2017-08-29 02:00:00,38.1,63.1
2017-08-29 03:00:00,34.15,62.8
2017-08-29 04:00:00,33.88,62.8
2017-08-29 05:00:00,33.5,62.2
2017-08-29 06:00:00,31.72,62.2
2017-08-29 07:00:00,34.8,63.1
2017-08-29 08:00:00,58.25,65.3
2017-08-29 09:00:00,60.0,66.2
2017-08-29 10:00:00,52.2,68.9
2017-08-29 11:00:00,49.0,72.7
2017-08-29 12:00:00,52.38,73.0
2017-08-29 13:00:00,56.38,75.9
2017-08-29 14:00:00,61.65,77.2
2017-08-29 15:00:00,56.08,76.8
2017-08-29 16:00:00,51.7,77.4
2017-08-29 17:00:00,55.98,75.7
2017-08-29 18:00:00,67.6,74.1
2017-08-29 19:00:00,73.45,68.0
2017-08-29 20:00:00,62.65,66.2
2017-08-29 21:00:00,59.82,65.3
2017-08-29 22:00:00,56.15,62.8
2017-08-29 23:00:00,52.15,60.8
2017-08-30 00:00:00,49.54,59.2
2017-08-30 01:00:00,42.38,57.4
2017-08-30 02:00:00,37.4,57.0
2017-08-30 03:00:00,35.98,57.9
2017-08-30 04:00:00,32.92,57.6
2017-08-30 05:00:00,30.08,57.2
2017-08-30 06:00:00,30.25,57.2
2017-08-30 07:00:00,35.92,57.6
2017-08-30 08:00:00,61.08,57.2
2017-08-30 09:00:00,62.32,57.0
2017-08-30 10:00:00,57.3,55.9
2017-08-30 11:00:00,56.2,57.2
2017-08-30 12:00:00,66.95,57.4
2017-08-30 13:00:00,69.95,56.5
2017-08-30 14:00:00,59.55,56.5
2017-08-30 15:00:00,57.35,57.0
2017-08-30 16:00:00,53.35,57.0
2017-08-30 17:00:00,61.02,57.2
2017-08-30 18:00:00,84.28,57.2
2017-08-30 19:00:00,79.28,56.8
2017-08-30 20:00:00,73.1,57.0
2017-08-30 21:00:00,65.85,57.2
2017-08-30 22:00:00,59.3,56.5
2017-08-30 23:00:00,56.95,55.0
2017-08-31 00:00:00,55.82,52.2
2017-08-31 01:00:00,49.88,51.1
2017-08-31 02:00:00,48.72,50.4
2017-08-31 03:00:00,42.28,50.7
2017-08-31 04:00:00,40.12,48.7
2017-08-31 05:00:00,38.55,49.1
2017-08-31 06:00:00,41.38,49.1
2017-08-31 07:00:00,41.42,52.2
2017-08-31 08:00:00,51.65,55.6
2017-08-31 09:00:00,64.97,59.0
2017-08-31 10:00:00,69.18,62.2
2017-08-31 11:00:00,63.3,62.8
2017-08-31 12:00:00,63.42,61.5
2017-08-31 13:00:00,73.7,61.9
2017-08-31 14:00:00,66.68,66.0
2017-08-31 15:00:00,55.95,66.2
2017-08-31 16:00:00,49.88,67.6
2017-08-31 17:00:00,49.25,66.0
2017-08-31 18:00:00,56.4,65.1
2017-08-31 19:00:00,62.7,61.3
2017-08-31 20:00:00,69.9,59.9
2017-08-31 21:00:00,69.18,59.2
2017-08-31 22:00:00,57.92,57.2
2017-08-31 23:00:00,55.75,57.9
2017-09-01 00:00:00,55.01,54.1
2017-09-01 01:00:00,50.83,54.1
2017-09-01 02:00:00,49.52,52.7
2017-09-01 03:00:00,46.0,51.4
2017-09-01 04:00:00,43.2,51.1
2017-09-01 05:00:00,41.72,50.7
2017-09-01 06:00:00,41.52,50.7
2017-09-01 07:00:00,47.7,54.1
2017-09-01 08:00:00,62.12,57.9
2017-09-01 09:00:00,68.08,62.2
2017-09-01 10:00:00,67.12,64.0
2017-09-01 11:00:00,65.7,66.6
2017-09-01 12:00:00,65.0,69.3
2017-09-01 13:00:00,56.5,68.4
2017-09-01 14:00:00,55.4,69.6
2017-09-01 15:00:00,50.68,68.2
2017-09-01 16:00:00,46.08,68.0
2017-09-01 17:00:00,47.05,68.9
2017-09-01 18:00:00,51.22,66.7
2017-09-01 19:00:00,57.1,66.2
2017-09-01 20:00:00,61.55,64.6
2017-09-01 21:00:00,58.25,62.2
2017-09-01 22:00:00,55.6,60.3
2017-09-01 23:00:00,53.62,58.1
2017-09-02 00:00:00,51.01,57.4
2017-09-02 01:00:00,53.15,54.9
2017-09-02 02:00:00,43.85,53.2
2017-09-02 03:00:00,39.05,51.1
2017-09-02 04:00:00,36.25,50.4
2017-09-02 05:00:00,37.02,50.4
2017-09-02 06:00:00,35.67,50.7
2017-09-02 07:00:00,40.88,52.2
2017-09-02 08:00:00,49.5,56.5
2017-09-02 09:00:00,55.68,59.7
2017-09-02 10:00:00,58.02,64.2
2017-09-02 11:00:00,63.35,64.8
2017-09-02 12:00:00,70.62,65.1
2017-09-02 13:00:00,67.45,66.9
2017-09-02 14:00:00,51.52,69.4
2017-09-02 15:00:00,40.85,70.5
2017-09-02 16:00:00,44.42,70.5
2017-09-02 17:00:00,45.5,68.5
2017-09-02 18:00:00,47.55,66.4
2017-09-02 19:00:00,50.92,64.6
2017-09-02 20:00:00,58.72,62.1
2017-09-02 21:00:00,61.9,59.9
2017-09-02 22:00:00,58.82,58.5
2017-09-02 23:00:00,53.98,56.7
2017-09-03 00:00:00,53.42,54.1
2017-09-03 01:00:00,41.18,53.2
2017-09-03 02:00:00,44.12,52.0
2017-09-03 03:00:00,41.78,52.3
2017-09-03 04:00:00,35.62,52.3
2017-09-03 05:00:00,36.1,52.9
2017-09-03 06:00:00,34.52,52.9
2017-09-03 07:00:00,34.75,55.4
2017-09-03 08:00:00,40.22,59.0
2017-09-03 09:00:00,43.4,61.7
2017-09-03 10:00:00,45.38,63.5
2017-09-03 11:00:00,51.62,63.7
2017-09-03 12:00:00,58.38,62.1
2017-09-03 13:00:00,56.1,60.6
2017-09-03 14:00:00,49.42,57.0
2017-09-03 15:00:00,47.28,58.1
2017-09-03 16:00:00,48.35,57.9
2017-09-03 17:00:00,49.75,57.0
2017-09-03 18:00:00,65.5,56.1
2017-09-03 19:00:00,71.3,55.9
2017-09-03 20:00:00,80.8,56.7
2017-09-03 21:00:00,75.9,57.2
2017-09-03 22:00:00,66.28,57.2
2017-09-03 23:00:00,64.97,56.8
2017-09-04 00:00:00,53.62,57.0
2017-09-04 01:00:00,55.22,57.6
2017-09-04 02:00:00,46.68,57.7
2017-09-04 03:00:00,43.1,58.1
2017-09-04 04:00:00,38.7,58.5
2017-09-04 05:00:00,37.52,58.8
2017-09-04 06:00:00,39.42,59.7
2017-09-04 07:00:00,43.25,60.6
2017-09-04 08:00:00,54.05,61.9
2017-09-04 09:00:00,61.9,63.9
2017-09-04 10:00:00,64.0,65.7
2017-09-04 11:00:00,65.42,66.9
2017-09-04 12:00:00,72.15,68.4
2017-09-04 13:00:00,61.55,69.1
2017-09-04 14:00:00,49.88,69.3
2017-09-04 15:00:00,50.48,71.6
2017-09-04 16:00:00,47.38,70.9
2017-09-04 17:00:00,45.95,69.4
2017-09-04 18:00:00,52.35,68.0
2017-09-04 19:00:00,58.12,66.2
2017-09-04 20:00:00,60.92,64.9
2017-09-04 21:00:00,61.0,64.2
2017-09-04 22:00:00,56.55,64.0
2017-09-04 23:00:00,53.2,63.7
2017-09-05 00:00:00,50.31,63.5
2017-09-05 01:00:00,45.01,63.0
2017-09-05 02:00:00,41.55,62.4
2017-09-05 03:00:00,40.67,62.1
2017-09-05 04:00:00,37.28,61.9
2017-09-05 05:00:00,37.25,61.5
2017-09-05 06:00:00,41.25,61.3
2017-09-05 07:00:00,41.4,61.9
2017-09-05 08:00:00,49.68,61.5
2017-09-05 09:00:00,58.38,65.3
2017-09-05 10:00:00,61.48,64.8
2017-09-05 11:00:00,70.78,66.7
2017-09-05 12:00:00,71.2,66.9
2017-09-05 13:00:00,67.85,70.0
2017-09-05 14:00:00,54.78,65.5
2017-09-05 15:00:00,55.45,66.7
2017-09-05 16:00:00,55.92,64.9
2017-09-05 17:00:00,53.88,64.9
2017-09-05 18:00:00,60.4,64.6
2017-09-05 19:00:00,66.32,64.2
2017-09-05 20:00:00,58.18,64.0
2017-09-05 21:00:00,56.2,61.2
2017-09-05 22:00:00,58.48,60.1
2017-09-05 23:00:00,59.38,58.6
2017-09-06 00:00:00,52.52,56.8
2017-09-06 01:00:00,45.65,53.4
2017-09-06 02:00:00,41.12,53.4
2017-09-06 03:00:00,40.48,52.5
2017-09-06 04:00:00,35.45,54.5
2017-09-06 05:00:00,34.52,55.4
2017-09-06 06:00:00,36.0,55.9
2017-09-06 07:00:00,40.0,56.8
2017-09-06 08:00:00,51.75,59.7
2017-09-06 09:00:00,58.42,62.2
2017-09-06 10:00:00,63.25,64.2
2017-09-06 11:00:00,66.6,63.3
2017-09-06 12:00:00,65.92,65.5
2017-09-06 13:00:00,73.58,65.7
2017-09-06 14:00:00,60.82,65.5
2017-09-06 15:00:00,54.32,66.2
2017-09-06 16:00:00,51.28,65.7
2017-09-06 17:00:00,47.25,65.1
2017-09-06 18:00:00,57.72,63.5
2017-09-06 19:00:00,66.03,62.1
2017-09-06 20:00:00,64.25,61.3
2017-09-06 21:00:00,66.55,61.7
2017-09-06 22:00:00,63.72,60.3
2017-09-06 23:00:00,56.62,59.4
2017-09-07 00:00:00,60.15,58.3
2017-09-07 01:00:00,50.57,55.4
2017-09-07 02:00:00,43.85,55.9
2017-09-07 03:00:00,40.45,55.2
2017-09-07 04:00:00,39.1,53.6
2017-09-07 05:00:00,35.58,52.5
2017-09-07 06:00:00,36.22,54.0
2017-09-07 07:00:00,40.58,54.7
2017-09-07 08:00:00,50.25,56.5
2017-09-07 09:00:00,60.62,60.4
2017-09-07 10:00:00,64.58,63.3
2017-09-07 11:00:00,67.4,62.2
2017-09-07 12:00:00,73.15,64.9
2017-09-07 13:00:00,75.18,65.7
2017-09-07 14:00:00,67.6,67.3
2017-09-07 15:00:00,62.88,67.5
2017-09-07 16:00:00,60.15,66.0
2017-09-07 17:00:00,53.45,65.5
2017-09-07 18:00:00,56.78,63.7
2017-09-07 19:00:00,62.2,63.0
2017-09-07 20:00:00,68.1,62.2
2017-09-07 21:00:00,59.55,62.2
2017-09-07 22:00:00,58.98,61.2
2017-09-07 23:00:00,58.7,61.5
2017-09-08 00:00:00,64.38,61.2
2017-09-08 01:00:00,59.46,60.6
2017-09-08 02:00:00,52.22,60.3
2017-09-08 03:00:00,45.85,60.1
2017-09-08 04:00:00,42.48,59.7
2017-09-08 05:00:00,41.9,58.6
2017-09-08 06:00:00,42.3,58.5
2017-09-08 07:00:00,48.82,58.1
2017-09-08 08:00:00,58.75,58.6
2017-09-08 09:00:00,73.32,60.8
2017-09-08 10:00:00,79.85,61.7
2017-09-08 11:00:00,81.2,59.5
2017-09-08 12:00:00,82.72,59.9
2017-09-08 13:00:00,78.78,62.2
2017-09-08 14:00:00,74.65,62.6
2017-09-08 15:00:00,69.68,65.8
2017-09-08 16:00:00,58.75,66.2
2017-09-08 17:00:00,54.0,64.6
2017-09-08 18:00:00,62.55,61.0
2017-09-08 19:00:00,73.2,59.4
2017-09-08 20:00:00,75.47,57.7
2017-09-08 21:00:00,73.08,57.7
2017-09-08 22:00:00,66.5,56.7
2017-09-08 23:00:00,65.12,53.4
2017-09-09 00:00:00,66.88,52.2
2017-09-09 01:00:00,63.12,52.5
2017-09-09 02:00:00,59.7,51.6
2017-09-09 03:00:00,53.1,51.3
2017-09-09 04:00:00,47.22,50.4
2017-09-09 05:00:00,45.88,50.5
2017-09-09 06:00:00,42.88,50.9
2017-09-09 07:00:00,46.58,51.4
2017-09-09 08:00:00,60.08,54.9
2017-09-09 09:00:00,60.7,57.7
2017-09-09 10:00:00,65.47,60.8
2017-09-09 11:00:00,62.1,62.2
2017-09-09 12:00:00,65.95,61.9
2017-09-09 13:00:00,64.28,61.0
2017-09-09 14:00:00,56.35,64.2
2017-09-09 15:00:00,49.75,57.6
2017-09-09 16:00:00,46.32,57.9
2017-09-09 17:00:00,53.32,59.9
2017-09-09 18:00:00,68.7,57.4
2017-09-09 19:00:00,72.08,55.9
2017-09-09 20:00:00,76.22,55.2
2017-09-09 21:00:00,78.85,54.3
2017-09-09 22:00:00,70.72,53.6
2017-09-09 23:00:00,67.85,52.5
2017-09-10 00:00:00,64.8,50.9
2017-09-10 01:00:00,65.27,51.4
2017-09-10 02:00:00,66.68,50.4
2017-09-10 03:00:00,57.62,49.1
2017-09-10 04:00:00,54.58,48.2
2017-09-10 05:00:00,52.32,49.1
2017-09-10 06:00:00,53.48,49.3
2017-09-10 07:00:00,55.75,50.7
2017-09-10 08:00:00,58.6,54.1
2017-09-10 09:00:00,65.22,57.4
2017-09-10 10:00:00,59.15,59.5
2017-09-10 11:00:00,58.68,61.0
2017-09-10 12:00:00,64.3,62.2
2017-09-10 13:00:00,66.85,62.1
2017-09-10 14:00:00,62.18,62.2
2017-09-10 15:00:00,60.75,60.4
2017-09-10 16:00:00,61.88,60.3
2017-09-10 17:00:00,63.72,58.5
2017-09-10 18:00:00,72.62,60.1
2017-09-10 19:00:00,83.45,59.7
2017-09-10 20:00:00,75.15,58.6
2017-09-10 21:00:00,74.92,57.7
2017-09-10 22:00:00,65.8,56.3
2017-09-10 23:00:00,64.7,55.2
2017-09-11 00:00:00,67.27,54.0
2017-09-11 01:00:00,63.96,52.9
2017-09-11 02:00:00,63.62,52.3
2017-09-11 03:00:00,57.12,52.5
2017-09-11 04:00:00,52.98,53.1
2017-09-11 05:00:00,54.55,53.6
2017-09-11 06:00:00,50.65,54.1
2017-09-11 07:00:00,53.05,54.3
2017-09-11 08:00:00,68.5,56.1
2017-09-11 09:00:00,79.22,58.5
2017-09-11 10:00:00,81.85,60.8
2017-09-11 11:00:00,81.4,64.8
2017-09-11 12:00:00,74.75,65.1
2017-09-11 13:00:00,71.68,63.1
2017-09-11 14:00:00,63.88,66.4
2017-09-11 15:00:00,63.6,66.4
2017-09-11 16:00:00,59.62,61.2
2017-09-11 17:00:00,64.97,61.3
2017-09-11 18:00:00,68.2,60.4
2017-09-11 19:00:00,74.72,57.0
2017-09-11 20:00:00,71.22,56.1
2017-09-11 21:00:00,72.97,54.7
2017-09-11 22:00:00,69.45,54.3
2017-09-11 23:00:00,76.9,53.8
2017-09-12 00:00:00,78.47,52.3
2017-09-12 01:00:00,75.06,51.4
2017-09-12 02:00:00,66.35,51.1
2017-09-12 03:00:00,61.15,51.6
2017-09-12 04:00:00,53.4,51.4
2017-09-12 05:00:00,51.85,50.9
2017-09-12 06:00:00,51.18,50.9
2017-09-12 07:00:00,54.05,52.9
2017-09-12 08:00:00,59.08,55.0
2017-09-12 09:00:00,75.15,58.1
2017-09-12 10:00:00,80.42,59.9
2017-09-12 11:00:00,75.58,61.7
2017-09-12 12:00:00,76.32,63.5
2017-09-12 13:00:00,73.47,65.8
2017-09-12 14:00:00,65.7,66.2
2017-09-12 15:00:00,58.52,63.0
2017-09-12 16:00:00,56.7,62.4
2017-09-12 17:00:00,57.0,61.0
2017-09-12 18:00:00,65.75,59.9
2017-09-12 19:00:00,72.85,57.2
2017-09-12 20:00:00,79.0,55.6
2017-09-12 21:00:00,76.22,55.2
2017-09-12 22:00:00,85.55,55.8
2017-09-12 23:00:00,85.12,57.2
2017-09-13 00:00:00,60.28,60.6
2017-09-13 01:00:00,77.47,59.4
2017-09-13 02:00:00,68.08,58.8
2017-09-13 03:00:00,65.22,58.1
2017-09-13 04:00:00,60.55,56.3
2017-09-13 05:00:00,57.05,55.6
2017-09-13 06:00:00,55.5,54.0
2017-09-13 07:00:00,63.05,54.7
2017-09-13 08:00:00,78.6,56.5
2017-09-13 09:00:00,78.95,59.0
2017-09-13 10:00:00,63.25,61.3
2017-09-13 11:00:00,53.62,63.1
2017-09-13 12:00:00,50.88,60.6
2017-09-13 13:00:00,48.68,65.1
2017-09-13 14:00:00,46.72,59.2
2017-09-13 15:00:00,49.02,59.5
2017-09-13 16:00:00,47.85,62.2
2017-09-13 17:00:00,46.65,59.2
2017-09-13 18:00:00,49.12,58.8
2017-09-13 19:00:00,44.15,56.7
2017-09-13 20:00:00,42.0,55.0
2017-09-13 21:00:00,46.88,54.5
2017-09-13 22:00:00,44.62,53.6
2017-09-13 23:00:00,41.02,51.3
2017-09-14 00:00:00,48.22,50.2
2017-09-14 01:00:00,43.94,50.2
2017-09-14 02:00:00,49.38,47.7
2017-09-14 03:00:00,47.15,48.0
2017-09-14 04:00:00,42.48,46.4
2017-09-14 05:00:00,40.85,46.4
2017-09-14 06:00:00,38.45,46.4
2017-09-14 07:00:00,40.88,49.5
2017-09-14 08:00:00,45.58,51.3
2017-09-14 09:00:00,54.25,54.0
2017-09-14 10:00:00,52.02,56.5
2017-09-14 11:00:00,49.3,59.5
2017-09-14 12:00:00,51.0,60.6
2017-09-14 13:00:00,55.88,60.8
2017-09-14 14:00:00,56.68,63.1
2017-09-14 15:00:00,53.68,56.8
2017-09-14 16:00:00,50.12,60.3
2017-09-14 17:00:00,45.78,60.6
2017-09-14 18:00:00,45.78,58.3
2017-09-14 19:00:00,44.72,55.2
2017-09-14 20:00:00,39.88,55.2
2017-09-14 21:00:00,43.4,53.6
2017-09-14 22:00:00,47.55,49.1
2017-09-14 23:00:00,52.65,50.4
2017-09-15 00:00:00,45.92,47.8
2017-09-15 01:00:00,47.28,46.6
2017-09-15 02:00:00,47.18,46.6
2017-09-15 03:00:00,50.38,46.0
2017-09-15 04:00:00,47.38,46.4
2017-09-15 05:00:00,42.48,46.2
2017-09-15 06:00:00,41.35,45.1
2017-09-15 07:00:00,43.58,47.5
2017-09-15 08:00:00,50.0,50.4
2017-09-15 09:00:00,53.98,54.5
2017-09-15 10:00:00,52.28,56.3
2017-09-15 11:00:00,50.7,57.6
2017-09-15 12:00:00,48.92,59.7
2017-09-15 13:00:00,47.25,59.7
2017-09-15 14:00:00,47.0,60.4
2017-09-15 15:00:00,43.38,58.5
2017-09-15 16:00:00,47.2,57.2
2017-09-15 17:00:00,42.02,55.2
2017-09-15 18:00:00,41.02,54.5
2017-09-15 19:00:00,38.88,53.6
2017-09-15 20:00:00,38.2,52.2
2017-09-15 21:00:00,44.92,51.3
2017-09-15 22:00:00,44.2,50.5
2017-09-15 23:00:00,42.28,50.2
2017-09-16 00:00:00,45.83,49.3
2017-09-16 01:00:00,41.32,48.9
2017-09-16 02:00:00,39.72,48.7
2017-09-16 03:00:00,42.35,49.3
2017-09-16 04:00:00,44.22,48.2
2017-09-16 05:00:00,38.2,47.5
2017-09-16 06:00:00,39.02,46.9
2017-09-16 07:00:00,36.15,49.5
2017-09-16 08:00:00,40.8,51.6
2017-09-16 09:00:00,45.6,53.2
2017-09-16 10:00:00,47.02,54.3
2017-09-16 11:00:00,50.58,56.7
2017-09-16 12:00:00,47.55,57.0
2017-09-16 13:00:00,46.38,58.8
2017-09-16 14:00:00,46.6,58.3
2017-09-16 15:00:00,43.02,59.5
2017-09-16 16:00:00,41.98,55.8
2017-09-16 17:00:00,42.78,54.7
2017-09-16 18:00:00,42.25,52.9
2017-09-16 19:00:00,44.2,52.9
2017-09-16 20:00:00,44.12,52.3
2017-09-16 21:00:00,43.78,50.5
2017-09-16 22:00:00,47.52,51.1
2017-09-16 23:00:00,49.12,50.4
2017-09-17 00:00:00,48.44,49.8
2017-09-17 01:00:00,49.93,48.7
2017-09-17 02:00:00,49.48,48.0
2017-09-17 03:00:00,40.38,48.2
2017-09-17 04:00:00,37.12,48.4
2017-09-17 05:00:00,36.4,49.6
2017-09-17 06:00:00,37.08,50.5
2017-09-17 07:00:00,38.2,50.7
2017-09-17 08:00:00,38.65,51.8
2017-09-17 09:00:00,46.92,53.1
2017-09-17 10:00:00,52.75,54.5
2017-09-17 11:00:00,48.8,56.1
2017-09-17 12:00:00,47.48,58.3
2017-09-17 13:00:00,51.32,60.4
2017-09-17 14:00:00,51.78,58.6
2017-09-17 15:00:00,55.75,60.8
2017-09-17 16:00:00,51.88,62.1
2017-09-17 17:00:00,50.28,58.6
2017-09-17 18:00:00,51.65,58.8
2017-09-17 19:00:00,53.78,57.2
2017-09-17 20:00:00,56.5,57.2
2017-09-17 21:00:00,62.48,55.0
2017-09-17 22:00:00,57.42,53.6
2017-09-17 23:00:00,50.62,53.1
2017-09-18 00:00:00,52.32,52.5
2017-09-18 01:00:00,54.66,51.3
2017-09-18 02:00:00,49.1,49.6
2017-09-18 03:00:00,41.02,49.8
2017-09-18 04:00:00,40.15,50.9
2017-09-18 05:00:00,39.5,52.2
2017-09-18 06:00:00,34.9,51.8
2017-09-18 07:00:00,38.28,52.5
2017-09-18 08:00:00,43.98,55.0
2017-09-18 09:00:00,56.35,55.8
2017-09-18 10:00:00,63.92,59.9
2017-09-18 11:00:00,54.68,59.9
2017-09-18 12:00:00,52.1,59.9
2017-09-18 13:00:00,51.8,61.2
2017-09-18 14:00:00,50.45,62.6
2017-09-18 15:00:00,51.65,62.8
2017-09-18 16:00:00,53.38,61.0
2017-09-18 17:00:00,58.38,58.5
2017-09-18 18:00:00,56.4,55.9
2017-09-18 19:00:00,52.32,55.4
2017-09-18 20:00:00,53.32,54.9
2017-09-18 21:00:00,53.92,52.9
2017-09-18 22:00:00,64.05,52.0
2017-09-18 23:00:00,60.8,51.4
2017-09-19 00:00:00,56.2,51.1
2017-09-19 01:00:00,48.86,50.9
2017-09-19 02:00:00,44.58,50.9
2017-09-19 03:00:00,38.52,49.6
2017-09-19 04:00:00,36.0,48.2
2017-09-19 05:00:00,40.02,47.5
2017-09-19 06:00:00,41.45,47.5
2017-09-19 07:00:00,41.1,47.8
2017-09-19 08:00:00,51.32,50.7
2017-09-19 09:00:00,63.4,52.5
2017-09-19 10:00:00,63.02,54.0
2017-09-19 11:00:00,59.78,57.9
2017-09-19 12:00:00,49.92,57.4
2017-09-19 13:00:00,51.08,59.0
2017-09-19 14:00:00,49.78,58.8
2017-09-19 15:00:00,49.78,60.1
2017-09-19 16:00:00,48.9,59.4
2017-09-19 17:00:00,50.7,60.6
2017-09-19 18:00:00,52.62,58.3
2017-09-19 19:00:00,58.3,56.5
2017-09-19 20:00:00,63.8,55.2
2017-09-19 21:00:00,63.88,54.1
2017-09-19 22:00:00,64.08,52.3
2017-09-19 23:00:00,57.18,50.4
2017-09-20 00:00:00,56.06,49.6
2017-09-20 01:00:00,46.22,50.2
2017-09-20 02:00:00,42.28,50.0
2017-09-20 03:00:00,38.8,51.1
2017-09-20 04:00:00,39.75,50.2
2017-09-20 05:00:00,37.22,50.2
2017-09-20 06:00:00,32.28,50.5
2017-09-20 07:00:00,37.72,52.7
2017-09-20 08:00:00,48.02,55.2
2017-09-20 09:00:00,58.4,57.9
2017-09-20 10:00:00,59.98,59.9
2017-09-20 11:00:00,58.95,60.8
2017-09-20 12:00:00,50.78,62.8
2017-09-20 13:00:00,53.5,62.4
2017-09-20 14:00:00,48.05,63.5
2017-09-20 15:00:00,50.3,63.3
2017-09-20 16:00:00,49.78,63.3
2017-09-20 17:00:00,56.05,63.0
2017-09-20 18:00:00,57.42,61.0
2017-09-20 19:00:00,62.62,59.5
2017-09-20 20:00:00,56.95,58.1
2017-09-20 21:00:00,54.7,58.3
2017-09-20 22:00:00,53.95,58.5
2017-09-20 23:00:00,54.8,58.1
2017-09-21 00:00:00,48.47,58.8
2017-09-21 01:00:00,44.82,59.0
2017-09-21 02:00:00,35.08,59.0
2017-09-21 03:00:00,34.42,59.4
2017-09-21 04:00:00,33.78,58.8
2017-09-21 05:00:00,31.42,57.2
2017-09-21 06:00:00,31.4,57.6
2017-09-21 07:00:00,37.85,58.5
2017-09-21 08:00:00,44.62,59.7
2017-09-21 09:00:00,51.0,61.5
2017-09-21 10:00:00,49.28,62.4
2017-09-21 11:00:00,49.58,62.6
2017-09-21 12:00:00,53.52,64.2
2017-09-21 13:00:00,55.2,63.9
2017-09-21 14:00:00,56.82,63.3
2017-09-21 15:00:00,57.5,60.1
2017-09-21 16:00:00,49.32,59.9
2017-09-21 17:00:00,51.3,59.7
2017-09-21 18:00:00,58.88,59.0
2017-09-21 19:00:00,60.5,58.1
2017-09-21 20:00:00,51.15,56.7
2017-09-21 21:00:00,55.35,55.2
2017-09-21 22:00:00,47.62,54.1
2017-09-21 23:00:00,54.4,51.1
2017-09-22 00:00:00,49.84,49.6
2017-09-22 01:00:00,43.5,48.7
2017-09-22 02:00:00,40.95,47.7
2017-09-22 03:00:00,44.78,46.4
2017-09-22 04:00:00,44.92,46.2
2017-09-22 05:00:00,41.58,46.4
2017-09-22 06:00:00,37.6,45.5
2017-09-22 07:00:00,32.7,43.9
2017-09-22 08:00:00,43.45,48.0
2017-09-22 09:00:00,47.02,52.2
2017-09-22 10:00:00,51.48,58.3
2017-09-22 11:00:00,56.3,61.2
2017-09-22 12:00:00,51.85,63.1
2017-09-22 13:00:00,53.28,61.5
2017-09-22 14:00:00,55.5,63.7
2017-09-22 15:00:00,51.7,63.3
2017-09-22 16:00:00,45.98,64.2
2017-09-22 17:00:00,48.35,63.0
2017-09-22 18:00:00,52.58,60.3
2017-09-22 19:00:00,59.95,58.1
2017-09-22 20:00:00,57.68,57.2
2017-09-22 21:00:00,55.4,56.7
2017-09-22 22:00:00,56.68,55.8
2017-09-22 23:00:00,55.52,55.2
2017-09-23 00:00:00,58.68,55.6
2017-09-23 01:00:00,50.97,56.7
2017-09-23 02:00:00,48.4,56.5
2017-09-23 03:00:00,41.6,56.1
2017-09-23 04:00:00,39.83,56.3
2017-09-23 05:00:00,34.3,56.7
2017-09-23 06:00:00,33.28,57.2
2017-09-23 07:00:00,37.98,58.5
2017-09-23 08:00:00,43.0,59.0
2017-09-23 09:00:00,46.3,61.0
2017-09-23 10:00:00,51.45,61.7
2017-09-23 11:00:00,57.6,63.0
2017-09-23 12:00:00,58.58,64.4
2017-09-23 13:00:00,58.4,65.8
2017-09-23 14:00:00,58.9,66.7
2017-09-23 15:00:00,61.22,66.0
2017-09-23 16:00:00,56.45,65.3
2017-09-23 17:00:00,60.08,63.7
2017-09-23 18:00:00,65.15,62.1
2017-09-23 19:00:00,76.0,59.5
2017-09-23 20:00:00,92.85,58.5
2017-09-23 21:00:00,78.05,57.7
2017-09-23 22:00:00,69.95,56.3
2017-09-23 23:00:00,67.12,54.0
2017-09-24 00:00:00,59.54,54.1
2017-09-24 01:00:00,62.89,54.5
2017-09-24 02:00:00,52.92,54.7
2017-09-24 03:00:00,50.7,54.0
2017-09-24 04:00:00,44.32,52.7
2017-09-24 05:00:00,39.28,52.0
2017-09-24 06:00:00,42.6,52.7
2017-09-24 07:00:00,44.88,54.7
2017-09-24 08:00:00,54.2,59.5
2017-09-24 09:00:00,61.92,63.5
2017-09-24 10:00:00,61.88,67.3
2017-09-24 11:00:00,66.05,69.8
2017-09-24 12:00:00,62.2,69.8
2017-09-24 13:00:00,65.42,71.6
2017-09-24 14:00:00,66.9,70.5
2017-09-24 15:00:00,65.03,70.0
2017-09-24 16:00:00,59.62,68.2
2017-09-24 17:00:00,65.62,66.7
2017-09-24 18:00:00,79.92,65.1
2017-09-24 19:00:00,87.2,63.0
2017-09-24 20:00:00,81.75,62.8
2017-09-24 21:00:00,71.38,61.3
2017-09-24 22:00:00,62.78,60.6
2017-09-24 23:00:00,62.32,59.4
2017-09-25 00:00:00,52.82,59.0
2017-09-25 01:00:00,51.98,59.0
2017-09-25 02:00:00,48.2,59.5
2017-09-25 03:00:00,45.62,59.7
2017-09-25 04:00:00,41.98,59.5
2017-09-25 05:00:00,37.58,59.2
2017-09-25 06:00:00,37.83,59.2
2017-09-25 07:00:00,51.58,59.0
2017-09-25 08:00:00,57.85,59.7
2017-09-25 09:00:00,58.08,60.3
2017-09-25 10:00:00,54.02,61.0
2017-09-25 11:00:00,53.3,62.6
2017-09-25 12:00:00,52.38,63.5
2017-09-25 13:00:00,50.52,62.8
2017-09-25 14:00:00,52.9,63.7
2017-09-25 15:00:00,54.15,64.4
2017-09-25 16:00:00,60.8,64.4
2017-09-25 17:00:00,73.32,63.5
2017-09-25 18:00:00,91.0,63.1
2017-09-25 19:00:00,87.95,62.1
2017-09-25 20:00:00,76.68,61.5
2017-09-25 21:00:00,71.5,61.0
2017-09-25 22:00:00,65.88,60.4
2017-09-25 23:00:00,56.72,59.9
2017-09-26 00:00:00,52.82,58.8
2017-09-26 01:00:00,48.2,58.1
2017-09-26 02:00:00,46.55,57.9
2017-09-26 03:00:00,40.45,57.4
2017-09-26 04:00:00,36.88,57.4
2017-09-26 05:00:00,37.1,57.2
2017-09-26 06:00:00,36.1,57.2
2017-09-26 07:00:00,41.28,58.3
2017-09-26 08:00:00,54.88,59.2
2017-09-26 09:00:00,58.18,61.9
2017-09-26 10:00:00,62.72,64.0
2017-09-26 11:00:00,57.82,65.8
2017-09-26 12:00:00,61.18,66.4
2017-09-26 13:00:00,63.88,69.1
2017-09-26 14:00:00,58.08,69.8
2017-09-26 15:00:00,57.5,68.2
2017-09-26 16:00:00,60.35,67.1
2017-09-26 17:00:00,68.05,64.2
2017-09-26 18:00:00,81.15,63.0
2017-09-26 19:00:00,85.08,60.4
2017-09-26 20:00:00,74.47,59.0
2017-09-26 21:00:00,70.42,58.8
2017-09-26 22:00:00,62.25,59.7
2017-09-26 23:00:00,60.72,56.8
2017-09-27 00:00:00,55.6,57.0
2017-09-27 01:00:00,52.08,55.4
2017-09-27 02:00:00,45.22,56.1
2017-09-27 03:00:00,41.1,54.5
2017-09-27 04:00:00,37.58,55.8
2017-09-27 05:00:00,34.55,54.5
2017-09-27 06:00:00,37.08,54.3
2017-09-27 07:00:00,46.82,55.9
2017-09-27 08:00:00,56.18,57.9
2017-09-27 09:00:00,58.12,60.3
2017-09-27 10:00:00,61.3,62.1
2017-09-27 11:00:00,60.12,64.9
2017-09-27 12:00:00,61.38,66.4
2017-09-27 13:00:00,58.95,69.1
2017-09-27 14:00:00,54.98,67.5
2017-09-27 15:00:00,57.2,67.6
2017-09-27 16:00:00,61.2,65.8
2017-09-27 17:00:00,75.97,64.6
2017-09-27 18:00:00,91.0,63.5
2017-09-27 19:00:00,97.05,61.2
2017-09-27 20:00:00,84.9,60.3
2017-09-27 21:00:00,73.47,59.5
2017-09-27 22:00:00,64.88,59.7
2017-09-27 23:00:00,59.55,59.7
2017-09-28 00:00:00,50.75,59.9
2017-09-28 01:00:00,52.88,60.1
2017-09-28 02:00:00,45.98,60.1
2017-09-28 03:00:00,41.58,60.1
2017-09-28 04:00:00,36.08,60.3
2017-09-28 05:00:00,34.1,60.8
2017-09-28 06:00:00,35.88,61.3
2017-09-28 07:00:00,44.85,61.3
2017-09-28 08:00:00,55.98,59.9
2017-09-28 09:00:00,57.6,59.9
2017-09-28 10:00:00,59.78,60.6
2017-09-28 11:00:00,60.25,64.6
2017-09-28 12:00:00,58.28,66.6
2017-09-28 13:00:00,58.6,67.3
2017-09-28 14:00:00,54.68,66.2
2017-09-28 15:00:00,53.9,68.0
2017-09-28 16:00:00,54.75,65.3
2017-09-28 17:00:00,66.22,64.4
2017-09-28 18:00:00,80.1,61.9
2017-09-28 19:00:00,84.92,59.5
2017-09-28 20:00:00,78.5,58.1
2017-09-28 21:00:00,72.22,57.4
2017-09-28 22:00:00,65.45,57.2
2017-09-28 23:00:00,55.32,57.6
2017-09-29 00:00:00,52.02,58.6
2017-09-29 01:00:00,43.98,59.4
2017-09-29 02:00:00,46.18,60.4
2017-09-29 03:00:00,45.38,61.3
2017-09-29 04:00:00,40.9,62.6
2017-09-29 05:00:00,34.42,63.0
2017-09-29 06:00:00,34.22,63.1
2017-09-29 07:00:00,41.75,63.3
2017-09-29 08:00:00,52.92,63.7
2017-09-29 09:00:00,60.98,64.4
2017-09-29 10:00:00,61.92,65.5
2017-09-29 11:00:00,60.08,65.3
2017-09-29 12:00:00,57.6,64.9
2017-09-29 13:00:00,61.0,61.9
2017-09-29 14:00:00,61.75,61.2
2017-09-29 15:00:00,63.5,62.1
2017-09-29 16:00:00,70.03,61.7
2017-09-29 17:00:00,72.28,61.2
2017-09-29 18:00:00,85.2,60.1
2017-09-29 19:00:00,84.72,59.0
2017-09-29 20:00:00,80.72,58.1
2017-09-29 21:00:00,77.35,56.7
2017-09-29 22:00:00,70.92,56.3
2017-09-29 23:00:00,63.98,55.0
2017-09-30 00:00:00,56.55,53.1
2017-09-30 01:00:00,48.14,52.2
2017-09-30 02:00:00,46.52,52.5
2017-09-30 03:00:00,45.05,52.3
2017-09-30 04:00:00,40.22,51.8
2017-09-30 05:00:00,36.1,52.2
2017-09-30 06:00:00,36.0,52.7
2017-09-30 07:00:00,39.55,53.8
2017-09-30 08:00:00,53.22,54.9
2017-09-30 09:00:00,55.5,57.0
2017-09-30 10:00:00,53.08,62.8
2017-09-30 11:00:00,52.15,63.0
2017-09-30 12:00:00,53.08,61.0
2017-09-30 13:00:00,57.7,61.2
2017-09-30 14:00:00,55.28,60.4
2017-09-30 15:00:00,59.0,61.5
2017-09-30 16:00:00,62.72,60.8
2017-09-30 17:00:00,71.85,60.6
2017-09-30 18:00:00,76.22,58.6
2017-09-30 19:00:00,84.1,58.3
2017-09-30 20:00:00,79.5,56.8
2017-09-30 21:00:00,73.62,56.8
2017-09-30 22:00:00,66.28,57.4
2017-09-30 23:00:00,63.8,57.2
2017-10-01 00:00:00,64.65,57.6
2017-10-01 01:00:00,56.98,57.2
2017-10-01 02:00:00,48.6,56.8
2017-10-01 03:00:00,41.1,57.0
2017-10-01 04:00:00,36.35,58.1
2017-10-01 05:00:00,36.95,59.0
2017-10-01 06:00:00,36.45,59.4
2017-10-01 07:00:00,36.1,59.9
2017-10-01 08:00:00,46.68,61.0
2017-10-01 09:00:00,57.72,61.5
2017-10-01 10:00:00,67.4,62.2
2017-10-01 11:00:00,63.62,63.5
2017-10-01 12:00:00,65.75,65.1
2017-10-01 13:00:00,69.22,64.4
2017-10-01 14:00:00,66.9,63.5
2017-10-01 15:00:00,67.45,63.3
2017-10-01 16:00:00,71.58,63.3
2017-10-01 17:00:00,80.47,63.5
2017-10-01 18:00:00,100.65,63.3
2017-10-01 19:00:00,100.2,63.3
2017-10-01 20:00:00,99.7,63.1
2017-10-01 21:00:00,88.8,62.8
2017-10-01 22:00:00,83.6,62.6
2017-10-01 23:00:00,77.28,61.2
2017-10-02 00:00:00,63.06,59.9
2017-10-02 01:00:00,54.47,59.4
2017-10-02 02:00:00,47.38,58.8
2017-10-02 03:00:00,43.98,57.9
2017-10-02 04:00:00,38.9,58.1
2017-10-02 05:00:00,38.4,57.9
2017-10-02 06:00:00,39.9,57.6
2017-10-02 07:00:00,53.58,57.0
2017-10-02 08:00:00,60.35,58.8
2017-10-02 09:00:00,66.5,59.9
2017-10-02 10:00:00,68.47,60.8
2017-10-02 11:00:00,65.65,62.2
2017-10-02 12:00:00,68.03,62.6
2017-10-02 13:00:00,65.92,62.8
2017-10-02 14:00:00,63.25,62.1
2017-10-02 15:00:00,62.15,60.3
2017-10-02 16:00:00,65.92,60.6
2017-10-02 17:00:00,80.82,59.0
2017-10-02 18:00:00,91.05,57.9
2017-10-02 19:00:00,98.02,57.2
2017-10-02 20:00:00,94.55,55.9
2017-10-02 21:00:00,79.82,54.9
2017-10-02 22:00:00,76.58,53.2
2017-10-02 23:00:00,69.78,51.8
2017-10-03 00:00:00,69.97,50.4
2017-10-03 01:00:00,53.07,49.1
2017-10-03 02:00:00,47.25,50.7
2017-10-03 03:00:00,47.08,47.8
2017-10-03 04:00:00,40.9,48.2
2017-10-03 05:00:00,39.38,47.8
2017-10-03 06:00:00,43.78,47.7
2017-10-03 07:00:00,59.02,48.2
2017-10-03 08:00:00,60.58,51.8
2017-10-03 09:00:00,65.05,54.9
2017-10-03 10:00:00,63.8,56.7
2017-10-03 11:00:00,78.08,58.3
2017-10-03 12:00:00,81.03,58.1
2017-10-03 13:00:00,78.95,59.4
2017-10-03 14:00:00,76.5,62.8
2017-10-03 15:00:00,76.95,61.9
2017-10-03 16:00:00,84.55,59.7
2017-10-03 17:00:00,90.68,58.5
2017-10-03 18:00:00,93.18,55.9
2017-10-03 19:00:00,97.6,54.5
2017-10-03 20:00:00,102.82,54.9
2017-10-03 21:00:00,102.32,53.8
2017-10-03 22:00:00,94.22,53.4
2017-10-03 23:00:00,83.25,52.3
2017-10-04 00:00:00,76.48,51.1
2017-10-04 01:00:00,69.33,50.0
2017-10-04 02:00:00,60.88,49.1
2017-10-04 03:00:00,53.1,49.1
2017-10-04 04:00:00,50.7,48.7
2017-10-04 05:00:00,49.95,48.4
2017-10-04 06:00:00,50.98,48.9
2017-10-04 07:00:00,60.82,49.3
2017-10-04 08:00:00,71.08,50.7
2017-10-04 09:00:00,78.03,55.8
2017-10-04 10:00:00,72.88,57.2
2017-10-04 11:00:00,78.05,57.2
2017-10-04 12:00:00,77.88,58.8
2017-10-04 13:00:00,87.35,58.8
2017-10-04 14:00:00,79.32,58.5
2017-10-04 15:00:00,83.35,59.4
2017-10-04 16:00:00,83.85,59.7
2017-10-04 17:00:00,95.38,58.6
2017-10-04 18:00:00,108.6,57.7
2017-10-04 19:00:00,106.52,56.7
2017-10-04 20:00:00,99.38,56.7
2017-10-04 21:00:00,98.78,56.1
2017-10-04 22:00:00,87.15,55.4
2017-10-04 23:00:00,78.53,55.0
2017-10-05 00:00:00,74.83,55.0
2017-10-05 01:00:00,65.18,55.4
2017-10-05 02:00:00,53.92,55.9
2017-10-05 03:00:00,45.05,57.2
2017-10-05 04:00:00,42.0,57.7
2017-10-05 05:00:00,45.4,58.1
2017-10-05 06:00:00,48.68,59.5
2017-10-05 07:00:00,60.35,60.8
2017-10-05 08:00:00,73.03,55.6
2017-10-05 09:00:00,80.7,56.8
2017-10-05 10:00:00,72.55,59.2
2017-10-05 11:00:00,74.32,58.5
2017-10-05 12:00:00,69.68,60.8
2017-10-05 13:00:00,72.47,61.2
2017-10-05 14:00:00,69.03,62.1
2017-10-05 15:00:00,70.18,62.8
2017-10-05 16:00:00,72.97,62.1
2017-10-05 17:00:00,90.3,58.5
2017-10-05 18:00:00,110.8,57.0
2017-10-05 19:00:00,108.45,54.9
2017-10-05 20:00:00,110.35,53.1
2017-10-05 21:00:00,98.7,52.0
2017-10-05 22:00:00,91.82,51.6
2017-10-05 23:00:00,79.18,50.7
2017-10-06 00:00:00,79.82,50.2
2017-10-06 01:00:00,66.53,49.3
2017-10-06 02:00:00,64.72,48.6
2017-10-06 03:00:00,64.42,48.0
2017-10-06 04:00:00,54.88,47.7
2017-10-06 05:00:00,49.65,47.5
2017-10-06 06:00:00,50.18,47.3
2017-10-06 07:00:00,61.48,46.8
2017-10-06 08:00:00,69.85,49.8
2017-10-06 09:00:00,92.08,53.1
2017-10-06 10:00:00,99.22,55.2
2017-10-06 11:00:00,106.98,57.0
2017-10-06 12:00:00,102.22,57.9
2017-10-06 13:00:00,102.9,59.0
2017-10-06 14:00:00,102.05,59.7
2017-10-06 15:00:00,96.82,59.0
2017-10-06 16:00:00,98.15,59.4
2017-10-06 17:00:00,102.6,57.2
2017-10-06 18:00:00,116.1,56.1
2017-10-06 19:00:00,114.25,55.4
2017-10-06 20:00:00,108.1,54.1
2017-10-06 21:00:00,101.42,53.2
2017-10-06 22:00:00,108.05,52.2
2017-10-06 23:00:00,96.75,49.5
2017-10-07 00:00:00,91.68,49.8
2017-10-07 01:00:00,81.49,50.5
2017-10-07 02:00:00,75.2,51.1
2017-10-07 03:00:00,66.65,52.5
2017-10-07 04:00:00,61.42,53.1
2017-10-07 05:00:00,59.25,53.8
2017-10-07 06:00:00,65.35,54.7
2017-10-07 07:00:00,63.15,55.9
2017-10-07 08:00:00,67.88,57.0
2017-10-07 09:00:00,72.03,58.6
2017-10-07 10:00:00,86.38,59.5
2017-10-07 11:00:00,87.25,61.2
2017-10-07 12:00:00,84.1,61.2
2017-10-07 13:00:00,88.4,62.2
2017-10-07 14:00:00,88.75,62.8
2017-10-07 15:00:00,87.82,62.4
2017-10-07 16:00:00,91.18,62.2
2017-10-07 17:00:00,98.58,62.2
2017-10-07 18:00:00,112.58,61.0
2017-10-07 19:00:00,112.55,57.7
2017-10-07 20:00:00,107.52,56.8
2017-10-07 21:00:00,98.18,57.0
2017-10-07 22:00:00,98.15,56.7
2017-10-07 23:00:00,93.05,56.7
2017-10-08 00:00:00,90.98,56.3
2017-10-08 01:00:00,74.62,54.9
2017-10-08 02:00:00,77.78,53.8
2017-10-08 03:00:00,72.35,53.1
2017-10-08 04:00:00,72.85,52.0
2017-10-08 05:00:00,66.75,51.8
2017-10-08 06:00:00,65.58,51.3
2017-10-08 07:00:00,66.82,52.0
2017-10-08 08:00:00,70.03,52.5
2017-10-08 09:00:00,81.0,56.1
2017-10-08 10:00:00,84.58,57.7
2017-10-08 11:00:00,82.55,59.2
2017-10-08 12:00:00,84.62,59.9
2017-10-08 13:00:00,88.18,60.8
2017-10-08 14:00:00,86.68,61.2
2017-10-08 15:00:00,91.25,63.5
2017-10-08 16:00:00,95.15,63.3
2017-10-08 17:00:00,103.75,61.0
2017-10-08 18:00:00,122.82,59.4
2017-10-08 19:00:00,119.7,59.5
2017-10-08 20:00:00,116.18,56.7
2017-10-08 21:00:00,106.02,55.2
2017-10-08 22:00:00,99.55,53.8
2017-10-08 23:00:00,97.3,52.2
2017-10-09 00:00:00,84.38,52.3
2017-10-09 01:00:00,77.59,52.3
2017-10-09 02:00:00,68.1,50.5
2017-10-09 03:00:00,60.02,50.9
2017-10-09 04:00:00,62.78,51.3
2017-10-09 05:00:00,54.1,51.4
2017-10-09 06:00:00,60.9,54.0
2017-10-09 07:00:00,77.95,54.5
2017-10-09 08:00:00,82.45,55.2
2017-10-09 09:00:00,82.4,57.0
2017-10-09 10:00:00,79.08,62.4
2017-10-09 11:00:00,86.45,63.5
2017-10-09 12:00:00,89.78,61.9
2017-10-09 13:00:00,93.95,61.5
2017-10-09 14:00:00,86.15,61.3
2017-10-09 15:00:00,89.08,61.5
2017-10-09 16:00:00,97.15,60.6
2017-10-09 17:00:00,102.65,59.9
2017-10-09 18:00:00,122.02,58.1
2017-10-09 19:00:00,121.72,58.3
2017-10-09 20:00:00,121.32,57.0
2017-10-09 21:00:00,106.92,54.7
2017-10-09 22:00:00,99.7,53.6
2017-10-09 23:00:00,92.58,53.2
2017-10-10 00:00:00,85.9,52.3
2017-10-10 01:00:00,73.84,52.2
2017-10-10 02:00:00,62.42,53.1
2017-10-10 03:00:00,52.02,53.4
2017-10-10 04:00:00,55.52,53.6
2017-10-10 05:00:00,54.1,53.6
2017-10-10 06:00:00,56.9,54.0
2017-10-10 07:00:00,71.08,55.0
2017-10-10 08:00:00,81.9,56.3
2017-10-10 09:00:00,98.35,57.7
2017-10-10 10:00:00,91.75,58.6
2017-10-10 11:00:00,91.45,59.7
2017-10-10 12:00:00,93.35,59.9
2017-10-10 13:00:00,95.65,59.9
2017-10-10 14:00:00,86.58,61.3
2017-10-10 15:00:00,84.82,61.0
2017-10-10 16:00:00,92.55,62.4
2017-10-10 17:00:00,92.8,61.7
2017-10-10 18:00:00,108.22,60.4
2017-10-10 19:00:00,113.6,60.1
2017-10-10 20:00:00,115.42,60.3
2017-10-10 21:00:00,100.38,59.4
2017-10-10 22:00:00,96.25,58.8
2017-10-10 23:00:00,93.65,59.4
2017-10-11 00:00:00,86.4,59.9
2017-10-11 01:00:00,73.73,59.7
2017-10-11 02:00:00,72.88,59.9
2017-10-11 03:00:00,67.85,59.7
2017-10-11 04:00:00,60.52,59.7
2017-10-11 05:00:00,57.18,59.5
2017-10-11 06:00:00,59.62,59.0
2017-10-11 07:00:00,75.38,57.7
2017-10-11 08:00:00,73.6,58.8
2017-10-11 09:00:00,77.32,59.0
2017-10-11 10:00:00,79.28,59.2
2017-10-11 11:00:00,77.05,60.8
2017-10-11 12:00:00,77.92,61.7
2017-10-11 13:00:00,79.35,61.0
2017-10-11 14:00:00,80.0,63.0
2017-10-11 15:00:00,78.45,62.2
2017-10-11 16:00:00,89.98,61.7
2017-10-11 17:00:00,101.88,60.4
2017-10-11 18:00:00,104.85,59.9
2017-10-11 19:00:00,112.32,59.9
2017-10-11 20:00:00,112.65,55.2
2017-10-11 21:00:00,105.32,55.0
2017-10-11 22:00:00,93.32,54.0
2017-10-11 23:00:00,85.8,53.2
2017-10-12 00:00:00,86.78,52.3
2017-10-12 01:00:00,83.94,52.0
2017-10-12 02:00:00,72.42,51.1
2017-10-12 03:00:00,69.95,48.6
2017-10-12 04:00:00,65.75,49.3
2017-10-12 05:00:00,60.3,49.1
2017-10-12 06:00:00,59.9,50.9
2017-10-12 07:00:00,73.88,51.4
2017-10-12 08:00:00,82.05,53.6
2017-10-12 09:00:00,85.58,56.3
2017-10-12 10:00:00,80.15,58.8
2017-10-12 11:00:00,78.97,60.3
2017-10-12 12:00:00,81.45,61.5
2017-10-12 13:00:00,78.5,62.8
2017-10-12 14:00:00,78.82,63.3
2017-10-12 15:00:00,79.72,62.4
2017-10-12 16:00:00,77.35,61.9
2017-10-12 17:00:00,90.25,60.1
2017-10-12 18:00:00,105.2,58.3
2017-10-12 19:00:00,111.72,56.3
2017-10-12 20:00:00,106.78,55.2
2017-10-12 21:00:00,101.38,54.0
2017-10-12 22:00:00,87.52,52.9
2017-10-12 23:00:00,87.72,52.0
2017-10-13 00:00:00,84.12,52.2
2017-10-13 01:00:00,75.41,51.4
2017-10-13 02:00:00,70.5,54.9
2017-10-13 03:00:00,65.95,55.0
2017-10-13 04:00:00,57.42,56.8
2017-10-13 05:00:00,50.3,58.1
2017-10-13 06:00:00,48.58,59.7
2017-10-13 07:00:00,64.95,60.8
2017-10-13 08:00:00,69.47,62.2
2017-10-13 09:00:00,81.55,63.3
2017-10-13 10:00:00,76.85,64.0
2017-10-13 11:00:00,72.82,65.5
2017-10-13 12:00:00,75.2,66.9
2017-10-13 13:00:00,78.68,66.0
2017-10-13 14:00:00,76.95,65.8
2017-10-13 15:00:00,75.5,65.5
2017-10-13 16:00:00,80.15,64.9
2017-10-13 17:00:00,89.72,64.0
2017-10-13 18:00:00,107.52,63.0
2017-10-13 19:00:00,109.35,62.1
2017-10-13 20:00:00,98.82,61.9
2017-10-13 21:00:00,89.35,61.9
2017-10-13 22:00:00,88.45,61.7
2017-10-13 23:00:00,83.18,61.7
2017-10-14 00:00:00,82.99,62.1
2017-10-14 01:00:00,78.13,61.2
2017-10-14 02:00:00,77.45,60.6
2017-10-14 03:00:00,72.12,61.0
2017-10-14 04:00:00,58.22,61.3
2017-10-14 05:00:00,48.38,61.3
2017-10-14 06:00:00,52.02,61.2
2017-10-14 07:00:00,54.58,60.4
2017-10-14 08:00:00,60.2,61.5
2017-10-14 09:00:00,58.05,63.5
2017-10-14 10:00:00,68.38,65.3
2017-10-14 11:00:00,72.9,66.4
2017-10-14 12:00:00,77.65,67.5
2017-10-14 13:00:00,75.95,67.1
2017-10-14 14:00:00,76.22,66.6
2017-10-14 15:00:00,71.45,66.4
2017-10-14 16:00:00,74.88,65.7
2017-10-14 17:00:00,78.28,64.9
2017-10-14 18:00:00,88.85,64.0
2017-10-14 19:00:00,94.8,62.1
2017-10-14 20:00:00,90.22,59.9
2017-10-14 21:00:00,94.88,57.9
2017-10-14 22:00:00,84.4,56.3
2017-10-14 23:00:00,83.6,55.8
2017-10-15 00:00:00,79.12,52.2
2017-10-15 01:00:00,82.03,53.6
2017-10-15 02:00:00,76.7,52.7
2017-10-15 03:00:00,72.5,52.5
2017-10-15 04:00:00,63.72,51.6
2017-10-15 05:00:00,49.5,53.1
2017-10-15 06:00:00,51.58,55.9
2017-10-15 07:00:00,57.75,57.0
2017-10-15 08:00:00,58.22,58.8
2017-10-15 09:00:00,67.6,60.1
2017-10-15 10:00:00,74.55,62.2
2017-10-15 11:00:00,77.58,63.9
2017-10-15 12:00:00,82.25,65.7
2017-10-15 13:00:00,83.38,67.8
2017-10-15 14:00:00,81.62,66.4
2017-10-15 15:00:00,82.65,66.7
2017-10-15 16:00:00,87.58,65.5
2017-10-15 17:00:00,89.28,62.4
2017-10-15 18:00:00,103.18,60.6
2017-10-15 19:00:00,111.88,59.5
2017-10-15 20:00:00,107.7,59.0
2017-10-15 21:00:00,102.85,57.4
2017-10-15 22:00:00,89.08,55.9
2017-10-15 23:00:00,83.8,55.6
2017-10-16 00:00:00,86.06,55.8
2017-10-16 01:00:00,74.21,55.2
2017-10-16 02:00:00,67.3,54.3
2017-10-16 03:00:00,58.35,54.0
2017-10-16 04:00:00,52.38,56.5
2017-10-16 05:00:00,46.4,58.5
2017-10-16 06:00:00,55.4,59.0
2017-10-16 07:00:00,59.85,61.3
2017-10-16 08:00:00,72.42,64.4
2017-10-16 09:00:00,70.0,68.2
2017-10-16 10:00:00,71.65,71.4
2017-10-16 11:00:00,65.25,71.8
2017-10-16 12:00:00,65.58,70.5
2017-10-16 13:00:00,63.78,69.1
2017-10-16 14:00:00,73.08,66.9
2017-10-16 15:00:00,80.38,64.2
2017-10-16 16:00:00,83.1,62.8
2017-10-16 17:00:00,90.2,61.9
2017-10-16 18:00:00,103.28,60.4
2017-10-16 19:00:00,109.65,59.2
2017-10-16 20:00:00,110.1,58.6
2017-10-16 21:00:00,102.45,58.3
2017-10-16 22:00:00,102.55,57.7
2017-10-16 23:00:00,95.22,56.3
2017-10-17 00:00:00,91.2,55.6
2017-10-17 01:00:00,84.92,55.2
2017-10-17 02:00:00,69.8,54.5
2017-10-17 03:00:00,64.68,53.6
2017-10-17 04:00:00,58.18,53.2
2017-10-17 05:00:00,58.82,52.0
2017-10-17 06:00:00,65.42,51.4
2017-10-17 07:00:00,82.08,52.3
2017-10-17 08:00:00,82.75,52.9
2017-10-17 09:00:00,86.65,55.2
2017-10-17 10:00:00,79.62,58.1
2017-10-17 11:00:00,78.32,57.7
2017-10-17 12:00:00,81.68,57.2
2017-10-17 13:00:00,85.2,57.0
2017-10-17 14:00:00,85.85,57.0
2017-10-17 15:00:00,85.68,56.7
2017-10-17 16:00:00,92.92,55.6
2017-10-17 17:00:00,109.32,54.9
2017-10-17 18:00:00,130.82,54.3
2017-10-17 19:00:00,125.65,54.3
2017-10-17 20:00:00,119.55,54.5
2017-10-17 21:00:00,111.45,54.0
2017-10-17 22:00:00,101.48,53.2
2017-10-17 23:00:00,90.28,53.1
2017-10-18 00:00:00,91.71,53.1
2017-10-18 01:00:00,92.32,52.3
2017-10-18 02:00:00,75.95,52.7
2017-10-18 03:00:00,67.47,53.2
2017-10-18 04:00:00,66.22,53.1
2017-10-18 05:00:00,63.28,53.1
2017-10-18 06:00:00,62.48,53.2
2017-10-18 07:00:00,73.4,53.4
2017-10-18 08:00:00,78.8,53.4
2017-10-18 09:00:00,94.2,53.8
2017-10-18 10:00:00,88.75,53.6
2017-10-18 11:00:00,82.02,54.3
2017-10-18 12:00:00,80.15,55.2
2017-10-18 13:00:00,88.95,56.5
2017-10-18 14:00:00,80.65,57.0
2017-10-18 15:00:00,78.85,57.9
2017-10-18 16:00:00,80.82,58.6
2017-10-18 17:00:00,99.6,59.2
2017-10-18 18:00:00,113.68,59.2
2017-10-18 19:00:00,108.85,58.8
2017-10-18 20:00:00,114.12,59.2
2017-10-18 21:00:00,98.32,59.7
2017-10-18 22:00:00,90.98,59.5
2017-10-18 23:00:00,97.62,59.4
2017-10-19 00:00:00,82.01,59.2
2017-10-19 01:00:00,78.53,59.2
2017-10-19 02:00:00,74.28,59.2
2017-10-19 03:00:00,65.6,59.0
2017-10-19 04:00:00,57.0,58.8
2017-10-19 05:00:00,50.52,58.5
2017-10-19 06:00:00,50.3,58.6
2017-10-19 07:00:00,64.82,59.0
2017-10-19 08:00:00,69.78,59.2
2017-10-19 09:00:00,74.82,59.5
2017-10-19 10:00:00,81.6,60.8
2017-10-19 11:00:00,79.88,61.7
2017-10-19 12:00:00,79.8,61.9
2017-10-19 13:00:00,78.65,62.2
2017-10-19 14:00:00,80.6,62.2
2017-10-19 15:00:00,86.35,61.3
2017-10-19 16:00:00,93.18,60.8
2017-10-19 17:00:00,103.05,60.4
2017-10-19 18:00:00,111.9,60.1
2017-10-19 19:00:00,110.35,60.8
2017-10-19 20:00:00,106.35,60.1
2017-10-19 21:00:00,100.52,57.4
2017-10-19 22:00:00,95.78,56.3
2017-10-19 23:00:00,84.3,57.0
2017-10-20 00:00:00,80.22,54.9
2017-10-20 01:00:00,76.15,54.7
2017-10-20 02:00:00,71.2,54.1
2017-10-20 03:00:00,63.6,53.8
2017-10-20 04:00:00,58.05,54.3
2017-10-20 05:00:00,51.3,54.5
2017-10-20 06:00:00,55.8,54.5
2017-10-20 07:00:00,67.53,54.5
2017-10-20 08:00:00,80.62,54.9
2017-10-20 09:00:00,88.8,54.7
2017-10-20 10:00:00,80.28,55.4
2017-10-20 11:00:00,88.28,56.7
2017-10-20 12:00:00,89.75,57.4
2017-10-20 13:00:00,86.05,58.3
2017-10-20 14:00:00,89.6,57.9
2017-10-20 15:00:00,79.75,58.8
2017-10-20 16:00:00,90.02,56.5
2017-10-20 17:00:00,94.7,56.1
2017-10-20 18:00:00,103.58,55.2
2017-10-20 19:00:00,99.4,55.6
2017-10-20 20:00:00,98.78,55.6
2017-10-20 21:00:00,92.22,56.1
2017-10-20 22:00:00,87.65,58.6
2017-10-20 23:00:00,79.53,58.5
2017-10-21 00:00:00,94.35,56.3
2017-10-21 01:00:00,81.9,57.2
2017-10-21 02:00:00,72.65,58.3
2017-10-21 03:00:00,65.42,57.4
2017-10-21 04:00:00,61.22,56.1
2017-10-21 05:00:00,54.7,55.2
2017-10-21 06:00:00,54.0,55.4
2017-10-21 07:00:00,62.25,55.0
2017-10-21 08:00:00,56.18,54.9
2017-10-21 09:00:00,65.18,55.6
2017-10-21 10:00:00,72.25,54.9
2017-10-21 11:00:00,75.18,59.0
2017-10-21 12:00:00,85.62,59.9
2017-10-21 13:00:00,92.78,60.1
2017-10-21 14:00:00,91.65,60.3
2017-10-21 15:00:00,90.0,59.0
2017-10-21 16:00:00,94.95,57.2
2017-10-21 17:00:00,100.82,55.9
2017-10-21 18:00:00,124.02,55.9
2017-10-21 19:00:00,126.58,55.0
2017-10-21 20:00:00,116.8,54.3
2017-10-21 21:00:00,109.95,54.7
2017-10-21 22:00:00,104.15,54.5
2017-10-21 23:00:00,99.75,53.6
2017-10-22 00:00:00,98.39,53.8
2017-10-22 01:00:00,97.72,53.6
2017-10-22 02:00:00,86.32,53.2
2017-10-22 03:00:00,87.02,51.8
2017-10-22 04:00:00,78.78,51.3
2017-10-22 05:00:00,74.6,49.8
2017-10-22 06:00:00,69.92,48.9
2017-10-22 07:00:00,76.18,48.7
2017-10-22 08:00:00,75.8,49.8
2017-10-22 09:00:00,83.55,51.1
2017-10-22 10:00:00,86.6,53.8
2017-10-22 11:00:00,89.5,54.7
2017-10-22 12:00:00,89.8,54.5
2017-10-22 13:00:00,101.28,57.4
2017-10-22 14:00:00,99.68,57.2
2017-10-22 15:00:00,93.35,55.6
2017-10-22 16:00:00,95.32,54.1
2017-10-22 17:00:00,107.22,52.7
2017-10-22 18:00:00,124.2,52.3
2017-10-22 19:00:00,128.22,50.7
2017-10-22 20:00:00,127.02,50.7
2017-10-22 21:00:00,119.22,50.5
2017-10-22 22:00:00,117.75,52.0
2017-10-22 23:00:00,109.8,51.8
2017-10-23 00:00:00,90.07,50.4
2017-10-23 01:00:00,90.14,49.8
2017-10-23 02:00:00,80.35,50.5
2017-10-23 03:00:00,76.65,50.5
2017-10-23 04:00:00,71.15,51.1
2017-10-23 05:00:00,69.7,51.1
2017-10-23 06:00:00,67.05,51.3
2017-10-23 07:00:00,72.45,52.3
2017-10-23 08:00:00,94.05,54.0
2017-10-23 09:00:00,96.45,55.2
2017-10-23 10:00:00,93.82,56.3
2017-10-23 11:00:00,92.02,58.5
2017-10-23 12:00:00,85.85,59.2
2017-10-23 13:00:00,91.38,60.3
2017-10-23 14:00:00,87.15,61.2
2017-10-23 15:00:00,83.08,61.0
2017-10-23 16:00:00,86.6,61.0
2017-10-23 17:00:00,102.0,61.3
2017-10-23 18:00:00,130.55,60.8
2017-10-23 19:00:00,135.9,60.6
2017-10-23 20:00:00,127.68,60.4
2017-10-23 21:00:00,125.3,59.9
2017-10-23 22:00:00,116.2,59.7
2017-10-23 23:00:00,95.45,58.6
2017-10-24 00:00:00,88.68,57.7
2017-10-24 01:00:00,79.1,57.6
2017-10-24 02:00:00,76.58,57.7
2017-10-24 03:00:00,73.3,57.9
2017-10-24 04:00:00,66.47,58.6
2017-10-24 05:00:00,63.95,59.7
2017-10-24 06:00:00,59.78,59.5
2017-10-24 07:00:00,75.32,60.3
2017-10-24 08:00:00,78.85,61.2
2017-10-24 09:00:00,83.8,62.4
2017-10-24 10:00:00,76.12,64.8
2017-10-24 11:00:00,85.22,64.6
2017-10-24 12:00:00,86.85,65.3
2017-10-24 13:00:00,76.3,65.5
2017-10-24 14:00:00,73.03,65.8
2017-10-24 15:00:00,70.45,65.1
2017-10-24 16:00:00,81.32,64.6
2017-10-24 17:00:00,91.3,63.3
2017-10-24 18:00:00,116.4,62.4
2017-10-24 19:00:00,116.0,61.7
2017-10-24 20:00:00,118.5,61.3
2017-10-24 21:00:00,106.78,60.1
2017-10-24 22:00:00,107.08,59.4
2017-10-24 23:00:00,99.3,59.2
2017-10-25 00:00:00,88.65,59.0
2017-10-25 01:00:00,86.18,59.0
2017-10-25 02:00:00,75.4,58.6
2017-10-25 03:00:00,70.72,58.1
2017-10-25 04:00:00,66.28,58.1
2017-10-25 05:00:00,61.28,58.6
2017-10-25 06:00:00,61.82,59.0
2017-10-25 07:00:00,68.42,59.4
2017-10-25 08:00:00,67.9,59.5
2017-10-25 09:00:00,76.32,60.1
2017-10-25 10:00:00,77.5,61.2
2017-10-25 11:00:00,74.5,63.7
2017-10-25 12:00:00,69.72,64.2
2017-10-25 13:00:00,78.4,64.2
2017-10-25 14:00:00,71.95,64.0
2017-10-25 15:00:00,71.82,64.9
2017-10-25 16:00:00,74.45,62.8
2017-10-25 17:00:00,88.95,60.6
2017-10-25 18:00:00,99.4,59.4
2017-10-25 19:00:00,105.3,58.3
2017-10-25 20:00:00,99.98,55.9
2017-10-25 21:00:00,98.1,54.5
2017-10-25 22:00:00,91.85,53.8
2017-10-25 23:00:00,93.35,51.3
2017-10-26 00:00:00,82.58,51.4
2017-10-26 01:00:00,84.82,49.6
2017-10-26 02:00:00,77.2,48.7
2017-10-26 03:00:00,69.55,47.5
2017-10-26 04:00:00,70.3,47.3
2017-10-26 05:00:00,60.02,48.9
2017-10-26 06:00:00,56.72,51.8
2017-10-26 07:00:00,64.72,51.4
2017-10-26 08:00:00,80.92,52.0
2017-10-26 09:00:00,81.25,54.1
2017-10-26 10:00:00,78.05,55.8
2017-10-26 11:00:00,82.68,57.4
2017-10-26 12:00:00,83.92,59.2
2017-10-26 13:00:00,79.88,59.5
2017-10-26 14:00:00,83.28,59.9
2017-10-26 15:00:00,80.65,60.4
2017-10-26 16:00:00,87.42,60.4
2017-10-26 17:00:00,109.1,59.4
2017-10-26 18:00:00,118.45,58.5
2017-10-26 19:00:00,117.25,57.7
2017-10-26 20:00:00,119.12,57.2
2017-10-26 21:00:00,105.9,57.4
2017-10-26 22:00:00,104.5,56.8
2017-10-26 23:00:00,89.35,57.2
2017-10-27 00:00:00,83.84,56.5
2017-10-27 01:00:00,82.72,55.9
2017-10-27 02:00:00,78.88,55.4
2017-10-27 03:00:00,81.3,54.3
2017-10-27 04:00:00,75.1,51.8
2017-10-27 05:00:00,63.35,49.8
2017-10-27 06:00:00,70.47,48.2
2017-10-27 07:00:00,78.32,47.1
2017-10-27 08:00:00,91.7,48.0
2017-10-27 09:00:00,102.72,51.3
2017-10-27 10:00:00,96.62,54.0
2017-10-27 11:00:00,97.98,55.8
2017-10-27 12:00:00,102.05,57.0
2017-10-27 13:00:00,95.7,57.7
2017-10-27 14:00:00,95.7,58.1
2017-10-27 15:00:00,90.5,57.9
2017-10-27 16:00:00,94.22,57.0
2017-10-27 17:00:00,104.9,54.5
2017-10-27 18:00:00,113.25,53.2
2017-10-27 19:00:00,122.22,51.1
2017-10-27 20:00:00,106.38,49.1
2017-10-27 21:00:00,108.28,48.6
2017-10-27 22:00:00,96.78,46.2
2017-10-27 23:00:00,90.25,46.4
2017-10-28 00:00:00,85.42,45.1
2017-10-28 01:00:00,97.77,42.1
2017-10-28 02:00:00,92.15,43.2
2017-10-28 03:00:00,83.48,42.6
2017-10-28 04:00:00,91.08,43.2
2017-10-28 05:00:00,78.68,41.9
2017-10-28 06:00:00,72.65,43.9
2017-10-28 07:00:00,76.47,43.3
2017-10-28 08:00:00,80.15,43.9
2017-10-28 09:00:00,91.18,47.7
2017-10-28 10:00:00,90.85,51.3
2017-10-28 11:00:00,96.4,54.0
2017-10-28 12:00:00,96.4,57.0
2017-10-28 13:00:00,97.3,59.7
2017-10-28 14:00:00,91.02,60.6
2017-10-28 15:00:00,90.85,60.8
2017-10-28 16:00:00,102.22,60.6
2017-10-28 17:00:00,105.28,59.9
2017-10-28 18:00:00,124.85,57.2
2017-10-28 19:00:00,125.8,55.8
2017-10-28 20:00:00,118.55,54.7
2017-10-28 21:00:00,117.3,55.0
2017-10-28 22:00:00,104.78,55.8
2017-10-28 23:00:00,93.92,56.5
2017-10-29 00:00:00,105.58,57.0
2017-10-29 01:00:00,120.12,57.0
2017-10-29 02:00:00,103.68,56.8
2017-10-29 03:00:00,103.82,58.1
2017-10-29 04:00:00,95.75,58.5
2017-10-29 05:00:00,88.12,58.3
2017-10-29 06:00:00,75.53,58.1
2017-10-29 07:00:00,77.05,57.2
2017-10-29 08:00:00,80.15,56.1
2017-10-29 09:00:00,87.3,56.1
2017-10-29 10:00:00,97.52,56.5
2017-10-29 11:00:00,101.85,55.0
2017-10-29 12:00:00,104.2,54.7
2017-10-29 13:00:00,99.32,54.7
2017-10-29 14:00:00,109.28,55.4
2017-10-29 15:00:00,108.62,55.2
2017-10-29 16:00:00,101.38,53.2
2017-10-29 17:00:00,110.55,51.4
2017-10-29 18:00:00,136.3,50.0
2017-10-29 19:00:00,132.48,48.7
2017-10-29 20:00:00,143.62,47.3
2017-10-29 21:00:00,137.95,46.4
2017-10-29 22:00:00,127.3,45.7
2017-10-29 23:00:00,114.52,43.2
2017-10-30 00:00:00,125.68,41.9
2017-10-30 01:00:00,115.52,41.9
2017-10-30 02:00:00,107.58,41.0
2017-10-30 03:00:00,95.0,40.6
2017-10-30 04:00:00,99.9,39.2
2017-10-30 05:00:00,99.7,38.1
2017-10-30 06:00:00,90.75,37.8
2017-10-30 07:00:00,84.32,38.1
2017-10-30 08:00:00,107.72,39.0
2017-10-30 09:00:00,126.32,42.3
2017-10-30 10:00:00,129.5,44.6
2017-10-30 11:00:00,113.8,47.5
2017-10-30 12:00:00,115.45,51.8
2017-10-30 13:00:00,112.58,53.1
2017-10-30 14:00:00,106.28,54.3
2017-10-30 15:00:00,101.0,54.1
2017-10-30 16:00:00,116.22,52.7
2017-10-30 17:00:00,122.2,50.2
2017-10-30 18:00:00,142.93,48.7
2017-10-30 19:00:00,169.5,47.3
2017-10-30 20:00:00,163.1,46.6
2017-10-30 21:00:00,155.85,46.2
2017-10-30 22:00:00,143.78,46.6
2017-10-30 23:00:00,146.93,43.3
2017-10-31 00:00:00,133.3,42.1
2017-10-31 01:00:00,126.62,42.1
2017-10-31 02:00:00,120.05,43.3
2017-10-31 03:00:00,116.42,44.1
2017-10-31 04:00:00,112.9,44.2
2017-10-31 05:00:00,99.62,45.3
2017-10-31 06:00:00,93.58,45.9
2017-10-31 07:00:00,99.62,47.3
2017-10-31 08:00:00,106.72,48.2
2017-10-31 09:00:00,124.32,50.0
2017-10-31 10:00:00,127.3,50.7
2017-10-31 11:00:00,110.72,54.3
2017-10-31 12:00:00,122.82,55.4
2017-10-31 13:00:00,119.08,55.6
2017-10-31 14:00:00,119.85,55.8
2017-10-31 15:00:00,102.05,55.9
2017-10-31 16:00:00,116.25,55.0
2017-10-31 17:00:00,139.8,53.8
2017-10-31 18:00:00,156.07,53.4
2017-10-31 19:00:00,167.85,53.2
2017-10-31 20:00:00,165.52,52.5
2017-10-31 21:00:00,148.5,51.8
2017-10-31 22:00:00,139.88,50.5
2017-10-31 23:00:00,130.55,49.1
2017-11-01 00:00:00,122.25,47.3
2017-11-01 01:00:00,131.52,49.1
2017-11-01 02:00:00,109.32,48.4
2017-11-01 03:00:00,114.62,48.4
2017-11-01 04:00:00,108.52,46.6
2017-11-01 05:00:00,100.15,46.2
2017-11-01 06:00:00,85.25,45.9
2017-11-01 07:00:00,102.1,48.0
2017-11-01 08:00:00,100.58,48.9
2017-11-01 09:00:00,105.05,51.1
2017-11-01 10:00:00,113.68,54.1
2017-11-01 11:00:00,108.65,55.4
2017-11-01 12:00:00,107.68,58.3
2017-11-01 13:00:00,103.8,59.5
2017-11-01 14:00:00,99.85,59.9
2017-11-01 15:00:00,121.38,59.0
2017-11-01 16:00:00,118.4,58.3
2017-11-01 17:00:00,125.4,56.7
2017-11-01 18:00:00,140.28,55.2
2017-11-01 19:00:00,161.32,53.2
2017-11-01 20:00:00,154.52,51.6
2017-11-01 21:00:00,142.9,50.5
2017-11-01 22:00:00,143.4,49.8
2017-11-01 23:00:00,136.3,46.4
2017-11-02 00:00:00,123.28,45.0
2017-11-02 01:00:00,119.8,43.9
2017-11-02 02:00:00,115.18,42.1
2017-11-02 03:00:00,108.8,41.2
2017-11-02 04:00:00,98.48,40.3
2017-11-02 05:00:00,91.62,40.3
2017-11-02 06:00:00,82.52,39.4
2017-11-02 07:00:00,85.85,36.9
2017-11-02 08:00:00,95.8,40.1
2017-11-02 09:00:00,113.1,42.6
2017-11-02 10:00:00,105.9,45.7
2017-11-02 11:00:00,96.82,48.7
2017-11-02 12:00:00,96.98,51.3
2017-11-02 13:00:00,120.0,53.1
2017-11-02 14:00:00,101.48,53.6
2017-11-02 15:00:00,96.85,54.1
2017-11-02 16:00:00,100.78,54.0
2017-11-02 17:00:00,118.95,53.2
2017-11-02 18:00:00,128.48,53.1
2017-11-02 19:00:00,132.38,52.2
2017-11-02 20:00:00,149.3,51.8
2017-11-02 21:00:00,147.78,51.6
2017-11-02 22:00:00,130.68,51.1
2017-11-02 23:00:00,131.5,51.4
2017-11-03 00:00:00,114.92,50.7
2017-11-03 01:00:00,118.5,49.6
2017-11-03 02:00:00,110.45,50.2
2017-11-03 03:00:00,97.78,49.5
2017-11-03 04:00:00,92.28,47.3
2017-11-03 05:00:00,89.65,45.7
2017-11-03 06:00:00,74.65,44.2
2017-11-03 07:00:00,86.6,44.6
2017-11-03 08:00:00,92.32,46.2
2017-11-03 09:00:00,115.9,46.6
2017-11-03 10:00:00,111.55,47.7
2017-11-03 11:00:00,99.85,52.9
2017-11-03 12:00:00,104.4,52.9
2017-11-03 13:00:00,112.7,56.1
2017-11-03 14:00:00,111.0,56.8
2017-11-03 15:00:00,109.5,56.3
2017-11-03 16:00:00,102.58,54.7
2017-11-03 17:00:00,105.2,54.1
2017-11-03 18:00:00,117.45,54.9
2017-11-03 19:00:00,124.3,54.3
2017-11-03 20:00:00,124.12,53.8
2017-11-03 21:00:00,115.1,53.6
2017-11-03 22:00:00,108.55,53.6
2017-11-03 23:00:00,106.68,54.3
2017-11-04 00:00:00,110.38,52.9
2017-11-04 01:00:00,98.32,53.2
2017-11-04 02:00:00,97.12,53.8
2017-11-04 03:00:00,94.45,54.0
2017-11-04 04:00:00,93.2,54.0
2017-11-04 05:00:00,103.45,54.0
2017-11-04 06:00:00,83.15,54.0
2017-11-04 07:00:00,74.92,54.1
2017-11-04 08:00:00,73.6,54.7
2017-11-04 09:00:00,76.03,55.0
2017-11-04 10:00:00,73.1,56.1
2017-11-04 11:00:00,88.3,56.3
2017-11-04 12:00:00,95.12,54.3
2017-11-04 13:00:00,121.18,53.2
2017-11-04 14:00:00,117.95,54.5
2017-11-04 15:00:00,117.28,53.6
2017-11-04 16:00:00,105.58,51.3
2017-11-04 17:00:00,102.88,50.7
2017-11-04 18:00:00,122.68,50.2
2017-11-04 19:00:00,127.52,48.9
2017-11-04 20:00:00,126.35,46.8
2017-11-04 21:00:00,124.15,45.7
2017-11-04 22:00:00,116.8,43.5
2017-11-04 23:00:00,114.15,43.3
2017-11-05 00:00:00,133.02,41.9
2017-11-05 01:00:00,125.22,42.1
2017-11-05 02:00:00,116.15,41.0
2017-11-05 03:00:00,100.02,41.5
2017-11-05 04:00:00,90.25,39.7
2017-11-05 05:00:00,92.1,39.2
2017-11-05 06:00:00,91.1,37.8
2017-11-05 07:00:00,91.95,37.8
2017-11-05 08:00:00,91.12,38.7
2017-11-05 09:00:00,96.82,42.3
2017-11-05 10:00:00,115.8,45.3
2017-11-05 11:00:00,105.7,48.2
2017-11-05 12:00:00,110.72,49.1
2017-11-05 13:00:00,122.5,49.8
2017-11-05 14:00:00,130.78,49.5
2017-11-05 15:00:00,118.72,50.2
2017-11-05 16:00:00,115.82,48.0
2017-11-05 17:00:00,139.4,46.9
2017-11-05 18:00:00,147.55,44.6
2017-11-05 19:00:00,134.68,44.8
2017-11-05 20:00:00,149.95,43.0
2017-11-05 21:00:00,149.48,41.7
2017-11-05 22:00:00,157.22,40.6
2017-11-05 23:00:00,146.95,39.2
2017-11-06 00:00:00,148.22,38.7
2017-11-06 01:00:00,147.95,37.8
2017-11-06 02:00:00,133.45,37.0
2017-11-06 03:00:00,117.68,36.9
2017-11-06 04:00:00,119.98,34.2
2017-11-06 05:00:00,118.32,33.8
2017-11-06 06:00:00,91.38,34.9
2017-11-06 07:00:00,102.98,34.9
2017-11-06 08:00:00,107.5,34.7
2017-11-06 09:00:00,119.88,38.8
2017-11-06 10:00:00,120.15,44.2
2017-11-06 11:00:00,128.93,47.3
2017-11-06 12:00:00,129.68,51.1
2017-11-06 13:00:00,122.78,52.7
2017-11-06 14:00:00,131.15,52.0
2017-11-06 15:00:00,139.52,52.5
2017-11-06 16:00:00,134.18,50.7
2017-11-06 17:00:00,138.75,48.7
2017-11-06 18:00:00,166.02,47.1
2017-11-06 19:00:00,176.32,45.1
2017-11-06 20:00:00,177.68,44.4
2017-11-06 21:00:00,179.05,44.1
2017-11-06 22:00:00,173.98,44.8
2017-11-06 23:00:00,161.2,46.4
2017-11-07 00:00:00,161.28,46.8
2017-11-07 01:00:00,151.35,48.2
2017-11-07 02:00:00,131.88,48.7
2017-11-07 03:00:00,124.8,48.4
2017-11-07 04:00:00,113.75,48.7
2017-11-07 05:00:00,103.98,49.8
2017-11-07 06:00:00,93.45,49.8
2017-11-07 07:00:00,89.85,51.1
2017-11-07 08:00:00,110.38,51.3
2017-11-07 09:00:00,125.28,51.4
2017-11-07 10:00:00,126.9,53.6
2017-11-07 11:00:00,124.18,54.0
2017-11-07 12:00:00,132.18,52.0
2017-11-07 13:00:00,136.62,50.7
2017-11-07 14:00:00,133.02,51.4
2017-11-07 15:00:00,133.9,52.0
2017-11-07 16:00:00,122.28,51.6
2017-11-07 17:00:00,125.42,50.9
2017-11-07 18:00:00,151.07,50.9
2017-11-07 19:00:00,150.85,47.7
2017-11-07 20:00:00,147.45,45.9
2017-11-07 21:00:00,166.8,44.4
2017-11-07 22:00:00,174.18,43.3
2017-11-07 23:00:00,177.02,43.2
2017-11-08 00:00:00,170.68,42.6
2017-11-08 01:00:00,165.42,42.8
2017-11-08 02:00:00,161.0,42.6
2017-11-08 03:00:00,151.5,41.7
2017-11-08 04:00:00,132.45,41.5
2017-11-08 05:00:00,130.72,42.1
2017-11-08 06:00:00,112.82,42.8
2017-11-08 07:00:00,114.38,42.8
2017-11-08 08:00:00,130.32,42.6
2017-11-08 09:00:00,143.18,43.7
2017-11-08 10:00:00,141.32,45.3
2017-11-08 11:00:00,147.6,47.3
2017-11-08 12:00:00,145.95,47.7
2017-11-08 13:00:00,146.57,48.6
2017-11-08 14:00:00,148.38,49.3
2017-11-08 15:00:00,138.28,49.6
2017-11-08 16:00:00,147.82,48.6
2017-11-08 17:00:00,154.25,45.7
2017-11-08 18:00:00,165.28,44.1
2017-11-08 19:00:00,189.68,43.2
2017-11-08 20:00:00,187.45,40.3
2017-11-08 21:00:00,164.38,40.8
2017-11-08 22:00:00,161.05,39.9
2017-11-08 23:00:00,183.42,36.5
2017-11-09 00:00:00,164.9,35.4
2017-11-09 01:00:00,165.02,36.5
2017-11-09 02:00:00,160.88,35.6
2017-11-09 03:00:00,145.8,36.5
2017-11-09 04:00:00,137.8,37.2
2017-11-09 05:00:00,129.93,39.0
2017-11-09 06:00:00,116.4,40.1
2017-11-09 07:00:00,126.02,41.9
2017-11-09 08:00:00,146.15,43.0
2017-11-09 09:00:00,155.52,45.5
2017-11-09 10:00:00,143.68,48.2
2017-11-09 11:00:00,137.98,50.5
2017-11-09 12:00:00,133.95,53.1
2017-11-09 13:00:00,138.22,55.4
2017-11-09 14:00:00,130.85,57.2
2017-11-09 15:00:00,127.52,56.1
2017-11-09 16:00:00,131.38,54.9
2017-11-09 17:00:00,137.43,53.1
2017-11-09 18:00:00,141.18,54.5
2017-11-09 19:00:00,149.8,53.8
2017-11-09 20:00:00,153.28,52.0
2017-11-09 21:00:00,148.78,50.5
2017-11-09 22:00:00,148.85,50.2
2017-11-09 23:00:00,150.6,49.8
2017-11-10 00:00:00,156.57,49.5
2017-11-10 01:00:00,152.5,47.3
2017-11-10 02:00:00,129.9,46.8
2017-11-10 03:00:00,129.65,47.5
2017-11-10 04:00:00,112.28,48.0
2017-11-10 05:00:00,109.42,49.1
2017-11-10 06:00:00,99.9,49.3
2017-11-10 07:00:00,102.75,50.5
2017-11-10 08:00:00,109.42,52.3
2017-11-10 09:00:00,120.9,54.0
2017-11-10 10:00:00,124.02,53.6
2017-11-10 11:00:00,129.02,54.1
2017-11-10 12:00:00,129.28,53.6
2017-11-10 13:00:00,125.18,54.0
2017-11-10 14:00:00,135.28,54.1
2017-11-10 15:00:00,124.82,52.0
2017-11-10 16:00:00,126.28,50.9
2017-11-10 17:00:00,139.93,49.1
2017-11-10 18:00:00,146.75,47.3
2017-11-10 19:00:00,143.68,46.8
2017-11-10 20:00:00,171.98,46.2
2017-11-10 21:00:00,171.6,46.6
2017-11-10 22:00:00,150.4,46.6
2017-11-10 23:00:00,143.75,46.9
2017-11-11 00:00:00,148.7,45.9
2017-11-11 01:00:00,146.95,45.3
2017-11-11 02:00:00,137.18,45.0
2017-11-11 03:00:00,129.75,45.0
2017-11-11 04:00:00,113.82,45.5
2017-11-11 05:00:00,113.28,46.9
2017-11-11 06:00:00,97.8,47.3
2017-11-11 07:00:00,100.02,48.2
2017-11-11 08:00:00,110.28,49.6
2017-11-11 09:00:00,112.32,49.8
2017-11-11 10:00:00,118.85,48.7
2017-11-11 11:00:00,124.18,47.8
2017-11-11 12:00:00,138.32,47.7
2017-11-11 13:00:00,136.22,48.6
2017-11-11 14:00:00,139.52,48.9
2017-11-11 15:00:00,142.1,49.3
2017-11-11 16:00:00,142.78,48.9
2017-11-11 17:00:00,149.28,48.2
2017-11-11 18:00:00,157.43,48.0
2017-11-11 19:00:00,169.88,47.8
2017-11-11 20:00:00,169.42,47.5
2017-11-11 21:00:00,157.38,47.5
2017-11-11 22:00:00,143.48,46.6
2017-11-11 23:00:00,150.65,46.4
2017-11-12 00:00:00,160.62,46.0
2017-11-12 01:00:00,137.4,45.9
2017-11-12 02:00:00,133.0,44.8
2017-11-12 03:00:00,150.98,44.4
2017-11-12 04:00:00,141.25,44.1
2017-11-12 05:00:00,116.8,44.2
2017-11-12 06:00:00,100.52,44.4
2017-11-12 07:00:00,117.98,44.1
2017-11-12 08:00:00,123.65,43.5
2017-11-12 09:00:00,133.22,43.7
2017-11-12 10:00:00,139.43,44.6
2017-11-12 11:00:00,136.98,45.0
2017-11-12 12:00:00,159.38,46.4
2017-11-12 13:00:00,150.68,47.1
2017-11-12 14:00:00,153.62,46.0
2017-11-12 15:00:00,150.62,46.4
2017-11-12 16:00:00,151.28,45.0
2017-11-12 17:00:00,180.25,43.3
2017-11-12 18:00:00,194.9,43.3
2017-11-12 19:00:00,183.98,43.9
2017-11-12 20:00:00,216.48,43.5
2017-11-12 21:00:00,219.8,42.4
2017-11-12 22:00:00,203.0,41.5
2017-11-12 23:00:00,183.62,40.8
2017-11-13 00:00:00,203.68,40.1
2017-11-13 01:00:00,179.35,39.0
2017-11-13 02:00:00,149.72,38.3
2017-11-13 03:00:00,150.75,37.4
2017-11-13 04:00:00,140.65,37.0
2017-11-13 05:00:00,138.35,36.3
2017-11-13 06:00:00,121.95,35.2
2017-11-13 07:00:00,138.38,36.5
2017-11-13 08:00:00,153.82,36.7
2017-11-13 09:00:00,169.75,38.8
2017-11-13 10:00:00,167.48,42.1
2017-11-13 11:00:00,157.35,45.3
2017-11-13 12:00:00,141.88,44.6
2017-11-13 13:00:00,138.68,44.6
2017-11-13 14:00:00,150.28,45.1
2017-11-13 15:00:00,149.18,44.6
2017-11-13 16:00:00,144.3,43.9
2017-11-13 17:00:00,183.7,43.7
2017-11-13 18:00:00,207.95,43.0
2017-11-13 19:00:00,218.78,42.8
2017-11-13 20:00:00,225.12,41.9
2017-11-13 21:00:00,231.68,41.9
2017-11-13 22:00:00,220.42,41.4
2017-11-13 23:00:00,225.98,41.9
2017-11-14 00:00:00,209.12,40.5
2017-11-14 01:00:00,229.28,41.7
2017-11-14 02:00:00,206.22,42.3
2017-11-14 03:00:00,172.58,42.8
2017-11-14 04:00:00,176.02,43.7
2017-11-14 05:00:00,164.48,43.7
2017-11-14 06:00:00,137.8,44.6
2017-11-14 07:00:00,135.43,47.1
2017-11-14 08:00:00,180.85,47.5
2017-11-14 09:00:00,192.6,48.2
2017-11-14 10:00:00,176.45,49.6
2017-11-14 11:00:00,171.7,51.1
2017-11-14 12:00:00,166.15,50.9
2017-11-14 13:00:00,174.05,52.2
2017-11-14 14:00:00,155.93,52.0
2017-11-14 15:00:00,151.8,51.8
2017-11-14 16:00:00,149.35,51.1
2017-11-14 17:00:00,184.25,50.9
2017-11-14 18:00:00,174.65,50.9
2017-11-14 19:00:00,219.48,51.1
2017-11-14 20:00:00,193.88,51.3
2017-11-14 21:00:00,193.65,51.3
2017-11-14 22:00:00,187.35,51.6
2017-11-14 23:00:00,171.08,50.9
2017-11-15 00:00:00,171.2,50.2
2017-11-15 01:00:00,177.4,50.0
2017-11-15 02:00:00,157.48,49.8
2017-11-15 03:00:00,132.18,49.8
2017-11-15 04:00:00,126.95,49.6
2017-11-15 05:00:00,128.8,49.6
2017-11-15 06:00:00,118.12,49.8
2017-11-15 07:00:00,125.98,50.2
2017-11-15 08:00:00,137.55,50.4
2017-11-15 09:00:00,145.78,50.4
2017-11-15 10:00:00,147.62,50.0
2017-11-15 11:00:00,136.4,50.4
2017-11-15 12:00:00,129.72,50.5
2017-11-15 13:00:00,139.82,50.5
2017-11-15 14:00:00,128.88,52.0
2017-11-15 15:00:00,130.0,53.2
2017-11-15 16:00:00,151.32,51.8
2017-11-15 17:00:00,174.55,50.5
2017-11-15 18:00:00,195.5,50.4
2017-11-15 19:00:00,198.2,50.9
2017-11-15 20:00:00,193.68,51.3
2017-11-15 21:00:00,193.38,50.9
2017-11-15 22:00:00,180.08,50.2
2017-11-15 23:00:00,162.57,50.7
2017-11-16 00:00:00,172.05,49.8
2017-11-16 01:00:00,157.9,49.8
2017-11-16 02:00:00,141.43,50.0
2017-11-16 03:00:00,124.58,49.6
2017-11-16 04:00:00,121.22,49.6
2017-11-16 05:00:00,119.1,49.8
2017-11-16 06:00:00,108.8,49.6
2017-11-16 07:00:00,102.12,50.0
2017-11-16 08:00:00,127.68,50.5
2017-11-16 09:00:00,142.62,51.1
2017-11-16 10:00:00,132.68,52.5
2017-11-16 11:00:00,111.25,54.7
2017-11-16 12:00:00,113.08,56.3
2017-11-16 13:00:00,121.1,57.4
2017-11-16 14:00:00,138.15,57.6
2017-11-16 15:00:00,117.5,55.9
2017-11-16 16:00:00,117.82,54.9
2017-11-16 17:00:00,151.55,51.6
2017-11-16 18:00:00,175.98,50.5
2017-11-16 19:00:00,177.78,48.7
2017-11-16 20:00:00,181.38,49.1
2017-11-16 21:00:00,183.4,47.8
2017-11-16 22:00:00,186.75,45.5
2017-11-16 23:00:00,184.38,42.8
2017-11-17 00:00:00,163.0,41.5
2017-11-17 01:00:00,184.1,39.4
2017-11-17 02:00:00,151.95,37.0
2017-11-17 03:00:00,130.43,35.6
2017-11-17 04:00:00,138.32,35.6
2017-11-17 05:00:00,135.9,35.1
2017-11-17 06:00:00,111.52,35.1
2017-11-17 07:00:00,111.55,33.8
2017-11-17 08:00:00,143.32,34.5
2017-11-17 09:00:00,162.9,36.0
2017-11-17 10:00:00,153.1,39.0
2017-11-17 11:00:00,134.48,43.0
2017-11-17 12:00:00,135.18,47.8
2017-11-17 13:00:00,142.98,49.1
2017-11-17 14:00:00,143.45,49.1
2017-11-17 15:00:00,145.72,48.6
2017-11-17 16:00:00,176.35,46.4
2017-11-17 17:00:00,177.55,43.9
2017-11-17 18:00:00,198.9,44.2
2017-11-17 19:00:00,224.08,44.6
2017-11-17 20:00:00,215.55,42.4
2017-11-17 21:00:00,184.52,42.8
2017-11-17 22:00:00,178.02,43.0
2017-11-17 23:00:00,164.3,43.2
2017-11-18 00:00:00,160.02,43.0
2017-11-18 01:00:00,176.4,42.1
2017-11-18 02:00:00,156.95,42.1
2017-11-18 03:00:00,146.45,41.2
2017-11-18 04:00:00,141.6,39.6
2017-11-18 05:00:00,128.9,40.5
2017-11-18 06:00:00,119.7,41.4
2017-11-18 07:00:00,118.98,43.0
2017-11-18 08:00:00,110.62,43.3
2017-11-18 09:00:00,127.6,45.3
2017-11-18 10:00:00,150.12,48.2
2017-11-18 11:00:00,136.82,47.1
2017-11-18 12:00:00,151.93,46.4
2017-11-18 13:00:00,176.52,46.8
2017-11-18 14:00:00,160.15,47.5
2017-11-18 15:00:00,160.0,48.0
2017-11-18 16:00:00,189.45,46.2
2017-11-18 17:00:00,198.05,45.5
2017-11-18 18:00:00,200.12,45.1
2017-11-18 19:00:00,197.52,45.7
2017-11-18 20:00:00,205.1,45.7
2017-11-18 21:00:00,197.78,45.5
2017-11-18 22:00:00,193.98,45.3
2017-11-18 23:00:00,171.65,43.7
2017-11-19 00:00:00,188.3,43.0
2017-11-19 01:00:00,180.18,41.5
2017-11-19 02:00:00,175.98,41.7
2017-11-19 03:00:00,162.88,41.2
2017-11-19 04:00:00,149.28,39.7
2017-11-19 05:00:00,143.55,38.7
2017-11-19 06:00:00,129.88,38.1
2017-11-19 07:00:00,138.9,37.6
2017-11-19 08:00:00,133.4,38.8
2017-11-19 09:00:00,135.55,39.6
2017-11-19 10:00:00,144.55,39.9
2017-11-19 11:00:00,152.18,40.6
2017-11-19 12:00:00,160.95,43.9
2017-11-19 13:00:00,176.18,46.0
2017-11-19 14:00:00,164.35,46.8
2017-11-19 15:00:00,183.08,46.0
2017-11-19 16:00:00,182.0,45.5
2017-11-19 17:00:00,209.28,44.8
2017-11-19 18:00:00,225.15,43.5
2017-11-19 19:00:00,242.78,43.3
2017-11-19 20:00:00,250.65,41.9
2017-11-19 21:00:00,236.02,40.8
2017-11-19 22:00:00,229.25,41.2
2017-11-19 23:00:00,208.52,41.2
2017-11-20 00:00:00,185.45,41.4
2017-11-20 01:00:00,190.22,42.3
2017-11-20 02:00:00,179.55,42.6
2017-11-20 03:00:00,158.88,44.1
2017-11-20 04:00:00,143.85,44.8
2017-11-20 05:00:00,129.7,45.5
2017-11-20 06:00:00,124.88,46.9
2017-11-20 07:00:00,137.62,48.6
2017-11-20 08:00:00,142.62,49.8
2017-11-20 09:00:00,167.05,50.7
2017-11-20 10:00:00,170.6,52.3
2017-11-20 11:00:00,160.43,53.8
2017-11-20 12:00:00,156.55,54.7
2017-11-20 13:00:00,151.15,53.6
2017-11-20 14:00:00,138.95,53.2
2017-11-20 15:00:00,146.8,54.1
2017-11-20 16:00:00,150.95,53.2
2017-11-20 17:00:00,170.05,53.8
2017-11-20 18:00:00,183.4,54.5
2017-11-20 19:00:00,197.05,54.3
2017-11-20 20:00:00,212.1,54.5
2017-11-20 21:00:00,193.75,54.5
2017-11-20 22:00:00,170.02,54.5
2017-11-20 23:00:00,165.6,54.3
2017-11-21 00:00:00,163.62,54.1
2017-11-21 01:00:00,173.82,54.1
2017-11-21 02:00:00,156.75,54.5
2017-11-21 03:00:00,130.02,54.3
2017-11-21 04:00:00,116.4,54.1
2017-11-21 05:00:00,121.45,53.2
2017-11-21 06:00:00,106.8,53.2
2017-11-21 07:00:00,127.3,53.2
2017-11-21 08:00:00,129.1,53.4
2017-11-21 09:00:00,135.8,54.1
2017-11-21 10:00:00,135.48,54.7
2017-11-21 11:00:00,139.57,55.6
2017-11-21 12:00:00,128.72,56.1
2017-11-21 13:00:00,137.65,55.4
2017-11-21 14:00:00,148.3,55.9
2017-11-21 15:00:00,143.3,56.7
2017-11-21 16:00:00,134.28,55.6
2017-11-21 17:00:00,153.85,55.8
2017-11-21 18:00:00,172.72,55.6
2017-11-21 19:00:00,181.3,56.3
2017-11-21 20:00:00,182.28,56.5
2017-11-21 21:00:00,168.65,56.7
2017-11-21 22:00:00,171.8,57.2
2017-11-21 23:00:00,158.98,57.0
2017-11-22 00:00:00,138.4,56.8
2017-11-22 01:00:00,138.18,57.2
2017-11-22 02:00:00,135.95,57.4
2017-11-22 03:00:00,123.55,57.2
2017-11-22 04:00:00,123.02,56.8
2017-11-22 05:00:00,105.82,56.7
2017-11-22 06:00:00,99.68,56.1
2017-11-22 07:00:00,105.9,56.7
2017-11-22 08:00:00,112.12,56.8
2017-11-22 09:00:00,132.85,57.2
2017-11-22 10:00:00,130.75,58.6
2017-11-22 11:00:00,115.9,58.6
2017-11-22 12:00:00,119.58,58.1
2017-11-22 13:00:00,138.57,58.8
2017-11-22 14:00:00,122.02,58.5
2017-11-22 15:00:00,111.6,57.6
2017-11-22 16:00:00,130.68,57.2
2017-11-22 17:00:00,153.38,56.3
2017-11-22 18:00:00,155.48,57.6
2017-11-22 19:00:00,154.5,59.4
2017-11-22 20:00:00,151.15,60.1
2017-11-22 21:00:00,161.45,59.7
2017-11-22 22:00:00,156.75,59.4
2017-11-22 23:00:00,132.5,59.0
2017-11-23 00:00:00,137.72,59.7
2017-11-23 01:00:00,135.6,59.0
2017-11-23 02:00:00,131.93,58.8
2017-11-23 03:00:00,114.82,55.6
2017-11-23 04:00:00,103.12,55.4
2017-11-23 05:00:00,84.35,55.2
2017-11-23 06:00:00,97.98,54.5
2017-11-23 07:00:00,91.15,55.0
2017-11-23 08:00:00,109.08,49.3
2017-11-23 09:00:00,138.57,46.9
2017-11-23 10:00:00,129.12,48.7
2017-11-23 11:00:00,124.02,50.7
2017-11-23 12:00:00,129.5,52.2
2017-11-23 13:00:00,139.32,52.3
2017-11-23 14:00:00,137.05,52.9
2017-11-23 15:00:00,150.78,52.5
2017-11-23 16:00:00,141.9,50.9
2017-11-23 17:00:00,144.18,50.9
2017-11-23 18:00:00,161.05,50.2
2017-11-23 19:00:00,165.02,48.7
2017-11-23 20:00:00,174.0,48.6
2017-11-23 21:00:00,171.88,46.2
2017-11-23 22:00:00,170.25,47.1
2017-11-23 23:00:00,156.35,46.6
2017-11-24 00:00:00,164.82,45.9
2017-11-24 01:00:00,146.85,44.2
2017-11-24 02:00:00,137.18,43.7
2017-11-24 03:00:00,127.0,43.7
2017-11-24 04:00:00,124.05,42.4
2017-11-24 05:00:00,110.15,43.7
2017-11-24 06:00:00,101.92,43.5
2017-11-24 07:00:00,106.75,43.7
2017-11-24 08:00:00,115.88,42.8
2017-11-24 09:00:00,135.43,43.9
2017-11-24 10:00:00,146.8,43.0
2017-11-24 11:00:00,138.35,44.1
2017-11-24 12:00:00,121.08,44.8
2017-11-24 13:00:00,121.1,45.5
2017-11-24 14:00:00,137.3,45.3
2017-11-24 15:00:00,133.52,44.8
2017-11-24 16:00:00,138.25,43.9
2017-11-24 17:00:00,150.07,41.5
2017-11-24 18:00:00,172.82,40.1
2017-11-24 19:00:00,181.22,38.5
2017-11-24 20:00:00,177.45,38.1
2017-11-24 21:00:00,184.7,35.8
2017-11-24 22:00:00,164.8,34.9
2017-11-24 23:00:00,174.8,34.7
2017-11-25 00:00:00,190.45,33.8
2017-11-25 01:00:00,177.72,32.7
2017-11-25 02:00:00,162.38,30.4
2017-11-25 03:00:00,156.8,30.2
2017-11-25 04:00:00,147.7,31.5
2017-11-25 05:00:00,135.75,33.6
2017-11-25 06:00:00,120.82,34.7
2017-11-25 07:00:00,124.15,34.3
2017-11-25 08:00:00,134.93,34.5
2017-11-25 09:00:00,138.52,34.9
2017-11-25 10:00:00,145.85,38.5
2017-11-25 11:00:00,156.2,40.6
2017-11-25 12:00:00,158.25,43.3
2017-11-25 13:00:00,158.43,45.1
2017-11-25 14:00:00,183.58,45.7
2017-11-25 15:00:00,168.42,44.2
2017-11-25 16:00:00,182.38,43.3
2017-11-25 17:00:00,184.98,41.7
2017-11-25 18:00:00,193.8,40.5
2017-11-25 19:00:00,203.25,37.6
2017-11-25 20:00:00,214.62,37.9
2017-11-25 21:00:00,227.18,36.5
2017-11-25 22:00:00,204.08,36.1
2017-11-25 23:00:00,194.38,36.5
2017-11-26 00:00:00,199.7,37.0
2017-11-26 01:00:00,198.12,36.9
2017-11-26 02:00:00,178.4,35.8
2017-11-26 03:00:00,175.08,35.6
2017-11-26 04:00:00,165.08,34.7
2017-11-26 05:00:00,143.65,35.1
2017-11-26 06:00:00,143.48,34.5
2017-11-26 07:00:00,139.82,34.9
2017-11-26 08:00:00,147.3,35.8
2017-11-26 09:00:00,150.4,37.2
2017-11-26 10:00:00,172.8,40.1
2017-11-26 11:00:00,166.45,42.8
2017-11-26 12:00:00,166.0,44.6
2017-11-26 13:00:00,166.32,46.0
2017-11-26 14:00:00,182.22,46.0
2017-11-26 15:00:00,198.72,45.0
2017-11-26 16:00:00,217.6,43.2
2017-11-26 17:00:00,212.08,41.7
2017-11-26 18:00:00,233.12,41.9
2017-11-26 19:00:00,252.12,40.1
2017-11-26 20:00:00,254.38,39.7
2017-11-26 21:00:00,220.9,40.3
2017-11-26 22:00:00,208.68,40.5
2017-11-26 23:00:00,202.58,40.8
2017-11-27 00:00:00,194.6,41.7
2017-11-27 01:00:00,188.92,44.8
2017-11-27 02:00:00,167.8,45.9
2017-11-27 03:00:00,156.75,46.4
2017-11-27 04:00:00,142.3,46.6
2017-11-27 05:00:00,129.95,47.8
2017-11-27 06:00:00,132.88,48.9
2017-11-27 07:00:00,132.3,49.5
2017-11-27 08:00:00,142.35,49.3
2017-11-27 09:00:00,159.7,50.0
2017-11-27 10:00:00,170.15,50.4
2017-11-27 11:00:00,155.6,49.5
2017-11-27 12:00:00,144.38,49.3
2017-11-27 13:00:00,141.28,49.8
2017-11-27 14:00:00,158.12,50.2
2017-11-27 15:00:00,141.62,49.1
2017-11-27 16:00:00,149.3,46.4
2017-11-27 17:00:00,180.72,46.0
2017-11-27 18:00:00,202.42,46.0
2017-11-27 19:00:00,214.42,45.3
2017-11-27 20:00:00,224.12,45.0
2017-11-27 21:00:00,232.38,44.1
2017-11-27 22:00:00,221.98,43.5
2017-11-27 23:00:00,215.82,42.6
2017-11-28 00:00:00,190.12,38.8
2017-11-28 01:00:00,195.75,39.6
2017-11-28 02:00:00,174.55,37.0
2017-11-28 03:00:00,148.07,37.0
2017-11-28 04:00:00,142.12,37.6
2017-11-28 05:00:00,149.28,39.6
2017-11-28 06:00:00,129.22,37.2
2017-11-28 07:00:00,121.65,37.9
2017-11-28 08:00:00,159.05,39.4
2017-11-28 09:00:00,170.58,40.8
2017-11-28 10:00:00,171.05,41.4
2017-11-28 11:00:00,162.12,43.0
2017-11-28 12:00:00,170.98,43.5
2017-11-28 13:00:00,168.75,43.2
2017-11-28 14:00:00,163.15,44.2
2017-11-28 15:00:00,168.82,43.3
2017-11-28 16:00:00,180.65,41.9
2017-11-28 17:00:00,177.32,41.4
2017-11-28 18:00:00,204.7,39.6
2017-11-28 19:00:00,223.85,39.4
2017-11-28 20:00:00,228.05,39.7
2017-11-28 21:00:00,225.28,38.5
2017-11-28 22:00:00,223.4,37.9
2017-11-28 23:00:00,213.62,37.0
2017-11-29 00:00:00,211.12,36.7
2017-11-29 01:00:00,199.9,36.1
2017-11-29 02:00:00,193.28,36.1
2017-11-29 03:00:00,167.18,35.8
2017-11-29 04:00:00,142.9,35.6
2017-11-29 05:00:00,140.45,35.4
2017-11-29 06:00:00,148.18,35.8
2017-11-29 07:00:00,144.62,35.6
2017-11-29 08:00:00,163.95,35.8
2017-11-29 09:00:00,180.42,37.6
2017-11-29 10:00:00,186.48,39.2
2017-11-29 11:00:00,180.28,40.5
2017-11-29 12:00:00,178.75,41.2
2017-11-29 13:00:00,173.2,41.9
2017-11-29 14:00:00,192.28,42.8
2017-11-29 15:00:00,198.3,43.0
2017-11-29 16:00:00,194.0,43.0
2017-11-29 17:00:00,215.1,42.4
2017-11-29 18:00:00,235.18,42.3
2017-11-29 19:00:00,248.02,41.7
2017-11-29 20:00:00,266.2,41.4
2017-11-29 21:00:00,251.6,40.5
2017-11-29 22:00:00,220.35,38.5
2017-11-29 23:00:00,223.32,37.2
2017-11-30 00:00:00,239.92,35.8
2017-11-30 01:00:00,210.6,34.5
2017-11-30 02:00:00,195.65,34.2
2017-11-30 03:00:00,191.42,33.3
2017-11-30 04:00:00,173.5,32.5
2017-11-30 05:00:00,170.58,31.5
2017-11-30 06:00:00,169.22,31.8
2017-11-30 07:00:00,154.6,32.5
2017-11-30 08:00:00,181.15,32.7
2017-11-30 09:00:00,207.9,33.4
2017-11-30 10:00:00,204.28,35.4
2017-11-30 11:00:00,198.08,37.2
2017-11-30 12:00:00,208.65,37.6
2017-11-30 13:00:00,219.22,39.0
2017-11-30 14:00:00,204.25,38.7
2017-11-30 15:00:00,187.75,38.1
2017-11-30 16:00:00,217.95,37.6
2017-11-30 17:00:00,239.05,37.4
2017-11-30 18:00:00,245.98,37.4
2017-11-30 19:00:00,275.95,37.6
2017-11-30 20:00:00,269.65,37.4
2017-11-30 21:00:00,263.52,37.2
2017-11-30 22:00:00,260.75,37.0
2017-11-30 23:00:00,278.32,37.0
2017-12-01 00:00:00,230.66,37.4
2017-12-01 01:00:00,233.42,37.4
2017-12-01 02:00:00,214.1,37.6
2017-12-01 03:00:00,170.15,37.9
2017-12-01 04:00:00,168.6,37.4
2017-12-01 05:00:00,168.3,37.0
2017-12-01 06:00:00,147.5,37.6
2017-12-01 07:00:00,157.7,37.8
2017-12-01 08:00:00,183.7,38.7
2017-12-01 09:00:00,204.52,38.3
2017-12-01 10:00:00,220.7,39.7
2017-12-01 11:00:00,200.35,40.6
2017-12-01 12:00:00,195.1,43.0
2017-12-01 13:00:00,206.8,44.4
2017-12-01 14:00:00,201.9,44.2
2017-12-01 15:00:00,212.45,43.3
2017-12-01 16:00:00,219.4,41.7
2017-12-01 17:00:00,210.38,41.5
2017-12-01 18:00:00,237.22,40.8
2017-12-01 19:00:00,239.85,41.0
2017-12-01 20:00:00,245.55,40.6
2017-12-01 21:00:00,227.98,40.1
2017-12-01 22:00:00,230.8,39.2
2017-12-01 23:00:00,221.38,38.5
2017-12-02 00:00:00,203.57,37.4
2017-12-02 01:00:00,202.37,37.4
2017-12-02 02:00:00,195.77,37.4
2017-12-02 03:00:00,198.37,37.6
2017-12-02 04:00:00,178.07,37.9
2017-12-02 05:00:00,170.77,36.7
2017-12-02 06:00:00,166.07,37.2
2017-12-02 07:00:00,158.27,37.6
2017-12-02 08:00:00,162.57,37.2
2017-12-02 09:00:00,170.17,37.4
2017-12-02 10:00:00,175.67,38.8
2017-12-02 11:00:00,186.27,40.3
2017-12-02 12:00:00,194.27,42.3
2017-12-02 13:00:00,181.27,42.4
2017-12-02 14:00:00,177.87,42.1
2017-12-02 15:00:00,195.37,42.1
2017-12-02 16:00:00,190.87,42.1
2017-12-02 17:00:00,206.57,42.1
2017-12-02 18:00:00,204.47,42.1
2017-12-02 19:00:00,212.57,42.3
2017-12-02 20:00:00,211.87,42.6
2017-12-02 21:00:00,202.87,43.0
2017-12-02 22:00:00,197.17,43.3
2017-12-02 23:00:00,184.67,43.9
2017-12-03 00:00:00,202.87,43.9
2017-12-03 01:00:00,200.07,44.4
2017-12-03 02:00:00,191.87,43.7
2017-12-03 03:00:00,179.67,43.7
2017-12-03 04:00:00,176.87,43.9
2017-12-03 05:00:00,169.07,44.1
2017-12-03 06:00:00,149.77,44.6
2017-12-03 07:00:00,149.77,45.0
2017-12-03 08:00:00,155.47,45.3
2017-12-03 09:00:00,156.87,45.5
2017-12-03 10:00:00,170.87,46.0
2017-12-03 11:00:00,169.97,47.7
2017-12-03 12:00:00,187.37,48.9
2017-12-03 13:00:00,186.57,50.2
2017-12-03 14:00:00,170.27,50.2
2017-12-03 15:00:00,175.07,50.7
2017-12-03 16:00:00,184.47,50.0
2017-12-03 17:00:00,196.67,49.3
2017-12-03 18:00:00,199.57,48.6
2017-12-03 19:00:00,204.77,48.2
2017-12-03 20:00:00,209.27,48.0
2017-12-03 21:00:00,216.97,47.3
2017-12-03 22:00:00,202.87,46.9
2017-12-03 23:00:00,203.47,46.2
2017-12-04 00:00:00,197.94,45.1
2017-12-04 01:00:00,187.41,43.3
2017-12-04 02:00:00,166.25,41.5
2017-12-04 03:00:00,167.08,40.5
2017-12-04 04:00:00,161.78,40.3
2017-12-04 05:00:00,145.57,41.5
2017-12-04 06:00:00,134.05,43.3
2017-12-04 07:00:00,143.38,42.6
2017-12-04 08:00:00,138.43,44.1
2017-12-04 09:00:00,180.18,44.4
2017-12-04 10:00:00,186.68,45.7
2017-12-04 11:00:00,165.8,46.9
2017-12-04 12:00:00,155.2,48.2
2017-12-04 13:00:00,150.15,48.9
2017-12-04 14:00:00,169.2,49.5
2017-12-04 15:00:00,176.08,50.0
2017-12-04 16:00:00,166.2,49.1
2017-12-04 17:00:00,170.25,48.7
2017-12-04 18:00:00,213.0,47.7
2017-12-04 19:00:00,227.85,47.7
2017-12-04 20:00:00,219.32,47.5
2017-12-04 21:00:00,211.2,47.3
2017-12-04 22:00:00,201.62,46.6
2017-12-04 23:00:00,215.5,46.6
2017-12-05 00:00:00,188.68,46.8
2017-12-05 01:00:00,192.82,45.9
2017-12-05 02:00:00,166.58,45.5
2017-12-05 03:00:00,163.35,44.6
2017-12-05 04:00:00,141.7,44.8
2017-12-05 05:00:00,123.75,44.8
2017-12-05 06:00:00,122.2,44.8
2017-12-05 07:00:00,127.18,45.1
2017-12-05 08:00:00,155.95,45.1
2017-12-05 09:00:00,160.22,45.9
2017-12-05 10:00:00,173.92,46.6
2017-12-05 11:00:00,168.02,46.6
2017-12-05 12:00:00,158.43,46.8
2017-12-05 13:00:00,154.45,47.1
2017-12-05 14:00:00,164.28,47.1
2017-12-05 15:00:00,166.98,47.3
2017-12-05 16:00:00,182.2,47.1
2017-12-05 17:00:00,181.2,46.8
2017-12-05 18:00:00,199.8,46.8
2017-12-05 19:00:00,199.25,47.3
2017-12-05 20:00:00,213.92,47.3
2017-12-05 21:00:00,218.92,47.5
2017-12-05 22:00:00,215.25,47.5
2017-12-05 23:00:00,190.78,47.5
2017-12-06 00:00:00,188.61,47.1
2017-12-06 01:00:00,190.82,47.1
2017-12-06 02:00:00,171.22,47.5
2017-12-06 03:00:00,151.42,47.7
2017-12-06 04:00:00,156.52,47.5
2017-12-06 05:00:00,147.92,46.8
2017-12-06 06:00:00,131.92,46.6
2017-12-06 07:00:00,136.62,48.2
2017-12-06 08:00:00,161.12,48.6
2017-12-06 09:00:00,167.72,48.6
2017-12-06 10:00:00,161.72,49.3
2017-12-06 11:00:00,152.32,50.7
2017-12-06 12:00:00,166.72,52.0
2017-12-06 13:00:00,170.92,51.8
2017-12-06 14:00:00,167.72,51.6
2017-12-06 15:00:00,168.22,51.6
2017-12-06 16:00:00,180.42,50.4
2017-12-06 17:00:00,178.62,49.8
2017-12-06 18:00:00,188.72,50.4
2017-12-06 19:00:00,195.72,49.8
2017-12-06 20:00:00,196.62,48.9
2017-12-06 21:00:00,192.42,48.7
2017-12-06 22:00:00,178.32,48.7
2017-12-06 23:00:00,182.02,49.3
2017-12-07 00:00:00,196.64,49.3
2017-12-07 01:00:00,178.96,49.5
2017-12-07 02:00:00,160.88,48.6
2017-12-07 03:00:00,166.58,49.3
2017-12-07 04:00:00,136.02,50.0
2017-12-07 05:00:00,133.75,50.4
2017-12-07 06:00:00,127.02,50.9
2017-12-07 07:00:00,118.72,51.3
2017-12-07 08:00:00,128.32,51.3
2017-12-07 09:00:00,151.05,52.7
2017-12-07 10:00:00,163.68,52.5
2017-12-07 11:00:00,150.55,52.7
2017-12-07 12:00:00,151.75,54.0
2017-12-07 13:00:00,168.12,47.8
2017-12-07 14:00:00,169.25,48.9
2017-12-07 15:00:00,162.12,47.7
2017-12-07 16:00:00,153.8,47.3
2017-12-07 17:00:00,172.82,46.2
2017-12-07 18:00:00,199.75,46.4
2017-12-07 19:00:00,235.75,43.3
2017-12-07 20:00:00,238.52,42.6
2017-12-07 21:00:00,231.68,40.6
2017-12-07 22:00:00,203.62,41.2
2017-12-07 23:00:00,198.25,38.8
2017-12-08 00:00:00,207.58,38.3
2017-12-08 01:00:00,196.95,38.1
2017-12-08 02:00:00,178.82,36.9
2017-12-08 03:00:00,161.98,37.0
2017-12-08 04:00:00,168.9,37.2
2017-12-08 05:00:00,157.88,37.6
2017-12-08 06:00:00,159.65,38.3
2017-12-08 07:00:00,160.6,37.4
2017-12-08 08:00:00,168.6,36.9
2017-12-08 09:00:00,175.22,36.7
2017-12-08 10:00:00,198.25,37.6
2017-12-08 11:00:00,193.38,37.9
2017-12-08 12:00:00,192.5,39.9
2017-12-08 13:00:00,181.82,39.7
2017-12-08 14:00:00,186.82,40.1
2017-12-08 15:00:00,194.42,39.4
2017-12-08 16:00:00,189.48,37.6
2017-12-08 17:00:00,202.18,36.1
2017-12-08 18:00:00,223.48,35.1
2017-12-08 19:00:00,246.58,34.7
2017-12-08 20:00:00,239.15,34.0
2017-12-08 21:00:00,223.58,35.1
2017-12-08 22:00:00,228.38,34.5
2017-12-08 23:00:00,205.0,34.2
2017-12-09 00:00:00,220.38,33.8
2017-12-09 01:00:00,207.95,32.0
2017-12-09 02:00:00,215.05,33.3
2017-12-09 03:00:00,210.42,32.4
2017-12-09 04:00:00,201.18,30.7
2017-12-09 05:00:00,191.72,31.5
2017-12-09 06:00:00,169.9,31.3
2017-12-09 07:00:00,175.0,30.2
2017-12-09 08:00:00,176.35,30.4
2017-12-09 09:00:00,171.52,32.4
2017-12-09 10:00:00,189.65,34.2
2017-12-09 11:00:00,206.42,36.3
2017-12-09 12:00:00,227.08,39.2
2017-12-09 13:00:00,221.48,38.3
2017-12-09 14:00:00,225.35,38.7
2017-12-09 15:00:00,220.6,37.9
2017-12-09 16:00:00,234.08,36.9
2017-12-09 17:00:00,247.75,35.6
2017-12-09 18:00:00,243.3,35.6
2017-12-09 19:00:00,245.55,36.3
2017-12-09 20:00:00,252.82,36.5
2017-12-09 21:00:00,235.08,36.5
2017-12-09 22:00:00,236.35,34.5
2017-12-09 23:00:00,236.58,32.2
2017-12-10 00:00:00,228.38,33.4
2017-12-10 01:00:00,225.28,33.8
2017-12-10 02:00:00,220.42,35.1
2017-12-10 03:00:00,224.8,35.8
2017-12-10 04:00:00,204.48,35.8
2017-12-10 05:00:00,186.9,36.1
2017-12-10 06:00:00,167.58,36.3
2017-12-10 07:00:00,168.18,35.4
2017-12-10 08:00:00,175.85,33.3
2017-12-10 09:00:00,171.58,32.9
2017-12-10 10:00:00,194.82,33.1
2017-12-10 11:00:00,222.05,33.4
2017-12-10 12:00:00,220.08,33.4
2017-12-10 13:00:00,225.8,33.3
2017-12-10 14:00:00,245.82,33.1
2017-12-10 15:00:00,243.02,34.0
2017-12-10 16:00:00,244.12,34.2
2017-12-10 17:00:00,244.08,34.5
2017-12-10 18:00:00,240.85,34.3
2017-12-10 19:00:00,252.62,33.8
2017-12-10 20:00:00,277.77,34.2
2017-12-10 21:00:00,267.98,34.5
2017-12-10 22:00:00,230.2,34.5
2017-12-10 23:00:00,221.4,34.3
2017-12-11 00:00:00,245.01,34.3
2017-12-11 01:00:00,220.75,34.0
2017-12-11 02:00:00,191.1,34.0
2017-12-11 03:00:00,200.28,33.8
2017-12-11 04:00:00,182.28,33.6
2017-12-11 05:00:00,178.02,34.5
2017-12-11 06:00:00,155.85,35.6
2017-12-11 07:00:00,171.25,35.6
2017-12-11 08:00:00,192.35,36.5
2017-12-11 09:00:00,217.25,36.5
2017-12-11 10:00:00,234.45,36.5
2017-12-11 11:00:00,232.0,36.3
2017-12-11 12:00:00,220.8,35.8
2017-12-11 13:00:00,234.55,36.0
2017-12-11 14:00:00,240.88,37.4
2017-12-11 15:00:00,230.55,38.1
2017-12-11 16:00:00,204.35,37.0
2017-12-11 17:00:00,247.47,36.1
2017-12-11 18:00:00,263.87,34.9
2017-12-11 19:00:00,252.07,34.3
2017-12-11 20:00:00,250.97,33.6
2017-12-11 21:00:00,251.67,33.1
2017-12-11 22:00:00,259.37,32.2
2017-12-11 23:00:00,244.37,31.1
2017-12-12 00:00:00,234.97,30.6
2017-12-12 01:00:00,244.17,29.8
2017-12-12 02:00:00,212.07,29.3
2017-12-12 03:00:00,197.67,26.4
2017-12-12 04:00:00,205.07,28.8
2017-12-12 05:00:00,197.57,28.0
2017-12-12 06:00:00,188.97,28.0
2017-12-12 07:00:00,186.57,27.9
2017-12-12 08:00:00,206.17,26.8
2017-12-12 09:00:00,216.97,28.6
2017-12-12 10:00:00,209.47,32.5
2017-12-12 11:00:00,212.87,34.9
2017-12-12 12:00:00,229.87,37.4
2017-12-12 13:00:00,221.67,39.4
2017-12-12 14:00:00,208.27,39.6
2017-12-12 15:00:00,219.27,38.5
2017-12-12 16:00:00,236.07,38.5
2017-12-12 17:00:00,240.97,37.6
2017-12-12 18:00:00,241.17,37.2
2017-12-12 19:00:00,244.27,38.8
2017-12-12 20:00:00,258.17,38.5
2017-12-12 21:00:00,238.07,40.8
2017-12-12 22:00:00,232.97,41.9
2017-12-12 23:00:00,230.47,43.0
2017-12-13 00:00:00,218.67,42.6
2017-12-13 01:00:00,211.07,43.9
2017-12-13 02:00:00,194.27,45.5
2017-12-13 03:00:00,200.67,46.0
2017-12-13 04:00:00,184.77,46.4
2017-12-13 05:00:00,175.27,45.1
2017-12-13 06:00:00,166.37,42.8
2017-12-13 07:00:00,173.77,41.5
2017-12-13 08:00:00,176.47,42.1
2017-12-13 09:00:00,195.27,43.7
2017-12-13 10:00:00,204.97,44.4
2017-12-13 11:00:00,197.57,45.1
2017-12-13 12:00:00,201.87,45.9
2017-12-13 13:00:00,210.67,46.9
2017-12-13 14:00:00,201.67,48.7
2017-12-13 15:00:00,192.07,48.7
2017-12-13 16:00:00,207.07,45.0
2017-12-13 17:00:00,233.87,42.4
2017-12-13 18:00:00,243.37,39.9
2017-12-13 19:00:00,218.97,40.1
2017-12-13 20:00:00,231.87,40.1
2017-12-13 21:00:00,225.77,37.9
2017-12-13 22:00:00,206.77,39.0
2017-12-13 23:00:00,206.87,39.4
2017-12-14 00:00:00,224.77,38.5
2017-12-14 01:00:00,212.67,36.9
2017-12-14 02:00:00,193.87,37.9
2017-12-14 03:00:00,185.67,39.0
2017-12-14 04:00:00,182.57,39.7
2017-12-14 05:00:00,177.27,39.6
2017-12-14 06:00:00,168.77,39.0
2017-12-14 07:00:00,172.77,38.8
2017-12-14 08:00:00,185.87,39.4
2017-12-14 09:00:00,191.17,38.5
2017-12-14 10:00:00,192.07,41.0
2017-12-14 11:00:00,202.87,42.4
2017-12-14 12:00:00,189.97,43.2
2017-12-14 13:00:00,193.37,42.6
2017-12-14 14:00:00,207.97,43.0
2017-12-14 15:00:00,189.27,41.9
2017-12-14 16:00:00,202.27,39.4
2017-12-14 17:00:00,211.57,38.1
2017-12-14 18:00:00,225.37,37.4
2017-12-14 19:00:00,234.97,37.4
2017-12-14 20:00:00,225.27,37.4
2017-12-14 21:00:00,221.47,37.0
2017-12-14 22:00:00,217.77,36.5
2017-12-14 23:00:00,226.37,37.4
2017-12-15 00:00:00,211.27,36.1
2017-12-15 01:00:00,222.27,34.3
2017-12-15 02:00:00,201.37,34.9
2017-12-15 03:00:00,200.17,36.5
2017-12-15 04:00:00,192.87,37.0
2017-12-15 05:00:00,173.47,37.0
2017-12-15 06:00:00,162.17,37.6
2017-12-15 07:00:00,167.67,37.8
2017-12-15 08:00:00,192.17,37.0
2017-12-15 09:00:00,205.87,37.4
2017-12-15 10:00:00,214.27,37.8
2017-12-15 11:00:00,200.17,39.2
2017-12-15 12:00:00,196.07,41.2
2017-12-15 13:00:00,201.77,42.1
2017-12-15 14:00:00,193.27,42.1
2017-12-15 15:00:00,197.37,41.9
2017-12-15 16:00:00,193.87,40.8
2017-12-15 17:00:00,200.87,40.5
2017-12-15 18:00:00,224.87,41.0
2017-12-15 19:00:00,225.57,41.4
2017-12-15 20:00:00,222.97,39.4
2017-12-15 21:00:00,221.17,39.2
2017-12-15 22:00:00,195.57,37.9
2017-12-15 23:00:00,198.27,36.9
2017-12-16 00:00:00,197.07,36.1
2017-12-16 01:00:00,196.77,35.1
2017-12-16 02:00:00,203.67,33.8
2017-12-16 03:00:00,196.97,33.6
2017-12-16 04:00:00,198.17,32.4
2017-12-16 05:00:00,197.07,33.4
2017-12-16 06:00:00,178.97,33.4
2017-12-16 07:00:00,181.67,32.7
2017-12-16 08:00:00,191.77,33.3
2017-12-16 09:00:00,176.67,34.0
2017-12-16 10:00:00,180.37,36.0
2017-12-16 11:00:00,198.77,37.9
2017-12-16 12:00:00,190.27,39.2
2017-12-16 13:00:00,198.97,40.8
2017-12-16 14:00:00,203.07,41.2
2017-12-16 15:00:00,200.57,41.5
2017-12-16 16:00:00,201.07,42.8
2017-12-16 17:00:00,201.97,42.3
2017-12-16 18:00:00,191.87,41.9
2017-12-16 19:00:00,208.87,41.5
2017-12-16 20:00:00,203.17,40.1
2017-12-16 21:00:00,196.97,38.3
2017-12-16 22:00:00,189.97,37.0
2017-12-16 23:00:00,204.67,35.8
2017-12-17 00:00:00,186.87,34.0
2017-12-17 01:00:00,203.27,34.3
2017-12-17 02:00:00,192.47,32.7
2017-12-17 03:00:00,186.37,31.1
2017-12-17 04:00:00,183.57,30.4
2017-12-17 05:00:00,163.87,32.5
2017-12-17 06:00:00,150.57,33.1
2017-12-17 07:00:00,156.07,33.3
2017-12-17 08:00:00,169.27,32.4
2017-12-17 09:00:00,169.07,34.2
2017-12-17 10:00:00,178.17,36.1
2017-12-17 11:00:00,177.67,37.9
2017-12-17 12:00:00,178.57,39.4
2017-12-17 13:00:00,180.97,40.8
2017-12-17 14:00:00,172.27,41.4
2017-12-17 15:00:00,171.37,43.9
2017-12-17 16:00:00,177.77,45.7
2017-12-17 17:00:00,171.67,47.1
2017-12-17 18:00:00,169.27,47.5
2017-12-17 19:00:00,172.47,48.2
2017-12-17 20:00:00,176.37,48.6
2017-12-17 21:00:00,179.97,48.7
2017-12-17 22:00:00,175.27,48.7
2017-12-17 23:00:00,167.17,48.6
2017-12-18 00:00:00,166.87,48.0
2017-12-18 01:00:00,173.67,43.7
2017-12-18 02:00:00,164.07,41.0
2017-12-18 03:00:00,176.97,38.8
2017-12-18 04:00:00,169.37,38.3
2017-12-18 05:00:00,145.27,38.8
2017-12-18 06:00:00,146.67,37.8
2017-12-18 07:00:00,161.57,35.6
2017-12-18 08:00:00,152.97,35.8
2017-12-18 09:00:00,149.57,36.5
2017-12-18 10:00:00,171.77,37.0
2017-12-18 11:00:00,167.67,41.0
2017-12-18 12:00:00,150.27,43.7
2017-12-18 13:00:00,152.87,45.1
2017-12-18 14:00:00,152.27,46.0
2017-12-18 15:00:00,156.97,46.0
2017-12-18 16:00:00,171.57,43.5
2017-12-18 17:00:00,166.47,40.5
2017-12-18 18:00:00,159.97,39.6
2017-12-18 19:00:00,154.67,37.9
2017-12-18 20:00:00,168.67,37.2
2017-12-18 21:00:00,162.37,35.6
2017-12-18 22:00:00,169.27,35.4
2017-12-18 23:00:00,161.97,34.7
2017-12-19 00:00:00,169.77,33.1
2017-12-19 01:00:00,175.87,31.6
2017-12-19 02:00:00,160.77,30.7
2017-12-19 03:00:00,152.67,29.7
2017-12-19 04:00:00,159.67,28.8
2017-12-19 05:00:00,162.07,29.7
2017-12-19 06:00:00,146.67,29.7
2017-12-19 07:00:00,145.07,29.8
2017-12-19 08:00:00,155.17,32.2
2017-12-19 09:00:00,154.37,33.6
2017-12-19 10:00:00,167.27,36.5
2017-12-19 11:00:00,158.67,42.1
2017-12-19 12:00:00,153.77,42.6
2017-12-19 13:00:00,145.67,44.4
2017-12-19 14:00:00,154.07,45.0
2017-12-19 15:00:00,159.37,45.9
2017-12-19 16:00:00,154.07,45.0
2017-12-19 17:00:00,153.37,44.6
2017-12-19 18:00:00,155.37,44.6
2017-12-19 19:00:00,152.87,44.1
2017-12-19 20:00:00,156.07,44.1
2017-12-19 21:00:00,154.07,43.9
2017-12-19 22:00:00,154.97,44.2
2017-12-19 23:00:00,161.87,44.6
2017-12-20 00:00:00,146.87,44.8
2017-12-20 01:00:00,159.87,44.6
2017-12-20 02:00:00,149.37,45.0
2017-12-20 03:00:00,148.47,45.5
2017-12-20 04:00:00,155.37,45.3
2017-12-20 05:00:00,154.57,45.7
2017-12-20 06:00:00,137.57,45.9
2017-12-20 07:00:00,131.17,46.4
2017-12-20 08:00:00,135.87,46.9
2017-12-20 09:00:00,150.57,46.9
2017-12-20 10:00:00,155.67,47.7
2017-12-20 11:00:00,146.67,48.7
2017-12-20 12:00:00,147.87,49.8
2017-12-20 13:00:00,139.07,50.4
2017-12-20 14:00:00,150.77,51.4
2017-12-20 15:00:00,151.37,51.3
2017-12-20 16:00:00,139.17,51.3
2017-12-20 17:00:00,146.37,51.1
2017-12-20 18:00:00,151.17,51.3
2017-12-20 19:00:00,142.27,51.1
2017-12-20 20:00:00,135.37,50.9
2017-12-20 21:00:00,143.17,51.1
2017-12-20 22:00:00,143.97,50.7
2017-12-20 23:00:00,136.87,50.5
2017-12-21 00:00:00,123.98,50.2
2017-12-21 01:00:00,138.11,50.0
2017-12-21 02:00:00,139.12,50.0
2017-12-21 03:00:00,132.88,49.1
2017-12-21 04:00:00,130.05,49.6
2017-12-21 05:00:00,130.88,50.0
2017-12-21 06:00:00,111.22,50.2
2017-12-21 07:00:00,117.48,50.7
2017-12-21 08:00:00,120.28,50.9
2017-12-21 09:00:00,114.22,51.3
2017-12-21 10:00:00,133.0,51.8
2017-12-21 11:00:00,124.75,52.5
2017-12-21 12:00:00,137.35,53.1
2017-12-21 13:00:00,135.12,52.9
2017-12-21 14:00:00,122.52,53.2
2017-12-21 15:00:00,126.75,53.2
2017-12-21 16:00:00,120.38,52.3
2017-12-21 17:00:00,121.52,52.3
2017-12-21 18:00:00,122.52,51.8
2017-12-21 19:00:00,113.15,51.6
2017-12-21 20:00:00,112.82,51.1
2017-12-21 21:00:00,120.65,50.9
2017-12-21 22:00:00,122.42,50.2
2017-12-21 23:00:00,114.18,49.3
2017-12-22 00:00:00,125.08,48.9
2017-12-22 01:00:00,131.48,48.0
2017-12-22 02:00:00,127.55,48.2
2017-12-22 03:00:00,115.0,48.7
2017-12-22 04:00:00,125.42,48.9
2017-12-22 05:00:00,113.92,49.5
2017-12-22 06:00:00,103.28,49.8
2017-12-22 07:00:00,113.05,50.0
2017-12-22 08:00:00,105.8,50.0
2017-12-22 09:00:00,104.98,50.7
2017-12-22 10:00:00,118.85,50.7
2017-12-22 11:00:00,125.7,51.3
2017-12-22 12:00:00,127.28,51.8
2017-12-22 13:00:00,113.82,52.5
2017-12-22 14:00:00,121.5,53.2
2017-12-22 15:00:00,121.82,52.7
2017-12-22 16:00:00,112.28,52.3
2017-12-22 17:00:00,109.85,51.3
2017-12-22 18:00:00,119.4,51.4
2017-12-22 19:00:00,118.9,51.3
2017-12-22 20:00:00,124.25,51.4
2017-12-22 21:00:00,125.68,51.6
2017-12-22 22:00:00,120.35,50.9
2017-12-22 23:00:00,113.45,50.4
2017-12-23 00:00:00,118.62,50.0
2017-12-23 01:00:00,113.05,49.5
2017-12-23 02:00:00,116.85,49.3
2017-12-23 03:00:00,119.2,49.3
2017-12-23 04:00:00,111.12,49.3
2017-12-23 05:00:00,121.1,49.5
2017-12-23 06:00:00,94.8,48.9
2017-12-23 07:00:00,110.52,48.6
2017-12-23 08:00:00,108.02,48.4
2017-12-23 09:00:00,118.32,47.1
2017-12-23 10:00:00,117.28,47.5
2017-12-23 11:00:00,111.25,47.8
2017-12-23 12:00:00,117.62,48.6
2017-12-23 13:00:00,109.25,49.1
2017-12-23 14:00:00,116.12,49.3
2017-12-23 15:00:00,111.05,49.5
2017-12-23 16:00:00,115.72,48.9
2017-12-23 17:00:00,122.62,48.6
2017-12-23 18:00:00,123.62,48.2
2017-12-23 19:00:00,115.6,47.8
2017-12-23 20:00:00,117.48,48.4
2017-12-23 21:00:00,121.38,48.4
2017-12-23 22:00:00,118.5,48.0
2017-12-23 23:00:00,118.65,48.0
2017-12-24 00:00:00,114.62,47.8
2017-12-24 01:00:00,123.5,47.3
2017-12-24 02:00:00,121.65,46.9
2017-12-24 03:00:00,145.12,46.6
2017-12-24 04:00:00,114.72,46.4
2017-12-24 05:00:00,119.52,46.8
2017-12-24 06:00:00,114.62,46.8
2017-12-24 07:00:00,103.8,47.3
2017-12-24 08:00:00,110.32,47.3
2017-12-24 09:00:00,115.85,47.7
2017-12-24 10:00:00,117.1,48.0
2017-12-24 11:00:00,113.98,48.9
2017-12-24 12:00:00,105.08,49.8
2017-12-24 13:00:00,120.82,49.8
2017-12-24 14:00:00,124.58,50.5
2017-12-24 15:00:00,106.72,51.1
2017-12-24 16:00:00,109.4,50.2
2017-12-24 17:00:00,119.42,50.0
2017-12-24 18:00:00,116.08,50.7
2017-12-24 19:00:00,123.55,50.5
2017-12-24 20:00:00,102.75,50.5
2017-12-24 21:00:00,128.38,50.2
2017-12-24 22:00:00,120.62,49.8
2017-12-24 23:00:00,117.15,50.2
2017-12-25 00:00:00,123.18,50.5
2017-12-25 01:00:00,120.25,50.5
2017-12-25 02:00:00,118.4,50.7
2017-12-25 03:00:00,124.28,50.5
2017-12-25 04:00:00,116.45,51.1
2017-12-25 05:00:00,102.58,49.3
2017-12-25 06:00:00,109.9,49.5
2017-12-25 07:00:00,114.65,49.6
2017-12-25 08:00:00,100.85,49.5
2017-12-25 09:00:00,99.58,48.7
2017-12-25 10:00:00,111.75,49.1
2017-12-25 11:00:00,115.6,50.0
2017-12-25 12:00:00,100.5,50.5
2017-12-25 13:00:00,98.68,50.7
2017-12-25 14:00:00,112.15,50.7
2017-12-25 15:00:00,124.72,51.1
2017-12-25 16:00:00,125.48,51.1
2017-12-25 17:00:00,125.1,50.9
2017-12-25 18:00:00,127.65,50.7
2017-12-25 19:00:00,123.48,50.4
2017-12-25 20:00:00,131.4,49.1
2017-12-25 21:00:00,127.82,49.3
2017-12-25 22:00:00,123.18,49.5
2017-12-25 23:00:00,114.52,43.0
2017-12-26 00:00:00,131.93,40.1
2017-12-26 01:00:00,142.2,40.5
2017-12-26 02:00:00,129.4,40.8
2017-12-26 03:00:00,126.05,40.3
2017-12-26 04:00:00,135.12,39.6
2017-12-26 05:00:00,133.9,38.8
2017-12-26 06:00:00,122.98,38.5
2017-12-26 07:00:00,122.88,38.8
2017-12-26 08:00:00,115.82,38.5
2017-12-26 09:00:00,122.62,39.2
2017-12-26 10:00:00,133.25,40.1
2017-12-26 11:00:00,120.18,42.4
2017-12-26 12:00:00,132.3,44.1
2017-12-26 13:00:00,121.42,45.1
2017-12-26 14:00:00,115.8,46.2
2017-12-26 15:00:00,127.72,45.9
2017-12-26 16:00:00,131.93,44.2
2017-12-26 17:00:00,119.88,43.9
2017-12-26 18:00:00,121.55,43.7
2017-12-26 19:00:00,145.78,44.2
2017-12-26 20:00:00,133.1,44.2
2017-12-26 21:00:00,129.7,44.4
2017-12-26 22:00:00,125.02,45.3
2017-12-26 23:00:00,120.28,46.0
2017-12-27 00:00:00,140.2,46.0
2017-12-27 01:00:00,135.35,44.2
2017-12-27 02:00:00,131.52,41.5
2017-12-27 03:00:00,130.55,42.3
2017-12-27 04:00:00,135.9,41.9
2017-12-27 05:00:00,137.25,41.4
2017-12-27 06:00:00,124.58,37.8
2017-12-27 07:00:00,132.0,36.3
2017-12-27 08:00:00,138.28,36.0
2017-12-27 09:00:00,144.98,35.2
2017-12-27 10:00:00,140.88,36.3
2017-12-27 11:00:00,134.45,37.2
2017-12-27 12:00:00,140.65,37.0
2017-12-27 13:00:00,151.55,37.2
2017-12-27 14:00:00,133.5,37.9
2017-12-27 15:00:00,126.9,38.3
2017-12-27 16:00:00,140.45,37.9
2017-12-27 17:00:00,146.18,36.9
2017-12-27 18:00:00,142.2,35.8
2017-12-27 19:00:00,149.0,36.5
2017-12-27 20:00:00,160.43,36.5
2017-12-27 21:00:00,171.08,34.5
2017-12-27 22:00:00,162.9,34.7
2017-12-27 23:00:00,154.15,33.6
2017-12-28 00:00:00,177.15,34.0
2017-12-28 01:00:00,182.72,33.6
2017-12-28 02:00:00,172.42,32.2
2017-12-28 03:00:00,158.15,31.8
2017-12-28 04:00:00,165.05,32.2
2017-12-28 05:00:00,159.4,31.3
2017-12-28 06:00:00,148.02,32.9
2017-12-28 07:00:00,149.7,31.5
2017-12-28 08:00:00,178.22,31.1
2017-12-28 09:00:00,165.68,32.2
2017-12-28 10:00:00,145.02,34.5
2017-12-28 11:00:00,148.3,37.4
2017-12-28 12:00:00,176.08,39.2
2017-12-28 13:00:00,145.25,40.8
2017-12-28 14:00:00,147.0,41.0
2017-12-28 15:00:00,157.12,41.0
2017-12-28 16:00:00,168.6,39.0
2017-12-28 17:00:00,149.75,37.8
2017-12-28 18:00:00,153.02,36.3
2017-12-28 19:00:00,171.18,35.1
2017-12-28 20:00:00,185.1,35.1
2017-12-28 21:00:00,165.62,34.5
2017-12-28 22:00:00,151.65,32.7
2017-12-28 23:00:00,173.58,32.2
2017-12-29 00:00:00,174.5,28.6
2017-12-29 01:00:00,178.38,28.2
2017-12-29 02:00:00,181.92,29.3
2017-12-29 03:00:00,168.75,31.1
2017-12-29 04:00:00,166.25,33.3
2017-12-29 05:00:00,171.92,36.3
2017-12-29 06:00:00,162.43,37.9
2017-12-29 07:00:00,138.88,40.1
2017-12-29 08:00:00,135.93,41.5
2017-12-29 09:00:00,146.48,44.1
2017-12-29 10:00:00,158.9,44.6
2017-12-29 11:00:00,147.85,47.7
2017-12-29 12:00:00,144.48,47.5
2017-12-29 13:00:00,139.72,44.6
2017-12-29 14:00:00,168.5,44.2
2017-12-29 15:00:00,161.57,46.4
2017-12-29 16:00:00,148.32,45.0
2017-12-29 17:00:00,151.75,43.5
2017-12-29 18:00:00,166.38,42.4
2017-12-29 19:00:00,177.95,41.5
2017-12-29 20:00:00,169.3,42.1
2017-12-29 21:00:00,163.48,41.9
2017-12-29 22:00:00,177.48,42.4
2017-12-29 23:00:00,163.6,42.3
2017-12-30 00:00:00,157.5,41.7
2017-12-30 01:00:00,174.5,41.4
2017-12-30 02:00:00,160.68,42.4
2017-12-30 03:00:00,145.55,45.1
2017-12-30 04:00:00,156.48,48.7
2017-12-30 05:00:00,138.5,50.7
2017-12-30 06:00:00,123.85,53.8
2017-12-30 07:00:00,120.1,54.0
2017-12-30 08:00:00,147.12,54.0
2017-12-30 09:00:00,130.38,53.4
2017-12-30 10:00:00,124.05,54.1
2017-12-30 11:00:00,131.75,54.5
2017-12-30 12:00:00,134.6,55.8
2017-12-30 13:00:00,134.52,56.5
2017-12-30 14:00:00,129.18,57.0
2017-12-30 15:00:00,133.75,56.1
2017-12-30 16:00:00,136.15,55.2
2017-12-30 17:00:00,141.82,53.8
2017-12-30 18:00:00,142.05,53.6
2017-12-30 19:00:00,152.88,53.1
2017-12-30 20:00:00,149.25,52.5
2017-12-30 21:00:00,154.78,51.4
2017-12-30 22:00:00,158.3,49.6
2017-12-30 23:00:00,162.3,48.2
2017-12-31 00:00:00,140.25,49.5
2017-12-31 01:00:00,138.45,52.9
2017-12-31 02:00:00,144.15,54.1
2017-12-31 03:00:00,143.1,54.1
2017-12-31 04:00:00,132.0,54.3
2017-12-31 05:00:00,125.52,55.2
2017-12-31 06:00:00,120.9,55.0
2017-12-31 07:00:00,130.8,54.5
2017-12-31 08:00:00,117.8,53.2
2017-12-31 09:00:00,125.95,52.2
2017-12-31 10:00:00,125.95,51.8
2017-12-31 11:00:00,133.65,51.8
2017-12-31 12:00:00,138.07,52.3
2017-12-31 13:00:00,142.93,52.7
2017-12-31 14:00:00,128.75,52.7
2017-12-31 15:00:00,128.52,50.7
2017-12-31 16:00:00,155.7,48.0
2017-12-31 17:00:00,153.78,47.5
2017-12-31 18:00:00,147.45,47.5
2017-12-31 19:00:00,154.72,47.3
2017-12-31 20:00:00,150.45,47.3
2017-12-31 21:00:00,162.07,46.8
2017-12-31 22:00:00,153.85,45.5
2017-12-31 23:00:00,133.43,45.0
